date,open,high,low,close,volume,position,s,settlement
2016-05-09,463.5,467.0,454.75,458.0,0,0,0.0,0
2016-05-10,457.0,468.75,455.25,461.25,0,0,0.0,0
2016-05-11,461.25,464.75,456.75,458.75,0,0,0.0,0
2016-05-12,458.75,468.25,457.25,467.75,0,0,0.0,0
2016-05-13,466.75,477.5,464.75,474.5,0,0,0.0,0
2016-05-16,474.0,476.5,467.5,473.25,0,0,0.0,0
2016-05-17,473.25,484.5,473.0,482.0,0,0,0.0,0
2016-05-18,480.5,484.75,477.0,478.5,0,0,0.0,0
2016-05-19,478.25,479.5,462.5,467.75,0,0,0.0,0
2016-05-20,468.25,474.5,464.25,467.25,0,0,0.0,0
2016-05-23,466.5,469.0,461.0,463.0,0,0,0.0,0
2016-05-24,462.5,470.0,457.75,464.75,0,0,0.0,0
2016-05-25,463.75,469.0,463.0,466.0,0,0,0.0,0
2016-05-26,465.5,482.25,465.5,481.75,0,0,0.0,0
2016-05-27,481.5,484.75,478.5,480.75,0,0,0.0,0
2016-05-30,480.75,480.75,480.75,480.75,0,0,0.0,0
2016-05-31,481.0,483.75,463.5,466.0,0,0,0.0,0
2016-06-01,465.0,474.75,463.0,473.5,0,0,0.0,0
2016-06-02,473.75,487.0,472.75,483.0,0,0,0.0,0
2016-06-03,484.5,498.25,482.25,496.25,0,0,0.0,0
2016-06-06,496.0,514.75,496.0,507.0,0,0,0.0,0
2016-06-07,507.25,513.5,500.75,510.5,0,0,0.0,0
2016-06-08,507.25,524.0,506.0,517.5,0,0,0.0,0
2016-06-09,518.75,519.0,506.0,511.0,0,0,0.0,0
2016-06-10,509.0,512.5,494.25,495.5,0,0,0.0,0
2016-06-13,496.75,503.25,490.75,492.0,0,0,0.0,0
2016-06-14,491.5,493.5,481.25,486.75,0,0,0.0,0
2016-06-15,485.0,489.75,477.0,478.25,0,0,0.0,0
2016-06-16,487.5,491.5,483.25,486.25,0,0,0.0,0
2016-06-17,486.0,495.75,485.0,495.0,0,0,0.0,0
2016-06-20,491.75,493.75,486.5,488.25,0,0,0.0,0
2016-06-21,487.5,490.5,471.25,473.5,0,0,0.0,0
2016-06-22,474.5,478.25,471.5,472.5,0,0,0.0,0
2016-06-23,472.0,475.0,465.0,466.25,0,0,0.0,0
2016-06-24,466.25,466.25,453.25,465.25,0,0,0.0,0
2016-06-27,464.25,470.5,457.75,458.25,0,0,0.0,0
2016-06-28,458.0,467.5,456.25,457.25,0,0,0.0,0
2016-06-29,457.0,460.5,443.75,444.25,0,0,0.0,0
2016-06-30,446.0,453.5,437.5,445.25,0,0,0.0,0
2016-07-01,444.75,445.5,428.0,429.25,0,0,0.0,0
2016-07-04,429.25,429.25,429.25,429.25,0,0,0.0,0
2016-07-05,429.25,434.5,415.75,432.25,0,0,0.0,0
2016-07-06,432.0,434.0,421.0,428.5,0,0,0.0,0
2016-07-07,428.75,438.75,424.25,424.5,0,0,0.0,0
2016-07-08,425.0,439.5,423.5,436.0,0,0,0.0,0
2016-07-11,437.0,442.0,426.5,429.5,0,0,0.0,0
2016-07-12,430.25,439.5,423.75,436.25,0,0,0.0,0
2016-07-13,438.25,451.75,436.75,439.0,0,0,0.0,0
2016-07-14,438.5,447.75,431.0,435.0,0,0,0.0,0
2016-07-15,434.0,439.75,424.0,425.5,0,0,0.0,0
2016-07-18,425.0,431.75,420.25,428.5,0,0,0.0,0
2016-07-19,427.5,428.25,416.25,419.25,0,0,0.0,0
2016-07-20,418.75,423.75,406.5,413.0,0,0,0.0,0
2016-07-21,414.0,419.75,408.75,417.75,0,0,0.0,0
2016-07-22,417.25,427.0,407.0,425.75,0,0,0.0,0
2016-07-25,426.25,435.25,421.0,427.25,0,0,0.0,0
2016-07-26,426.25,429.25,414.0,416.25,0,0,0.0,0
2016-07-27,416.25,421.0,414.0,414.75,0,0,0.0,0
2016-07-28,414.75,420.0,408.25,411.75,0,0,0.0,0
2016-07-29,410.75,412.75,403.5,409.0,0,0,0.0,0
2016-08-01,407.5,415.5,404.75,405.25,0,0,0.0,0
2016-08-02,406.0,410.5,399.25,401.75,0,0,0.0,0
2016-08-03,402.0,415.0,401.0,410.5,0,0,0.0,0
2016-08-04,410.25,416.0,402.5,403.5,0,0,0.0,0
2016-08-05,404.25,418.5,403.25,416.5,0,0,0.0,0
2016-08-08,418.5,423.5,411.5,416.0,0,0,0.0,0
2016-08-09,416.0,419.25,411.5,416.5,0,0,0.0,0
2016-08-10,415.0,427.5,415.0,420.5,0,0,0.0,0
2016-08-11,419.25,424.0,413.5,415.75,0,0,0.0,0
2016-08-12,416.0,423.25,406.0,422.0,0,0,0.0,0
2016-08-15,420.5,430.0,417.25,421.0,0,0,0.0,0
2016-08-16,437.0,443.0,432.25,439.75,0,0,0.0,0
2016-08-17,438.75,443.75,435.75,441.25,0,0,0.0,0
2016-08-18,441.75,444.75,437.5,444.5,0,0,0.0,0
2016-08-19,443.0,449.25,439.5,444.75,0,0,0.0,0
2016-08-22,444.25,446.25,434.25,435.25,0,0,0.0,0
2016-08-23,434.25,435.0,427.0,427.75,0,0,0.0,0
2016-08-24,427.0,429.25,423.25,426.5,0,0,0.0,0
2016-08-25,426.5,429.75,423.0,423.75,0,0,0.0,0
2016-08-26,422.25,424.5,405.0,406.25,0,0,0.0,0
2016-08-29,407.25,407.75,395.25,396.5,0,0,0.0,0
2016-08-30,396.5,400.75,391.5,392.0,0,0,0.0,0
2016-08-31,393.25,395.75,386.75,391.0,0,0,0.0,0
2016-09-01,389.75,397.25,389.5,394.5,0,0,0.0,0
2016-09-02,393.5,401.5,393.0,399.25,0,0,0.0,0
2016-09-05,399.25,399.25,399.25,399.25,0,0,0.0,0
2016-09-06,398.75,402.75,394.75,398.0,0,0,0.0,0
2016-09-07,397.75,405.0,397.25,402.5,0,0,0.0,0
2016-09-08,402.25,406.75,398.25,405.5,0,0,0.0,0
2016-09-09,405.25,406.0,396.75,402.5,0,0,0.0,0
2016-09-12,402.5,410.0,400.0,409.5,0,0,0.0,0
2016-09-13,408.5,411.0,399.0,400.5,0,0,0.0,0
2016-09-14,400.25,404.25,395.0,403.0,0,0,0.0,0
2016-09-15,401.75,406.75,398.0,398.75,0,0,0.0,0
2016-09-16,399.0,404.75,393.75,403.5,0,0,0.0,0
2016-09-19,404.25,409.0,399.75,405.0,0,0,0.0,0
2016-09-20,403.0,410.0,401.5,406.0,0,0,0.0,0
2016-09-21,405.0,409.0,402.25,406.5,0,0,0.0,0
2016-09-22,405.5,411.75,404.25,404.75,0,0,0.0,0
2016-09-23,404.0,409.5,401.25,403.75,0,0,0.0,0
2016-09-26,402.0,407.0,395.25,396.0,0,0,0.0,0
2016-09-27,397.25,405.0,394.0,404.0,0,0,0.0,0
2016-09-28,404.25,407.25,401.75,402.5,0,0,0.0,0
2016-09-29,402.25,406.75,397.75,399.25,0,0,0.0,0
2016-09-30,398.5,403.75,390.0,402.0,0,0,0.0,0
2016-10-03,400.25,401.75,391.5,395.25,0,0,0.0,0
2016-10-04,396.25,398.25,392.5,394.5,0,0,0.0,0
2016-10-05,395.25,408.5,392.0,405.5,0,0,0.0,0
2016-10-06,407.0,409.5,393.5,396.25,0,0,0.0,0
2016-10-07,397.0,401.0,394.25,394.25,0,0,0.0,0
2016-10-10,396.0,405.25,396.0,404.5,0,0,0.0,0
2016-10-11,402.75,408.75,401.25,408.25,0,0,0.0,0
2016-10-12,405.25,414.0,396.0,396.25,0,0,0.0,0
2016-10-13,396.75,417.0,396.75,417.0,0,0,0.0,0
2016-10-14,415.25,428.25,414.75,420.5,0,0,0.0,0
2016-10-17,418.5,425.75,416.0,423.25,0,0,0.0,0
2016-10-18,424.75,425.5,418.25,419.25,0,0,0.0,0
2016-10-19,420.25,422.25,413.0,421.0,0,0,0.0,0
2016-10-20,419.75,422.75,415.25,415.75,0,0,0.0,0
2016-10-21,416.5,418.5,413.25,414.25,0,0,0.0,0
2016-10-24,414.0,416.75,400.75,403.5,0,0,0.0,0
2016-10-25,403.5,406.75,398.75,404.0,0,0,0.0,0
2016-10-26,403.75,414.0,402.75,411.25,0,0,0.0,0
2016-10-27,411.75,418.75,411.25,414.5,0,0,0.0,0
2016-10-28,415.25,417.5,407.25,409.0,0,0,0.0,0
2016-10-31,410.75,417.0,408.75,415.25,0,0,0.0,0
2016-11-01,416.0,418.25,410.75,413.75,0,0,0.0,0
2016-11-02,414.25,420.25,412.0,417.5,0,0,0.0,0
2016-11-03,417.25,420.0,409.0,412.75,0,0,0.0,0
2016-11-04,413.5,415.25,410.25,413.25,0,0,0.0,0
2016-11-07,413.25,415.75,406.5,410.75,0,0,0.0,0
2016-11-08,410.75,419.75,408.25,414.75,0,0,0.0,0
2016-11-09,414.75,417.75,403.75,407.25,0,0,0.0,0
2016-11-10,407.25,414.25,402.0,404.5,0,0,0.0,0
2016-11-11,404.5,407.5,401.0,403.25,0,0,0.0,0
2016-11-14,403.25,403.75,392.5,394.75,0,0,0.0,0
2016-11-15,394.75,402.0,392.75,399.0,0,0,0.0,0
2016-11-16,419.0,420.0,413.75,414.25,0,0,0.0,0
2016-11-17,414.25,422.75,414.25,420.5,0,0,0.0,0
2016-11-18,420.5,427.5,416.75,424.25,0,0,0.0,0
2016-11-21,424.25,429.75,421.25,426.5,0,0,0.0,0
2016-11-22,426.5,429.5,422.0,428.0,0,0,0.0,0
2016-11-23,428.0,428.0,417.5,424.0,0,0,0.0,0
2016-11-24,424.0,424.0,424.0,424.0,0,0,0.0,0
2016-11-25,424.0,427.0,418.5,418.5,0,0,0.0,0
2016-11-28,418.5,421.25,414.25,416.0,0,0,0.0,0
2016-11-29,416.0,416.0,407.75,408.25,0,0,0.0,0
2016-11-30,408.25,414.0,402.25,402.75,0,0,0.0,0
2016-12-01,402.75,404.5,393.0,395.5,0,0,0.0,0
2016-12-02,395.5,405.0,395.5,404.25,0,0,0.0,0
2016-12-05,404.25,410.0,404.25,408.0,0,0,0.0,0
2016-12-06,408.0,413.0,405.75,406.0,0,0,0.0,0
2016-12-07,406.0,407.5,399.5,402.0,0,0,0.0,0
2016-12-08,402.0,409.25,401.5,408.75,0,0,0.0,0
2016-12-09,408.75,417.0,403.75,413.0,0,0,0.0,0
2016-12-12,413.0,417.75,408.5,416.5,0,0,0.0,0
2016-12-13,416.5,420.75,414.0,417.0,0,0,0.0,0
2016-12-14,417.0,418.5,413.0,418.25,0,0,0.0,0
2016-12-15,418.25,418.25,408.5,409.0,0,0,0.0,0
2016-12-16,409.0,411.0,404.5,411.0,0,0,0.0,0
2016-12-19,411.0,413.0,403.0,406.5,0,0,0.0,0
2016-12-20,406.5,407.75,400.25,403.0,0,0,0.0,0
2016-12-21,403.0,404.5,399.0,399.75,0,0,0.0,0
2016-12-22,399.75,400.5,396.5,396.75,0,0,0.0,0
2016-12-23,397.0,398.25,392.75,393.5,0,0,0.0,0
2016-12-26,393.5,393.5,393.5,393.5,0,0,0.0,0
2016-12-27,393.5,411.0,393.5,408.25,0,0,0.0,0
2016-12-28,408.25,410.0,400.25,402.0,0,0,0.0,0
2016-12-29,402.0,406.75,402.0,405.0,0,0,0.0,0
2016-12-30,405.0,409.25,403.5,408.75,0,0,0.0,0
2017-01-02,408.75,408.75,408.75,408.75,0,0,0.0,0
2017-01-03,408.75,414.0,405.75,407.25,0,0,0.0,0
2017-01-04,407.25,419.0,404.75,417.75,0,0,0.0,0
2017-01-05,417.75,427.0,416.25,425.0,0,0,0.0,0
2017-01-06,425.0,428.0,421.75,423.75,0,0,0.0,0
2017-01-09,423.75,428.25,421.0,427.0,0,0,0.0,0
2017-01-10,427.0,427.25,423.5,426.0,0,0,0.0,0
2017-01-11,426.0,426.25,412.0,418.0,0,0,0.0,0
2017-01-12,418.0,430.0,414.5,426.0,0,0,0.0,0
2017-01-13,426.0,426.75,419.25,426.5,0,0,0.0,0
2017-01-16,426.5,426.5,426.5,426.5,0,0,0.0,0
2017-01-17,426.5,437.5,423.75,433.75,0,0,0.0,0
2017-01-18,433.75,434.5,428.25,430.0,0,0,0.0,0
2017-01-19,430.0,430.75,422.75,423.0,0,0,0.0,0
2017-01-20,423.0,428.75,421.5,428.25,0,0,0.0,0
2017-01-23,428.25,433.75,427.5,433.25,0,0,0.0,0
2017-01-24,433.25,434.75,426.0,426.5,0,0,0.0,0
2017-01-25,426.5,428.75,423.0,425.75,0,0,0.0,0
2017-01-26,425.75,430.5,421.75,427.0,0,0,0.0,0
2017-01-27,427.0,427.5,419.25,420.5,0,0,0.0,0
2017-01-30,420.5,420.5,412.75,414.25,0,0,0.0,0
2017-01-31,414.25,420.5,413.0,420.5,0,0,0.0,0
2017-02-01,420.5,434.5,417.0,433.75,0,0,0.0,0
2017-02-02,433.75,437.75,429.75,434.25,0,0,0.0,0
2017-02-03,434.25,435.75,429.25,429.5,0,0,0.0,0
2017-02-06,429.5,432.25,422.25,423.0,0,0,0.0,0
2017-02-07,423.0,431.0,419.75,430.0,0,0,0.0,0
2017-02-08,430.0,433.25,427.5,431.75,0,0,0.0,0
2017-02-09,431.75,444.0,429.5,442.5,0,0,0.0,0
2017-02-10,442.5,450.75,441.0,447.5,0,0,0.0,0
2017-02-13,447.5,456.0,444.25,451.25,0,0,0.0,0
2017-02-14,451.25,452.0,446.25,450.0,0,0,0.0,0
2017-02-15,450.0,455.5,446.25,454.25,0,0,0.0,0
2017-02-16,468.0,477.0,458.5,458.75,0,0,0.0,0
2017-02-17,458.75,460.75,455.0,457.25,0,0,0.0,0
2017-02-20,457.25,457.25,457.25,457.25,0,0,0.0,0
2017-02-21,457.25,457.25,449.25,450.25,0,0,0.0,0
2017-02-22,450.25,458.0,450.0,456.75,0,0,0.0,0
2017-02-23,456.75,459.0,452.0,454.5,0,0,0.0,0
2017-02-24,454.5,454.5,445.75,447.75,0,0,0.0,0
2017-02-27,447.75,447.75,438.0,439.5,0,0,0.0,0
2017-02-28,439.5,454.5,439.0,444.25,0,0,0.0,0
2017-03-01,444.25,457.75,442.25,457.75,0,0,0.0,0
2017-03-02,457.75,459.5,449.75,452.25,0,0,0.0,0
2017-03-03,452.25,455.5,448.0,452.5,0,0,0.0,0
2017-03-06,452.5,462.5,452.5,459.0,0,0,0.0,0
2017-03-07,459.0,460.5,450.75,457.5,0,0,0.0,0
2017-03-08,457.5,457.5,445.25,447.5,0,0,0.0,0
2017-03-09,447.5,450.75,442.25,445.0,0,0,0.0,0
2017-03-10,445.0,446.5,439.5,440.75,0,0,0.0,0
2017-03-13,440.75,442.0,430.0,430.25,0,0,0.0,0
2017-03-14,431.25,434.5,428.5,430.0,0,0,0.0,0
2017-03-15,431.0,437.0,430.5,435.75,0,0,0.0,0
2017-03-16,436.25,440.75,434.5,435.5,0,0,0.0,0
2017-03-17,435.25,437.75,433.0,436.5,0,0,0.0,0
2017-03-20,439.25,442.75,429.0,429.75,0,0,0.0,0
2017-03-21,430.25,430.5,423.0,426.0,0,0,0.0,0
2017-03-22,427.0,427.25,421.25,421.5,0,0,0.0,0
2017-03-23,421.75,424.75,420.0,420.75,0,0,0.0,0
2017-03-24,421.0,426.25,420.75,425.25,0,0,0.0,0
2017-03-27,425.75,425.75,418.25,420.0,0,0,0.0,0
2017-03-28,420.75,425.75,419.25,424.25,0,0,0.0,0
2017-03-29,423.75,427.5,422.5,425.0,0,0,0.0,0
2017-03-30,425.0,426.25,419.5,420.25,0,0,0.0,0
2017-03-31,422.0,432.25,416.5,427.0,0,0,0.0,0
2017-04-03,430.25,434.0,427.0,428.0,0,0,0.0,0
2017-04-04,426.75,432.25,425.75,427.5,0,0,0.0,0
2017-04-05,427.0,430.5,425.0,429.0,0,0,0.0,0
2017-04-06,429.0,430.75,421.75,422.5,0,0,0.0,0
2017-04-07,422.5,425.25,419.5,424.75,0,0,0.0,0
2017-04-10,423.25,429.0,422.5,428.25,0,0,0.0,0
2017-04-11,428.0,434.75,423.75,433.0,0,0,0.0,0
2017-04-12,433.25,436.5,431.5,433.25,0,0,0.0,0
2017-04-13,432.75,436.0,428.75,429.25,0,0,0.0,0
2017-04-14,429.25,429.25,429.25,429.25,0,0,0.0,0
2017-04-17,443.25,444.75,433.75,435.5,0,0,0.0,0
2017-04-18,436.5,437.75,432.75,436.0,0,0,0.0,0
2017-04-19,436.0,440.5,432.75,434.25,0,0,0.0,0
2017-04-20,433.5,437.0,421.0,421.25,0,0,0.0,0
2017-04-21,421.25,424.0,416.25,421.0,0,0,0.0,0
2017-04-24,423.75,425.0,418.0,419.25,0,0,0.0,0
2017-04-25,419.0,429.25,416.0,427.5,0,0,0.0,0
2017-04-26,427.5,432.5,424.5,426.0,0,0,0.0,0
2017-04-27,426.0,433.0,425.0,431.0,0,0,0.0,0
2017-04-28,430.75,434.5,429.5,431.75,0,0,0.0,0
2017-05-01,439.75,457.0,438.75,454.5,0,0,0.0,0
2017-05-02,456.75,461.5,448.25,453.5,0,0,0.0,0
2017-05-03,453.0,456.0,445.75,452.5,0,0,0.0,0
2017-05-04,453.75,455.25,436.0,437.25,0,0,0.0,0
2017-05-05,438.0,444.0,436.0,442.75,0,0,0.0,0
2017-05-08,440.75,441.5,432.75,433.75,0,0,0.0,0
2017-05-09,433.75,434.5,428.5,429.75,0,0,0.0,0
2017-05-10,429.0,435.75,426.0,433.0,0,0,0.0,0
2017-05-11,431.75,435.5,428.5,434.25,0,0,0.0,0
2017-05-12,434.0,437.75,431.25,433.25,0,0,0.0,0
2017-05-15,430.5,431.0,421.5,423.0,0,0,0.0,0
2017-05-16,423.0,426.0,420.25,423.5,0,0,0.0,0
2017-05-17,423.0,432.25,421.5,429.0,0,0,0.0,0
2017-05-18,429.25,429.25,421.25,426.5,0,0,0.0,0
2017-05-19,425.75,436.75,425.75,436.25,0,0,0.0,0
2017-05-22,437.0,442.5,434.0,436.5,0,0,0.0,0
2017-05-23,433.75,435.75,428.0,429.75,0,0,0.0,0
2017-05-24,429.25,433.0,427.5,431.5,0,0,0.0,0
2017-05-25,431.75,436.0,430.25,430.75,0,0,0.0,0
2017-05-26,430.25,439.0,429.25,438.75,0,0,0.0,0
2017-05-29,438.75,438.75,438.75,438.75,0,0,0.0,0
2017-05-30,438.5,439.25,426.25,430.75,0,0,0.0,0
2017-05-31,433.5,436.0,428.25,429.75,0,0,0.0,0
2017-06-01,429.5,431.25,421.25,429.5,0,0,0.0,0
2017-06-02,428.0,434.0,426.5,429.0,0,0,0.0,0
2017-06-05,429.25,433.25,425.5,429.75,0,0,0.0,0
2017-06-06,429.5,440.75,429.25,436.0,0,0,0.0,0
2017-06-07,437.5,448.75,437.5,445.75,0,0,0.0,0
2017-06-08,446.5,455.75,446.0,447.5,0,0,0.0,0
2017-06-09,448.75,454.25,443.75,446.0,0,0,0.0,0
2017-06-12,443.0,444.0,431.25,434.0,0,0,0.0,0
2017-06-13,437.0,446.25,436.75,444.75,0,0,0.0,0
2017-06-14,445.25,452.25,441.75,443.25,0,0,0.0,0
2017-06-15,443.25,457.25,437.25,455.75,0,0,0.0,0
2017-06-16,470.25,484.25,470.25,482.25,0,0,0.0,0
2017-06-19,479.0,489.25,475.0,480.0,0,0,0.0,0
2017-06-20,484.0,490.0,478.25,488.0,0,0,0.0,0
2017-06-21,488.0,489.0,478.5,479.25,0,0,0.0,0
2017-06-22,479.75,480.0,470.5,476.25,0,0,0.0,0
2017-06-23,463.5,467.0,459.0,460.0,0,0,0.0,0
2017-06-26,457.5,460.75,449.25,451.25,0,0,0.0,0
2017-06-27,451.0,457.0,449.25,453.25,0,0,0.0,0
2017-06-28,453.0,459.25,451.5,456.5,0,0,0.0,0
2017-06-29,456.25,483.75,456.25,481.0,0,0,0.0,0
2017-06-30,480.25,511.5,480.25,511.0,0,0,0.0,0
2017-07-03,534.25,556.0,533.5,555.0,0,0,0.0,0
2017-07-04,555.0,555.0,555.0,555.0,0,0,0.0,0
2017-07-05,555.0,574.5,536.75,559.75,0,0,0.0,0
2017-07-06,559.25,559.75,535.0,539.0,0,0,0.0,0
2017-07-07,537.25,545.75,530.0,532.25,0,0,0.0,0
2017-07-10,542.75,553.5,540.25,550.5,0,0,0.0,0
2017-07-11,552.75,559.25,540.75,551.25,0,0,0.0,0
2017-07-12,548.25,552.25,534.75,536.75,0,0,0.0,0
2017-07-13,535.0,535.0,509.25,514.25,0,0,0.0,0
2017-07-14,513.5,520.5,507.0,512.75,0,0,0.0,0
2017-07-17,509.25,512.0,502.75,506.0,0,0,0.0,0
2017-07-18,508.5,517.75,503.0,504.25,0,0,0.0,0
2017-07-19,504.25,509.0,500.0,504.25,0,0,0.0,0
2017-07-20,503.5,508.25,495.0,505.0,0,0,0.0,0
2017-07-21,506.75,510.25,497.5,501.25,0,0,0.0,0
2017-07-24,495.0,496.25,483.0,488.75,0,0,0.0,0
2017-07-25,495.25,495.25,473.25,474.75,0,0,0.0,0
2017-07-26,475.25,481.0,473.0,478.25,0,0,0.0,0
2017-07-27,478.75,485.5,477.5,479.25,0,0,0.0,0
2017-07-28,480.5,489.25,478.0,481.5,0,0,0.0,0
2017-07-31,479.0,479.25,471.5,476.25,0,0,0.0,0
2017-08-01,470.0,478.0,460.5,461.0,0,0,0.0,0
2017-08-02,462.25,466.75,455.75,461.25,0,0,0.0,0
2017-08-03,461.5,463.75,454.25,457.5,0,0,0.0,0
2017-08-04,457.5,461.5,453.5,455.5,0,0,0.0,0
2017-08-07,458.0,464.0,454.25,463.75,0,0,0.0,0
2017-08-08,463.75,468.0,454.75,457.25,0,0,0.0,0
2017-08-09,457.25,461.5,454.0,459.0,0,0,0.0,0
2017-08-10,458.5,462.0,439.25,442.0,0,0,0.0,0
2017-08-11,442.25,444.0,434.5,438.5,0,0,0.0,0
2017-08-14,437.0,441.75,431.0,440.25,0,0,0.0,0
2017-08-15,440.25,440.25,428.0,428.5,0,0,0.0,0
2017-08-16,429.0,435.75,417.0,419.5,0,0,0.0,0
2017-08-17,420.25,422.25,412.25,414.75,0,0,0.0,0
2017-08-18,413.25,417.75,412.0,417.5,0,0,0.0,0
2017-08-21,414.75,418.75,408.75,409.25,0,0,0.0,0
2017-08-22,411.0,413.0,402.0,402.75,0,0,0.0,0
2017-08-23,402.75,408.5,401.25,403.25,0,0,0.0,0
2017-08-24,402.75,411.25,400.75,408.75,0,0,0.0,0
2017-08-25,409.25,412.75,408.5,409.5,0,0,0.0,0
2017-08-28,407.25,410.0,398.75,399.75,0,0,0.0,0
2017-08-29,399.5,404.0,394.5,403.5,0,0,0.0,0
2017-08-30,403.25,407.0,400.0,404.5,0,0,0.0,0
2017-08-31,404.25,411.0,403.5,410.0,0,0,0.0,0
2017-09-01,433.75,440.0,433.25,439.75,0,0,0.0,0
2017-09-04,439.75,439.75,439.75,439.75,0,0,0.0,0
2017-09-05,441.0,446.75,439.5,441.5,0,0,0.0,0
2017-09-06,439.75,448.0,439.25,446.25,0,0,0.0,0
2017-09-07,445.5,446.25,435.75,437.25,0,0,0.0,0
2017-09-08,437.0,442.0,435.5,437.75,0,0,0.0,0
2017-09-11,438.0,440.0,431.5,434.75,0,0,0.0,0
2017-09-12,433.75,437.75,428.25,436.75,0,0,0.0,0
2017-09-13,441.75,449.75,441.25,444.0,0,0,0.0,0
2017-09-14,443.75,450.5,441.75,443.25,0,0,0.0,0
2017-09-15,443.5,450.25,440.75,448.25,0,0,0.0,0
2017-09-18,448.0,450.75,442.25,442.75,0,0,0.0,0
2017-09-19,442.5,446.75,435.75,443.75,0,0,0.0,0
2017-09-20,443.25,452.0,442.75,451.5,0,0,0.0,0
2017-09-21,451.5,454.5,445.5,452.75,0,0,0.0,0
2017-09-22,452.25,455.0,448.0,449.75,0,0,0.0,0
2017-09-25,448.75,454.75,444.0,454.0,0,0,0.0,0
2017-09-26,452.75,460.75,451.5,453.25,0,0,0.0,0
2017-09-27,454.25,462.75,449.0,461.0,0,0,0.0,0
2017-09-28,462.0,462.0,454.0,455.0,0,0,0.0,0
2017-09-29,455.75,459.0,446.25,449.0,0,0,0.0,0
2017-10-02,446.75,448.5,439.5,444.75,0,0,0.0,0
2017-10-03,445.0,450.5,443.25,448.25,0,0,0.0,0
2017-10-04,448.25,449.25,441.5,442.0,0,0,0.0,0
2017-10-05,442.75,444.0,438.0,441.5,0,0,0.0,0
2017-10-06,440.75,444.75,438.75,443.5,0,0,0.0,0
2017-10-09,443.5,445.75,435.5,436.0,0,0,0.0,0
2017-10-10,436.25,439.75,434.0,435.25,0,0,0.0,0
2017-10-11,434.25,435.5,429.75,433.25,0,0,0.0,0
2017-10-12,432.5,437.75,428.0,430.75,0,0,0.0,0
2017-10-13,430.5,440.75,430.5,439.75,0,0,0.0,0
2017-10-16,440.5,442.75,435.5,436.25,0,0,0.0,0
2017-10-17,436.75,440.75,433.5,434.75,0,0,0.0,0
2017-10-18,434.5,435.25,429.0,429.75,0,0,0.0,0
2017-10-19,430.25,436.25,429.5,432.5,0,0,0.0,0
2017-10-20,433.0,436.0,425.0,426.0,0,0,0.0,0
2017-10-23,426.25,438.25,423.75,436.25,0,0,0.0,0
2017-10-24,438.0,438.75,433.0,438.75,0,0,0.0,0
2017-10-25,438.0,443.0,433.75,434.75,0,0,0.0,0
2017-10-26,435.75,437.5,431.0,431.5,0,0,0.0,0
2017-10-27,430.75,431.25,424.75,427.0,0,0,0.0,0
2017-10-30,427.75,428.0,422.5,425.0,0,0,0.0,0
2017-10-31,425.5,426.25,416.25,419.5,0,0,0.0,0
2017-11-01,418.5,422.0,416.5,417.75,0,0,0.0,0
2017-11-02,418.0,426.75,417.5,426.75,0,0,0.0,0
2017-11-03,427.25,429.0,422.25,426.0,0,0,0.0,0
2017-11-06,426.0,431.25,426.0,430.75,0,0,0.0,0
2017-11-07,430.75,431.0,424.0,427.0,0,0,0.0,0
2017-11-08,427.0,427.5,419.0,426.25,0,0,0.0,0
2017-11-09,426.25,432.0,423.75,429.5,0,0,0.0,0
2017-11-10,429.5,434.25,426.75,430.75,0,0,0.0,0
2017-11-13,430.75,432.0,422.25,424.75,0,0,0.0,0
2017-11-14,424.75,429.5,423.25,427.5,0,0,0.0,0
2017-11-15,427.5,428.25,418.0,420.75,0,0,0.0,0
2017-11-16,420.75,424.5,419.5,421.5,0,0,0.0,0
2017-11-17,421.5,428.0,421.0,427.5,0,0,0.0,0
2017-11-20,427.5,428.0,419.25,421.5,0,0,0.0,0
2017-11-21,421.5,428.75,420.25,424.75,0,0,0.0,0
2017-11-22,424.75,426.25,420.75,423.0,0,0,0.0,0
2017-11-23,423.0,423.0,423.0,423.0,0,0,0.0,0
2017-11-24,423.0,423.0,412.5,414.75,0,0,0.0,0
2017-11-27,414.75,416.0,408.75,409.5,0,0,0.0,0
2017-11-28,409.5,412.25,405.25,410.25,0,0,0.0,0
2017-11-29,410.25,417.25,410.25,417.0,0,0,0.0,0
2017-11-30,417.0,417.0,407.75,409.25,0,0,0.0,0
2017-12-01,433.0,439.0,432.0,438.75,0,0,0.0,0
2017-12-04,438.75,443.0,434.25,434.5,0,0,0.0,0
2017-12-05,434.5,436.25,431.0,432.0,0,0,0.0,0
2017-12-06,432.0,433.5,424.5,425.25,0,0,0.0,0
2017-12-07,425.25,425.75,419.5,421.5,0,0,0.0,0
2017-12-08,421.5,424.75,417.75,418.0,0,0,0.0,0
2017-12-11,418.0,418.75,410.75,414.0,0,0,0.0,0
2017-12-12,414.0,418.75,410.5,411.5,0,0,0.0,0
2017-12-13,411.5,417.25,411.0,416.25,0,0,0.0,0
2017-12-14,416.25,420.75,416.0,418.75,0,0,0.0,0
2017-12-15,418.75,421.5,415.0,418.5,0,0,0.0,0
2017-12-18,418.5,423.5,418.5,420.5,0,0,0.0,0
2017-12-19,420.5,424.0,419.0,419.0,0,0,0.0,0
2017-12-20,419.0,424.5,416.25,424.0,0,0,0.0,0
2017-12-21,424.0,427.5,422.5,427.0,0,0,0.0,0
2017-12-22,427.0,429.0,424.25,425.0,0,0,0.0,0
2017-12-25,425.0,425.0,425.0,425.0,0,0,0.0,0
2017-12-26,425.0,426.75,420.75,422.25,0,0,0.0,0
2017-12-27,422.25,428.25,420.75,427.25,0,0,0.0,0
2017-12-28,427.5,428.75,425.25,426.75,0,0,0.0,0
2017-12-29,426.75,428.0,424.0,427.25,0,0,0.0,0
2018-01-01,427.25,427.25,427.25,427.25,0,0,0.0,0
2018-01-02,427.25,436.25,427.25,434.25,0,0,0.0,0
2018-01-03,434.25,437.0,432.0,435.0,0,0,0.0,0
2018-01-04,435.0,436.0,431.0,433.5,0,0,0.0,0
2018-01-05,433.5,433.75,427.5,431.0,0,0,0.0,0
2018-01-08,431.0,432.25,425.75,427.0,0,0,0.0,0
2018-01-09,427.0,433.75,425.25,431.75,0,0,0.0,0
2018-01-10,431.75,435.0,431.5,434.0,0,0,0.0,0
2018-01-11,434.0,434.5,428.5,433.75,0,0,0.0,0
2018-01-12,433.75,436.0,418.75,420.5,0,0,0.0,0
2018-01-15,420.5,420.5,420.5,420.5,0,0,0.0,0
2018-01-16,420.5,422.75,413.25,416.25,0,0,0.0,0
2018-01-17,416.25,423.25,415.5,421.5,0,0,0.0,0
2018-01-18,421.5,425.75,421.25,424.75,0,0,0.0,0
2018-01-19,425.25,427.25,421.5,423.25,0,0,0.0,0
2018-01-22,423.25,427.5,423.25,425.5,0,0,0.0,0
2018-01-23,425.5,425.5,419.75,421.75,0,0,0.0,0
2018-01-24,421.75,433.75,420.75,432.5,0,0,0.0,0
2018-01-25,432.5,438.75,429.5,434.25,0,0,0.0,0
2018-01-26,434.25,442.5,434.25,442.25,0,0,0.0,0
2018-01-29,442.25,449.75,442.25,449.0,0,0,0.0,0
2018-01-30,449.0,458.5,449.0,458.0,0,0,0.0,0
2018-01-31,458.0,458.75,447.5,451.5,0,0,0.0,0
2018-02-01,449.5,451.5,443.25,451.25,0,0,0.0,0
2018-02-02,451.25,451.25,445.0,447.0,0,0,0.0,0
2018-02-05,447.0,447.0,438.75,442.0,0,0,0.0,0
2018-02-06,442.0,447.75,438.75,446.75,0,0,0.0,0
2018-02-07,446.75,461.75,446.75,461.0,0,0,0.0,0
2018-02-08,461.0,464.5,451.25,456.5,0,0,0.0,0
2018-02-09,456.5,456.5,448.25,449.25,0,0,0.0,0
2018-02-12,449.25,465.0,449.25,464.25,0,0,0.0,0
2018-02-13,464.25,467.25,459.0,459.25,0,0,0.0,0
2018-02-14,459.25,460.5,453.75,454.75,0,0,0.0,0
2018-02-15,454.75,463.5,452.25,461.25,0,0,0.0,0
2018-02-16,461.25,464.5,456.75,458.0,0,0,0.0,0
2018-02-19,458.0,458.0,458.0,458.0,0,0,0.0,0
2018-02-20,458.0,463.25,449.0,449.25,0,0,0.0,0
2018-02-21,449.25,452.0,445.5,447.5,0,0,0.0,0
2018-02-22,447.5,452.0,444.75,450.75,0,0,0.0,0
2018-02-23,450.75,456.25,450.75,452.0,0,0,0.0,0
2018-02-26,452.0,464.0,452.0,460.25,0,0,0.0,0
2018-02-27,460.25,465.75,460.25,464.5,0,0,0.0,0
2018-02-28,464.5,487.5,464.0,482.75,0,0,0.0,0
2018-03-01,495.5,518.0,489.5,516.0,0,0,0.0,0
2018-03-02,516.0,518.5,493.25,499.0,0,0,0.0,0
2018-03-05,499.0,510.25,495.25,507.0,0,0,0.0,0
2018-03-06,507.0,507.75,495.25,506.0,0,0,0.0,0
2018-03-07,506.0,509.75,496.0,497.25,0,0,0.0,0
2018-03-08,497.25,502.5,490.25,499.25,0,0,0.0,0
2018-03-09,499.25,499.5,486.0,490.25,0,0,0.0,0
2018-03-12,488.75,492.75,483.0,491.25,0,0,0.0,0
2018-03-13,490.25,498.0,484.75,486.25,0,0,0.0,0
2018-03-14,485.25,490.5,483.0,489.5,0,0,0.0,0
2018-03-15,488.75,493.25,476.0,479.5,0,0,0.0,0
2018-03-16,478.5,482.25,467.0,468.25,0,0,0.0,0
2018-03-19,464.75,466.0,450.25,452.25,0,0,0.0,0
2018-03-20,450.0,457.5,450.0,453.25,0,0,0.0,0
2018-03-21,453.75,454.5,446.75,454.25,0,0,0.0,0
2018-03-22,453.0,459.75,451.25,456.5,0,0,0.0,0
2018-03-23,455.0,461.75,446.5,460.0,0,0,0.0,0
2018-03-26,462.25,463.75,451.25,454.25,0,0,0.0,0
2018-03-27,454.0,457.5,448.75,448.75,0,0,0.0,0
2018-03-28,449.25,452.5,444.5,445.5,0,0,0.0,0
2018-03-29,447.0,455.75,441.5,451.75,0,0,0.0,0
2018-03-30,451.75,455.75,441.5,451.75,0,0,0.0,0
2018-04-02,454.25,457.25,445.75,446.75,0,0,0.0,0
2018-04-03,448.5,463.5,448.25,456.25,0,0,0.0,0
2018-04-04,456.25,461.5,447.0,455.5,0,0,0.0,0
2018-04-05,458.0,466.0,456.5,463.0,0,0,0.0,0
2018-04-06,461.0,472.75,459.25,472.0,0,0,0.0,0
2018-04-09,476.75,493.75,474.75,489.75,0,0,0.0,0
2018-04-10,491.25,494.0,481.75,490.5,0,0,0.0,0
2018-04-11,490.75,492.0,483.0,484.5,0,0,0.0,0
2018-04-12,484.0,484.75,474.75,480.75,0,0,0.0,0
2018-04-13,480.75,481.25,469.5,474.0,0,0,0.0,0
2018-04-16,466.25,470.25,461.5,463.0,0,0,0.0,0
2018-04-17,463.0,470.75,461.5,466.25,0,0,0.0,0
2018-04-18,466.5,476.0,465.5,475.25,0,0,0.0,0
2018-04-19,476.75,480.0,471.75,476.75,0,0,0.0,0
2018-04-20,476.25,476.75,462.25,463.5,0,0,0.0,0
2018-04-23,463.0,469.0,458.75,462.25,0,0,0.0,0
2018-04-24,461.5,473.0,455.5,472.5,0,0,0.0,0
2018-04-25,474.0,488.5,472.25,485.75,0,0,0.0,0
2018-04-26,486.25,491.5,476.5,480.5,0,0,0.0,0
2018-04-27,480.5,495.75,480.25,495.0,0,0,0.0,0
2018-04-30,511.0,515.5,503.25,515.5,0,0,0.0,0
2018-05-01,513.5,530.0,506.0,528.75,0,0,0.0,0
2018-05-02,529.0,534.5,521.0,526.75,0,0,0.0,0
2018-05-03,526.0,538.5,520.5,537.5,0,0,0.0,0
2018-05-04,537.25,537.25,523.5,524.25,0,0,0.0,0
2018-05-07,522.5,524.0,510.5,511.5,0,0,0.0,0
2018-05-08,509.0,520.25,506.75,515.5,0,0,0.0,0
2018-05-09,515.25,515.5,506.25,510.75,0,0,0.0,0
2018-05-10,510.75,515.0,500.25,505.75,0,0,0.0,0
2018-05-11,503.5,505.25,497.0,497.5,0,0,0.0,0
2018-05-14,497.75,498.25,490.25,491.5,0,0,0.0,0
2018-05-15,491.0,496.25,486.25,494.5,0,0,0.0,0
2018-05-16,493.75,498.75,491.0,496.0,0,0,0.0,0
2018-05-17,495.75,505.0,495.0,497.5,0,0,0.0,0
2018-05-18,497.5,518.75,495.25,518.25,0,0,0.0,0
2018-05-21,522.5,525.5,504.25,507.5,0,0,0.0,0
2018-05-22,506.25,530.25,502.75,521.25,0,0,0.0,0
2018-05-23,520.25,531.75,517.25,531.5,0,0,0.0,0
2018-05-24,530.75,545.25,529.25,530.5,0,0,0.0,0
2018-05-25,529.25,544.75,528.25,544.5,0,0,0.0,0
2018-05-28,544.5,544.5,544.5,544.5,0,0,0.0,0
2018-05-29,549.0,554.0,531.5,538.0,0,0,0.0,0
2018-05-30,534.5,534.75,516.5,522.75,0,0,0.0,0
2018-05-31,521.0,531.75,515.25,524.75,0,0,0.0,0
2018-06-01,524.5,528.0,518.25,523.0,0,0,0.0,0
2018-06-04,519.5,521.0,503.25,507.25,0,0,0.0,0
2018-06-05,507.25,518.75,506.0,509.5,0,0,0.0,0
2018-06-06,509.75,531.25,507.5,522.0,0,0,0.0,0
2018-06-07,520.0,537.0,519.25,527.5,0,0,0.0,0
2018-06-08,528.5,533.5,514.25,523.25,0,0,0.0,0
2018-06-11,520.0,528.25,511.75,514.75,0,0,0.0,0
2018-06-12,513.75,538.25,510.25,535.0,0,0,0.0,0
2018-06-13,534.5,538.75,514.5,517.5,0,0,0.0,0
2018-06-14,515.5,517.0,498.25,502.25,0,0,0.0,0
2018-06-15,502.0,508.75,487.0,499.75,0,0,0.0,0
2018-06-18,494.25,499.0,487.75,490.0,0,0,0.0,0
2018-06-19,489.5,490.5,467.5,480.0,0,0,0.0,0
2018-06-20,477.75,490.0,474.75,489.25,0,0,0.0,0
2018-06-21,491.5,498.75,482.25,496.25,0,0,0.0,0
2018-06-22,495.5,497.5,487.0,489.5,0,0,0.0,0
2018-06-25,489.75,491.0,473.75,477.0,0,0,0.0,0
2018-06-26,479.5,481.75,466.75,471.0,0,0,0.0,0
2018-06-27,470.0,482.25,468.75,478.5,0,0,0.0,0
2018-06-28,478.5,485.25,474.25,478.0,0,0,0.0,0
2018-06-29,484.75,509.0,483.25,502.0,0,0,0.0,0
2018-07-02,501.75,509.75,479.5,481.5,0,0,0.0,0
2018-07-03,481.75,493.0,481.5,490.75,0,0,0.0,0
2018-07-04,490.75,490.75,490.75,490.75,0,0,0.0,0
2018-07-05,490.75,508.5,490.75,505.25,0,0,0.0,0
2018-07-06,504.0,516.25,498.25,513.75,0,0,0.0,0
2018-07-09,511.0,511.75,503.5,508.0,0,0,0.0,0
2018-07-10,505.5,507.75,488.0,492.25,0,0,0.0,0
2018-07-11,488.5,490.5,471.25,474.0,0,0,0.0,0
2018-07-12,474.0,488.5,473.0,483.75,0,0,0.0,0
2018-07-13,483.25,497.75,481.25,497.0,0,0,0.0,0
2018-07-16,494.25,498.5,486.75,488.25,0,0,0.0,0
2018-07-17,491.25,504.25,487.75,498.5,0,0,0.0,0
2018-07-18,498.75,505.0,493.75,494.25,0,0,0.0,0
2018-07-19,493.25,505.75,490.25,503.0,0,0,0.0,0
2018-07-20,503.0,519.75,503.0,515.5,0,0,0.0,0
2018-07-23,518.25,522.5,512.0,512.5,0,0,0.0,0
2018-07-24,511.25,516.25,505.25,510.75,0,0,0.0,0
2018-07-25,512.0,545.25,511.5,542.0,0,0,0.0,0
2018-07-26,544.5,553.75,532.0,535.5,0,0,0.0,0
2018-07-27,535.75,542.0,525.25,530.25,0,0,0.0,0
2018-07-30,533.0,551.75,532.75,545.0,0,0,0.0,0
2018-07-31,544.75,565.0,540.5,554.5,0,0,0.0,0
2018-08-01,554.75,566.0,550.75,559.25,0,0,0.0,0
2018-08-02,559.25,593.0,559.0,561.75,0,0,0.0,0
2018-08-03,564.0,567.75,554.0,558.75,0,0,0.0,0
2018-08-06,552.0,576.25,551.5,573.75,0,0,0.0,0
2018-08-07,575.5,586.25,564.0,568.25,0,0,0.0,0
2018-08-08,569.0,578.0,564.5,570.75,0,0,0.0,0
2018-08-09,570.5,573.75,561.75,563.75,0,0,0.0,0
2018-08-10,564.0,574.0,545.75,546.5,0,0,0.0,0
2018-08-13,547.25,549.75,530.5,536.5,0,0,0.0,0
2018-08-14,534.75,544.25,532.25,541.25,0,0,0.0,0
2018-08-15,540.75,542.75,528.25,532.5,0,0,0.0,0
2018-08-16,532.0,547.75,531.0,542.0,0,0,0.0,0
2018-08-17,541.75,563.0,535.0,560.0,0,0,0.0,0
2018-08-20,562.25,562.75,540.75,542.25,0,0,0.0,0
2018-08-21,543.0,543.0,526.25,527.5,0,0,0.0,0
2018-08-22,527.25,533.0,520.5,528.25,0,0,0.0,0
2018-08-23,530.5,531.25,515.5,523.25,0,0,0.0,0
2018-08-24,522.0,522.0,513.0,513.5,0,0,0.0,0
2018-08-27,513.75,513.75,499.0,501.0,0,0,0.0,0
2018-08-28,499.5,504.25,494.75,498.0,0,0,0.0,0
2018-08-29,497.5,520.0,496.0,515.5,0,0,0.0,0
2018-08-30,520.0,525.0,502.5,508.0,0,0,0.0,0
2018-08-31,537.0,548.0,535.25,546.5,0,0,0.0,0
2018-09-03,546.5,546.5,546.5,546.5,0,0,0.0,0
2018-09-04,537.75,542.5,519.5,531.75,0,0,0.0,0
2018-09-05,531.5,538.25,521.25,521.75,0,0,0.0,0
2018-09-06,523.0,524.5,512.5,514.5,0,0,0.0,0
2018-09-07,513.5,514.5,507.5,513.0,0,0,0.0,0
2018-09-10,511.75,529.0,508.25,528.5,0,0,0.0,0
2018-09-11,528.0,532.75,517.25,517.75,0,0,0.0,0
2018-09-12,519.25,529.25,500.25,506.25,0,0,0.0,0
2018-09-13,505.75,510.0,495.25,497.0,0,0,0.0,0
2018-09-14,496.75,514.25,496.0,511.75,0,0,0.0,0
2018-09-17,512.75,517.75,505.5,507.75,0,0,0.0,0
2018-09-18,507.75,514.25,506.5,511.0,0,0,0.0,0
2018-09-19,511.0,523.25,510.5,523.0,0,0,0.0,0
2018-09-20,523.0,525.75,516.0,522.25,0,0,0.0,0
2018-09-21,521.25,524.25,515.0,522.5,0,0,0.0,0
2018-09-24,521.5,531.25,520.0,526.25,0,0,0.0,0
2018-09-25,524.75,525.75,516.25,521.0,0,0,0.0,0
2018-09-26,521.5,527.0,516.75,518.25,0,0,0.0,0
2018-09-27,518.0,522.0,511.25,513.0,0,0,0.0,0
2018-09-28,512.25,518.0,505.5,510.5,0,0,0.0,0
2018-10-01,510.5,515.25,505.5,510.75,0,0,0.0,0
2018-10-02,510.75,524.75,505.25,520.25,0,0,0.0,0
2018-10-03,521.75,527.25,514.25,515.25,0,0,0.0,0
2018-10-04,516.25,520.75,513.75,517.75,0,0,0.0,0
2018-10-05,517.5,524.5,517.25,523.0,0,0,0.0,0
2018-10-08,525.25,525.5,512.75,513.5,0,0,0.0,0
2018-10-09,513.0,520.5,511.25,516.0,0,0,0.0,0
2018-10-10,516.75,518.0,510.25,510.25,0,0,0.0,0
2018-10-11,510.5,521.0,506.5,507.25,0,0,0.0,0
2018-10-12,507.5,519.0,507.25,517.75,0,0,0.0,0
2018-10-15,518.75,526.0,514.75,524.75,0,0,0.0,0
2018-10-16,525.5,527.0,521.0,523.25,0,0,0.0,0
2018-10-17,523.0,523.5,516.0,516.5,0,0,0.0,0
2018-10-18,515.5,519.5,511.0,512.5,0,0,0.0,0
2018-10-19,513.0,518.5,510.75,513.75,0,0,0.0,0
2018-10-22,513.5,513.75,507.25,508.5,0,0,0.0,0
2018-10-23,508.25,511.25,505.25,508.75,0,0,0.0,0
2018-10-24,510.75,510.75,496.75,500.25,0,0,0.0,0
2018-10-25,499.75,499.75,485.5,486.25,0,0,0.0,0
2018-10-26,487.25,506.75,486.75,504.75,0,0,0.0,0
2018-10-29,510.25,515.0,502.75,506.5,0,0,0.0,0
2018-10-30,505.5,507.5,497.0,499.75,0,0,0.0,0
2018-10-31,498.5,501.25,490.0,501.25,0,0,0.0,0
2018-11-01,500.75,510.0,500.5,506.5,0,0,0.0,0
2018-11-02,508.0,509.75,502.75,508.5,0,0,0.0,0
2018-11-05,508.5,512.25,503.75,506.75,0,0,0.0,0
2018-11-06,506.75,514.0,505.5,511.25,0,0,0.0,0
2018-11-07,512.5,514.25,507.25,509.5,0,0,0.0,0
2018-11-08,509.5,517.0,503.25,507.25,0,0,0.0,0
2018-11-09,507.5,508.0,500.75,502.25,0,0,0.0,0
2018-11-12,502.25,520.75,501.25,518.75,0,0,0.0,0
2018-11-13,518.25,520.75,506.0,506.5,0,0,0.0,0
2018-11-14,506.5,511.0,501.0,503.75,0,0,0.0,0
2018-11-15,503.75,509.0,503.0,505.5,0,0,0.0,0
2018-11-16,505.5,508.75,502.75,506.75,0,0,0.0,0
2018-11-19,506.75,507.25,496.0,498.0,0,0,0.0,0
2018-11-20,497.5,502.5,495.5,500.75,0,0,0.0,0
2018-11-21,500.75,504.25,497.75,498.0,0,0,0.0,0
2018-11-22,498.0,498.0,498.0,498.0,0,0,0.0,0
2018-11-23,498.0,507.5,498.0,499.75,0,0,0.0,0
2018-11-26,499.75,508.0,499.75,507.5,0,0,0.0,0
2018-11-27,507.5,510.0,497.5,497.5,0,0,0.0,0
2018-11-28,497.5,501.0,494.75,497.5,0,0,0.0,0
2018-11-29,497.5,501.5,492.0,496.501,0,0,0.0,0
2018-11-30,507.75,519.25,507.25,515.495,0,0,0.0,0
2018-12-03,515.5,529.5,515.5,519.251,0,0,0.0,0
2018-12-04,519.25,523.25,516.0,521.751,0,0,0.0,0
2018-12-05,521.75,522.0,513.5,518.251,0,0,0.0,0
2018-12-06,518.25,518.5,510.0,515.251,0,0,0.0,0
2018-12-07,515.25,532.0,515.25,531.752,0,0,0.0,0
2018-12-10,531.75,531.75,524.5,524.501,0,0,0.0,0
2018-12-11,524.5,529.0,517.5,521.501,0,0,0.0,0
2018-12-12,521.5,528.75,521.5,526.001,0,0,0.0,0
2018-12-13,526.0,538.5,526.0,535.001,0,0,0.0,0
2018-12-14,535.0,538.0,527.75,530.002,0,0,0.0,0
2018-12-17,530.0,537.5,530.0,535.001,0,0,0.0,0
2018-12-18,535.0,536.0,530.0,532.251,0,0,0.0,0
2018-12-19,532.75,533.0,521.5,522.751,0,0,0.0,0
2018-12-20,522.75,527.75,521.25,522.501,0,0,0.0,0
2018-12-21,522.5,524.0,512.25,513.504,0,0,0.0,0
2018-12-24,513.5,518.0,511.0,516.001,0,0,0.0,0
2018-12-25,516.001,516.0,516.0,516.001,0,0,0.0,0
2018-12-26,516.0,520.75,509.0,510.251,0,0,0.0,0
2018-12-27,510.25,513.0,507.25,511.001,0,0,0.0,0
2018-12-28,511.0,514.0,509.5,511.253,0,0,0.0,0
2018-12-31,511.25,513.5,503.0,503.001,0,0,0.0,0
2019-01-01,503.001,503.0,503.0,503.001,0,0,0.0,0
2019-01-02,503.0,510.75,501.25,508.251,0,0,0.0,0
2019-01-03,508.25,516.0,506.0,514.001,0,0,0.0,0
2019-01-04,513.75,518.75,513.0,516.004,0,0,0.0,0
2019-01-07,516.0,518.5,513.5,516.501,0,0,0.0,0
2019-01-08,516.5,524.5,513.75,519.251,0,0,0.0,0
2019-01-09,519.25,523.75,518.25,519.501,0,0,0.0,0
2019-01-10,519.5,520.25,512.0,513.751,0,0,0.0,0
2019-01-11,513.75,523.75,512.75,519.752,0,0,0.0,0
2019-01-14,519.75,523.5,513.25,514.751,0,0,0.0,0
2019-01-15,514.75,518.25,508.0,511.501,0,0,0.0,0
2019-01-16,511.5,516.75,511.0,512.001,0,0,0.0,0
2019-01-17,512.0,522.5,509.0,518.001,0,0,0.0,0
2019-01-18,518.0,522.75,515.25,516.746,0,0,0.0,0
2019-01-21,516.751,516.75,516.75,516.751,0,0,0.0,0
2019-01-22,516.75,526.0,514.25,521.751,0,0,0.0,0
2019-01-23,522.5,527.0,521.75,527.001,0,0,0.0,0
2019-01-24,526.75,529.0,521.0,521.251,0,0,0.0,0
2019-01-25,521.25,523.0,516.75,521.0,0,0,0.0,0
2019-01-28,521.0,523.5,516.0,518.001,0,0,0.0,0
2019-01-29,518.0,522.0,510.75,513.751,0,0,0.0,0
2019-01-30,513.75,518.0,511.75,517.751,0,0,0.0,0
2019-01-31,517.75,520.0,513.5,516.501,0,0,0.0,0
2019-02-01,516.5,526.5,515.25,524.505,0,0,0.0,0
2019-02-04,524.5,529.0,521.25,525.251,0,0,0.0,0
2019-02-05,525.25,528.25,520.5,527.501,0,0,0.0,0
2019-02-06,527.5,531.25,524.25,524.251,0,0,0.0,0
2019-02-07,524.25,525.25,512.5,512.751,0,0,0.0,0
2019-02-08,512.75,522.25,512.75,518.0,0,0,0.0,0
2019-02-11,518.0,519.0,512.0,518.251,0,0,0.0,0
2019-02-12,518.25,520.75,514.5,520.001,0,0,0.0,0
2019-02-13,520.0,524.0,518.75,521.501,0,0,0.0,0
2019-02-14,521.5,522.5,506.0,507.251,0,0,0.0,0
2019-02-15,507.25,508.75,499.25,503.252,0,0,0.0,0
2019-02-18,503.251,503.25,503.25,503.251,0,0,0.0,0
2019-02-19,503.25,505.25,488.5,489.001,0,0,0.0,0
2019-02-20,489.0,493.5,475.75,479.751,0,0,0.0,0
2019-02-21,479.75,491.5,479.75,487.001,0,0,0.0,0
2019-02-22,487.0,493.0,484.5,485.002,0,0,0.0,0
2019-02-25,485.0,490.0,466.25,466.251,0,0,0.0,0
2019-02-26,466.25,468.0,456.25,460.251,0,0,0.0,0
2019-02-27,460.25,467.75,458.25,459.501,0,0,0.0,0
2019-02-28,459.5,460.5,452.25,452.751,0,0,0.0,0
2019-03-01,458.75,461.25,447.25,457.247,0,0,0.0,0
2019-03-04,457.25,461.25,454.25,455.501,0,0,0.0,0
2019-03-05,455.5,464.0,453.0,464.001,0,0,0.0,0
2019-03-06,464.0,464.25,449.25,449.751,0,0,0.0,0
2019-03-07,449.75,451.75,437.5,438.001,0,0,0.0,0
2019-03-08,438.0,444.25,434.25,438.497,0,0,0.0,0
2019-03-11,439.75,441.75,427.0,427.751,0,0,0.0,0
2019-03-12,428.75,457.0,427.5,452.251,0,0,0.0,0
2019-03-13,455.5,456.0,440.25,447.501,0,0,0.0,0
2019-03-14,448.0,460.75,447.0,452.251,0,0,0.0,0
2019-03-15,452.5,463.0,448.5,460.254,0,0,0.0,0
2019-03-18,463.0,464.0,454.5,457.251,0,0,0.0,0
2019-03-19,458.75,462.5,453.75,456.501,0,0,0.0,0
2019-03-20,456.75,465.0,454.75,464.501,0,0,0.0,0
2019-03-21,464.5,467.5,458.0,465.001,0,0,0.0,0
2019-03-22,465.0,473.75,463.75,465.001,0,0,0.0,0
2019-03-25,466.75,471.75,463.0,468.751,0,0,0.0,0
2019-03-26,469.5,478.0,467.0,469.751,0,0,0.0,0
2019-03-27,470.0,471.75,466.5,469.501,0,0,0.0,0
2019-03-28,468.75,469.25,459.5,463.751,0,0,0.0,0
2019-03-29,463.75,464.75,452.5,459.25,0,0,0.0,0
2019-04-01,459.5,468.25,456.0,462.751,0,0,0.0,0
2019-04-02,464.0,465.75,456.0,464.001,0,0,0.0,0
2019-04-03,463.75,472.75,463.0,471.251,0,0,0.0,0
2019-04-04,470.75,477.5,468.0,470.751,0,0,0.0,0
2019-04-05,468.75,469.25,464.25,467.75,0,0,0.0,0
2019-04-08,467.25,471.0,461.75,463.751,0,0,0.0,0
2019-04-09,462.25,462.5,456.25,459.001,0,0,0.0,0
2019-04-10,459.5,461.75,455.5,457.751,0,0,0.0,0
2019-04-11,457.5,462.5,456.75,461.751,0,0,0.0,0
2019-04-12,462.0,465.25,457.5,464.499,0,0,0.0,0
2019-04-15,463.25,463.75,457.75,459.501,0,0,0.0,0
2019-04-16,459.0,460.25,442.25,445.001,0,0,0.0,0
2019-04-17,446.0,450.0,444.75,447.501,0,0,0.0,0
2019-04-18,448.25,448.25,439.25,445.501,0,0,0.0,0
2019-04-19,445.501,445.5,445.5,445.503,0,0,0.0,0
2019-04-22,443.5,444.0,435.25,435.751,0,0,0.0,0
2019-04-23,435.75,441.25,433.0,437.751,0,0,0.0,0
2019-04-24,438.75,439.5,429.75,431.501,0,0,0.0,0
2019-04-25,430.5,437.5,428.25,434.001,0,0,0.0,0
2019-04-26,433.5,439.0,433.25,435.005,0,0,0.0,0
2019-04-29,436.0,439.75,425.0,425.001,0,0,0.0,0
2019-04-30,424.0,426.0,416.25,418.501,0,0,0.0,0
2019-05-01,429.0,437.75,428.25,436.501,0,0,0.0,0
2019-05-02,437.0,448.5,435.5,444.751,0,0,0.0,0
2019-05-03,445.0,448.0,436.0,437.496,0,0,0.0,0
2019-05-06,431.25,439.5,428.0,437.751,0,0,0.0,0
2019-05-07,437.25,442.25,431.25,440.751,0,0,0.0,0
2019-05-08,440.75,443.5,434.5,437.751,0,0,0.0,0
2019-05-09,437.75,438.0,428.0,429.001,0,0,0.0,0
2019-05-10,432.25,434.25,421.5,424.496,0,0,0.0,0
2019-05-13,425.5,440.75,418.5,436.251,0,0,0.0,0
2019-05-14,440.25,450.75,438.0,450.501,0,0,0.0,0
2019-05-15,451.25,464.0,447.0,448.501,0,0,0.0,0
2019-05-16,446.5,468.5,446.5,468.001,0,0,0.0,0
2019-05-17,469.5,473.25,462.5,463.004,0,0,0.0,0
2019-05-20,469.75,484.0,468.0,480.501,0,0,0.0,0
2019-05-21,486.5,492.75,474.0,476.001,0,0,0.0,0
2019-05-22,476.0,481.0,468.5,472.251,0,0,0.0,0
2019-05-23,473.25,485.5,466.25,469.251,0,0,0.0,0
2019-05-24,469.25,490.75,467.25,490.251,0,0,0.0,0
2019-05-27,490.25,490.25,490.25,490.251,0,0,0.0,0
2019-05-28,495.25,509.25,494.5,503.501,0,0,0.0,0
2019-05-29,515.75,521.75,487.5,488.001,0,0,0.0,0
2019-05-30,489.25,515.0,482.0,514.001,0,0,0.0,0
2019-05-31,513.75,520.0,500.75,504.745,0,0,0.0,0
2019-06-03,505.75,516.5,503.0,515.25,0,0,0.0,0
2019-06-04,526.0,529.0,519.0,523.0,0,0,0.0,0
2019-06-05,507.25,508.5,492.75,497.75,0,0,0.0,0
2019-06-06,492.25,511.0,487.75,509.75,0,0,0.0,0
2019-06-07,510.75,512.75,502.0,505.75,0,0,0.0,0
2019-06-10,505.0,505.0,493.25,503.75,0,0,0.0,0
2019-06-11,503.25,509.75,500.25,507.25,0,0,0.0,0
2019-06-12,520.0,528.0,513.0,523.75,0,0,0.0,0
2019-06-13,526.0,531.75,524.75,530.0,0,0,0.0,0
2019-06-14,535.5,538.5,531.25,537.0,0,0,0.0,0
2019-06-17,540.25,549.25,538.0,545.75,0,0,0.0,0
2019-06-18,540.25,541.0,525.25,531.001,0,0,0.0,0
2019-06-19,530.0,531.0,514.25,521.501,0,0,0.0,0
2019-06-20,520.25,529.0,515.5,526.751,0,0,0.0,0
2019-06-21,527.5,529.75,523.0,526.0,0,0,0.0,0
2019-06-24,526.0,540.0,522.25,538.001,0,0,0.0,0
2019-06-25,540.25,545.5,534.0,535.501,0,0,0.0,0
2019-06-26,534.75,545.25,532.25,544.001,0,0,0.0,0
2019-06-27,543.25,555.25,541.25,547.251,0,0,0.0,0
2019-06-28,547.0,558.0,525.75,528.0,0,0,0.0,0
2019-07-01,529.5,530.75,508.5,511.0,0,0,0.0,0
2019-07-02,511.75,515.75,505.5,505.5,0,0,0.0,0
2019-07-03,507.25,514.5,501.0,511.75,0,0,0.0,0
2019-07-05,514.0,517.0,505.25,516.75,0,0,0.0,0
2019-07-08,517.25,519.0,507.25,510.75,0,0,0.0,0
2019-07-09,503.75,511.0,498.75,502.0,0,0,0.0,0
2019-07-10,504.75,506.75,498.0,504.5,0,0,0.0,0
2019-07-11,502.25,523.0,500.25,520.75,0,0,0.0,0
2019-07-12,520.5,525.75,516.75,522.75,0,0,0.0,0
2019-07-15,516.0,531.5,506.0,508.75,0,0,0.0,0
2019-07-16,506.0,510.0,501.0,507.5,0,0,0.0,0
2019-07-17,512.0,514.0,502.0,504.75,0,0,0.0,0
2019-07-18,499.5,505.25,493.0,493.75,0,0,0.0,0
2019-07-19,496.75,516.75,492.5,502.75,0,0,0.0,0
2019-07-22,499.75,505.25,487.0,487.75,0,0,0.0,0
2019-07-23,490.0,493.5,483.25,487.25,0,0,0.0,0
2019-07-24,496.25,498.75,487.25,496.75,0,0,0.0,0
2019-07-25,495.5,507.0,492.25,500.0,0,0,0.0,0
2019-07-26,495.0,500.25,493.5,495.75,0,0,0.0,0
2019-07-29,503.0,507.25,492.5,501.75,0,0,0.0,0
2019-07-30,498.25,503.25,495.0,496.5,0,0,0.0,0
2019-07-31,492.5,500.5,484.5,486.5,0,0,0.0,0
2019-08-01,484.75,488.5,471.75,478.75,0,0,0.0,0
2019-08-02,477.25,491.5,476.0,490.75,0,0,0.0,0
2019-08-05,481.5,495.0,479.25,493.75,0,0,0.0,0
2019-08-06,492.25,495.75,482.75,484.5,0,0,0.0,0
2019-08-07,482.0,490.25,477.5,489.75,0,0,0.0,0
2019-08-08,490.5,502.75,486.0,498.25,0,0,0.0,0
2019-08-09,503.25,505.25,496.0,500.0,0,0,0.0,0
2019-08-12,494.0,502.0,466.5,472.0,0,0,0.0,0
2019-08-13,468.25,478.75,465.5,472.5,0,0,0.0,0
2019-08-14,474.0,480.0,471.25,474.75,0,0,0.0,0
2019-08-15,477.0,482.0,473.25,475.25,0,0,0.0,0
2019-08-16,475.75,478.75,474.0,476.5,0,0,0.0,0
2019-08-19,474.75,476.75,471.0,471.0,0,0,0.0,0
2019-08-20,475.5,475.75,463.5,465.0,0,0,0.0,0
2019-08-21,463.5,468.75,461.75,468.25,0,0,0.0,0
2019-08-22,469.5,474.5,466.0,471.75,0,0,0.0,0
2019-08-23,468.25,478.5,465.75,477.0,0,0,0.0,0
2019-08-26,479.25,481.25,472.75,474.75,0,0,0.0,0
2019-08-27,474.0,479.75,472.75,477.5,0,0,0.0,0
2019-08-28,471.0,478.25,468.75,475.5,0,0,0.0,0
2019-08-29,473.25,477.5,471.75,472.75,0,0,0.0,0
2019-08-30,466.25,472.75,459.25,461.25,0,0,0.0,0
2019-09-02,474.0,477.75,467.0,466.75,0,0,0.0,0
2019-09-03,459.75,463.0,450.5,453.75,0,0,0.0,0
2019-09-04,456.5,465.0,454.0,460.25,0,0,0.0,0
2019-09-05,466.75,469.5,460.25,466.75,0,0,0.0,0
2019-09-06,462.5,466.75,460.25,462.5,0,0,0.0,0
2019-09-09,461.0,476.0,460.25,474.5,0,0,0.0,0
2019-09-10,479.25,483.5,473.75,482.5,0,0,0.0,0
2019-09-11,480.75,482.5,475.0,476.5,0,0,0.0,0
2019-09-12,478.75,486.0,472.5,483.75,0,0,0.0,0
2019-09-13,488.75,491.0,480.5,482.5,0,0,0.0,0
2019-09-16,482.25,490.0,482.25,488.25,0,0,0.0,0
2019-09-17,483.25,487.75,480.75,484.75,0,0,0.0,0
2019-09-18,483.5,492.5,481.75,489.5,0,0,0.0,0
2019-09-19,488.75,492.0,484.5,487.0,0,0,0.0,0
2019-09-20,489.0,491.25,483.5,484.5,0,0,0.0,0
2019-09-23,487.25,487.5,481.25,481.5,0,0,0.0,0
2019-09-24,479.5,484.25,477.5,480.75,0,0,0.0,0
2019-09-25,479.25,482.25,476.25,477.5,0,0,0.0,0
2019-09-26,483.5,486.75,476.75,485.75,0,0,0.0,0
2019-09-27,486.75,490.5,482.5,486.75,0,0,0.0,0
2019-09-30,486.0,501.0,483.25,495.5,0,0,0.0,0
2019-10-01,491.75,499.25,489.75,497.25,0,0,0.0,0
2019-10-02,494.25,499.0,485.25,488.0,0,0,0.0,0
2019-10-03,486.5,493.0,485.75,488.25,0,0,0.0,0
2019-10-04,487.75,492.25,486.5,490.75,0,0,0.0,0
2019-10-07,489.75,494.5,488.5,489.5,0,0,0.0,0
2019-10-08,487.25,502.25,486.75,500.25,0,0,0.0,0
2019-10-09,499.5,504.5,497.25,501.0,0,0,0.0,0
2019-10-10,503.25,504.25,487.5,491.25,0,0,0.0,0
2019-10-11,497.0,512.75,491.25,509.5,0,0,0.0,0
2019-10-14,508.5,515.0,506.75,510.75,0,0,0.0,0
2019-10-15,507.5,511.25,504.25,506.75,0,0,0.0,0
2019-10-16,507.25,514.25,504.5,514.0,0,0,0.0,0
2019-10-17,520.0,527.0,512.75,524.75,0,0,0.0,0
2019-10-18,523.0,532.75,521.0,530.5,0,0,0.0,0
2019-10-21,534.75,535.0,522.75,524.0,0,0,0.0,0
2019-10-22,527.5,532.25,517.25,517.5,0,0,0.0,0
2019-10-23,515.75,523.75,515.75,521.25,0,0,0.0,0
2019-10-24,518.75,523.75,515.5,516.75,0,0,0.0,0
2019-10-25,518.0,522.0,514.5,516.0,0,0,0.0,0
2019-10-28,513.0,518.5,510.0,513.0,0,0,0.0,0
2019-10-29,512.75,516.0,508.25,511.25,0,0,0.0,0
2019-10-30,507.75,514.0,507.0,509.75,0,0,0.0,0
2019-10-31,506.25,512.25,501.0,508.5,0,0,0.0,0
2019-11-01,508.0,516.5,506.75,514.75,0,0,0.0,0
2019-11-04,511.0,515.25,508.0,510.0,0,0,0.0,0
2019-11-05,510.5,515.75,509.0,515.5,0,0,0.0,0
2019-11-06,518.25,521.75,513.5,516.75,0,0,0.0,0
2019-11-07,518.5,519.75,511.0,512.25,0,0,0.0,0
2019-11-08,510.75,517.75,505.5,510.0,0,0,0.0,0
2019-11-11,505.75,510.5,503.75,506.25,0,0,0.0,0
2019-11-12,507.5,517.25,505.25,516.5,0,0,0.0,0
2019-11-13,512.75,516.5,506.5,508.75,0,0,0.0,0
2019-11-14,509.75,512.0,505.5,507.25,0,0,0.0,0
2019-11-15,505.75,508.5,501.5,502.5,0,0,0.0,0
2019-11-18,503.75,513.5,501.75,510.25,0,0,0.0,0
2019-11-19,510.75,518.75,509.25,514.5,0,0,0.0,0
2019-11-20,512.5,519.0,511.5,518.0,0,0,0.0,0
2019-11-21,520.0,522.75,513.5,514.5,0,0,0.0,0
2019-11-22,515.0,522.0,511.25,517.5,0,0,0.0,0
2019-11-25,526.0,534.75,518.75,532.0,0,0,0.0,0
2019-11-26,528.5,532.75,525.75,530.75,0,0,0.0,0
2019-11-27,533.0,533.25,526.0,526.25,0,0,0.0,0
2019-11-29,530.0,546.0,528.5,542.0,0,0,0.0,0
2019-12-02,541.75,544.0,534.25,537.0,0,0,0.0,0
2019-12-03,537.25,541.25,524.25,525.25,0,0,0.0,0
2019-12-04,527.25,529.75,522.25,527.75,0,0,0.0,0
2019-12-05,527.75,530.0,522.75,523.75,0,0,0.0,0
2019-12-06,525.5,526.75,519.25,523.5,0,0,0.0,0
2019-12-09,524.0,526.0,520.25,522.75,0,0,0.0,0
2019-12-10,520.5,528.0,520.5,523.0,0,0,0.0,0
2019-12-11,520.75,523.5,516.75,518.5,0,0,0.0,0
2019-12-12,519.25,534.25,516.25,530.0,0,0,0.0,0
2019-12-13,531.25,536.25,525.75,532.5,0,0,0.0,0
2019-12-16,540.0,556.75,534.75,549.25,0,0,0.0,0
2019-12-17,547.25,557.25,545.0,554.0,0,0,0.0,0
2019-12-18,548.25,555.0,545.25,547.75,0,0,0.0,0
2019-12-19,552.5,553.5,544.0,545.5,0,0,0.0,0
2019-12-20,546.25,549.0,538.75,542.5,0,0,0.0,0
2019-12-23,545.25,547.0,538.75,539.75,0,0,0.0,0
2019-12-24,541.75,545.0,538.5,541.25,0,0,0.0,0
2019-12-26,540.75,552.0,540.25,550.25,0,0,0.0,0
2019-12-27,555.25,561.0,549.25,557.25,0,0,0.0,0
2019-12-30,563.5,564.5,551.5,555.25,0,0,0.0,0
2019-12-31,558.0,559.75,553.0,559.25,0,0,0.0,0
2020-01-02,559.5,567.5,558.25,559.5,0,0,0.0,0
2020-01-03,556.25,562.0,551.75,555.0,0,0,0.0,0
2020-01-06,554.0,554.5,546.75,550.75,0,0,0.0,0
2020-01-07,547.5,551.0,545.5,550.5,0,0,0.0,0
2020-01-08,550.75,555.75,545.25,553.25,0,0,0.0,0
2020-01-09,556.0,564.0,552.75,562.5,0,0,0.0,0
2020-01-10,563.5,568.5,555.75,563.75,0,0,0.0,0
2020-01-13,562.5,565.75,558.5,561.0,0,0,0.0,0
2020-01-14,568.75,573.0,559.25,568.75,0,0,0.0,0
2020-01-15,571.5,578.75,568.25,573.75,0,0,0.0,0
2020-01-16,564.5,573.5,560.0,565.0,0,0,0.0,0
2020-01-17,566.75,572.5,564.25,570.75,0,0,0.0,0
2020-01-21,571.0,582.75,566.75,582.25,0,0,0.0,0
2020-01-22,589.0,592.5,574.5,577.25,0,0,0.0,0
2020-01-23,577.25,583.0,575.25,579.25,0,0,0.0,0
2020-01-24,574.25,581.75,569.5,571.75,0,0,0.0,0
2020-01-27,563.25,573.25,559.5,573.0,0,0,0.0,0
2020-01-28,569.75,576.5,565.5,568.75,0,0,0.0,0
2020-01-29,562.5,573.25,561.0,561.5,0,0,0.0,0
2020-01-30,554.75,562.5,550.75,560.25,0,0,0.0,0
2020-01-31,560.5,566.0,552.75,553.25,0,0,0.0,0
2020-02-03,550.5,558.0,546.5,553.75,0,0,0.0,0
2020-02-04,562.5,564.25,553.5,557.5,0,0,0.0,0
2020-02-05,560.75,563.75,555.5,561.25,0,0,0.0,0
2020-02-06,559.5,565.5,555.75,556.25,0,0,0.0,0
2020-02-07,556.75,563.0,553.25,558.75,0,0,0.0,0
2020-02-10,557.5,560.75,551.0,551.0,0,0,0.0,0
2020-02-11,549.75,551.75,539.0,541.0,0,0,0.0,0
2020-02-12,542.75,549.0,538.25,547.25,0,0,0.0,0
2020-02-13,547.5,550.5,540.75,544.5,0,0,0.0,0
2020-02-14,547.5,549.5,542.0,544.5,0,0,0.0,0
2020-02-18,553.0,570.75,548.0,566.75,0,0,0.0,0
2020-02-19,561.0,564.0,551.5,562.75,0,0,0.0,0
2020-02-20,562.0,564.75,556.5,559.0,0,0,0.0,0
2020-02-21,563.75,568.25,551.0,552.5,0,0,0.0,0
2020-02-24,541.75,551.5,532.5,536.0,0,0,0.0,0
2020-02-25,530.75,539.5,528.5,538.5,0,0,0.0,0
2020-02-26,536.75,540.0,532.75,535.5,0,0,0.0,0
2020-02-27,530.0,534.75,526.25,526.25,0,0,0.0,0
2020-02-28,522.0,526.5,512.5,525.0,0,0,0.0,0
2020-03-02,520.25,528.5,516.25,524.0,0,0,0.0,0
2020-03-03,524.75,534.0,521.0,527.75,0,0,0.0,0
2020-03-04,522.5,526.25,516.75,518.25,0,0,0.0,0
2020-03-05,518.0,523.75,514.5,517.75,0,0,0.0,0
2020-03-06,514.75,520.75,510.0,513.25,0,0,0.0,0
2020-03-09,508.0,522.5,505.75,520.5,0,0,0.0,0
2020-03-10,522.5,525.0,514.0,521.5,0,0,0.0,0
2020-03-11,518.5,524.75,511.75,512.0,0,0,0.0,0
2020-03-12,502.75,510.75,497.25,505.25,0,0,0.0,0
2020-03-13,507.25,513.75,499.5,505.25,0,0,0.0,0
2020-03-16,497.0,507.25,491.75,497.75,0,0,0.0,0
2020-03-17,499.25,506.5,494.5,498.5,0,0,0.0,0
2020-03-18,501.0,512.0,494.5,506.5,0,0,0.0,0
2020-03-19,517.75,540.5,508.5,534.25,0,0,0.0,0
2020-03-20,543.75,547.0,533.0,540.0,0,0,0.0,0
2020-03-23,556.25,563.25,537.25,561.5,0,0,0.0,0
2020-03-24,552.25,562.5,549.75,560.5,0,0,0.0,0
2020-03-25,566.75,583.25,556.75,579.75,0,0,0.0,0
2020-03-26,580.0,583.0,564.5,568.5,0,0,0.0,0
2020-03-27,580.25,587.0,563.5,572.75,0,0,0.0,0
2020-03-30,574.25,580.75,562.75,569.5,0,0,0.0,0
2020-03-31,568.0,575.25,564.25,568.0,0,0,0.0,0
2020-04-01,560.25,571.75,546.5,551.0,0,0,0.0,0
2020-04-02,543.0,553.25,538.25,543.75,0,0,0.0,0
2020-04-03,554.75,556.5,541.75,550.75,0,0,0.0,0
2020-04-06,560.5,561.75,549.75,555.25,0,0,0.0,0
2020-04-07,548.0,555.75,545.25,549.5,0,0,0.0,0
2020-04-08,554.0,554.5,545.0,549.25,0,0,0.0,0
2020-04-09,553.75,558.75,546.75,558.25,0,0,0.0,0
2020-04-13,563.0,564.5,552.5,554.75,0,0,0.0,0
2020-04-14,555.75,556.75,550.5,550.75,0,0,0.0,0
2020-04-15,538.25,550.0,531.5,540.25,0,0,0.0,0
2020-04-16,539.0,544.25,529.0,529.0,0,0,0.0,0
2020-04-17,528.5,535.75,525.0,535.0,0,0,0.0,0
2020-04-20,549.75,561.5,535.5,546.0,0,0,0.0,0
2020-04-21,547.25,554.75,540.5,546.75,0,0,0.0,0
2020-04-22,546.0,548.75,537.25,543.75,0,0,0.0,0
2020-04-23,548.75,552.0,539.0,546.0,0,0,0.0,0
2020-04-24,543.5,549.5,529.0,532.75,0,0,0.0,0
2020-04-27,532.5,533.0,521.25,523.75,0,0,0.0,0
2020-04-28,526.75,531.75,520.25,526.25,0,0,0.0,0
2020-04-29,526.0,526.25,510.5,516.0,0,0,0.0,0
2020-04-30,516.5,525.25,506.75,523.5,0,0,0.0,0
2020-05-01,522.5,522.75,513.75,515.5,0,0,0.0,0
2020-05-04,510.0,521.25,505.75,520.75,0,0,0.0,0
2020-05-05,518.0,522.75,512.25,519.25,0,0,0.0,0
2020-05-06,520.0,521.75,513.0,516.25,0,0,0.0,0
2020-05-07,517.25,527.0,516.5,521.0,0,0,0.0,0
2020-05-08,519.0,525.0,517.0,522.5,0,0,0.0,0
2020-05-11,524.0,528.0,516.25,516.5,0,0,0.0,0
2020-05-12,518.0,518.25,507.75,514.0,0,0,0.0,0
2020-05-13,514.25,514.25,500.25,501.5,0,0,0.0,0
2020-05-14,500.0,506.0,496.75,502.0,0,0,0.0,0
2020-05-15,502.5,508.0,497.5,499.5,0,0,0.0,0
2020-05-18,496.5,502.75,493.75,497.5,0,0,0.0,0
2020-05-19,496.75,501.5,496.25,498.75,0,0,0.0,0
2020-05-20,499.5,500.0,497.0,497.0,0,0,0.0,0
2020-05-21,515.0,524.0,512.0,515.5,0,0,0.0,0
2020-05-22,515.0,516.25,503.25,508.5,0,0,0.0,0
2020-05-26,504.25,512.25,504.25,507.75,0,0,0.0,0
2020-05-27,507.75,511.75,501.25,504.75,0,0,0.0,0
2020-05-28,505.25,518.75,503.75,514.25,0,0,0.0,0
2020-05-29,513.5,522.25,511.75,521.5,0,0,0.0,0
2020-06-01,520.0,520.75,511.5,515.25,0,0,0.0,0
2020-06-02,517.0,517.25,506.75,509.0,0,0,0.0,0
2020-06-03,509.75,515.5,506.5,512.25,0,0,0.0,0
2020-06-04,512.25,529.0,512.0,524.5,0,0,0.0,0
2020-06-05,526.75,527.75,513.25,515.25,0,0,0.0,0
2020-06-08,517.0,517.75,508.5,511.75,0,0,0.0,0
2020-06-09,512.0,514.0,500.75,503.75,0,0,0.0,0
2020-06-10,505.0,509.25,502.5,507.0,0,0,0.0,0
2020-06-11,508.75,509.0,498.5,499.0,0,0,0.0,0
2020-06-12,499.0,504.75,495.25,501.25,0,0,0.0,0
2020-06-15,499.75,505.5,497.5,504.25,0,0,0.0,0
2020-06-16,506.5,507.25,491.0,495.5,0,0,0.0,0
2020-06-17,494.5,495.75,487.25,488.5,0,0,0.0,0
2020-06-18,488.5,492.0,480.5,483.0,0,0,0.0,0
2020-06-19,487.25,490.5,481.0,485.5,0,0,0.0,0
2020-06-22,484.5,490.5,481.75,490.0,0,0,0.0,0
2020-06-23,489.5,493.25,483.75,490.75,0,0,0.0,0
2020-06-24,491.25,492.5,484.5,485.0,0,0,0.0,0
2020-06-25,483.25,491.75,483.25,487.0,0,0,0.0,0
2020-06-26,488.0,489.0,471.0,475.25,0,0,0.0,0
2020-06-29,475.25,491.5,475.0,486.25,0,0,0.0,0
2020-06-30,486.0,498.75,481.25,492.0,0,0,0.0,0
2020-07-01,492.0,499.75,489.0,498.75,0,0,0.0,0
2020-07-02,498.25,499.25,488.5,491.75,0,0,0.0,0
2020-07-06,494.0,496.5,487.75,493.5,0,0,0.0,0
2020-07-07,494.25,500.0,489.75,495.5,0,0,0.0,0
2020-07-08,495.5,517.5,494.75,517.0,0,0,0.0,0
2020-07-09,516.5,531.25,515.75,523.75,0,0,0.0,0
2020-07-10,524.0,539.0,520.5,534.5,0,0,0.0,0
2020-07-13,528.0,535.5,522.25,524.0,0,0,0.0,0
2020-07-14,523.75,533.5,522.75,527.0,0,0,0.0,0
2020-07-15,527.0,551.75,526.75,551.25,0,0,0.0,0
2020-07-16,550.0,551.5,534.0,535.25,0,0,0.0,0
2020-07-17,535.75,540.0,530.75,535.0,0,0,0.0,0
2020-07-20,535.0,535.25,517.0,521.5,0,0,0.0,0
2020-07-21,524.75,531.5,518.5,527.25,0,0,0.0,0
2020-07-22,530.25,540.25,523.75,534.0,0,0,0.0,0
2020-07-23,532.75,536.0,527.0,530.0,0,0,0.0,0
2020-07-24,535.0,544.0,530.0,539.75,0,0,0.0,0
2020-07-27,532.5,539.0,526.25,526.5,0,0,0.0,0
2020-07-28,526.0,529.75,519.25,523.5,0,0,0.0,0
2020-07-29,528.5,533.25,523.5,532.75,0,0,0.0,0
2020-07-30,531.75,534.5,525.0,528.75,0,0,0.0,0
2020-07-31,528.5,535.25,528.5,530.75,0,0,0.0,0
2020-08-03,525.0,528.25,517.0,520.25,0,0,0.0,0
2020-08-04,516.25,521.25,507.75,508.0,0,0,0.0,0
2020-08-05,511.0,512.75,506.0,510.25,0,0,0.0,0
2020-08-06,513.0,515.0,500.75,502.5,0,0,0.0,0
2020-08-07,500.0,503.75,490.5,496.0,0,0,0.0,0
2020-08-10,495.25,497.25,490.0,491.0,0,0,0.0,0
2020-08-11,491.0,498.75,490.5,494.75,0,0,0.0,0
2020-08-12,495.75,498.0,488.0,490.5,0,0,0.0,0
2020-08-13,490.0,500.75,489.0,495.5,0,0,0.0,0
2020-08-14,495.5,507.75,493.5,500.0,0,0,0.0,0
2020-08-17,509.5,527.0,509.5,526.25,0,0,0.0,0
2020-08-18,526.0,526.5,512.75,517.75,0,0,0.0,0
2020-08-19,517.0,524.0,515.75,521.5,0,0,0.0,0
2020-08-20,522.0,529.25,515.75,528.25,0,0,0.0,0
2020-08-21,529.0,535.5,523.75,534.5,0,0,0.0,0
2020-08-24,535.75,540.75,524.0,527.0,0,0,0.0,0
2020-08-25,530.0,542.0,528.0,535.5,0,0,0.0,0
2020-08-26,534.0,540.5,531.5,539.75,0,0,0.0,0
2020-08-27,544.75,552.25,538.75,551.75,0,0,0.0,0
2020-08-28,551.25,555.5,547.5,548.5,0,0,0.0,0
2020-08-31,548.75,560.25,547.25,551.25,0,0,0.0,0
2020-09-01,550.0,568.5,548.25,564.0,0,0,0.0,0
2020-09-02,561.5,565.75,554.75,558.25,0,0,0.0,0
2020-09-03,557.75,561.0,550.5,553.5,0,0,0.0,0
2020-09-04,554.5,556.25,546.5,551.25,0,0,0.0,0
2020-09-08,549.0,551.0,542.5,544.75,0,0,0.0,0
2020-09-09,544.5,549.5,541.5,543.5,0,0,0.0,0
2020-09-10,543.75,556.75,542.75,548.5,0,0,0.0,0
2020-09-11,548.25,552.25,539.75,542.5,0,0,0.0,0
2020-09-14,542.5,547.75,539.75,546.5,0,0,0.0,0
2020-09-15,546.0,547.0,533.75,538.0,0,0,0.0,0
2020-09-16,535.5,543.0,533.25,542.0,0,0,0.0,0
2020-09-17,540.25,557.25,537.25,556.5,0,0,0.0,0
2020-09-18,558.5,578.0,555.5,577.0,0,0,0.0,0
2020-09-21,576.5,578.25,550.5,553.5,0,0,0.0,0
2020-09-22,553.5,567.0,550.25,558.75,0,0,0.0,0
2020-09-23,558.5,560.25,547.25,548.25,0,0,0.0,0
2020-09-24,542.0,554.25,541.0,551.0,0,0,0.0,0
2020-09-25,552.25,552.5,543.75,544.0,0,0,0.0,0
2020-09-28,545.25,551.75,537.75,549.5,0,0,0.0,0
2020-09-29,551.0,553.25,546.0,549.0,0,0,0.0,0
2020-09-30,555.5,587.0,547.0,578.0,0,0,0.0,0
2020-10-01,574.0,584.0,568.5,569.75,0,0,0.0,0
2020-10-02,565.25,576.5,561.25,573.0,0,0,0.0,0
2020-10-05,574.5,587.75,573.0,584.25,0,0,0.0,0
2020-10-06,585.0,601.75,579.75,590.25,0,0,0.0,0
2020-10-07,591.25,611.5,588.5,608.25,0,0,0.0,0
2020-10-08,614.5,616.75,593.25,595.75,0,0,0.0,0
2020-10-09,600.75,606.75,588.75,592.25,0,0,0.0,0
2020-10-12,592.25,599.0,587.0,596.25,0,0,0.0,0
2020-10-13,598.75,604.25,590.75,594.25,0,0,0.0,0
2020-10-14,590.75,600.25,587.25,596.75,0,0,0.0,0
2020-10-15,597.25,619.5,596.5,619.25,0,0,0.0,0
2020-10-16,628.5,630.75,615.5,626.25,0,0,0.0,0
2020-10-19,634.5,636.75,620.25,626.25,0,0,0.0,0
2020-10-20,630.5,638.25,623.5,633.25,0,0,0.0,0
2020-10-21,632.5,637.5,628.75,629.25,0,0,0.0,0
2020-10-22,623.75,632.25,621.25,621.5,0,0,0.0,0
2020-10-23,623.0,635.5,619.5,634.0,0,0,0.0,0
2020-10-26,623.0,633.0,616.0,619.5,0,0,0.0,0
2020-10-27,622.0,627.0,614.75,615.25,0,0,0.0,0
2020-10-28,614.5,614.5,601.25,610.5,0,0,0.0,0
2020-10-29,602.0,611.25,598.5,603.75,0,0,0.0,0
2020-10-30,604.0,607.25,595.25,598.75,0,0,0.0,0
2020-11-02,592.75,609.5,591.0,607.75,0,0,0.0,0
2020-11-03,614.0,616.5,604.0,608.5,0,0,0.0,0
2020-11-04,607.75,610.5,597.75,606.25,0,0,0.0,0
2020-11-05,618.75,626.25,606.0,609.75,0,0,0.0,0
2020-11-06,612.25,615.75,601.75,601.75,0,0,0.0,0
2020-11-09,601.75,607.0,595.0,596.5,0,0,0.0,0
2020-11-10,598.25,613.0,594.0,607.75,0,0,0.0,0
2020-11-11,607.0,613.5,595.5,598.0,0,0,0.0,0
2020-11-12,596.25,598.75,587.0,587.25,0,0,0.0,0
2020-11-13,584.5,596.25,580.25,592.5,0,0,0.0,0
2020-11-16,593.75,601.0,586.0,598.25,0,0,0.0,0
2020-11-17,598.0,603.25,592.5,594.5,0,0,0.0,0
2020-11-18,595.75,604.25,592.5,598.0,0,0,0.0,0
2020-11-19,606.75,608.25,597.0,599.5,0,0,0.0,0
2020-11-20,597.0,604.75,596.75,599.0,0,0,0.0,0
2020-11-23,602.0,610.0,601.5,604.75,0,0,0.0,0
2020-11-24,604.5,618.5,599.0,617.0,0,0,0.0,0
2020-11-25,619.0,622.75,595.25,595.5,0,0,0.0,0
2020-11-27,600.5,607.75,598.5,606.75,0,0,0.0,0
2020-11-30,607.5,609.25,584.25,586.25,0,0,0.0,0
2020-12-01,585.0,589.0,574.0,578.0,0,0,0.0,0
2020-12-02,577.25,592.5,574.75,588.0,0,0,0.0,0
2020-12-03,588.5,591.0,579.75,584.0,0,0,0.0,0
2020-12-04,585.0,585.5,575.25,576.25,0,0,0.0,0
2020-12-07,566.0,579.75,565.5,575.75,0,0,0.0,0
2020-12-08,576.5,577.25,569.25,569.75,0,0,0.0,0
2020-12-09,570.5,585.0,567.25,584.0,0,0,0.0,0
2020-12-10,596.0,599.5,584.0,597.75,0,0,0.0,0
2020-12-11,602.25,619.25,590.25,616.75,0,0,0.0,0
2020-12-14,618.0,622.0,595.75,596.75,0,0,0.0,0
2020-12-15,600.0,605.75,594.25,600.5,0,0,0.0,0
2020-12-16,603.75,607.75,589.75,598.0,0,0,0.0,0
2020-12-17,599.75,610.0,598.5,609.0,0,0,0.0,0
2020-12-18,611.5,614.75,604.5,607.75,0,0,0.0,0
2020-12-21,601.0,615.25,596.5,611.25,0,0,0.0,0
2020-12-22,615.5,619.75,603.0,616.0,0,0,0.0,0
2020-12-23,615.25,633.75,610.5,630.75,0,0,0.0,0
2020-12-24,631.0,633.75,623.5,627.75,0,0,0.0,0
2020-12-28,627.0,631.5,607.0,614.75,0,0,0.0,0
2020-12-29,614.25,623.25,611.5,619.25,0,0,0.0,0
2020-12-30,620.0,643.5,614.0,639.25,0,0,0.0,0
2020-12-31,640.0,644.5,632.5,642.0,0,0,0.0,0
2021-01-04,645.0,650.25,634.0,643.0,0,0,0.0,0
2021-01-05,653.5,664.5,639.5,653.0,0,0,0.0,0
2021-01-06,656.0,660.25,646.0,647.5,0,0,0.0,0
2021-01-07,646.75,648.25,638.0,643.5,0,0,0.0,0
2021-01-08,646.25,650.0,635.0,639.75,0,0,0.0,0
2021-01-11,643.75,651.5,628.75,635.5,0,0,0.0,0
2021-01-12,646.75,670.0,634.0,664.5,0,0,0.0,0
2021-01-13,665.0,680.75,656.25,659.0,0,0,0.0,0
2021-01-14,656.5,673.25,653.0,670.25,0,0,0.0,0
2021-01-15,671.0,693.0,664.5,674.75,0,0,0.0,0
2021-01-19,684.0,691.25,668.75,673.0,0,0,0.0,0
2021-01-20,657.0,676.0,656.5,667.0,0,0,0.0,0
2021-01-21,666.5,674.75,657.75,658.75,0,0,0.0,0
2021-01-22,648.75,659.0,633.0,634.75,0,0,0.0,0
2021-01-25,635.25,651.5,624.25,648.75,0,0,0.0,0
2021-01-26,646.75,667.75,641.25,664.5,0,0,0.0,0
2021-01-27,669.25,672.75,652.5,656.5,0,0,0.0,0
2021-01-28,655.25,664.5,643.5,647.0,0,0,0.0,0
2021-01-29,655.0,664.75,643.0,662.5,0,0,0.0,0
2021-02-01,663.5,671.0,646.0,652.5,0,0,0.0,0
2021-02-02,645.0,656.75,640.5,644.75,0,0,0.0,0
2021-02-03,636.75,649.75,625.75,647.0,0,0,0.0,0
2021-02-04,647.25,650.5,633.0,636.0,0,0,0.0,0
2021-02-05,645.0,647.5,632.25,641.0,0,0,0.0,0
2021-02-08,651.0,657.5,642.5,657.25,0,0,0.0,0
2021-02-09,657.75,660.5,639.75,651.5,0,0,0.0,0
2021-02-10,649.5,650.5,626.75,634.25,0,0,0.0,0
2021-02-11,636.5,644.75,632.0,632.0,0,0,0.0,0
2021-02-12,634.5,643.0,632.0,637.5,0,0,0.0,0
2021-02-16,648.75,664.25,644.5,664.0,0,0,0.0,0
2021-02-17,664.0,665.0,642.25,647.5,0,0,0.0,0
2021-02-18,655.0,668.75,645.25,667.25,0,0,0.0,0
2021-02-19,665.25,672.0,653.0,657.5,0,0,0.0,0
2021-02-22,660.75,671.0,655.75,668.75,0,0,0.0,0
2021-02-23,667.0,672.5,661.25,671.25,0,0,0.0,0
2021-02-24,674.75,688.5,668.75,682.0,0,0,0.0,0
2021-02-25,675.75,686.0,666.25,675.5,0,0,0.0,0
2021-02-26,665.0,674.0,658.25,659.25,0,0,0.0,0
2021-03-01,662.25,666.75,647.75,650.0,0,0,0.0,0
2021-03-02,657.75,668.75,645.5,666.5,0,0,0.0,0
2021-03-03,663.0,666.0,650.75,654.75,0,0,0.0,0
2021-03-04,654.75,662.0,647.25,651.0,0,0,0.0,0
2021-03-05,650.5,660.75,646.75,654.75,0,0,0.0,0
2021-03-08,659.75,662.75,639.5,646.75,0,0,0.0,0
2021-03-09,646.0,657.75,643.75,656.5,0,0,0.0,0
2021-03-10,656.75,656.75,641.25,651.75,0,0,0.0,0
2021-03-11,651.5,656.0,639.0,644.0,0,0,0.0,0
2021-03-12,642.75,645.75,637.5,638.0,0,0,0.0,0
2021-03-15,637.75,647.75,636.0,643.75,0,0,0.0,0
2021-03-16,645.5,648.0,631.75,646.5,0,0,0.0,0
2021-03-17,646.25,649.5,639.25,639.25,0,0,0.0,0
2021-03-18,635.5,641.0,629.0,629.25,0,0,0.0,0
2021-03-19,629.0,635.5,621.75,626.5,0,0,0.0,0
2021-03-22,627.5,630.75,621.25,628.75,0,0,0.0,0
2021-03-23,622.0,644.5,621.0,635.0,0,0,0.0,0
2021-03-24,635.0,638.75,624.0,624.5,0,0,0.0,0
2021-03-25,624.75,625.5,609.0,611.25,0,0,0.0,0
2021-03-26,611.0,619.0,608.25,614.75,0,0,0.0,0
2021-03-29,615.75,617.75,607.25,616.5,0,0,0.0,0
2021-03-30,616.25,616.75,600.5,600.75,0,0,0.0,0
2021-03-31,603.25,631.75,593.25,618.25,0,0,0.0,0
2021-04-01,623.0,625.75,601.25,608.0,0,0,0.0,0
2021-04-05,607.0,625.0,607.0,618.25,0,0,0.0,0
2021-04-06,622.0,627.5,613.75,616.0,0,0,0.0,0
2021-04-07,615.0,619.75,609.75,616.75,0,0,0.0,0
2021-04-08,618.0,631.5,616.0,629.0,0,0,0.0,0
2021-04-09,628.75,646.5,627.25,638.5,0,0,0.0,0
2021-04-12,638.0,639.0,623.0,628.0,0,0,0.0,0
2021-04-13,632.5,640.5,631.25,634.25,0,0,0.0,0
2021-04-14,641.0,658.5,634.25,649.75,0,0,0.0,0
2021-04-15,649.5,659.0,641.0,654.5,0,0,0.0,0
2021-04-16,654.5,660.75,649.5,654.75,0,0,0.0,0
2021-04-19,655.75,663.0,652.5,653.0,0,0,0.0,0
2021-04-20,658.75,679.5,651.25,660.75,0,0,0.0,0
2021-04-21,666.0,680.0,660.5,675.25,0,0,0.0,0
2021-04-22,680.0,715.0,674.25,710.0,0,0,0.0,0
2021-04-23,708.75,715.25,701.25,714.5,0,0,0.0,0
2021-04-26,730.75,746.0,714.75,737.75,0,0,0.0,0
2021-04-27,736.5,769.5,726.5,732.75,0,0,0.0,0
2021-04-28,733.0,741.25,711.5,719.25,0,0,0.0,0
2021-04-29,720.75,733.75,714.25,729.0,0,0,0.0,0
2021-04-30,728.0,736.5,717.0,734.75,0,0,0.0,0
2021-05-03,739.75,753.5,713.25,720.5,0,0,0.0,0
2021-05-04,722.25,733.0,716.25,725.75,0,0,0.0,0
2021-05-05,728.0,746.0,718.25,744.0,0,0,0.0,0
2021-05-06,746.75,755.75,732.0,754.75,0,0,0.0,0
2021-05-07,753.25,767.5,745.25,762.75,0,0,0.0,0
2021-05-10,748.5,760.75,727.25,728.5,0,0,0.0,0
2021-05-11,739.75,749.0,722.75,743.75,0,0,0.0,0
2021-05-12,745.0,751.5,724.25,729.75,0,0,0.0,0
2021-05-13,733.25,734.25,690.75,705.0,0,0,0.0,0
2021-05-14,706.25,724.25,699.5,707.5,0,0,0.0,0
2021-05-17,702.0,707.5,692.0,701.5,0,0,0.0,0
2021-05-18,702.5,718.5,692.5,697.75,0,0,0.0,0
2021-05-19,698.0,699.0,671.5,682.5,0,0,0.0,0
2021-05-20,682.25,688.0,672.25,675.75,0,0,0.0,0
2021-05-21,675.5,677.5,665.75,672.25,0,0,0.0,0
2021-05-24,667.0,668.75,653.25,662.5,0,0,0.0,0
2021-05-25,663.0,667.5,646.75,656.75,0,0,0.0,0
2021-05-26,651.25,657.75,639.5,649.0,0,0,0.0,0
2021-05-27,648.25,679.5,648.0,674.25,0,0,0.0,0
2021-05-28,676.0,679.75,661.25,664.0,0,0,0.0,0
2021-06-01,673.25,702.0,672.0,691.25,0,0,0.0,0
2021-06-02,692.0,701.5,681.5,686.0,0,0,0.0,0
2021-06-03,695.75,699.25,669.25,676.5,0,0,0.0,0
2021-06-04,681.25,690.25,676.25,684.75,0,0,0.0,0
2021-06-07,694.25,704.0,678.5,680.0,0,0,0.0,0
2021-06-08,682.5,699.25,680.25,686.0,0,0,0.0,0
2021-06-09,685.0,686.0,673.5,680.5,0,0,0.0,0
2021-06-10,684.0,689.25,672.75,682.25,0,0,0.0,0
2021-06-11,682.25,688.0,669.5,680.25,0,0,0.0,0
2021-06-14,659.25,680.75,657.0,673.25,0,0,0.0,0
2021-06-15,674.5,676.25,649.0,660.0,0,0,0.0,0
2021-06-16,662.0,672.75,658.75,664.25,0,0,0.0,0
2021-06-17,650.0,667.0,637.25,639.5,0,0,0.0,0
2021-06-18,655.75,671.5,642.5,664.5,0,0,0.0,0
2021-06-21,654.0,675.75,649.25,666.5,0,0,0.0,0
2021-06-22,666.75,676.5,654.75,655.5,0,0,0.0,0
2021-06-23,657.25,672.0,657.0,664.25,0,0,0.0,0
2021-06-24,662.5,662.5,644.5,651.0,0,0,0.0,0
2021-06-25,652.0,658.0,637.0,637.5,0,0,0.0,0
2021-06-28,640.25,659.25,639.25,649.25,0,0,0.0,0
2021-06-29,652.0,663.5,644.5,645.25,0,0,0.0,0
2021-06-30,642.0,681.0,632.25,680.25,0,0,0.0,0
2021-07-01,685.5,694.25,665.0,666.25,0,0,0.0,0
2021-07-02,666.0,673.0,648.25,651.5,0,0,0.0,0
2021-07-06,638.0,638.0,615.5,623.5,0,0,0.0,0
2021-07-07,628.0,634.25,618.0,623.5,0,0,0.0,0
2021-07-08,621.0,627.75,616.5,618.75,0,0,0.0,0
2021-07-09,618.0,620.75,609.5,614.25,0,0,0.0,0
2021-07-12,614.5,645.5,610.25,640.25,0,0,0.0,0
2021-07-13,634.5,644.75,630.5,634.75,0,0,0.0,0
2021-07-14,643.5,657.5,632.5,654.75,0,0,0.0,0
2021-07-15,656.5,673.5,651.25,672.0,0,0,0.0,0
2021-07-16,687.25,696.25,670.75,693.5,0,0,0.0,0
2021-07-19,701.75,709.5,694.25,699.75,0,0,0.0,0
2021-07-20,711.5,718.0,698.25,701.5,0,0,0.0,0
2021-07-21,706.75,712.0,700.0,710.75,0,0,0.0,0
2021-07-22,693.5,709.0,681.75,692.0,0,0,0.0,0
2021-07-23,690.5,696.75,677.5,679.0,0,0,0.0,0
2021-07-26,670.5,684.0,665.5,676.5,0,0,0.0,0
2021-07-27,681.75,690.0,671.75,674.0,0,0,0.0,0
2021-07-28,688.0,696.25,673.75,690.5,0,0,0.0,0
2021-07-29,693.75,706.75,689.0,705.0,0,0,0.0,0
2021-07-30,698.5,711.5,695.0,703.25,0,0,0.0,0
2021-08-02,716.75,731.75,704.0,730.5,0,0,0.0,0
2021-08-03,721.5,734.75,717.75,724.5,0,0,0.0,0
2021-08-04,728.25,738.75,714.5,716.5,0,0,0.0,0
2021-08-05,719.75,725.5,709.75,713.0,0,0,0.0,0
2021-08-06,717.0,724.75,709.25,719.75,0,0,0.0,0
2021-08-09,719.0,723.75,708.25,711.25,0,0,0.0,0
2021-08-10,717.0,730.0,708.5,727.5,0,0,0.0,0
2021-08-11,727.25,732.25,718.75,724.25,0,0,0.0,0
2021-08-12,729.25,762.0,723.0,751.0,0,0,0.0,0
2021-08-13,770.0,774.75,747.5,761.75,0,0,0.0,0
2021-08-16,762.5,770.25,757.75,761.0,0,0,0.0,0
2021-08-17,761.75,778.25,745.5,747.5,0,0,0.0,0
2021-08-18,752.5,754.5,735.25,749.5,0,0,0.0,0
2021-08-19,742.75,751.0,730.75,742.25,0,0,0.0,0
2021-08-20,740.0,747.75,723.5,728.5,0,0,0.0,0
2021-08-23,726.25,745.0,724.0,734.25,0,0,0.0,0
2021-08-24,729.0,737.5,724.75,732.25,0,0,0.0,0
2021-08-25,722.0,734.0,718.5,726.5,0,0,0.0,0
2021-08-26,732.75,741.0,723.25,740.5,0,0,0.0,0
2021-08-27,739.25,745.0,731.75,732.25,0,0,0.0,0
2021-08-30,739.0,743.5,722.25,723.0,0,0,0.0,0
2021-08-31,720.0,725.5,707.0,724.0,0,0,0.0,0
2021-09-01,720.0,729.5,709.0,713.5,0,0,0.0,0
2021-09-02,718.25,721.25,705.5,717.0,0,0,0.0,0
2021-09-03,719.75,727.5,712.0,726.5,0,0,0.0,0
2021-09-07,728.5,733.25,714.0,720.0,0,0,0.0,0
2021-09-08,721.5,724.0,707.5,710.0,0,0,0.0,0
2021-09-09,700.25,711.25,691.5,692.5,0,0,0.0,0
2021-09-10,692.25,695.75,677.0,688.0,0,0,0.0,0
2021-09-13,682.25,690.0,679.0,686.5,0,0,0.0,0
2021-09-14,697.75,701.5,685.25,700.0,0,0,0.0,0
2021-09-15,705.0,714.75,695.25,711.75,0,0,0.0,0
2021-09-16,706.75,716.75,705.0,713.0,0,0,0.0,0
2021-09-17,713.25,716.0,706.5,707.0,0,0,0.0,0
2021-09-20,698.0,710.75,695.75,700.0,0,0,0.0,0
2021-09-21,698.75,701.0,686.0,689.5,0,0,0.0,0
2021-09-22,699.0,706.75,688.0,705.75,0,0,0.0,0
2021-09-23,711.0,719.5,704.0,718.75,0,0,0.0,0
2021-09-24,715.75,725.75,711.5,723.0,0,0,0.0,0
2021-09-27,723.5,728.5,720.25,722.5,0,0,0.0,0
2021-09-28,722.0,726.75,706.0,708.5,0,0,0.0,0
2021-09-29,713.0,717.75,708.25,711.0,0,0,0.0,0
2021-09-30,715.0,732.75,701.25,725.5,0,0,0.0,0
2021-10-01,737.0,758.5,722.75,757.75,0,0,0.0,0
2021-10-04,755.25,763.5,748.5,756.25,0,0,0.0,0
2021-10-05,752.75,757.0,743.75,745.0,0,0,0.0,0
2021-10-06,752.0,756.75,742.25,744.25,0,0,0.0,0
2021-10-07,751.0,752.5,739.5,740.75,0,0,0.0,0
2021-10-08,744.25,746.5,731.75,732.75,0,0,0.0,0
2021-10-11,736.25,739.5,731.0,732.0,0,0,0.0,0
2021-10-12,733.5,743.75,718.0,735.25,0,0,0.0,0
2021-10-13,730.0,737.75,712.75,717.5,0,0,0.0,0
2021-10-14,724.5,729.5,718.5,724.25,0,0,0.0,0
2021-10-15,732.0,740.5,722.25,733.5,0,0,0.0,0
2021-10-18,730.0,738.75,728.5,735.75,0,0,0.0,0
2021-10-19,743.75,745.25,735.25,738.25,0,0,0.0,0
2021-10-20,741.0,750.0,736.5,749.5,0,0,0.0,0
2021-10-21,744.75,752.5,738.25,741.75,0,0,0.0,0
2021-10-22,748.75,759.5,743.5,757.75,0,0,0.0,0
2021-10-25,763.0,767.0,753.25,760.25,0,0,0.0,0
2021-10-26,753.0,765.0,747.5,749.75,0,0,0.0,0
2021-10-27,748.75,762.75,745.0,760.5,0,0,0.0,0
2021-10-28,757.5,780.0,751.5,773.5,0,0,0.0,0
2021-10-29,768.5,780.0,763.5,772.75,0,0,0.0,0
2021-11-01,781.25,800.5,768.25,798.25,0,0,0.0,0
2021-11-02,803.25,807.0,789.75,790.0,0,0,0.0,0
2021-11-03,789.0,796.75,777.5,780.75,0,0,0.0,0
2021-11-04,784.5,794.25,772.25,774.25,0,0,0.0,0
2021-11-05,774.5,781.5,765.5,767.0,0,0,0.0,0
2021-11-08,766.0,773.0,762.5,767.75,0,0,0.0,0
2021-11-09,772.0,783.25,764.5,781.75,0,0,0.0,0
2021-11-10,783.0,803.75,778.0,802.5,0,0,0.0,0
2021-11-11,803.5,824.75,798.25,813.25,0,0,0.0,0
2021-11-12,810.5,826.75,805.5,816.75,0,0,0.0,0
2021-11-15,818.0,829.5,813.25,827.0,0,0,0.0,0
2021-11-16,818.75,827.5,810.0,810.75,0,0,0.0,0
2021-11-17,815.5,835.0,810.5,823.75,0,0,0.0,0
2021-11-18,847.5,854.0,830.0,831.5,0,0,0.0,0
2021-11-19,829.75,841.25,823.75,834.75,0,0,0.0,0
2021-11-22,852.0,859.5,836.75,858.25,0,0,0.0,0
2021-11-23,854.0,868.25,849.5,867.5,0,0,0.0,0
2021-11-24,865.0,874.75,847.0,852.0,0,0,0.0,0
2021-11-26,833.0,845.25,823.25,844.5,0,0,0.0,0
2021-11-29,841.0,855.25,818.75,822.0,0,0,0.0,0
2021-11-30,806.5,824.25,782.5,789.25,0,0,0.0,0
2021-12-01,793.75,799.0,785.5,789.25,0,0,0.0,0
2021-12-02,808.0,820.5,789.5,816.5,0,0,0.0,0
2021-12-03,812.0,822.75,796.5,805.25,0,0,0.0,0
2021-12-06,800.0,812.0,789.5,807.25,0,0,0.0,0
2021-12-07,802.0,813.5,797.5,809.5,0,0,0.0,0
2021-12-08,802.5,812.0,790.75,794.75,0,0,0.0,0
2021-12-09,781.5,796.5,770.5,777.75,0,0,0.0,0
2021-12-10,787.0,788.0,768.0,783.75,0,0,0.0,0
2021-12-13,780.0,794.0,776.0,788.5,0,0,0.0,0
2021-12-14,784.25,792.25,777.5,786.25,0,0,0.0,0
2021-12-15,778.0,787.0,751.0,755.75,0,0,0.0,0
2021-12-16,756.0,773.0,751.25,768.5,0,0,0.0,0
2021-12-17,772.0,780.25,765.25,774.75,0,0,0.0,0
2021-12-20,764.0,778.75,757.75,777.5,0,0,0.0,0
2021-12-21,777.75,799.75,772.5,796.75,0,0,0.0,0
2021-12-22,805.0,817.0,792.0,813.5,0,0,0.0,0
2021-12-23,809.75,820.5,808.25,815.25,0,0,0.0,0
2021-12-27,819.25,824.0,802.5,805.0,0,0,0.0,0
2021-12-28,792.0,808.0,781.75,784.0,0,0,0.0,0
2021-12-29,779.25,793.0,774.0,789.25,0,0,0.0,0
2021-12-30,786.0,791.75,776.0,780.25,0,0,0.0,0
2021-12-31,776.75,787.75,769.5,770.25,0,0,0.0,0
2022-01-03,773.75,782.25,752.75,758.0,0,0,0.0,0
2022-01-04,763.5,771.5,756.25,768.75,0,0,0.0,0
2022-01-05,762.5,771.5,756.0,760.25,0,0,0.0,0
2022-01-06,755.0,762.0,736.0,746.5,0,0,0.0,0
2022-01-07,740.0,760.75,735.5,760.25,0,0,0.0,0
2022-01-10,753.75,767.5,748.0,761.0,0,0,0.0,0
2022-01-11,765.5,770.5,758.25,768.5,0,0,0.0,0
2022-01-12,765.5,770.0,753.5,757.0,0,0,0.0,0
2022-01-13,753.5,757.75,741.0,745.5,0,0,0.0,0
2022-01-14,742.0,747.25,737.0,742.25,0,0,0.0,0
2022-01-18,748.25,771.5,741.25,769.75,0,0,0.0,0
2022-01-19,776.75,797.25,769.5,795.0,0,0,0.0,0
2022-01-20,792.75,802.75,783.75,789.25,0,0,0.0,0
2022-01-21,784.25,791.0,778.0,778.5,0,0,0.0,0
2022-01-24,781.5,802.5,775.75,801.25,0,0,0.0,0
2022-01-25,810.75,831.5,800.5,816.25,0,0,0.0,0
2022-01-26,803.0,817.5,787.0,792.5,0,0,0.0,0
2022-01-27,783.5,795.5,774.0,776.25,0,0,0.0,0
2022-01-28,781.5,793.5,774.75,787.25,0,0,0.0,0
2022-01-31,787.75,798.5,756.75,761.0,0,0,0.0,0
2022-02-01,766.75,776.75,760.5,769.5,0,0,0.0,0
2022-02-02,775.25,778.5,749.25,755.25,0,0,0.0,0
2022-02-03,744.0,756.5,740.0,753.0,0,0,0.0,0
2022-02-04,754.0,767.25,748.25,765.0,0,0,0.0,0
2022-02-07,771.0,776.5,760.0,770.0,0,0,0.0,0
2022-02-08,763.25,782.0,754.0,779.25,0,0,0.0,0
2022-02-09,773.75,788.25,770.5,784.5,0,0,0.0,0
2022-02-10,791.5,801.75,765.75,771.25,0,0,0.0,0
2022-02-11,780.25,806.25,764.75,798.5,0,0,0.0,0
2022-02-14,801.5,813.5,780.75,800.5,0,0,0.0,0
2022-02-15,801.25,801.75,773.0,777.75,0,0,0.0,0
2022-02-16,785.0,793.0,779.5,784.5,0,0,0.0,0
2022-02-17,786.0,805.5,781.5,803.5,0,0,0.0,0
2022-02-18,804.25,818.75,797.0,800.25,0,0,0.0,0
2022-02-22,823.75,854.0,810.75,848.5,0,0,0.0,0
2022-02-23,856.0,888.75,842.75,883.0,0,0,0.0,0
2022-02-24,891.5,934.75,885.5,932.25,0,0,0.0,0
2022-02-25,891.5,960.75,859.75,859.5,0,0,0.0,0
2022-02-28,905.25,934.75,885.5,934.75,0,0,0.0,0
2022-03-01,934.5,984.0,932.25,984.0,0,0,0.0,0
2022-03-02,978.0,1042.0,954.75,1042.0,0,0,0.0,0
2022-03-03,1133.5,1134.0,1070.0,1134.0,0,0,0.0,0
2022-03-04,1191.25,1191.25,1108.5,1170.25,0,0,0.0,0
2022-03-07,1230.0,1260.25,1190.25,1253.75,0,0,0.0,0
2022-03-08,1363.5,1363.5,1164.0,1280.5,0,0,0.0,0
2022-03-09,1284.5,1285.0,1201.5,1201.0,0,0,0.0,0
2022-03-10,1151.0,1221.25,1080.0,1081.5,0,0,0.0,0
2022-03-11,1082.0,1126.25,1043.25,1105.5,0,0,0.0,0
2022-03-14,1126.25,1148.75,1064.0,1092.0,0,0,0.0,0
2022-03-15,1106.0,1160.75,1088.25,1156.75,0,0,0.0,0
2022-03-16,1157.25,1159.5,1069.25,1069.0,0,0,0.0,0
2022-03-17,1051.0,1108.25,1031.75,1091.5,0,0,0.0,0
2022-03-18,1095.0,1106.0,1055.75,1060.0,0,0,0.0,0
2022-03-21,1075.0,1148.75,1061.75,1116.5,0,0,0.0,0
2022-03-22,1119.25,1169.25,1102.25,1120.0,0,0,0.0,0
2022-03-23,1119.25,1139.0,1101.0,1104.25,0,0,0.0,0
2022-03-24,1105.75,1115.0,1080.5,1085.75,0,0,0.0,0
2022-03-25,1089.5,1109.0,1064.75,1100.0,0,0,0.0,0
2022-03-28,1092.75,1096.0,1047.0,1050.25,0,0,0.0,0
2022-03-29,1047.0,1068.25,972.0,1012.25,0,0,0.0,0
2022-03-30,1010.5,1037.5,996.0,1026.0,0,0,0.0,0
2022-03-31,1030.25,1075.0,1003.5,1006.75,0,0,0.0,0
2022-04-01,1007.25,1032.75,982.5,983.0,0,0,0.0,0
2022-04-04,986.5,1014.5,985.0,1011.0,0,0,0.0,0
2022-04-05,1021.0,1072.25,1020.0,1049.0,0,0,0.0,0
2022-04-06,1048.0,1056.5,1024.75,1042.25,0,0,0.0,0
2022-04-07,1043.25,1047.5,1023.25,1025.75,0,0,0.0,0
2022-04-08,1025.5,1060.0,1022.25,1056.0,0,0,0.0,0
2022-04-11,1063.0,1096.5,1061.25,1088.5,0,0,0.0,0
2022-04-12,1085.5,1125.0,1082.25,1110.75,0,0,0.0,0
2022-04-13,1111.75,1131.75,1086.75,1121.25,0,0,0.0,0
2022-04-14,1120.0,1135.25,1102.5,1103.75,0,0,0.0,0
2022-04-18,1111.0,1143.0,1109.25,1128.0,0,0,0.0,0
2022-04-19,1130.5,1143.5,1105.75,1105.75,0,0,0.0,0
2022-04-20,1107.0,1118.5,1075.0,1102.0,0,0,0.0,0
2022-04-21,1103.0,1103.0,1061.75,1076.0,0,0,0.0,0
2022-04-22,1077.25,1085.5,1060.75,1073.5,0,0,0.0,0
2022-04-25,1081.75,1089.5,1055.75,1072.0,0,0,0.0,0
2022-04-26,1081.0,1107.0,1077.0,1095.0,0,0,0.0,0
2022-04-27,1092.5,1097.5,1078.25,1090.75,0,0,0.0,0
2022-04-28,1088.0,1106.5,1081.0,1083.75,0,0,0.0,0
2022-04-29,1085.0,1102.5,1054.25,1054.75,0,0,0.0,0
2022-05-02,1049.0,1071.5,1034.25,1053.0,0,0,0.0,0
2022-05-03,1056.25,1068.75,1044.0,1046.5,0,0,0.0,0
2022-05-04,1047.0,1089.0,1042.25,1075.5,0,0,0.0,0
2022-05-05,1079.0,1121.75,1077.25,1103.0,0,0,0.0,0
2022-05-06,1102.0,1127.5,1087.75,1108.75,0,0,0.0,0
2022-05-09,1120.75,1135.0,1090.0,1090.25,0,0,0.0,0
2022-05-10,1090.25,1107.0,1083.0,1095.25,0,0,0.0,0
2022-05-11,1094.75,1126.5,1094.25,1114.0,0,0,0.0,0
2022-05-12,1113.0,1183.0,1102.75,1169.5,0,0,0.0,0
2022-05-13,1172.75,1198.5,1158.5,1180.0,0,0,0.0,0
2022-05-16,1234.25,1247.5,1222.25,1247.5,0,0,0.0,0
2022-05-17,1268.0,1284.0,1200.75,1279.5,0,0,0.0,0
2022-05-18,1278.5,1280.0,1211.5,1229.75,0,0,0.0,0
2022-05-19,1222.0,1247.75,1193.5,1202.25,0,0,0.0,0
2022-05-20,1208.0,1208.0,1168.0,1169.5,0,0,0.0,0
2022-05-23,1181.75,1196.75,1174.75,1193.0,0,0,0.0,0
2022-05-24,1196.0,1208.75,1138.0,1154.5,0,0,0.0,0
2022-05-25,1154.5,1158.5,1114.5,1149.25,0,0,0.0,0
2022-05-26,1133.0,1160.25,1115.0,1142.0,0,0,0.0,0
2022-05-27,1143.25,1170.25,1133.5,1157.0,0,0,0.0,0
2022-05-31,1157.0,1157.25,1087.5,1087.75,0,0,0.0,0
2022-06-01,1091.0,1098.0,1027.25,1040.75,0,0,0.0,0
2022-06-02,1043.25,1075.0,1037.25,1061.5,0,0,0.0,0
2022-06-03,1061.5,1069.25,1036.25,1040.75,0,0,0.0,0
2022-06-06,1060.0,1108.75,1060.0,1097.0,0,0,0.0,0
2022-06-07,1093.0,1101.0,1058.5,1074.0,0,0,0.0,0
2022-06-08,1073.0,1089.0,1061.75,1075.0,0,0,0.0,0
2022-06-09,1076.25,1082.0,1044.25,1072.5,0,0,0.0,0
2022-06-10,1074.5,1081.25,1053.0,1072.25,0,0,0.0,0
2022-06-13,1073.0,1093.5,1053.5,1065.0,0,0,0.0,0
2022-06-14,1071.0,1072.75,1046.5,1049.5,0,0,0.0,0
2022-06-15,1055.0,1058.75,1036.5,1049.5,0,0,0.0,0
2022-06-16,1050.25,1084.75,1047.0,1079.5,0,0,0.0,0
2022-06-17,1078.25,1083.75,1030.25,1032.5,0,0,0.0,0
2022-06-21,1046.0,1046.0,985.5,987.0,0,0,0.0,0
2022-06-22,990.0,1018.5,972.25,985.25,0,0,0.0,0
2022-06-23,985.0,987.0,946.5,950.5,0,0,0.0,0
2022-06-24,945.75,973.0,934.25,936.0,0,0,0.0,0
2022-06-27,933.25,952.25,913.5,917.75,0,0,0.0,0
2022-06-28,923.5,949.75,921.0,933.25,0,0,0.0,0
2022-06-29,936.0,956.0,929.0,931.5,0,0,0.0,0
2022-06-30,930.0,939.5,881.0,890.0,0,0,0.0,0
2022-07-01,890.0,896.25,840.5,840.5,0,0,0.0,0
2022-07-05,842.25,842.5,804.5,804.75,0,0,0.0,0
2022-07-06,807.0,838.5,785.25,806.0,0,0,0.0,0
2022-07-07,807.75,846.0,807.75,838.0,0,0,0.0,0
2022-07-08,838.25,894.75,838.25,893.25,0,0,0.0,0
2022-07-11,928.75,940.25,853.75,855.0,0,0,0.0,0
2022-07-12,855.25,869.5,810.0,811.25,0,0,0.0,0
2022-07-13,813.5,840.5,806.75,813.75,0,0,0.0,0
2022-07-14,812.75,829.5,792.0,795.0,0,0,0.0,0
2022-07-15,798.0,804.75,765.75,779.75,0,0,0.0,0
2022-07-18,787.25,825.0,778.5,807.5,0,0,0.0,0
2022-07-19,808.5,822.25,792.5,811.5,0,0,0.0,0
2022-07-20,810.25,843.5,801.0,823.0,0,0,0.0,0
2022-07-21,819.5,834.0,795.5,808.75,0,0,0.0,0
2022-07-22,803.25,807.25,754.0,755.5,0,0,0.0,0
2022-07-25,787.0,793.5,760.5,769.25,0,0,0.0,0
2022-07-26,773.0,806.0,772.25,804.75,0,0,0.0,0
2022-07-27,802.5,818.75,782.0,789.5,0,0,0.0,0
2022-07-28,786.25,824.25,786.25,816.5,0,0,0.0,0
2022-07-29,817.0,845.75,801.0,811.75,0,0,0.0,0
2022-08-01,812.75,820.25,781.25,798.75,0,0,0.0,0
2022-08-02,795.0,795.75,772.75,774.0,0,0,0.0,0
2022-08-03,774.0,790.25,752.0,765.75,0,0,0.0,0
2022-08-04,768.0,789.5,758.25,781.5,0,0,0.0,0
2022-08-05,782.0,796.75,769.75,776.0,0,0,0.0,0
2022-08-08,776.5,793.75,760.75,781.5,0,0,0.0,0
2022-08-09,785.75,801.25,772.75,781.5,0,0,0.0,0
2022-08-10,781.5,808.5,780.25,803.25,0,0,0.0,0
2022-08-11,800.0,820.75,794.5,811.0,0,0,0.0,0
2022-08-12,811.25,811.25,782.25,803.75,0,0,0.0,0
2022-08-15,819.25,821.0,795.25,815.5,0,0,0.0,0
2022-08-16,815.0,827.25,798.75,802.25,0,0,0.0,0
2022-08-17,802.75,813.75,777.0,780.25,0,0,0.0,0
2022-08-18,781.75,783.5,743.25,748.0,0,0,0.0,0
2022-08-19,751.0,773.75,745.25,771.75,0,0,0.0,0
2022-08-22,771.25,791.75,762.5,786.25,0,0,0.0,0
2022-08-23,787.5,819.75,785.0,800.25,0,0,0.0,0
2022-08-24,800.5,817.75,792.25,813.5,0,0,0.0,0
2022-08-25,813.25,821.5,785.75,786.25,0,0,0.0,0
2022-08-26,784.0,812.5,783.25,810.5,0,0,0.0,0
2022-08-29,806.0,849.0,794.25,842.0,0,0,0.0,0
2022-08-30,840.25,846.25,816.5,819.75,0,0,0.0,0
2022-08-31,820.0,839.25,806.25,832.25,0,0,0.0,0
2022-09-01,828.25,835.0,791.25,796.25,0,0,0.0,0
2022-09-02,797.75,819.5,796.25,809.0,0,0,0.0,0
2022-09-06,814.75,825.0,801.25,819.5,0,0,0.0,0
2022-09-07,816.75,873.5,809.25,841.25,0,0,0.0,0
2022-09-08,837.0,857.25,818.0,831.75,0,0,0.0,0
2022-09-09,829.0,872.5,826.0,871.0,0,0,0.0,0
2022-09-12,864.75,878.0,848.5,858.0,0,0,0.0,0
2022-09-13,858.0,876.25,850.5,859.5,0,0,0.0,0
2022-09-14,862.5,874.75,849.25,872.5,0,0,0.0,0
2022-09-15,868.0,884.75,843.25,844.0,0,0,0.0,0
2022-09-16,839.75,866.5,830.75,858.5,0,0,0.0,0
2022-09-19,836.25,861.25,819.25,828.25,0,0,0.0,0
2022-09-20,844.0,896.75,825.5,890.25,0,0,0.0,0
2022-09-21,886.5,919.5,873.0,901.0,0,0,0.0,0
2022-09-22,893.5,922.5,891.0,908.25,0,0,0.0,0
2022-09-23,892.0,913.0,876.0,876.25,0,0,0.0,0
2022-09-26,877.0,890.75,854.25,857.5,0,0,0.0,0
2022-09-27,857.5,894.5,857.0,870.5,0,0,0.0,0
2022-09-28,874.25,905.0,862.0,903.25,0,0,0.0,0
2022-09-29,902.5,914.5,887.75,895.25,0,0,0.0,0
2022-09-30,899.75,945.75,892.75,922.0,0,0,0.0,0
2022-10-03,930.0,938.75,908.5,911.0,0,0,0.0,0
2022-10-04,916.25,927.0,897.5,904.25,0,0,0.0,0
2022-10-05,903.25,919.75,894.25,904.25,0,0,0.0,0
2022-10-06,905.75,907.75,873.25,883.0,0,0,0.0,0
2022-10-07,883.25,896.75,872.5,883.0,0,0,0.0,0
2022-10-10,895.25,949.75,891.5,933.75,0,0,0.0,0
2022-10-11,934.0,936.75,898.0,901.0,0,0,0.0,0
2022-10-12,902.0,903.75,876.25,883.5,0,0,0.0,0
2022-10-13,883.75,906.25,863.0,891.0,0,0,0.0,0
2022-10-14,894.25,898.75,857.25,860.5,0,0,0.0,0
2022-10-17,860.0,877.75,855.25,858.75,0,0,0.0,0
2022-10-18,862.0,866.0,832.75,850.5,0,0,0.0,0
2022-10-19,847.0,862.75,835.5,841.25,0,0,0.0,0
2022-10-20,844.5,855.75,836.75,850.0,0,0,0.0,0
2022-10-21,850.25,863.0,833.0,847.75,0,0,0.0,0
2022-10-24,853.75,856.5,833.5,838.0,0,0,0.0,0
2022-10-25,840.0,844.75,826.75,832.75,0,0,0.0,0
2022-10-26,836.25,846.5,824.0,842.25,0,0,0.0,0
2022-10-27,843.5,858.0,833.5,838.5,0,0,0.0,0
2022-10-28,839.75,840.25,822.5,830.0,0,0,0.0,0
2022-10-31,830.0,893.25,853.75,878.25,0,0,0.0,0
2022-11-01,878.5,904.0,867.75,898.25,0,0,0.0,0
2022-11-02,898.5,901.75,837.75,845.0,0,0,0.0,0
2022-11-03,844.75,849.0,827.75,839.5,0,0,0.0,0
2022-11-04,842.0,855.5,834.0,847.25,0,0,0.0,0
2022-11-07,851.0,863.75,834.0,847.5,0,0,0.0,0
2022-11-08,847.75,855.0,824.75,828.25,0,0,0.0,0
2022-11-09,829.25,834.0,805.25,805.5,0,0,0.0,0
2022-11-10,806.75,815.75,795.5,802.25,0,0,0.0,0
2022-11-11,804.25,819.5,799.5,813.0,0,0,0.0,0
2022-11-14,813.0,828.75,804.75,818.25,0,0,0.0,0
2022-11-15,818.5,843.0,799.25,827.25,0,0,0.0,0
2022-11-16,829.5,829.75,801.5,815.75,0,0,0.0,0
2022-11-17,818.25,818.25,793.75,806.0,0,0,0.0,0
2022-11-18,825.0,834.0,818.75,820.25,0,0,0.0,0
2022-11-21,824.0,827.0,804.5,817.5,0,0,0.0,0
2022-11-22,816.5,825.0,809.0,811.5,0,0,0.0,0
2022-11-23,811.75,817.0,800.25,813.0,0,0,0.0,0
2022-11-25,809.75,820.25,792.5,792.25,0,0,0.0,0
2022-11-28,793.25,796.25,773.25,780.25,0,0,0.0,0
2022-11-29,780.25,792.0,777.5,782.5,0,0,0.0,0
2022-11-30,784.0,799.25,781.5,794.5,0,0,0.0,0
2022-12-01,795.25,797.25,780.5,781.5,0,0,0.0,0
2022-12-02,782.0,783.0,755.75,760.0,0,0,0.0,0
2022-12-05,763.25,768.0,734.0,739.75,0,0,0.0,0
2022-12-06,739.0,743.5,723.5,730.5,0,0,0.0,0
2022-12-07,732.25,756.25,726.25,749.25,0,0,0.0,0
2022-12-08,749.5,755.5,737.5,747.5,0,0,0.0,0
2022-12-09,749.75,752.5,730.75,732.75,0,0,0.0,0
2022-12-12,741.75,760.0,738.25,754.75,0,0,0.0,0
2022-12-13,756.5,769.25,749.75,749.75,0,0,0.0,0
2022-12-14,750.0,751.75,737.75,749.5,0,0,0.0,0
2022-12-15,749.75,767.0,745.0,757.75,0,0,0.0,0
2022-12-16,758.25,764.25,750.75,757.25,0,0,0.0,0
2022-12-19,755.0,759.75,738.75,748.5,0,0,0.0,0
2022-12-20,747.25,761.5,744.75,749.75,0,0,0.0,0
2022-12-21,750.0,774.5,748.75,767.25,0,0,0.0,0
2022-12-22,766.75,777.0,758.0,761.0,0,0,0.0,0
2022-12-23,762.0,778.0,758.0,772.75,0,0,0.0,0
2022-12-27,781.25,784.5,769.0,776.75,0,0,0.0,0
2022-12-28,774.5,787.5,770.75,785.5,0,0,0.0,0
2022-12-29,785.0,786.5,765.5,774.5,0,0,0.0,0
2022-12-30,775.5,799.0,771.5,791.0,0,0,0.0,0
2023-01-03,786.0,794.5,769.75,779.5,0,0,0.0,0
2023-01-04,780.5,780.5,744.25,745.75,0,0,0.0,0
2023-01-05,746.0,752.0,736.0,746.5,0,0,0.0,0
2023-01-06,748.5,756.75,742.5,742.75,0,0,0.0,0
2023-01-09,748.0,758.0,740.25,741.25,0,0,0.0,0
2023-01-10,741.25,742.5,720.5,728.5,0,0,0.0,0
2023-01-11,730.25,742.25,724.5,738.75,0,0,0.0,0
2023-01-12,739.0,747.25,723.0,743.75,0,0,0.0,0
2023-01-13,743.5,748.5,737.25,743.0,0,0,0.0,0
2023-01-17,742.5,755.75,728.75,748.25,0,0,0.0,0
2023-01-18,749.0,760.25,740.25,741.0,0,0,0.0,0
2023-01-19,741.75,748.75,733.5,733.5,0,0,0.0,0
2023-01-20,735.0,743.0,727.75,742.5,0,0,0.0,0
2023-01-23,738.0,740.5,712.5,721.5,0,0,0.0,0
2023-01-24,720.5,739.0,719.75,733.25,0,0,0.0,0
2023-01-25,735.0,746.5,734.75,739.5,0,0,0.0,0
2023-01-26,741.0,758.0,738.0,751.75,0,0,0.0,0
2023-01-27,752.25,753.25,744.25,748.75,0,0,0.0,0
2023-01-30,753.0,762.5,743.5,752.0,0,0,0.0,0
2023-01-31,752.5,766.75,742.0,761.25,0,0,0.0,0
2023-02-01,760.75,762.5,744.5,758.0,0,0,0.0,0
2023-02-02,757.5,770.75,750.5,759.5,0,0,0.0,0
2023-02-03,759.75,776.5,750.75,756.75,0,0,0.0,0
2023-02-06,758.0,766.5,745.5,749.25,0,0,0.0,0
2023-02-07,750.0,757.0,744.25,750.0,0,0,0.0,0
2023-02-08,750.0,766.0,747.75,764.75,0,0,0.0,0
2023-02-09,764.75,770.5,754.75,755.25,0,0,0.0,0
2023-02-10,755.0,790.0,755.0,788.75,0,0,0.0,0
2023-02-13,789.0,796.0,776.0,790.0,0,0,0.0,0
2023-02-14,790.0,797.5,783.5,784.25,0,0,0.0,0
2023-02-15,796.75,798.0,778.25,779.25,0,0,0.0,0
2023-02-16,778.5,782.75,773.25,776.25,0,0,0.0,0
2023-02-17,776.75,781.75,771.25,775.5,0,0,0.0,0
2023-02-21,777.0,784.5,761.75,762.75,0,0,0.0,0
2023-02-22,763.5,766.75,746.75,750.0,0,0,0.0,0
2023-02-23,748.5,758.75,747.25,751.5,0,0,0.0,0
2023-02-24,752.25,753.5,717.0,719.0,0,0,0.0,0
2023-02-27,721.75,724.0,705.75,709.5,0,0,0.0,0
2023-02-28,710.0,715.0,702.5,706.25,0,0,0.0,0
2023-03-01,708.0,714.5,701.75,711.5,0,0,0.0,0
2023-03-02,713.0,721.75,708.5,712.0,0,0,0.0,0
2023-03-03,714.75,715.5,706.25,708.5,0,0,0.0,0
2023-03-06,711.0,711.0,693.75,695.75,0,0,0.0,0
2023-03-07,696.5,703.5,689.5,696.5,0,0,0.0,0
2023-03-08,698.0,699.5,684.25,687.25,0,0,0.0,0
2023-03-09,689.0,691.5,664.25,665.25,0,0,0.0,0
2023-03-10,665.75,683.5,661.0,682.75,0,0,0.0,0
2023-03-13,682.0,696.0,667.25,683.75,0,0,0.0,0
2023-03-14,683.0,699.75,677.5,695.5,0,0,0.0,0
2023-03-15,697.25,706.0,692.75,701.25,0,0,0.0,0
2023-03-16,704.0,704.0,691.5,697.5,0,0,0.0,0
2023-03-17,697.25,712.5,697.25,709.25,0,0,0.0,0
2023-03-20,708.5,708.5,695.25,699.0,0,0,0.0,0
2023-03-21,700.0,705.5,680.25,680.25,0,0,0.0,0
2023-03-22,682.5,684.0,654.0,662.75,0,0,0.0,0
2023-03-23,663.0,675.5,657.25,658.25,0,0,0.0,0
2023-03-24,660.25,700.5,656.25,689.75,0,0,0.0,0
2023-03-27,691.0,706.5,680.25,697.25,0,0,0.0,0
2023-03-28,698.5,704.75,691.5,699.0,0,0,0.0,0
2023-03-29,698.25,724.0,696.5,704.75,0,0,0.0,0
2023-03-30,705.25,710.0,690.25,690.75,0,0,0.0,0
2023-03-31,692.5,701.25,681.0,691.5,0,0,0.0,0
2023-04-03,697.0,710.0,691.5,695.5,0,0,0.0,0
2023-04-04,697.0,701.5,688.0,691.5,0,0,0.0,0
2023-04-05,693.0,693.25,675.0,680.0,0,0,0.0,0
2023-04-06,682.25,685.0,671.25,675.25,0,0,0.0,0
2023-04-10,684.5,687.5,668.25,679.75,0,0,0.0,0
2023-04-11,680.25,686.0,666.25,673.25,0,0,0.0,0
2023-04-12,673.0,683.75,673.0,678.5,0,0,0.0,0
2023-04-13,680.75,680.75,664.5,667.0,0,0,0.0,0
2023-04-14,668.75,685.25,661.25,684.75,0,0,0.0,0
2023-04-17,695.0,707.75,685.25,705.75,0,0,0.0,0
2023-04-18,704.25,717.25,700.5,708.75,0,0,0.0,0
2023-04-19,709.25,710.0,692.0,692.25,0,0,0.0,0
2023-04-20,695.0,696.0,678.25,680.25,0,0,0.0,0
2023-04-21,681.25,685.75,669.0,673.25,0,0,0.0,0
2023-04-24,679.0,682.0,656.75,657.5,0,0,0.0,0
2023-04-25,657.0,660.5,642.5,653.25,0,0,0.0,0
2023-04-26,653.75,657.75,641.0,641.5,0,0,0.0,0
2023-04-27,643.75,645.5,625.5,630.25,0,0,0.0,0
2023-04-28,630.5,639.0,624.25,633.0,0,0,0.0,0
2023-05-01,633.5,635.25,613.75,618.0,0,0,0.0,0
2023-05-02,620.0,626.5,607.5,610.25,0,0,0.0,0
2023-05-03,609.25,642.25,603.75,641.0,0,0,0.0,0
2023-05-04,642.0,650.75,629.25,644.25,0,0,0.0,0
2023-05-05,646.0,663.5,643.75,658.75,0,0,0.0,0
2023-05-08,662.0,669.0,652.25,652.25,0,0,0.0,0
2023-05-09,653.25,653.75,633.0,644.0,0,0,0.0,0
2023-05-10,643.75,647.75,629.75,640.0,0,0,0.0,0
2023-05-11,640.0,640.75,625.5,627.25,0,0,0.0,0
2023-05-12,628.0,654.0,626.0,634.75,0,0,0.0,0
2023-05-15,635.0,663.75,632.5,662.5,0,0,0.0,0
2023-05-16,661.75,664.25,640.0,647.0,0,0,0.0,0
2023-05-17,646.75,654.25,616.0,623.25,0,0,0.0,0
2023-05-18,626.25,626.5,605.5,610.75,0,0,0.0,0
2023-05-19,611.0,620.75,602.0,604.75,0,0,0.0,0
2023-05-22,607.75,613.75,596.25,605.5,0,0,0.0,0
2023-05-23,607.5,624.75,594.25,622.5,0,0,0.0,0
2023-05-24,621.0,624.5,602.25,605.0,0,0,0.0,0
2023-05-25,607.0,616.5,599.0,605.75,0,0,0.0,0
2023-05-26,606.0,618.5,602.5,617.25,0,0,0.0,0
2023-05-30,616.75,616.75,588.75,590.0,0,0,0.0,0
2023-05-31,591.5,595.0,573.25,593.5,0,0,0.0,0
2023-06-01,594.25,617.5,593.0,611.0,0,0,0.0,0
2023-06-02,610.25,622.5,602.25,620.0,0,0,0.0,0
2023-06-05,621.5,631.5,615.5,624.5,0,0,0.0,0
2023-06-06,624.25,648.0,621.25,627.25,0,0,0.0,0
2023-06-07,626.5,635.5,613.25,615.75,0,0,0.0,0
2023-06-08,616.0,629.0,611.25,625.75,0,0,0.0,0
2023-06-09,624.5,632.25,618.5,630.75,0,0,0.0,0
2023-06-12,629.75,638.75,622.25,634.5,0,0,0.0,0
2023-06-13,634.5,649.25,626.75,635.5,0,0,0.0,0
2023-06-14,638.0,639.0,625.0,630.25,0,0,0.0,0
2023-06-15,629.0,665.25,628.25,662.0,0,0,0.0,0
2023-06-16,659.75,697.0,656.0,686.5,0,0,0.0,0
2023-06-20,687.0,700.0,676.25,695.25,0,0,0.0,0
2023-06-21,713.0,748.75,712.75,748.0,0,0,0.0,0
2023-06-22,742.5,760.75,739.0,753.0,0,0,0.0,0
2023-06-23,750.5,751.25,732.75,742.75,0,0,0.0,0
2023-06-26,747.5,770.25,733.0,736.0,0,0,0.0,0
2023-06-27,739.0,742.0,695.5,697.5,0,0,0.0,0
2023-06-28,698.5,706.25,667.5,668.5,0,0,0.0,0
2023-06-29,669.75,678.0,664.5,668.25,0,0,0.0,0
2023-06-30,669.25,680.75,646.0,646.0,0,0,0.0,0
2023-07-03,649.0,655.75,638.0,639.25,0,0,0.0,0
2023-07-05,649.75,680.0,646.25,673.5,0,0,0.0,0
2023-07-06,673.75,674.0,651.75,656.5,0,0,0.0,0
2023-07-07,656.75,662.0,643.75,651.25,0,0,0.0,0
2023-07-10,649.5,660.0,642.25,645.75,0,0,0.0,0
2023-07-11,645.25,665.25,644.0,659.5,0,0,0.0,0
2023-07-12,658.0,662.5,632.0,633.25,0,0,0.0,0
2023-07-13,633.5,644.75,622.0,639.75,0,0,0.0,0
2023-07-14,639.5,663.25,637.75,660.0,0,0,0.0,0
2023-07-17,666.0,689.25,651.0,653.25,0,0,0.0,0
2023-07-18,649.25,675.0,642.25,669.0,0,0,0.0,0
2023-07-19,669.0,730.75,664.0,725.5,0,0,0.0,0
2023-07-20,725.0,750.75,711.25,727.5,0,0,0.0,0
2023-07-21,724.75,733.25,693.5,696.0,0,0,0.0,0
2023-07-24,702.0,757.5,698.75,757.5,0,0,0.0,0
2023-07-25,754.25,777.25,736.5,761.0,0,0,0.0,0
2023-07-26,757.0,757.5,709.0,719.75,0,0,0.0,0
2023-07-27,723.25,740.0,711.75,712.75,0,0,0.0,0
2023-07-28,714.75,720.25,689.0,703.25,0,0,0.0,0
2023-07-31,702.5,703.0,660.25,666.25,0,0,0.0,0
2023-08-01,670.0,675.0,643.25,652.75,0,0,0.0,0
2023-08-02,654.5,684.0,636.0,640.0,0,0,0.0,0
2023-08-03,639.25,648.25,626.25,627.75,0,0,0.0,0
2023-08-04,627.75,653.75,627.25,635.0,0,0,0.0,0
2023-08-07,646.0,663.75,636.0,657.25,0,0,0.0,0
2023-08-08,657.5,662.25,643.0,654.75,0,0,0.0,0
2023-08-09,655.5,658.25,633.5,635.75,0,0,0.0,0
2023-08-10,637.25,644.0,635.0,637.75,0,0,0.0,0
2023-08-11,638.0,639.75,624.25,626.25,0,0,0.0,0
2023-08-14,632.75,635.0,605.25,613.75,0,0,0.0,0
2023-08-15,644.5,644.5,621.75,622.75,0,0,0.0,0
2023-08-16,624.5,633.0,617.25,623.75,0,0,0.0,0
2023-08-17,625.0,626.25,612.0,615.25,0,0,0.0,0
2023-08-18,615.25,641.25,615.25,639.75,0,0,0.0,0
2023-08-21,632.75,646.25,622.75,624.75,0,0,0.0,0
2023-08-22,625.0,637.0,621.25,627.75,0,0,0.0,0
2023-08-23,629.0,643.5,624.25,639.5,0,0,0.0,0
2023-08-24,642.25,642.5,626.5,632.75,0,0,0.0,0
2023-08-25,632.25,637.75,615.5,620.0,0,0,0.0,0
2023-08-28,622.0,628.5,612.5,616.75,0,0,0.0,0
2023-08-29,616.5,618.25,599.5,600.25,0,0,0.0,0
2023-08-30,602.75,610.75,599.5,605.25,0,0,0.0,0
2023-08-31,605.0,615.75,593.5,601.0,0,0,0.0,0
2023-09-01,602.0,612.75,595.25,595.5,0,0,0.0,0
2023-09-05,598.75,605.75,592.25,600.0,0,0,0.0,0
2023-09-06,601.25,615.5,599.0,609.25,0,0,0.0,0
2023-09-07,609.0,613.75,598.0,598.5,0,0,0.0,0
2023-09-08,600.0,602.75,590.5,595.25,0,0,0.0,0
2023-09-11,597.0,597.5,580.25,584.0,0,0,0.0,0
2023-09-12,584.25,591.0,570.0,587.0,0,0,0.0,0
2023-09-13,587.5,601.5,584.75,595.25,0,0,0.0,0
2023-09-14,595.5,597.75,583.5,592.25,0,0,0.0,0
2023-09-15,594.25,607.5,591.75,603.75,0,0,0.0,0
2023-09-18,604.0,604.25,587.0,589.0,0,0,0.0,0
2023-09-19,588.0,592.75,581.0,583.5,0,0,0.0,0
2023-09-20,585.25,596.25,581.5,588.25,0,0,0.0,0
2023-09-21,589.0,590.25,575.0,575.5,0,0,0.0,0
2023-09-22,576.5,582.5,572.75,579.5,0,0,0.0,0
2023-09-25,577.0,590.0,573.75,589.0,0,0,0.0,0
2023-09-26,589.0,596.75,583.25,589.25,0,0,0.0,0
2023-09-27,589.25,594.5,578.5,579.5,0,0,0.0,0
2023-09-28,580.5,583.5,575.25,578.5,0,0,0.0,0
2023-09-29,579.5,585.5,540.0,540.25,0,0,0.0,0
2023-10-02,545.0,567.0,541.25,566.0,0,0,0.0,0
2023-10-03,568.25,575.0,562.75,568.25,0,0,0.0,0
2023-10-04,567.5,569.75,551.75,559.0,0,0,0.0,0
2023-10-05,559.75,580.25,559.0,576.75,0,0,0.0,0
2023-10-06,576.0,580.25,566.5,569.0,0,0,0.0,0
2023-10-09,573.25,581.5,570.0,572.0,0,0,0.0,0
2023-10-10,573.75,574.75,555.5,558.25,0,0,0.0,0
2023-10-11,559.0,560.75,551.0,556.5,0,0,0.0,0
2023-10-12,557.25,574.5,547.25,572.75,0,0,0.0,0
2023-10-13,572.0,586.25,569.5,579.5,0,0,0.0,0
2023-10-16,580.0,588.5,575.25,578.0,0,0,0.0,0
2023-10-17,577.0,582.25,568.5,570.75,0,0,0.0,0
2023-10-18,572.5,584.0,571.25,581.25,0,0,0.0,0
2023-10-19,579.75,594.5,576.5,593.75,0,0,0.0,0
2023-10-20,594.0,604.5,583.25,584.0,0,0,0.0,0
2023-10-23,586.5,595.25,582.0,586.5,0,0,0.0,0
2023-10-24,587.75,588.0,572.75,578.75,0,0,0.0,0
2023-10-25,580.0,586.25,567.0,568.25,0,0,0.0,0
2023-10-26,569.25,580.5,563.25,580.5,0,0,0.0,0
2023-10-27,580.25,582.5,571.0,575.75,0,0,0.0,0
2023-10-30,576.0,577.0,565.25,565.5,0,0,0.0,0
2023-10-31,568.25,568.5,554.5,557.5,0,0,0.0,0
2023-11-01,557.5,564.75,554.75,561.5,0,0,0.0,0
2023-11-02,562.25,569.5,557.25,564.25,0,0,0.0,0
2023-11-03,565.75,574.5,563.75,572.5,0,0,0.0,0
2023-11-06,573.0,577.75,566.5,575.25,0,0,0.0,0
2023-11-07,574.0,582.25,564.5,571.5,0,0,0.0,0
2023-11-08,571.5,598.75,570.25,590.0,0,0,0.0,0
2023-11-09,590.0,592.5,573.0,581.25,0,0,0.0,0
2023-11-10,581.75,583.0,570.75,575.75,0,0,0.0,0
2023-11-13,575.0,582.0,567.25,579.0,0,0,0.0,0
2023-11-14,581.0,585.0,570.25,572.0,0,0,0.0,0
2023-11-15,572.75,579.25,557.0,560.75,0,0,0.0,0
2023-11-16,590.25,590.25,575.25,581.5,0,0,0.0,0
2023-11-17,582.0,585.25,574.5,577.0,0,0,0.0,0
2023-11-20,575.75,579.75,567.75,571.5,0,0,0.0,0
2023-11-21,571.0,584.75,568.75,583.25,0,0,0.0,0
2023-11-22,584.0,591.5,583.0,586.0,0,0,0.0,0
2023-11-24,582.75,584.5,575.0,578.5,0,0,0.0,0
2023-11-27,578.5,582.0,556.25,560.25,0,0,0.0,0
2023-11-28,562.0,574.0,557.25,573.25,0,0,0.0,0
2023-11-29,573.75,587.5,571.5,586.25,0,0,0.0,0
2023-11-30,585.75,599.0,582.0,598.75,0,0,0.0,0
2023-12-01,595.5,610.0,589.0,601.5,0,0,0.0,0
2023-12-04,602.0,626.5,600.25,618.25,0,0,0.0,0
2023-12-05,619.0,636.25,616.25,629.75,0,0,0.0,0
2023-12-06,630.0,649.5,625.5,632.25,0,0,0.0,0
2023-12-07,631.25,645.0,621.75,642.5,0,0,0.0,0
2023-12-08,641.0,645.0,628.75,632.25,0,0,0.0,0
2023-12-11,632.0,633.25,607.25,608.75,0,0,0.0,0
2023-12-12,609.75,628.75,608.25,625.75,0,0,0.0,0
2023-12-13,624.25,626.5,602.5,606.25,0,0,0.0,0
2023-12-14,608.0,619.5,606.5,616.5,0,0,0.0,0
2023-12-15,616.0,630.0,610.75,629.5,0,0,0.0,0
2023-12-18,629.75,632.0,614.75,618.25,0,0,0.0,0
2023-12-19,618.25,624.25,611.25,623.25,0,0,0.0,0
2023-12-20,622.5,625.25,609.0,611.0,0,0,0.0,0
2023-12-21,611.5,617.25,610.25,612.25,0,0,0.0,0
2023-12-22,612.5,618.25,610.75,616.0,0,0,0.0,0
2023-12-26,615.0,639.75,611.5,637.25,0,0,0.0,0
2023-12-27,636.0,637.5,619.25,624.0,0,0,0.0,0
2023-12-28,624.25,636.25,621.75,632.0,0,0,0.0,0
2023-12-29,631.0,633.5,621.5,628.25,0,0,0.0,0
2024-01-02,628.75,628.75,604.75,607.5,0,0,0.0,0
2024-01-03,608.0,609.75,598.25,601.0,0,0,0.0,0
2024-01-04,601.5,614.5,591.25,612.25,0,0,0.0,0
2024-01-05,613.0,621.5,611.5,616.75,0,0,0.0,0
2024-01-08,617.0,617.25,593.0,596.5,0,0,0.0,0
2024-01-09,596.0,613.75,594.0,609.25,0,0,0.0,0
2024-01-10,610.25,612.0,603.75,609.75,0,0,0.0,0
2024-01-11,610.0,614.75,602.0,604.0,0,0,0.0,0
2024-01-12,604.0,611.75,587.25,596.5,0,0,0.0,0
2024-01-16,596.0,602.25,576.75,581.5,0,0,0.0,0
2024-01-17,581.5,595.75,577.75,581.5,0,0,0.0,0
2024-01-18,583.5,587.0,573.25,584.25,0,0,0.0,0
2024-01-19,586.25,598.0,584.75,593.0,0,0,0.0,0
2024-01-22,593.5,600.25,587.0,594.75,0,0,0.0,0
2024-01-23,596.0,606.75,593.75,598.25,0,0,0.0,0
2024-01-24,598.0,612.25,596.5,611.25,0,0,0.0,0
2024-01-25,611.5,617.25,606.5,611.5,0,0,0.0,0
2024-01-26,612.0,614.0,592.25,601.75,0,0,0.0,0
2024-01-29,601.25,601.75,587.5,594.25,0,0,0.0,0
2024-01-30,593.5,606.75,584.5,604.25,0,0,0.0,0
2024-01-31,605.0,605.0,591.75,595.75,0,0,0.0,0
2024-02-01,595.25,603.0,587.0,600.5,0,0,0.0,0
2024-02-02,601.5,611.25,595.75,601.75,0,0,0.0,0
2024-02-05,600.0,601.75,586.75,591.25,0,0,0.0,0
2024-02-06,590.5,597.5,588.0,594.75,0,0,0.0,0
2024-02-07,594.75,606.75,590.75,600.5,0,0,0.0,0
2024-02-08,601.25,602.0,583.75,590.75,0,0,0.0,0
2024-02-09,591.25,605.5,588.0,597.5,0,0,0.0,0
2024-02-12,596.25,603.0,588.5,597.25,0,0,0.0,0
2024-02-13,597.0,603.5,592.25,598.25,0,0,0.0,0
2024-02-14,597.25,597.75,577.5,585.25,0,0,0.0,0
2024-02-15,585.75,585.75,565.25,565.5,0,0,0.0,0
2024-02-16,567.0,568.75,555.0,559.25,0,0,0.0,0
2024-02-20,556.75,581.75,553.5,577.5,0,0,0.0,0
2024-02-21,578.75,580.5,571.0,577.5,0,0,0.0,0
2024-02-22,576.0,594.25,574.5,579.0,0,0,0.0,0
2024-02-23,580.25,587.5,568.0,569.25,0,0,0.0,0
2024-02-26,569.75,576.25,560.0,573.75,0,0,0.0,0
2024-02-27,573.75,589.5,571.5,584.25,0,0,0.0,0
2024-02-28,584.25,585.0,571.5,575.75,0,0,0.0,0
2024-02-29,576.25,581.5,569.0,576.0,0,0,0.0,0
2024-03-01,575.0,576.75,555.5,558.5,0,0,0.0,0
2024-03-04,559.25,568.0,553.0,563.75,0,0,0.0,0
2024-03-05,563.5,565.25,546.25,551.5,0,0,0.0,0
2024-03-06,551.5,551.5,529.5,532.25,0,0,0.0,0
2024-03-07,533.25,538.75,528.0,528.75,0,0,0.0,0
2024-03-08,529.5,542.75,526.0,538.25,0,0,0.0,0
2024-03-11,539.5,550.25,523.5,547.75,0,0,0.0,0
2024-03-12,547.0,556.0,541.25,548.75,0,0,0.0,0
2024-03-13,549.25,554.0,536.75,542.75,0,0,0.0,0
2024-03-14,542.75,543.0,528.25,532.75,0,0,0.0,0
2024-03-15,532.0,537.5,526.75,529.5,0,0,0.0,0
2024-03-18,531.25,544.0,527.0,542.25,0,0,0.0,0
2024-03-19,542.75,553.75,539.0,553.5,0,0,0.0,0
2024-03-20,551.75,553.0,537.0,545.75,0,0,0.0,0
2024-03-21,546.0,552.5,540.25,548.0,0,0,0.0,0
2024-03-22,548.5,559.25,539.5,556.0,0,0,0.0,0
2024-03-25,559.0,567.0,549.5,555.5,0,0,0.0,0
2024-03-26,555.0,557.5,542.75,543.0,0,0,0.0,0
2024-03-27,543.25,549.5,538.5,547.5,0,0,0.0,0
2024-03-28,546.5,568.5,544.5,561.5,0,0,0.0,0
2024-04-01,562.0,562.75,547.25,558.0,0,0,0.0,0
2024-04-02,557.5,562.75,543.5,545.25,0,0,0.0,0
2024-04-03,545.0,559.75,540.25,555.75,0,0,0.0,0
2024-04-04,556.0,562.5,549.5,557.0,0,0,0.0,0
2024-04-05,556.0,574.75,555.0,568.25,0,0,0.0,0
2024-04-08,570.25,573.75,559.5,565.5,0,0,0.0,0
2024-04-09,563.0,564.25,553.5,557.75,0,0,0.0,0
2024-04-10,558.5,567.25,555.75,557.75,0,0,0.0,0
2024-04-11,558.0,559.75,548.25,552.0,0,0,0.0,0
2024-04-12,552.5,562.5,549.5,555.25,0,0,0.0,0
2024-04-15,569.5,570.25,560.0,567.5,0,0,0.0,0
2024-04-16,567.5,572.75,558.5,565.0,0,0,0.0,0
2024-04-17,565.0,570.0,551.0,553.25,0,0,0.0,0
2024-04-18,553.25,559.5,550.0,552.75,0,0,0.0,0
2024-04-19,553.0,574.75,552.25,567.25,0,0,0.0,0
2024-04-22,567.25,595.75,565.5,588.0,0,0,0.0,0
2024-04-23,588.0,603.5,583.5,601.75,0,0,0.0,0
2024-04-24,601.75,617.0,596.25,614.0,0,0,0.0,0
2024-04-25,614.0,623.5,612.0,620.25,0,0,0.0,0
2024-04-26,620.25,633.25,616.25,622.5,0,0,0.0,0
2024-04-29,622.5,623.5,602.5,608.0,0,0,0.0,0
2024-04-30,608.0,607.25,595.5,604.25,0,0,0.0,0
2024-05-01,604.25,608.75,593.5,599.5,0,0,0.0,0
2024-05-02,599.5,615.5,595.5,603.0,0,0,0.0,0
2024-05-03,603.25,632.5,603.0,623.0,0,0,0.0,0
2024-05-06,623.0,650.25,609.5,645.5,0,0,0.0,0
2024-05-07,645.5,653.75,636.0,643.0,0,0,0.0,0
2024-05-08,643.0,649.25,628.25,634.25,0,0,0.0,0
2024-05-09,634.25,647.5,631.5,637.25,0,0,0.0,0
2024-05-10,637.25,665.25,637.0,661.75,0,0,0.0,0
2024-05-13,661.75,694.25,654.5,686.25,0,0,0.0,0
2024-05-14,686.25,696.0,667.75,674.75,0,0,0.0,0
2024-05-15,674.75,697.0,662.25,666.75,0,0,0.0,0
2024-05-16,666.75,681.5,656.75,663.0,0,0,0.0,0
2024-05-17,663.0,676.5,650.25,650.5,0,0,0.0,0
2024-05-20,651.0,691.25,654.0,687.75,0,0,0.0,0
2024-05-21,687.75,700.75,682.0,698.25,0,0,0.0,0
2024-05-22,698.25,716.75,688.5,694.25,0,0,0.0,0
2024-05-23,694.25,702.5,682.5,700.25,0,0,0.0,0
2024-05-24,700.25,706.0,689.0,702.75,0,0,0.0,0
2024-05-28,702.25,720.0,693.75,702.5,0,0,0.0,0
2024-05-29,702.5,706.25,688.5,693.0,0,0,0.0,0
2024-05-30,693.0,693.75,673.25,680.5,0,0,0.0,0
2024-05-31,680.5,691.5,673.75,679.75,0,0,0.0,0
2024-06-03,679.75,697.75,667.5,673.0,0,0,0.0,0
2024-06-04,673.0,681.25,657.75,658.25,0,0,0.0,0
2024-06-05,658.25,664.25,642.75,645.5,0,0,0.0,0
2024-06-06,645.5,654.0,638.25,638.75,0,0,0.0,0
2024-06-07,638.75,639.5,618.25,626.5,0,0,0.0,0
2024-06-10,626.5,627.0,606.25,606.75,0,0,0.0,0
2024-06-11,606.75,633.0,605.5,625.75,0,0,0.0,0
2024-06-12,625.75,627.75,610.5,614.25,0,0,0.0,0
2024-06-13,614.25,627.25,612.5,618.75,0,0,0.0,0
2024-06-14,618.75,622.5,611.0,611.75,0,0,0.0,0
2024-06-17,611.75,610.25,590.25,590.75,0,0,0.0,0
2024-06-18,590.75,611.25,597.0,597.5,0,0,0.0,0
2024-06-20,597.5,600.25,583.25,584.0,0,0,0.0,0
2024-06-21,584.0,593.75,574.25,576.75,0,0,0.0,0
2024-06-24,576.75,579.0,564.25,571.25,0,0,0.0,0
2024-06-25,571.25,574.5,558.75,558.75,0,0,0.0,0
2024-06-26,558.75,572.5,556.75,558.75,0,0,0.0,0
2024-06-27,558.75,581.5,558.25,580.5,0,0,0.0,0
2024-06-28,580.5,586.25,566.0,575.0,0,0,0.0,0
2024-07-01,575.0,591.75,567.75,589.25,0,0,0.0,0
2024-07-02,589.25,590.25,578.5,581.75,0,0,0.0,0
2024-07-03,581.75,588.5,572.75,573.25,0,0,0.0,0
2024-07-05,573.25,592.25,578.5,591.25,0,0,0.0,0
2024-07-08,591.75,590.75,566.0,570.0,0,0,0.0,0
2024-07-09,570.0,578.75,569.25,571.5,0,0,0.0,0
2024-07-10,571.5,572.25,556.25,560.75,0,0,0.0,0
2024-07-11,560.75,580.75,559.5,571.25,0,0,0.0,0
2024-07-12,571.25,571.5,550.0,551.0,0,0,0.0,0
2024-07-15,550.75,552.5,531.0,531.0,0,0,0.0,0
2024-07-16,531.0,537.5,525.25,529.75,0,0,0.0,0
2024-07-17,529.75,546.5,528.0,541.5,0,0,0.0,0
2024-07-18,541.5,546.5,533.0,534.75,0,0,0.0,0
2024-07-19,534.75,556.25,530.5,544.5,0,0,0.0,0
2024-07-22,544.5,553.5,540.25,547.75,0,0,0.0,0
2024-07-23,547.75,552.0,540.5,542.0,0,0,0.0,0
2024-07-24,542.0,555.5,537.25,547.25,0,0,0.0,0
2024-07-25,547.25,549.75,536.25,537.0,0,0,0.0,0
2024-07-26,537.0,541.25,522.0,522.75,0,0,0.0,0
2024-07-29,522.75,532.75,514.25,530.25,0,0,0.0,0
2024-07-30,530.25,529.5,517.0,522.5,0,0,0.0,0
2024-07-31,522.5,534.0,515.5,526.75,0,0,0.0,0
2024-08-01,526.75,534.75,519.75,533.25,0,0,0.0,0
2024-08-02,533.25,540.5,528.5,540.0,0,0,0.0,0
2024-08-05,539.75,541.5,519.75,540.5,0,0,0.0,0
2024-08-06,540.5,548.75,531.5,544.25,0,0,0.0,0
2024-08-07,544.25,548.75,534.75,539.0,0,0,0.0,0
2024-08-08,539.0,544.5,532.5,536.5,0,0,0.0,0
2024-08-09,536.5,552.0,536.25,542.0,0,0,0.0,0
2024-08-12,542.25,547.0,528.0,536.0,0,0,0.0,0
2024-08-13,536.0,538.25,525.0,528.75,0,0,0.0,0
2024-08-14,528.75,537.25,524.0,536.0,0,0,0.0,0
2024-08-15,536.0,547.75,527.0,527.25,0,0,0.0,0
2024-08-16,527.25,555.5,545.5,551.0,0,0,0.0,0
2024-08-19,551.0,554.5,545.0,552.0,0,0,0.0,0
2024-08-20,552.0,559.25,549.5,557.25,0,0,0.0,0
2024-08-21,557.25,560.0,543.0,545.0,0,0,0.0,0
2024-08-22,545.0,548.0,526.25,534.5,0,0,0.0,0
2024-08-23,534.5,538.25,527.0,530.25,0,0,0.0,0
2024-08-26,530.25,531.75,522.0,524.25,0,0,0.0,0
2024-08-27,524.25,538.5,520.75,535.0,0,0,0.0,0
2024-08-28,535.0,543.75,533.0,541.0,0,0,0.0,0
2024-08-29,541.0,549.5,535.0,547.75,0,0,0.0,0
2024-08-30,547.75,553.5,546.0,552.0,0,0,0.0,0
2024-09-03,551.75,567.5,544.25,566.5,0,0,0.0,0
2024-09-04,566.5,582.75,563.5,580.25,0,0,0.0,0
2024-09-05,580.25,580.5,566.75,574.5,0,0,0.0,0
2024-09-06,574.0,580.0,565.75,566.75,0,0,0.0,0
2024-09-09,566.75,569.75,560.5,568.0,0,0,0.0,0
2024-09-10,568.0,578.5,565.75,573.25,0,0,0.0,0
2024-09-11,573.25,582.25,572.0,579.25,0,0,0.0,0
2024-09-12,579.25,591.75,573.25,579.25,0,0,0.0,0
2024-09-13,579.25,598.75,578.0,595.0,0,0,0.0,0
2024-09-16,594.75,596.0,574.25,578.25,0,0,0.0,0
2024-09-17,578.25,584.25,571.25,576.5,0,0,0.0,0
2024-09-18,576.5,582.75,573.0,575.75,0,0,0.0,0
2024-09-19,575.75,577.25,564.0,566.0,0,0,0.0,0
2024-09-20,566.0,575.75,565.25,569.5,0,0,0.0,0
2024-09-23,569.5,586.5,569.0,581.5,0,0,0.0,0
2024-09-24,581.5,589.25,575.25,578.5,0,0,0.0,0
2024-09-25,578.5,591.25,573.75,589.75,0,0,0.0,0
2024-09-26,589.75,596.25,582.75,583.25,0,0,0.0,0
2024-09-27,583.25,583.5,575.5,580.0,0,0,0.0,0
2024-09-30,580.0,590.75,575.5,583.25,0,0,0.0,0
2024-10-01,583.25,602.5,577.0,597.0,0,0,0.0,0
2024-10-02,597.0,617.25,596.25,613.25,0,0,0.0,0
2024-10-03,614.25,617.25,601.25,603.75,0,0,0.0,0
2024-10-04,603.75,604.25,587.0,590.0,0,0,0.0,0
2024-10-07,590.5,595.25,584.0,593.5,0,0,0.0,0
2024-10-08,593.5,599.0,587.5,594.25,0,0,0.0,0
2024-10-09,594.25,604.75,594.25,600.5,0,0,0.0,0
2024-10-10,600.75,609.25,598.5,602.5,0,0,0.0,0
2024-10-11,602.5,611.25,592.5,599.5,0,0,0.0,0
2024-10-14,599.0,601.0,584.25,586.5,0,0,0.0,0
2024-10-15,586.5,586.75,578.0,581.0,0,0,0.0,0
2024-10-16,581.0,587.5,575.25,584.0,0,0,0.0,0
2024-10-17,584.0,591.75,576.25,589.5,0,0,0.0,0
2024-10-18,589.5,595.5,570.25,572.75,0,0,0.0,0
2024-10-21,572.5,584.25,570.75,572.5,0,0,0.0,0
2024-10-22,572.5,578.75,565.75,575.75,0,0,0.0,0
2024-10-23,575.75,582.75,566.25,578.5,0,0,0.0,0
2024-10-24,578.5,584.25,575.0,581.75,0,0,0.0,0
2024-10-25,581.75,585.5,566.0,569.25,0,0,0.0,0
2024-10-28,569.25,571.5,557.75,559.0,0,0,0.0,0
2024-10-29,559.0,572.75,558.0,571.25,0,0,0.0,0
2024-10-30,571.25,580.5,564.0,572.75,0,0,0.0,0
2024-10-31,572.75,573.75,563.5,572.0,0,0,0.0,0
2024-11-01,572.0,577.75,564.25,567.0,0,0,0.0,0
2024-11-04,567.5,575.75,565.0,569.25,0,0,0.0,0
2024-11-05,569.25,574.5,565.25,572.25,0,0,0.0,0
2024-11-06,572.25,577.75,562.0,574.25,0,0,0.0,0
2024-11-07,574.25,579.5,565.0,571.75,0,0,0.0,0
2024-11-08,571.75,578.75,566.5,571.75,0,0,0.0,0
2024-11-11,572.25,572.75,551.75,564.25,0,0,0.0,0
2024-11-12,564.25,568.75,549.0,553.25,0,0,0.0,0
2024-11-13,553.25,568.5,551.5,556.0,0,0,0.0,0
2024-11-14,556.0,559.25,546.25,549.25,0,0,0.0,0
2024-11-15,549.25,559.0,549.0,554.25,0,0,0.0,0
2024-11-18,554.25,569.25,554.25,565.0,0,0,0.0,0
2024-11-19,565.0,575.75,563.5,567.25,0,0,0.0,0
2024-11-20,567.5,574.5,562.25,571.75,0,0,0.0,0
2024-11-21,571.75,577.5,568.5,568.75,0,0,0.0,0
2024-11-22,568.75,571.25,562.5,564.25,0,0,0.0,0
2024-11-25,564.25,568.5,550.75,556.5,0,0,0.0,0
2024-11-26,556.5,564.5,553.25,557.0,0,0,0.0,0
2024-11-27,557.0,558.0,547.5,548.25,0,0,0.0,0
2024-11-29,548.25,553.25,543.0,549.0,0,0,0.0,0
2024-12-02,549.75,552.5,542.75,547.25,0,0,0.0,0
2024-12-03,547.25,556.5,545.75,548.0,0,0,0.0,0
2024-12-04,548.75,549.75,540.25,547.25,0,0,0.0,0
2024-12-05,547.25,560.5,545.75,558.25,0,0,0.0,0
2024-12-06,558.25,560.5,553.25,556.0,0,0,0.0,0
2024-12-09,556.0,564.75,553.75,558.25,0,0,0.0,0
2024-12-10,558.25,563.5,553.75,561.5,0,0,0.0,0
2024-12-11,561.75,569.25,560.5,562.25,0,0,0.0,0
2024-12-12,562.25,566.25,556.25,558.75,0,0,0.0,0
2024-12-13,558.75,561.0,551.25,552.0,0,0,0.0,0
2024-12-16,552.0,559.25,548.5,549.25,0,0,0.0,0
2024-12-17,549.25,552.5,542.5,544.5,0,0,0.0,0
2024-12-18,544.5,554.25,540.0,541.0,0,0,0.0,0
2024-12-19,541.0,541.75,530.5,532.25,0,0,0.0,0
2024-12-20,532.25,537.25,529.25,532.5,0,0,0.0,0
2024-12-23,532.5,544.0,533.0,540.25,0,0,0.0,0
2024-12-24,539.5,541.5,533.5,535.0,0,0,0.0,0
2024-12-26,535.0,544.0,533.75,541.75,0,0,0.0,0
2024-12-27,541.75,547.75,537.25,547.25,0,0,0.0,0
2024-12-30,547.25,554.75,544.5,548.25,0,0,0.0,0
2024-12-31,548.75,552.75,546.75,551.0,0,0,0.0,0
2025-01-02,551.0,552.75,542.5,545.0,0,0,0.0,0
2025-01-03,545.5,547.0,527.5,528.25,0,0,0.0,0
2025-01-06,528.25,543.75,530.25,540.0,0,0,0.0,0
2025-01-07,540.0,544.25,535.25,542.5,0,0,0.0,0
2025-01-08,542.5,544.75,534.5,535.5,0,0,0.0,0
2025-01-09,535.5,539.25,529.25,532.25,0,0,0.0,0
2025-01-10,532.25,541.25,526.0,529.75,0,0,0.0,0
2025-01-13,529.75,545.75,528.5,545.25,0,0,0.0,0
2025-01-14,545.25,552.25,542.75,546.5,0,0,0.0,0
2025-01-15,546.5,551.5,542.0,547.0,0,0,0.0,0
2025-01-16,547.0,547.0,536.75,537.25,0,0,0.0,0
2025-01-17,537.25,542.0,533.25,539.25,0,0,0.0,0
2025-01-21,539.0,561.75,542.0,558.0,0,0,0.0,0
2025-01-22,558.0,566.75,551.5,553.5,0,0,0.0,0
2025-01-23,554.0,559.0,548.0,554.5,0,0,0.0,0
2025-01-24,554.5,552.25,541.25,543.75,0,0,0.0,0
2025-01-27,544.0,543.0,532.0,535.75,0,0,0.0,0
2025-01-28,535.75,548.5,533.5,544.75,0,0,0.0,0
2025-01-29,544.75,564.75,544.5,560.75,0,0,0.0,0
2025-01-30,560.75,569.75,559.0,566.0,0,0,0.0,0
2025-01-31,566.0,569.0,551.75,560.5,0,0,0.0,0
2025-02-03,560.25,573.75,550.5,566.5,0,0,0.0,0
2025-02-04,566.5,579.0,558.0,577.5,0,0,0.0,0
2025-02-05,577.5,584.25,569.5,571.75,0,0,0.0,0
2025-02-06,571.75,588.75,566.5,588.0,0,0,0.0,0
2025-02-07,588.0,592.5,579.75,582.0,0,0,0.0,0
2025-02-10,582.0,586.0,576.25,579.0,0,0,0.0,0
2025-02-11,579.0,588.0,575.75,576.25,0,0,0.0,0
2025-02-12,589.5,596.25,585.5,587.5,0,0,0.0,0
2025-02-13,587.5,594.0,585.0,591.5,0,0,0.0,0
2025-02-14,591.5,616.5,591.25,614.75,0,0,0.0,0
2025-02-18,614.75,621.75,606.5,619.25,0,0,0.0,0
2025-02-19,619.25,621.25,603.5,606.25,0,0,0.0,0
2025-02-20,606.25,609.75,598.25,599.75,0,0,0.0,0
2025-02-21,599.75,608.0,599.75,604.0,0,0,0.0,0
2025-02-24,604.0,604.0,589.25,593.5,0,0,0.0,0
2025-02-25,593.5,595.75,579.5,588.75,0,0,0.0,0
2025-02-26,588.75,592.75,577.5,579.0,0,0,0.0,0
2025-02-27,579.0,580.25,560.0,562.75,0,0,0.0,0
2025-02-28,562.75,570.25,555.0,555.5,0,0,0.0,0
2025-03-03,555.5,563.5,545.25,547.5,0,0,0.0,0
2025-03-04,547.5,551.75,530.0,537.25,0,0,0.0,0
2025-03-05,537.25,551.0,537.0,548.0,0,0,0.0,0
2025-03-06,548.0,562.0,544.75,553.25,0,0,0.0,0
2025-03-07,553.25,555.5,544.5,552.25,0,0,0.0,0
2025-03-10,552.25,566.0,553.25,562.75,0,0,0.0,0
2025-03-11,562.75,563.0,555.5,556.0,0,0,0.0,0
2025-03-12,556.0,561.5,546.5,554.5,0,0,0.0,0
2025-03-13,554.5,566.75,554.75,562.0,0,0,0.0,0
2025-03-14,562.0,565.0,555.25,557.0,0,0,0.0,0
2025-03-17,557.0,575.25,559.0,568.25,0,0,0.0,0
2025-03-18,568.25,574.75,563.5,564.0,0,0,0.0,0
2025-03-19,564.0,568.5,558.0,563.75,0,0,0.0,0
2025-03-20,563.75,568.0,552.25,556.0,0,0,0.0,0
2025-03-21,556.0,563.0,553.25,558.0,0,0,0.0,0
2025-03-24,558.0,563.0,545.25,547.5,0,0,0.0,0
2025-03-25,547.5,549.5,541.0,543.75,0,0,0.0,0
2025-03-26,543.75,545.75,535.0,535.5,0,0,0.0,0
2025-03-27,535.5,537.25,526.5,531.5,0,0,0.0,0
2025-03-28,531.5,533.0,517.5,528.25,0,0,0.0,0
2025-03-31,528.25,539.25,523.5,537.25,0,0,0.0,0
2025-04-01,537.25,544.0,533.25,539.75,0,0,0.0,0
2025-04-02,539.75,543.0,532.5,537.75,0,0,0.0,0
2025-04-03,537.75,542.0,525.25,537.0,0,0,0.0,0
2025-04-04,537.0,539.5,520.5,529.75,0,0,0.0,0
2025-04-07,529.75,546.5,525.75,536.25,0,0,0.0,0
2025-04-08,536.25,545.75,533.75,539.25,0,0,0.0,0
2025-04-09,539.25,546.0,536.5,542.0,0,0,0.0,0
2025-04-10,542.0,547.5,534.5,537.0,0,0,0.0,0
2025-04-11,537.0,571.0,552.0,569.25,0,0,0.0,0
2025-04-14,569.25,570.0,557.75,560.75,0,0,0.0,0
2025-04-15,560.75,565.0,554.5,555.75,0,0,0.0,0
2025-04-16,555.75,564.5,550.75,560.0,0,0,0.0,0
2025-04-17,560.0,569.25,561.25,561.5,0,0,0.0,0
2025-04-21,561.5,566.5,551.25,552.5,0,0,0.0,0
2025-04-22,552.5,555.25,545.5,548.75,0,0,0.0,0
2025-04-23,548.75,552.25,543.0,543.5,0,0,0.0,0
2025-04-24,543.5,545.5,539.25,544.0,0,0,0.0,0
2025-04-25,544.0,549.75,542.5,544.75,0,0,0.0,0
2025-04-28,544.75,544.0,527.25,532.75,0,0,0.0,0
2025-04-29,532.75,537.0,523.75,524.5,0,0,0.0,0
2025-04-30,524.5,539.75,523.25,531.75,0,0,0.0,0
2025-05-01,531.75,537.75,528.5,530.5,0,0,0.0,0
2025-05-02,530.5,546.75,530.5,543.0,0,0,0.0,0
2025-05-05,543.0,548.0,530.75,531.0,0,0,0.0,0
2025-05-06,531.0,538.75,528.25,534.75,0,0,0.0,0
2025-05-07,534.75,545.0,533.0,533.5,0,0,0.0,0
2025-05-08,533.5,538.5,525.5,529.25,0,0,0.0,0
2025-05-09,529.25,533.75,520.75,521.0,0,0,0.0,0
2025-05-12,521.0,528.25,514.0,514.5,0,0,0.0,0
2025-05-13,514.5,520.0,506.25,517.5,0,0,0.0,0
2025-05-14,517.5,525.5,510.75,524.5,0,0,0.0,0
2025-05-15,524.5,533.25,521.75,532.25,0,0,0.0,0
2025-05-16,532.25,533.5,523.5,524.75,0,0,0.0,0
2025-05-19,524.75,536.0,524.5,529.25,0,0,0.0,0
2025-05-20,529.25,547.5,528.75,547.0,0,0,0.0,0
2025-05-21,547.0,556.25,545.0,548.0,0,0,0.0,0
2025-05-22,548.0,552.0,541.25,544.75,0,0,0.0,0
2025-05-23,544.75,548.5,538.5,543.5,0,0,0.0,0
2025-05-27,543.5,544.0,527.5,528.25,0,0,0.0,0
2025-05-28,528.25,535.75,526.75,530.5,0,0,0.0,0
2025-05-29,530.5,534.75,527.25,534.0,0,0,0.0,0
2025-05-30,534.0,538.5,531.25,533.25,0,0,0.0,0
2025-06-02,533.25,549.5,533.25,537.75,0,0,0.0,0
2025-06-03,537.75,545.5,531.75,535.5,0,0,0.0,0
2025-06-04,535.5,547.5,533.5,543.5,0,0,0.0,0
2025-06-05,543.5,549.25,540.5,545.0,0,0,0.0,0
2025-06-06,545.0,555.75,540.25,555.5,0,0,0.0,0
2025-06-09,555.5,557.75,540.0,542.0,0,0,0.0,0
2025-06-10,542.0,542.0,530.75,535.25,0,0,0.0,0
2025-06-11,535.25,539.25,532.0,533.75,0,0,0.0,0
2025-06-12,533.75,537.0,526.0,526.5,0,0,0.0,0
2025-06-13,526.5,560.0,537.75,558.75,0,0,0.0,0
2025-06-16,558.75,562.75,547.25,552.25,0,0,0.0,0
2025-06-17,552.25,568.25,552.75,565.25,0,0,0.0,0
2025-06-18,565.25,591.0,563.5,589.5,0,0,0.0,0
2025-06-20,589.5,594.0,582.0,582.75,0,0,0.0,0
2025-06-23,582.75,585.75,566.25,570.0,0,0,0.0,0
2025-06-24,570.0,569.5,551.5,551.75,0,0,0.0,0
2025-06-25,551.75,553.5,542.5,544.25,0,0,0.0,0
2025-06-26,544.25,547.75,536.25,536.5,0,0,0.0,0
2025-06-27,536.5,545.25,536.5,541.0,0,0,0.0,0
2025-06-30,541.0,545.25,534.75,537.5,0,0,0.0,0
2025-07-01,537.5,550.25,535.75,549.75,0,0,0.0,0
2025-07-02,549.75,565.5,544.75,564.75,0,0,0.0,0
2025-07-03,564.75,568.75,556.25,556.5,0,0,0.0,0
2025-07-07,556.5,553.75,541.5,548.75,0,0,0.0,0
2025-07-08,548.75,550.0,542.0,547.75,0,0,0.0,0
2025-07-09,547.75,551.25,541.75,547.25,0,0,0.0,0
2025-07-10,547.25,555.5,541.0,554.25,0,0,0.0,0
2025-07-11,554.25,557.5,544.0,545.25,0,0,0.0,0
2025-07-14,545.25,551.5,538.5,541.75,0,0,0.0,0
2025-07-15,541.75,545.25,535.5,538.25,0,0,0.0,0
2025-07-16,538.25,543.5,533.5,542.0,0,0,0.0,0
2025-07-17,542.0,542.75,532.0,533.75,0,0,0.0,0
2025-07-18,533.75,550.25,533.0,546.75,0,0,0.0,0
2025-07-21,546.75,549.5,541.0,541.75,0,0,0.0,0
2025-07-22,541.75,552.75,536.75,549.5,0,0,0.0,0
2025-07-23,549.5,552.25,540.0,541.0,0,0,0.0,0
2025-07-24,541.0,546.0,535.0,541.75,0,0,0.0,0
2025-07-25,541.75,544.0,534.0,539.0,0,0,0.0,0
2025-07-28,539.0,596.25,589.75,595.0,0,0,0.0,0
2025-07-29,595.25,596.0,583.75,586.25,0,0,0.0,0
2025-07-30,585.25,588.0,582.0,582.25,0,0,0.0,0
2025-07-31,582.25,583.75,574.25,580.75,0,0,0.0,0
2025-08-01,580.75,582.5,574.75,575.0,0,0,0.0,0
2025-08-04,575.75,581.0,572.0,575.75,0,0,0.0,0
2025-08-05,574.0,575.5,567.25,568.5,0,0,0.0,0
2025-08-06,569.25,571.25,565.75,570.5,0,0,0.0,0
2025-08-07,571.5,581.0,571.25,580.5,0,0,0.0,0
2025-08-08,580.5,583.25,575.5,576.25,0,0,0.0,0
2025-08-11,576.25,583.0,575.5,576.25,0,0,0.0,0
2025-08-12,575.0,576.0,564.75,566.25,0,0,0.0,0
2025-08-13,565.5,570.5,564.0,568.0,0,0,0.0,0
2025-08-14,566.25,569.75,561.75,563.75,0,0,0.0,0
2025-08-15,565.25,566.75,561.5,565.5,0,0,0.0,0
2025-08-18,566.75,569.75,561.5,565.0,0,0,0.0,0
2025-08-19,564.25,564.5,560.25,560.75,0,0,0.0,0
2025-08-20,561.75,569.0,558.0,566.75,0,0,0.0,0
2025-08-21,568.0,572.25,563.25,566.75,0,0,0.0,0
2025-08-22,566.75,568.75,564.0,564.0,0,0,0.0,0
2025-08-25,564.25,571.5,564.25,567.0,0,0,0.0,0
2025-08-26,566.75,571.0,564.75,568.75,0,0,0.0,0
2025-08-27,568.75,570.0,562.25,563.0,0,0,0.0,0
2025-08-28,563.0,566.5,558.5,566.25,0,0,0.0,0
2025-08-29,566.75,571.5,564.5,570.5,0,0,0.0,0
2025-09-02,570.5,567.25,559.75,563.75,0,0,0.0,0
2025-09-03,563.75,565.5,557.0,557.25,0,0,0.0,0
2025-09-04,557.5,558.0,551.25,556.25,0,0,0.0,0
2025-09-05,556.25,560.0,555.0,555.5,0,0,0.0,0
2025-09-08,555.5,562.0,553.5,561.5,0,0,0.0,0
2025-09-09,562.0,562.75,557.5,557.5,0,0,0.0,0
2025-09-10,556.75,560.0,552.75,553.0,0,0,0.0,0
2025-09-11,552.75,558.25,550.0,558.25,0,0,0.0,0
2025-09-12,558.25,561.75,553.0,560.25,0,0,0.0,0
2025-09-15,560.25,567.0,559.0,563.5,0,0,0.0,0
2025-09-16,563.5,572.75,563.25,572.0,0,0,0.0,0
2025-09-17,572.0,574.25,565.75,567.25,0,0,0.0,0
2025-09-18,567.25,571.25,562.75,563.75,0,0,0.0,0
2025-09-19,564.0,565.75,559.75,561.75,0,0,0.0,0
2025-09-22,562.75,562.75,549.75,551.75,0,0,0.0,0
2025-09-23,551.75,561.5,549.25,561.25,0,0,0.0,0
2025-09-24,561.25,564.25,560.0,560.0,0,0,0.0,0
2025-09-25,562.25,567.25,559.5,565.75,0,0,0.0,0
2025-09-26,565.5,567.75,559.5,559.75,0,0,0.0,0
2025-09-29,559.25,562.75,557.5,560.25,0,0,0.0,0
2025-09-30,560.25,560.25,550.5,551.0,0,0,0.0,0
2025-10-01,551.75,553.25,545.25,553.0,0,0,0.0,0
2025-10-02,553.25,558.5,552.0,556.5,0,0,0.0,0
2025-10-03,555.25,559.75,555.25,556.5,0,0,0.0,0
2025-10-06,556.5,558.5,554.25,554.75,0,0,0.0,0
2025-10-07,553.5,556.5,549.25,549.25,0,0,0.0,0
2025-10-08,549.25,551.5,547.5,550.5,0,0,0.0,0
2025-10-09,550.25,552.75,548.0,548.75,0,0,0.0,0
2025-10-10,548.75,550.75,538.25,539.25,0,0,0.0,0
2025-10-13,539.25,541.75,535.75,537.25,0,0,0.0,0
2025-10-14,537.25,542.0,533.5,540.75,0,0,0.0,0
2025-10-15,541.75,541.75,536.0,538.75,0,0,0.0,0
2025-10-16,538.75,542.25,535.75,540.75,0,0,0.0,0
2025-10-17,540.75,543.5,539.25,542.25,0,0,0.0,0
2025-10-20,542.25,544.5,540.75,544.25,0,0,0.0,0
2025-10-21,544.75,545.5,537.75,539.5,0,0,0.0,0
2025-10-22,538.75,543.75,538.0,541.0,0,0,0.0,0
2025-10-23,541.0,550.0,540.25,549.75,0,0,0.0,0
2025-10-24,549.0,552.5,547.5,550.0,0,0,0.0,0
2025-10-27,550.0,566.25,554.25,563.75,0,0,0.0,0
2025-10-28,563.75,573.5,563.0,569.5,0,0,0.0,0
2025-10-29,569.5,571.5,565.0,568.0,0,0,0.0,0
2025-10-30,568.0,568.75,556.5,562.5,0,0,0.0,0
2025-10-31,562.75,568.0,556.25,565.5,0,0,0.0,0
2025-11-03,565.5,577.75,565.25,577.75,0,0,0.0,0
2025-11-04,577.75,580.75,571.75,579.75,0,0,0.0,0
2025-11-05,579.75,585.0,576.5,584.0,0,0,0.0,0
2025-11-06,584.0,584.0,568.0,568.0,0,0,0.0,0
2025-11-07,566.25,570.0,560.5,561.5,0,0,0.0,0
2025-11-10,561.5,570.75,562.25,568.75,0,0,0.0,0
2025-11-11,568.75,573.75,565.0,572.25,0,0,0.0,0
2025-11-12,572.25,575.25,564.25,575.0,0,0,0.0,0
2025-11-13,575.0,577.75,570.5,574.0,0,0,0.0,0
2025-11-14,574.0,580.5,562.0,562.0,0,0,0.0,0
2025-11-17,562.0,578.0,561.25,577.5,0,0,0.0,0
2025-11-18,577.5,582.0,573.75,577.25,0,0,0.0,0
2025-11-19,577.25,579.25,566.5,567.25,0,0,0.0,0
2025-11-20,567.0,571.5,557.75,558.75,0,0,0.0,0
2025-11-21,558.75,561.5,553.75,559.25,0,0,0.0,0
2025-11-24,559.25,559.0,549.5,552.0,0,0,0.0,0
2025-11-25,552.0,556.75,550.0,554.75,0,0,0.0,0
2025-11-26,554.75,560.5,552.5,557.75,0,0,0.0,0
2025-11-28,558.75,559.25,551.75,555.0,0,0,0.0,0
2025-12-01,555.0,558.5,550.0,551.75,0,0,0.0,0
2025-12-02,551.75,558.75,546.5,556.0,0,0,0.0,0
2025-12-03,556.0,557.25,552.0,553.25,0,0,0.0,0
2025-12-04,553.25,556.5,548.25,555.25,0,0,0.0,0
2025-12-05,555.25,556.5,550.0,550.75,0,0,0.0,0
2025-12-08,550.75,554.5,548.5,550.0,0,0,0.0,0
2025-12-09,550.0,553.0,547.0,549.5,0,0,0.0,0
2025-12-10,549.5,550.5,542.25,545.5,0,0,0.0,0
2025-12-11,545.5,550.5,545.25,549.25,0,0,0.0,0
2025-12-12,549.75,551.25,544.75,545.75,0,0,0.0,0
2025-12-15,545.75,545.75,537.5,538.25,0,0,0.0,0
2025-12-16,538.25,540.0,529.0,529.5,0,0,0.0,0
2025-12-17,529.5,532.25,526.25,528.0,0,0,0.0,0
2025-12-18,529.0,531.5,526.0,530.0,0,0,0.0,0
2025-12-19,530.0,533.25,527.5,531.25,0,0,0.0,0
2025-12-22,531.25,539.5,532.0,537.0,0,0,0.0,0
2025-12-23,536.5,539.75,535.75,539.0,0,0,0.0,0
2025-12-24,539.0,546.5,539.5,544.5,0,0,0.0,0
2025-12-26,544.5,546.75,540.5,543.5,0,0,0.0,0
2025-12-29,541.75,544.0,536.0,536.5,0,0,0.0,0
2025-12-30,536.5,538.75,533.5,533.5,0,0,0.0,0
2025-12-31,533.5,535.5,530.5,530.5,0,0,0.0,0
2026-01-02,530.75,532.25,525.75,530.75,0,0,0.0,0
2026-01-05,530.75,537.25,530.5,536.0,0,0,0.0,0
2026-01-06,536.0,536.75,532.25,532.25,0,0,0.0,0
2026-01-07,532.25,540.5,531.25,539.5,0,0,0.0,0
2026-01-08,539.5,544.25,538.0,541.0,0,0,0.0,0
2026-01-09,541.0,544.0,537.25,541.25,0,0,0.0,0
2026-01-12,541.25,550.75,531.5,536.5,0,0,0.0,0
2026-01-13,536.5,537.25,531.5,534.0,0,0,0.0,0
2026-01-14,534.75,537.75,532.25,536.25,0,0,0.0,0
2026-01-15,536.5,541.0,533.0,533.0,0,0,0.0,0
2026-01-16,533.0,543.0,533.25,540.5,0,0,0.0,0
2026-01-20,540.5,542.75,533.25,534.0,0,0,0.0,0
2026-01-21,534.75,539.5,531.0,532.25,0,0,0.0,0
2026-01-22,532.25,540.5,531.75,539.25,0,0,0.0,0
2026-01-23,539.0,552.25,538.5,551.0,0,0,0.0,0
2026-01-26,551.0,554.0,544.5,545.0,0,0,0.0,0
2026-01-27,545.0,547.5,542.25,544.0,0,0,0.0,0
2026-01-28,544.0,559.25,543.75,554.0,0,0,0.0,0
2026-01-29,554.0,562.25,554.25,561.0,0,0,0.0,0
2026-01-30,561.0,562.5,553.25,556.25,0,0,0.0,0
2026-02-02,556.25,557.5,545.75,547.0,0,0,0.0,0
2026-02-03,548.0,550.75,545.75,549.0,0,0,0.0,0
2026-02-04,549.0,552.0,542.75,547.0,0,0,0.0,0
2026-02-05,547.0,555.75,543.0,554.25,0,0,0.0,0
2026-02-06,554.25,558.5,547.5,549.5,0,0,0.0,0
2026-02-09,549.5,550.0,545.25,548.5,0,0,0.0,0
2026-02-10,548.5,551.5,544.75,548.5,0,0,0.0,0
2026-02-11,548.5,556.0,546.25,554.0,0,0,0.0,0
2026-02-12,554.0,566.5,552.5,566.25,0,0,0.0,0
2026-02-13,566.25,566.75,556.5,557.0,0,0,0.0,0
2026-02-17,557.0,556.5,548.0,551.5,0,0,0.0,0
2026-02-18,551.5,561.0,551.0,560.75,0,0,0.0,0
2026-02-19,560.0,577.5,558.0,577.0,0,0,0.0,0
2026-02-20,577.0,589.0,572.0,588.5,0,0,0.0,0
2026-02-23,588.5,591.25,581.5,581.75,0,0,0.0,0
2026-02-24,581.75,587.5,579.5,581.0,0,0,0.0,0
2026-02-25,581.0,584.5,572.25,578.25,0,0,0.0,0
2026-02-26,578.25,583.25,575.75,581.75,0,0,0.0,0
2026-02-27,581.75,603.25,580.75,598.75,0,0,0.0,0
2026-03-02,598.75,610.5,583.0,584.25,0,0,0.0,0
2026-03-03,583.75,594.25,578.5,584.0,0,0,0.0,0
2026-03-04,584.0,586.5,574.0,576.75,0,0,0.0,0
2026-03-05,578.0,594.75,577.75,594.0,0,0,0.0,0
2026-03-06,594.0,626.75,592.75,626.25,0,0,0.0,0
2026-03-09,626.25,668.25,645.75,646.0,0,0,0.0,0
2026-03-10,646.0,648.75,636.25,642.25,0,0,0.0,0
2026-03-11,642.25,646.5,645.5,646.0,0,0,0.0,0
2026-03-12,646.0,660.0,652.75,651.75,0,0,0.0,0
2026-03-13,646.75,661.0,646.75,659.5,0,0,0.0,0
2026-03-16,661.25,663.0,650.75,651.0,0,0,0.0,0
2026-03-17,651.0,642.5,642.5,640.75,0,0,0.0,0
2026-03-18,649.0,655.25,649.0,656.5,0,0,0.0,0
2026-03-19,656.5,664.0,653.25,660.5,0,0,0.0,0
2026-03-20,660.5,656.25,654.75,649.5,0,0,0.0,0
2026-03-23,649.5,655.0,655.0,641.5,0,0,0.0,0
2026-03-24,641.5,641.5,641.5,641.25,0,0,0.0,0
2026-03-25,641.25,640.5,640.5,640.25,0,0,0.0,0
2026-03-26,640.25,660.0,652.25,659.25,0,0,0.0,0
2026-03-27,659.25,659.25,655.0,654.5,0,0,0.0,0
2026-03-30,654.5,660.75,649.0,660.0,0,0,0.0,0
2026-03-31,660.0,670.75,662.0,662.0,0,0,0.0,0
2026-04-01,662.0,650.75,646.0,649.5,0,0,0.0,0
2026-04-07,649.5,656.25,655.0,656.75,0,0,0.0,0
2026-04-09,656.75,643.25,643.25,641.0,0,0,0.0,0
2026-04-10,639.75,639.75,639.25,638.0,0,0,0.0,0
2026-04-13,638.0,648.0,643.25,644.0,0,0,0.0,0
2026-04-14,644.0,653.75,653.5,653.5,0,0,0.0,0
2026-04-15,651.25,657.25,651.0,656.0,0,0,0.0,0
2026-04-16,656.0,665.0,660.5,655.0,0,0,0.0,0
2026-04-17,655.0,654.0,645.75,653.75,0,0,0.0,0
2026-04-20,653.75,654.0,645.75,657.75,0,0,0.0,0
2026-04-21,662.75,666.0,662.75,667.0,0,0,0.0,0
2026-04-22,670.75,672.5,667.5,662.0,0,0,0.0,0
2026-04-23,664.25,672.75,663.75,672.25,0,0,0.0,0
2026-04-24,669.25,675.0,669.25,671.25,0,0,0.0,0
2026-04-27,674.0,685.0,674.0,683.75,0,0,0.0,0
2026-04-28,683.75,702.25,685.0,701.5,0,0,0.0,0
2026-04-29,705.0,712.25,702.25,701.75,0,0,0.0,0
2026-04-30,700.5,705.0,692.75,697.25,0,0,0.0,0
2026-05-01,700.0,700.75,694.5,699.75,0,0,0.0,0
2026-05-04,699.75,707.5,696.5,706.75,0,0,0.0,0
2026-05-05,706.75,710.0,693.25,699.5,0,0,0.0,0
2026-05-06,699.5,697.25,681.5,691.25,0,0,0.0,0
2026-05-07,691.25,688.25,679.75,681.0,0,0,0.0,0
