date,open,high,low,close,volume,position,s,settlement
2016-05-16,389.75,394.25,386.25,393.5,0,0,0,0
2016-05-17,392.75,398.0,391.75,397.75,0,0,0,0
2016-05-18,397.0,400.5,394.0,397.75,0,0,0,0
2016-05-19,397.0,397.75,385.5,389.0,0,0,0,0
2016-05-20,390.25,396.75,389.0,394.75,0,0,0,0
2016-05-23,393.75,399.25,391.0,398.0,0,0,0,0
2016-05-24,397.5,403.25,394.5,396.5,0,0,0,0
2016-05-25,396.5,405.0,395.75,405.0,0,0,0,0
2016-05-26,403.75,409.25,400.0,408.75,0,0,0,0
2016-05-27,408.0,413.5,406.5,413.25,0,0,0,0
2016-05-30,413.25,413.25,413.25,413.25,0,0,0,0
2016-05-31,412.25,413.0,404.0,405.0,0,0,0,0
2016-06-01,404.5,414.0,401.0,413.75,0,0,0,0
2016-06-02,413.5,419.5,412.5,413.75,0,0,0,0
2016-06-03,413.5,419.25,410.5,419.0,0,0,0,0
2016-06-06,419.75,427.5,419.5,427.25,0,0,0,0
2016-06-07,425.75,428.0,422.5,427.5,0,0,0,0
2016-06-08,427.25,439.25,426.5,429.0,0,0,0,0
2016-06-09,429.75,430.0,423.25,427.25,0,0,0,0
2016-06-10,426.0,437.0,420.0,424.0,0,0,0,0
2016-06-13,428.5,438.0,428.0,430.25,0,0,0,0
2016-06-14,429.0,436.75,423.5,436.5,0,0,0,0
2016-06-15,435.5,439.0,428.5,428.75,0,0,0,0
2016-06-16,431.25,435.25,425.5,430.0,0,0,0,0
2016-06-17,429.0,443.5,428.25,443.0,0,0,0,0
2016-06-20,438.25,438.5,426.25,426.25,0,0,0,0
2016-06-21,426.25,428.0,401.75,403.0,0,0,0,0
2016-06-22,402.25,406.5,397.5,397.5,0,0,0,0
2016-06-23,397.25,398.0,389.5,392.5,0,0,0,0
2016-06-24,392.75,395.0,378.0,390.0,0,0,0,0
2016-06-27,389.0,396.75,387.5,389.75,0,0,0,0
2016-06-28,387.25,402.0,386.5,388.5,0,0,0,0
2016-06-29,389.0,390.75,377.25,377.75,0,0,0,0
2016-06-30,379.25,382.25,362.5,369.0,0,0,0,0
2016-07-01,367.25,368.75,358.75,360.25,0,0,0,0
2016-07-04,360.25,360.25,360.25,360.25,0,0,0,0
2016-07-05,360.25,360.25,341.0,350.0,0,0,0,0
2016-07-06,350.75,352.5,339.0,342.5,0,0,0,0
2016-07-07,343.25,353.75,340.5,341.0,0,0,0,0
2016-07-08,342.5,355.75,342.0,355.5,0,0,0,0
2016-07-11,359.75,360.5,344.0,349.0,0,0,0,0
2016-07-12,348.75,355.0,342.5,351.75,0,0,0,0
2016-07-13,353.5,367.5,352.0,362.75,0,0,0,0
2016-07-14,362.25,373.0,355.5,356.25,0,0,0,0
2016-07-15,356.75,361.0,343.0,352.25,0,0,0,0
2016-07-18,351.75,357.5,348.25,357.0,0,0,0,0
2016-07-19,356.25,356.25,341.5,343.5,0,0,0,0
2016-07-20,344.25,346.5,335.0,338.0,0,0,0,0
2016-07-21,338.0,341.75,332.75,333.25,0,0,0,0
2016-07-22,334.25,336.75,326.75,336.5,0,0,0,0
2016-07-25,335.0,338.25,330.25,335.0,0,0,0,0
2016-07-26,333.25,336.5,331.0,332.75,0,0,0,0
2016-07-27,332.25,338.0,331.75,335.5,0,0,0,0
2016-07-28,335.75,338.5,329.0,332.5,0,0,0,0
2016-07-29,331.25,335.0,328.75,333.5,0,0,0,0
2016-08-01,332.25,333.75,325.5,326.25,0,0,0,0
2016-08-02,325.25,327.5,319.5,324.5,0,0,0,0
2016-08-03,324.0,328.75,322.25,325.75,0,0,0,0
2016-08-04,324.75,326.75,320.5,320.5,0,0,0,0
2016-08-05,320.75,325.0,320.0,323.75,0,0,0,0
2016-08-08,325.0,328.0,322.5,325.75,0,0,0,0
2016-08-09,326.0,326.75,322.0,322.75,0,0,0,0
2016-08-10,322.0,325.5,321.25,322.5,0,0,0,0
2016-08-11,322.25,323.75,320.5,320.75,0,0,0,0
2016-08-12,320.5,323.0,312.0,323.0,0,0,0,0
2016-08-15,321.5,329.0,321.0,327.75,0,0,0,0
2016-08-16,337.25,339.25,334.25,337.75,0,0,0,0
2016-08-17,337.25,340.0,336.0,339.75,0,0,0,0
2016-08-18,339.5,343.0,336.25,343.0,0,0,0,0
2016-08-19,342.5,344.25,340.0,344.0,0,0,0,0
2016-08-22,343.5,344.0,340.0,343.25,0,0,0,0
2016-08-23,342.25,342.25,335.25,337.5,0,0,0,0
2016-08-24,337.0,339.5,334.5,336.5,0,0,0,0
2016-08-25,335.5,337.75,331.25,332.25,0,0,0,0
2016-08-26,331.75,334.0,324.5,325.25,0,0,0,0
2016-08-29,325.25,327.25,320.0,321.0,0,0,0,0
2016-08-30,320.75,322.0,315.5,315.75,0,0,0,0
2016-08-31,316.25,319.5,314.75,315.25,0,0,0,0
2016-09-01,315.5,325.0,315.0,323.5,0,0,0,0
2016-09-02,323.5,329.75,323.5,328.75,0,0,0,0
2016-09-05,328.75,328.75,328.75,328.75,0,0,0,0
2016-09-06,327.5,329.5,323.25,327.0,0,0,0,0
2016-09-07,327.25,334.0,326.25,333.5,0,0,0,0
2016-09-08,333.5,338.75,332.5,338.0,0,0,0,0
2016-09-09,338.0,342.0,334.5,340.0,0,0,0,0
2016-09-12,340.75,343.25,335.5,340.25,0,0,0,0
2016-09-13,339.25,341.5,329.5,330.25,0,0,0,0
2016-09-14,330.0,332.25,326.5,332.25,0,0,0,0
2016-09-15,331.75,334.75,327.5,329.25,0,0,0,0
2016-09-16,329.0,338.25,327.5,336.25,0,0,0,0
2016-09-19,337.25,340.0,332.25,337.25,0,0,0,0
2016-09-20,336.0,342.25,335.0,339.5,0,0,0,0
2016-09-21,339.0,341.0,338.0,339.0,0,0,0,0
2016-09-22,339.25,341.5,334.75,336.25,0,0,0,0
2016-09-23,336.0,338.5,333.75,335.25,0,0,0,0
2016-09-26,333.75,336.5,328.5,328.75,0,0,0,0
2016-09-27,329.25,332.5,327.25,332.0,0,0,0,0
2016-09-28,331.75,332.5,328.75,329.75,0,0,0,0
2016-09-29,329.75,333.5,328.0,329.25,0,0,0,0
2016-09-30,329.0,337.5,325.0,336.25,0,0,0,0
2016-10-03,336.25,347.75,335.25,346.0,0,0,0,0
2016-10-04,345.0,349.0,343.5,348.0,0,0,0,0
2016-10-05,348.0,349.25,345.25,347.5,0,0,0,0
2016-10-06,347.25,347.75,338.5,341.0,0,0,0,0
2016-10-07,340.75,344.75,339.5,339.75,0,0,0,0
2016-10-10,339.5,344.25,339.25,343.0,0,0,0,0
2016-10-11,342.75,347.0,341.0,346.25,0,0,0,0
2016-10-12,345.0,348.5,336.5,337.25,0,0,0,0
2016-10-13,337.5,349.75,337.25,349.75,0,0,0,0
2016-10-14,349.5,358.75,348.75,353.5,0,0,0,0
2016-10-17,353.25,357.75,350.25,354.5,0,0,0,0
2016-10-18,354.25,357.5,351.5,353.5,0,0,0,0
2016-10-19,353.75,358.0,351.0,358.0,0,0,0,0
2016-10-20,357.5,359.25,349.25,350.75,0,0,0,0
2016-10-21,351.0,354.25,350.5,352.25,0,0,0,0
2016-10-24,351.5,354.5,346.25,348.75,0,0,0,0
2016-10-25,348.0,352.25,347.25,349.75,0,0,0,0
2016-10-26,349.25,355.75,349.0,354.5,0,0,0,0
2016-10-27,353.75,358.5,352.25,357.75,0,0,0,0
2016-10-28,357.5,358.25,354.25,355.25,0,0,0,0
2016-10-31,355.0,358.0,352.25,354.5,0,0,0,0
2016-11-01,354.25,354.75,347.25,348.75,0,0,0,0
2016-11-02,349.0,350.5,344.25,346.75,0,0,0,0
2016-11-03,346.5,348.75,345.0,348.25,0,0,0,0
2016-11-04,347.75,349.75,345.5,348.0,0,0,0,0
2016-11-07,348.0,349.5,345.0,346.5,0,0,0,0
2016-11-08,346.0,356.5,345.0,353.5,0,0,0,0
2016-11-09,353.5,355.0,340.5,341.25,0,0,0,0
2016-11-10,341.25,346.5,340.25,342.25,0,0,0,0
2016-11-11,342.25,345.0,339.0,340.75,0,0,0,0
2016-11-14,340.75,341.0,335.5,337.0,0,0,0,0
2016-11-15,336.75,342.25,335.75,342.0,0,0,0,0
2016-11-16,349.0,351.25,346.25,347.5,0,0,0,0
2016-11-17,347.5,351.0,345.75,350.0,0,0,0,0
2016-11-18,350.0,354.25,348.25,353.75,0,0,0,0
2016-11-21,353.75,358.0,352.75,357.75,0,0,0,0
2016-11-22,357.75,359.5,354.0,358.75,0,0,0,0
2016-11-23,358.75,359.5,354.25,359.0,0,0,0,0
2016-11-24,359.0,359.0,359.0,359.0,0,0,0,0
2016-11-25,359.0,359.25,357.25,358.0,0,0,0,0
2016-11-28,358.0,362.5,355.75,358.0,0,0,0,0
2016-11-29,358.0,358.0,348.0,348.0,0,0,0,0
2016-11-30,349.0,353.0,347.75,348.5,0,0,0,0
2016-12-01,349.0,349.75,341.75,343.25,0,0,0,0
2016-12-02,343.25,347.75,343.0,347.0,0,0,0,0
2016-12-05,347.0,359.75,347.0,358.25,0,0,0,0
2016-12-06,358.0,364.0,357.5,359.0,0,0,0,0
2016-12-07,359.0,360.5,356.0,358.25,0,0,0,0
2016-12-08,358.25,360.0,350.25,354.25,0,0,0,0
2016-12-09,354.25,359.75,351.25,358.75,0,0,0,0
2016-12-12,358.75,361.0,356.0,360.0,0,0,0,0
2016-12-13,360.0,364.75,359.25,361.5,0,0,0,0
2016-12-14,361.5,362.0,358.25,361.75,0,0,0,0
2016-12-15,361.5,363.0,356.25,356.25,0,0,0,0
2016-12-16,356.25,359.0,353.5,357.25,0,0,0,0
2016-12-19,357.25,357.25,351.5,353.75,0,0,0,0
2016-12-20,353.75,353.75,349.25,350.25,0,0,0,0
2016-12-21,350.0,351.25,346.75,347.5,0,0,0,0
2016-12-22,347.25,348.0,346.0,347.5,0,0,0,0
2016-12-23,347.0,347.75,345.5,345.75,0,0,0,0
2016-12-26,345.75,345.75,345.75,345.75,0,0,0,0
2016-12-27,345.75,356.0,345.75,355.0,0,0,0,0
2016-12-28,355.0,355.0,347.25,348.5,0,0,0,0
2016-12-29,348.25,351.0,347.5,349.75,0,0,0,0
2016-12-30,349.5,353.0,347.75,351.0,0,0,0,0
2017-01-02,351.0,351.0,351.0,351.0,0,0,0,0
2017-01-03,351.0,358.5,351.0,355.75,0,0,0,0
2017-01-04,355.75,360.0,354.75,360.0,0,0,0,0
2017-01-05,360.0,362.75,358.5,361.25,0,0,0,0
2017-01-06,361.25,362.5,356.75,358.75,0,0,0,0
2017-01-09,358.75,360.75,355.25,359.5,0,0,0,0
2017-01-10,359.5,359.5,357.25,357.5,0,0,0,0
2017-01-11,357.5,358.25,352.0,357.0,0,0,0,0
2017-01-12,357.0,360.0,353.0,358.0,0,0,0,0
2017-01-13,358.0,359.5,355.25,358.75,0,0,0,0
2017-01-16,358.75,358.75,358.75,358.75,0,0,0,0
2017-01-17,358.75,366.5,358.5,365.25,0,0,0,0
2017-01-18,365.25,367.75,362.75,364.25,0,0,0,0
2017-01-19,364.25,367.5,362.75,366.5,0,0,0,0
2017-01-20,366.5,370.0,365.0,370.0,0,0,0,0
2017-01-23,370.0,370.0,367.5,369.75,0,0,0,0
2017-01-24,369.75,371.0,362.25,363.5,0,0,0,0
2017-01-25,363.5,366.75,361.0,366.0,0,0,0,0
2017-01-26,366.0,366.75,362.0,363.75,0,0,0,0
2017-01-27,363.75,364.25,360.5,363.0,0,0,0,0
2017-01-30,363.0,363.0,355.75,358.25,0,0,0,0
2017-01-31,358.25,361.25,357.75,359.5,0,0,0,0
2017-02-01,359.5,368.5,358.0,367.5,0,0,0,0
2017-02-02,367.5,369.75,366.25,366.75,0,0,0,0
2017-02-03,366.75,367.75,364.0,364.5,0,0,0,0
2017-02-06,364.5,368.75,362.5,363.75,0,0,0,0
2017-02-07,363.75,369.0,362.5,368.75,0,0,0,0
2017-02-08,368.0,371.0,366.5,369.75,0,0,0,0
2017-02-09,369.75,372.75,367.5,368.75,0,0,0,0
2017-02-10,368.75,375.5,368.5,373.75,0,0,0,0
2017-02-13,373.75,376.75,371.75,375.25,0,0,0,0
2017-02-14,375.25,375.25,373.0,374.25,0,0,0,0
2017-02-15,374.0,379.0,371.75,378.75,0,0,0,0
2017-02-16,385.75,387.25,380.25,380.5,0,0,0,0
2017-02-17,380.5,380.75,375.25,375.75,0,0,0,0
2017-02-20,375.75,375.75,375.75,375.75,0,0,0,0
2017-02-21,375.75,377.75,373.5,376.5,0,0,0,0
2017-02-22,376.5,379.75,376.25,377.75,0,0,0,0
2017-02-23,377.75,379.0,372.25,372.5,0,0,0,0
2017-02-24,372.5,373.5,369.25,371.5,0,0,0,0
2017-02-27,371.5,372.5,367.25,369.25,0,0,0,0
2017-02-28,369.25,386.25,368.5,373.0,0,0,0,0
2017-03-01,373.0,382.25,372.25,382.0,0,0,0,0
2017-03-02,382.0,382.25,376.75,378.5,0,0,0,0
2017-03-03,378.5,381.75,377.5,380.75,0,0,0,0
2017-03-06,380.75,383.0,376.5,378.5,0,0,0,0
2017-03-07,378.5,379.75,373.25,376.0,0,0,0,0
2017-03-08,376.0,376.5,371.75,372.75,0,0,0,0
2017-03-09,372.75,374.0,366.0,367.0,0,0,0,0
2017-03-10,367.0,367.75,362.5,364.75,0,0,0,0
2017-03-13,364.0,365.0,360.5,360.75,0,0,0,0
2017-03-14,361.25,364.5,360.0,362.25,0,0,0,0
2017-03-15,362.5,364.75,362.0,363.5,0,0,0,0
2017-03-16,364.0,367.0,363.75,366.25,0,0,0,0
2017-03-17,366.25,367.75,364.5,367.75,0,0,0,0
2017-03-20,369.0,370.75,363.0,363.25,0,0,0,0
2017-03-21,363.25,364.0,359.25,361.25,0,0,0,0
2017-03-22,361.25,361.75,358.25,358.25,0,0,0,0
2017-03-23,358.5,359.75,356.25,356.5,0,0,0,0
2017-03-24,357.0,358.0,355.25,355.75,0,0,0,0
2017-03-27,356.75,358.25,354.25,356.25,0,0,0,0
2017-03-28,356.25,358.75,355.75,357.25,0,0,0,0
2017-03-29,357.5,360.75,356.5,358.0,0,0,0,0
2017-03-30,358.25,358.75,356.75,357.75,0,0,0,0
2017-03-31,357.75,366.75,355.0,364.75,0,0,0,0
2017-04-03,365.5,371.75,365.5,367.25,0,0,0,0
2017-04-04,367.0,369.75,362.75,363.25,0,0,0,0
2017-04-05,363.0,365.75,361.5,364.5,0,0,0,0
2017-04-06,364.0,365.5,360.0,360.75,0,0,0,0
2017-04-07,360.75,361.75,357.25,359.75,0,0,0,0
2017-04-10,359.5,367.0,359.0,366.25,0,0,0,0
2017-04-11,366.0,369.0,362.25,366.0,0,0,0,0
2017-04-12,366.75,371.5,366.25,368.75,0,0,0,0
2017-04-13,369.0,373.0,368.5,370.75,0,0,0,0
2017-04-14,370.75,370.75,370.75,370.75,0,0,0,0
2017-04-17,377.75,378.75,372.0,373.0,0,0,0,0
2017-04-18,373.0,374.5,367.25,367.75,0,0,0,0
2017-04-19,367.75,371.75,367.25,368.5,0,0,0,0
2017-04-20,368.25,370.75,363.75,363.75,0,0,0,0
2017-04-21,363.75,365.25,360.75,363.0,0,0,0,0
2017-04-24,364.5,367.0,362.5,365.5,0,0,0,0
2017-04-25,365.75,374.75,362.5,371.5,0,0,0,0
2017-04-26,371.5,374.5,366.0,366.0,0,0,0,0
2017-04-27,366.5,371.25,366.0,368.0,0,0,0,0
2017-04-28,367.5,369.0,363.5,365.5,0,0,0,0
2017-05-01,371.25,379.0,369.5,376.75,0,0,0,0
2017-05-02,376.75,378.25,370.25,372.25,0,0,0,0
2017-05-03,372.0,375.75,370.0,374.25,0,0,0,0
2017-05-04,374.25,376.0,366.0,367.25,0,0,0,0
2017-05-05,367.5,373.75,366.75,371.5,0,0,0,0
2017-05-08,369.5,371.25,365.0,366.5,0,0,0,0
2017-05-09,366.0,369.5,365.75,367.0,0,0,0,0
2017-05-10,366.5,374.0,366.0,373.0,0,0,0,0
2017-05-11,373.25,373.75,368.75,369.25,0,0,0,0
2017-05-12,369.0,371.5,368.0,371.25,0,0,0,0
2017-05-15,370.5,371.75,367.25,367.5,0,0,0,0
2017-05-16,367.25,368.75,365.25,367.0,0,0,0,0
2017-05-17,366.75,372.25,366.25,371.75,0,0,0,0
2017-05-18,371.25,371.5,364.25,365.75,0,0,0,0
2017-05-19,366.25,373.0,366.0,372.25,0,0,0,0
2017-05-22,373.0,377.5,371.75,375.25,0,0,0,0
2017-05-23,374.5,375.75,369.0,370.0,0,0,0,0
2017-05-24,370.25,371.5,368.75,370.5,0,0,0,0
2017-05-25,371.0,373.0,368.75,369.25,0,0,0,0
2017-05-26,369.5,374.75,368.75,373.75,0,0,0,0
2017-05-29,373.75,373.75,373.75,373.75,0,0,0,0
2017-05-30,373.75,373.75,366.25,366.75,0,0,0,0
2017-05-31,370.0,376.5,369.0,371.5,0,0,0,0
2017-06-01,371.5,373.75,367.5,370.75,0,0,0,0
2017-06-02,370.25,374.75,369.5,372.0,0,0,0,0
2017-06-05,374.25,375.5,372.0,373.0,0,0,0,0
2017-06-06,371.75,379.75,371.25,378.5,0,0,0,0
2017-06-07,378.25,387.0,378.25,385.0,0,0,0,0
2017-06-08,385.25,391.75,384.25,384.25,0,0,0,0
2017-06-09,384.25,389.5,380.75,388.0,0,0,0,0
2017-06-12,386.0,387.25,376.25,376.75,0,0,0,0
2017-06-13,379.25,383.75,377.5,381.25,0,0,0,0
2017-06-14,381.25,385.0,376.75,376.75,0,0,0,0
2017-06-15,376.5,382.0,370.0,378.25,0,0,0,0
2017-06-16,386.5,392.25,385.0,392.0,0,0,0,0
2017-06-19,386.25,389.25,383.0,383.25,0,0,0,0
2017-06-20,384.0,385.5,377.0,377.5,0,0,0,0
2017-06-21,377.75,381.25,376.0,377.0,0,0,0,0
2017-06-22,376.5,377.25,370.5,370.75,0,0,0,0
2017-06-23,362.75,364.75,356.5,359.0,0,0,0,0
2017-06-26,358.25,361.75,357.25,360.0,0,0,0,0
2017-06-27,361.25,364.25,359.25,359.25,0,0,0,0
2017-06-28,359.5,360.5,356.75,357.25,0,0,0,0
2017-06-29,356.75,362.25,356.25,359.5,0,0,0,0
2017-06-30,360.0,372.5,359.5,370.0,0,0,0,0
2017-07-03,384.25,396.0,383.25,385.0,0,0,0,0
2017-07-04,385.0,385.0,385.0,385.0,0,0,0,0
2017-07-05,385.0,394.25,385.0,392.25,0,0,0,0
2017-07-06,390.25,391.5,382.0,391.0,0,0,0,0
2017-07-07,389.5,397.0,388.25,391.75,0,0,0,0
2017-07-10,396.75,402.5,396.5,402.25,0,0,0,0
2017-07-11,403.25,404.75,394.5,401.0,0,0,0,0
2017-07-12,399.75,400.75,384.5,385.5,0,0,0,0
2017-07-13,383.5,385.25,368.5,370.75,0,0,0,0
2017-07-14,370.25,378.5,370.0,377.0,0,0,0,0
2017-07-17,376.0,378.75,370.5,376.25,0,0,0,0
2017-07-18,380.5,388.75,375.25,377.0,0,0,0,0
2017-07-19,376.5,389.0,374.25,383.25,0,0,0,0
2017-07-20,383.0,393.25,380.5,392.0,0,0,0,0
2017-07-21,390.75,391.0,378.5,380.0,0,0,0,0
2017-07-24,375.0,377.5,371.0,376.5,0,0,0,0
2017-07-25,381.75,383.75,368.5,369.25,0,0,0,0
2017-07-26,368.5,373.25,366.0,373.0,0,0,0,0
2017-07-27,374.0,377.25,373.0,373.5,0,0,0,0
2017-07-28,373.5,377.0,373.0,375.25,0,0,0,0
2017-07-31,370.75,372.25,367.5,372.0,0,0,0,0
2017-08-01,368.75,371.5,362.0,363.0,0,0,0,0
2017-08-02,364.5,367.25,363.75,364.5,0,0,0,0
2017-08-03,365.0,367.25,361.25,364.0,0,0,0,0
2017-08-04,364.0,368.0,363.25,367.25,0,0,0,0
2017-08-07,368.75,372.5,368.5,372.0,0,0,0,0
2017-08-08,372.25,374.25,368.25,369.25,0,0,0,0
2017-08-09,369.0,372.5,368.75,371.5,0,0,0,0
2017-08-10,371.75,375.5,356.5,359.5,0,0,0,0
2017-08-11,359.5,361.5,357.25,361.25,0,0,0,0
2017-08-14,359.0,363.0,356.0,362.5,0,0,0,0
2017-08-15,361.0,361.0,354.0,355.5,0,0,0,0
2017-08-16,355.0,356.75,349.25,353.0,0,0,0,0
2017-08-17,352.5,353.75,349.5,350.0,0,0,0,0
2017-08-18,350.0,352.5,349.75,351.25,0,0,0,0
2017-08-21,350.0,350.75,346.5,348.0,0,0,0,0
2017-08-22,348.75,351.0,346.0,346.5,0,0,0,0
2017-08-23,346.75,348.75,341.5,342.0,0,0,0,0
2017-08-24,341.75,342.75,340.25,342.25,0,0,0,0
2017-08-25,342.25,342.75,338.0,338.5,0,0,0,0
2017-08-28,339.0,340.25,335.5,335.75,0,0,0,0
2017-08-29,335.75,336.0,332.0,333.25,0,0,0,0
2017-08-30,333.0,334.0,329.0,329.25,0,0,0,0
2017-08-31,329.25,342.75,328.5,341.75,0,0,0,0
2017-09-01,356.75,360.75,353.25,354.75,0,0,0,0
2017-09-04,354.75,354.75,354.75,354.75,0,0,0,0
2017-09-05,355.0,360.5,355.0,357.5,0,0,0,0
2017-09-06,357.25,362.0,356.0,360.75,0,0,0,0
2017-09-07,359.75,360.25,354.75,355.0,0,0,0,0
2017-09-08,355.25,358.75,355.0,356.5,0,0,0,0
2017-09-11,356.5,359.25,354.75,358.0,0,0,0,0
2017-09-12,356.75,357.25,345.5,349.0,0,0,0,0
2017-09-13,351.25,356.75,350.25,352.75,0,0,0,0
2017-09-14,353.0,356.25,352.5,354.25,0,0,0,0
2017-09-15,353.25,355.5,352.5,354.75,0,0,0,0
2017-09-18,353.5,355.5,350.5,351.5,0,0,0,0
2017-09-19,351.25,353.25,346.5,348.25,0,0,0,0
2017-09-20,347.75,351.5,347.25,350.25,0,0,0,0
2017-09-21,349.5,351.25,348.5,350.0,0,0,0,0
2017-09-22,350.0,356.25,349.5,353.5,0,0,0,0
2017-09-25,352.75,355.0,351.25,353.5,0,0,0,0
2017-09-26,352.75,355.5,351.5,352.0,0,0,0,0
2017-09-27,352.0,354.5,348.5,353.75,0,0,0,0
2017-09-28,353.5,353.75,350.5,352.75,0,0,0,0
2017-09-29,351.75,358.0,350.0,356.25,0,0,0,0
2017-10-02,355.0,356.25,351.0,351.5,0,0,0,0
2017-10-03,351.25,351.5,348.75,349.25,0,0,0,0
2017-10-04,349.0,349.5,346.0,348.25,0,0,0,0
2017-10-05,348.5,351.25,347.5,349.5,0,0,0,0
2017-10-06,349.5,351.0,348.5,349.75,0,0,0,0
2017-10-09,350.75,351.75,348.0,349.5,0,0,0,0
2017-10-10,349.0,351.25,348.25,349.0,0,0,0,0
2017-10-11,348.75,349.0,345.5,345.75,0,0,0,0
2017-10-12,346.0,354.0,342.5,348.75,0,0,0,0
2017-10-13,348.5,353.5,348.25,352.75,0,0,0,0
2017-10-16,352.75,353.25,349.75,351.0,0,0,0,0
2017-10-17,350.25,351.75,348.5,350.5,0,0,0,0
2017-10-18,350.5,350.5,347.75,348.75,0,0,0,0
2017-10-19,349.0,351.5,348.5,348.75,0,0,0,0
2017-10-20,348.75,350.0,344.25,344.25,0,0,0,0
2017-10-23,344.25,351.75,343.0,351.0,0,0,0,0
2017-10-24,351.25,353.0,349.5,352.75,0,0,0,0
2017-10-25,352.25,355.25,350.5,350.75,0,0,0,0
2017-10-26,350.75,352.0,349.5,350.5,0,0,0,0
2017-10-27,350.25,350.25,347.5,348.25,0,0,0,0
2017-10-30,348.75,349.75,347.25,348.75,0,0,0,0
2017-10-31,348.25,348.75,345.5,345.5,0,0,0,0
2017-11-01,345.5,349.25,345.25,348.25,0,0,0,0
2017-11-02,348.0,352.0,347.5,350.5,0,0,0,0
2017-11-03,350.25,351.0,347.5,349.0,0,0,0,0
2017-11-06,349.0,350.25,347.75,348.0,0,0,0,0
2017-11-07,348.0,348.25,346.25,347.5,0,0,0,0
2017-11-08,347.25,349.0,345.75,347.5,0,0,0,0
2017-11-09,347.5,349.75,340.75,342.0,0,0,0,0
2017-11-10,342.0,344.0,341.0,343.5,0,0,0,0
2017-11-13,343.5,344.0,341.5,342.25,0,0,0,0
2017-11-14,342.0,342.25,337.25,337.5,0,0,0,0
2017-11-15,337.25,339.0,337.0,338.5,0,0,0,0
2017-11-16,338.25,339.0,336.25,336.75,0,0,0,0
2017-11-17,336.5,343.5,336.5,343.25,0,0,0,0
2017-11-20,343.25,345.25,341.5,344.75,0,0,0,0
2017-11-21,344.75,345.75,342.75,344.75,0,0,0,0
2017-11-22,344.25,347.0,344.0,344.5,0,0,0,0
2017-11-23,344.5,344.5,344.5,344.5,0,0,0,0
2017-11-24,344.5,345.75,339.75,342.0,0,0,0,0
2017-11-27,342.0,342.5,338.5,339.25,0,0,0,0
2017-11-28,339.0,339.5,335.75,335.75,0,0,0,0
2017-11-29,335.75,340.0,335.5,340.0,0,0,0,0
2017-11-30,340.0,343.0,337.5,341.75,0,0,0,0
2017-12-01,355.75,359.5,354.75,359.0,0,0,0,0
2017-12-04,359.0,360.5,352.5,353.0,0,0,0,0
2017-12-05,353.0,357.0,352.75,353.75,0,0,0,0
2017-12-06,353.75,356.0,351.0,352.5,0,0,0,0
2017-12-07,352.25,353.5,350.5,351.5,0,0,0,0
2017-12-08,351.25,354.0,351.25,352.5,0,0,0,0
2017-12-11,352.5,352.5,348.25,349.75,0,0,0,0
2017-12-12,349.75,353.0,347.5,348.0,0,0,0,0
2017-12-13,348.25,350.0,347.75,349.0,0,0,0,0
2017-12-14,349.0,350.75,348.0,348.75,0,0,0,0
2017-12-15,348.75,350.75,346.5,347.25,0,0,0,0
2017-12-18,347.25,348.75,346.5,347.0,0,0,0,0
2017-12-19,347.0,348.75,346.5,347.5,0,0,0,0
2017-12-20,347.5,349.75,347.25,349.25,0,0,0,0
2017-12-21,349.0,351.75,348.5,351.0,0,0,0,0
2017-12-22,351.0,352.5,350.5,352.25,0,0,0,0
2017-12-25,352.25,352.25,352.25,352.25,0,0,0,0
2017-12-26,352.25,353.25,351.0,352.5,0,0,0,0
2017-12-27,352.0,354.25,351.75,353.25,0,0,0,0
2017-12-28,353.0,353.5,350.0,351.5,0,0,0,0
2017-12-29,351.5,351.5,350.25,351.0,0,0,0,0
2018-01-01,351.0,351.0,351.0,351.0,0,0,0,0
2018-01-02,351.0,354.0,350.5,353.25,0,0,0,0
2018-01-03,353.0,354.75,352.25,353.0,0,0,0,0
2018-01-04,352.75,353.5,350.25,351.0,0,0,0,0
2018-01-05,351.0,352.25,350.25,351.25,0,0,0,0
2018-01-08,351.25,351.5,346.75,347.5,0,0,0,0
2018-01-09,347.5,350.0,347.25,348.75,0,0,0,0
2018-01-10,348.75,350.0,348.0,349.0,0,0,0,0
2018-01-11,349.0,350.5,348.0,348.75,0,0,0,0
2018-01-12,348.5,350.0,345.5,347.25,0,0,0,0
2018-01-15,347.25,347.25,347.25,347.25,0,0,0,0
2018-01-16,347.25,349.25,346.0,348.5,0,0,0,0
2018-01-17,348.5,353.25,348.25,352.25,0,0,0,0
2018-01-18,352.25,354.0,350.5,351.25,0,0,0,0
2018-01-19,351.5,354.0,351.25,352.5,0,0,0,0
2018-01-22,352.5,354.5,351.25,352.0,0,0,0,0
2018-01-23,352.0,352.0,349.5,351.5,0,0,0,0
2018-01-24,351.25,357.0,349.75,356.5,0,0,0,0
2018-01-25,356.0,358.0,354.5,355.5,0,0,0,0
2018-01-26,355.5,357.0,354.5,356.25,0,0,0,0
2018-01-29,356.25,359.25,356.25,358.5,0,0,0,0
2018-01-30,358.5,362.25,358.5,361.25,0,0,0,0
2018-01-31,361.25,362.0,359.5,361.5,0,0,0,0
2018-02-01,360.5,362.0,358.5,361.5,0,0,0,0
2018-02-02,361.5,362.5,359.5,361.0,0,0,0,0
2018-02-05,361.0,361.0,357.25,358.75,0,0,0,0
2018-02-06,358.75,364.0,356.25,363.5,0,0,0,0
2018-02-07,363.5,365.75,362.5,365.0,0,0,0,0
2018-02-08,365.0,367.75,364.5,364.75,0,0,0,0
2018-02-09,364.75,365.5,361.5,362.0,0,0,0,0
2018-02-12,362.0,367.0,362.0,366.75,0,0,0,0
2018-02-13,366.75,368.5,366.0,366.5,0,0,0,0
2018-02-14,366.5,368.5,364.75,366.75,0,0,0,0
2018-02-15,366.75,368.75,365.5,368.25,0,0,0,0
2018-02-16,368.25,368.5,366.5,367.25,0,0,0,0
2018-02-19,367.25,367.25,367.25,367.25,0,0,0,0
2018-02-20,367.25,370.0,365.25,365.5,0,0,0,0
2018-02-21,365.5,368.5,364.25,365.5,0,0,0,0
2018-02-22,365.5,367.0,364.25,366.75,0,0,0,0
2018-02-23,366.75,367.75,365.25,366.25,0,0,0,0
2018-02-26,366.5,370.0,366.5,368.5,0,0,0,0
2018-02-27,368.5,371.0,367.75,370.5,0,0,0,0
2018-02-28,370.5,376.75,369.75,374.0,0,0,0,0
2018-03-01,381.25,386.5,379.5,386.25,0,0,0,0
2018-03-02,386.25,388.0,383.5,384.75,0,0,0,0
2018-03-05,384.75,387.5,384.0,387.25,0,0,0,0
2018-03-06,387.25,388.5,385.5,387.75,0,0,0,0
2018-03-07,387.75,389.0,386.75,386.75,0,0,0,0
2018-03-08,386.75,393.75,385.75,393.25,0,0,0,0
2018-03-09,393.25,393.25,389.75,390.75,0,0,0,0
2018-03-12,389.25,391.25,387.0,390.0,0,0,0,0
2018-03-13,389.75,395.25,389.75,391.75,0,0,0,0
2018-03-14,391.0,393.25,388.0,388.5,0,0,0,0
2018-03-15,388.0,390.75,385.5,386.75,0,0,0,0
2018-03-16,386.0,387.5,382.5,382.75,0,0,0,0
2018-03-19,381.5,382.0,374.75,375.75,0,0,0,0
2018-03-20,375.0,377.0,373.25,374.5,0,0,0,0
2018-03-21,375.25,375.75,373.75,375.0,0,0,0,0
2018-03-22,375.5,377.5,374.0,376.0,0,0,0,0
2018-03-23,376.5,378.25,369.25,377.0,0,0,0,0
2018-03-26,378.0,380.75,373.5,374.25,0,0,0,0
2018-03-27,374.0,376.0,372.25,374.0,0,0,0,0
2018-03-28,374.5,375.0,372.0,373.25,0,0,0,0
2018-03-29,373.75,389.25,373.75,387.75,0,0,0,0
2018-03-30,387.75,387.75,387.75,387.75,0,0,0,0
2018-04-02,388.75,392.5,387.0,387.5,0,0,0,0
2018-04-03,386.75,392.0,386.75,388.0,0,0,0,0
2018-04-04,388.25,389.0,372.0,380.5,0,0,0,0
2018-04-05,382.0,389.5,380.75,389.25,0,0,0,0
2018-04-06,382.5,390.0,382.0,388.75,0,0,0,0
2018-04-09,389.75,392.5,388.75,390.75,0,0,0,0
2018-04-10,390.25,392.25,388.5,389.75,0,0,0,0
2018-04-11,389.5,390.5,385.75,386.75,0,0,0,0
2018-04-12,386.25,389.25,385.0,388.5,0,0,0,0
2018-04-13,388.25,389.25,385.0,385.25,0,0,0,0
2018-04-16,385.0,386.25,382.0,382.5,0,0,0,0
2018-04-17,382.75,384.5,379.75,380.25,0,0,0,0
2018-04-18,380.5,383.5,380.0,382.5,0,0,0,0
2018-04-19,383.0,383.5,380.75,381.5,0,0,0,0
2018-04-20,381.5,381.75,376.25,376.75,0,0,0,0
2018-04-23,376.75,379.25,376.25,378.5,0,0,0,0
2018-04-24,378.5,381.5,377.0,380.75,0,0,0,0
2018-04-25,381.25,387.25,380.5,385.5,0,0,0,0
2018-04-26,386.0,387.0,384.0,386.0,0,0,0,0
2018-04-27,385.5,390.5,385.25,390.5,0,0,0,0
2018-04-30,393.75,394.0,391.75,392.25,0,0,0,0
2018-05-01,400.75,406.0,399.75,405.0,0,0,0,0
2018-05-02,405.0,406.25,403.75,405.5,0,0,0,0
2018-05-03,404.75,408.25,403.25,408.0,0,0,0,0
2018-05-04,407.75,408.25,405.5,406.0,0,0,0,0
2018-05-07,405.25,405.75,400.25,400.75,0,0,0,0
2018-05-08,400.25,404.0,399.25,403.75,0,0,0,0
2018-05-09,404.0,404.75,402.0,402.5,0,0,0,0
2018-05-10,403.25,407.0,400.0,400.75,0,0,0,0
2018-05-11,401.5,401.75,395.75,396.75,0,0,0,0
2018-05-14,395.0,397.5,394.25,396.25,0,0,0,0
2018-05-15,396.25,402.5,396.0,402.0,0,0,0,0
2018-05-16,402.0,404.75,398.0,399.0,0,0,0,0
2018-05-17,399.0,402.0,395.0,395.0,0,0,0,0
2018-05-18,395.0,403.5,395.0,401.75,0,0,0,0
2018-05-21,405.5,407.5,401.25,402.25,0,0,0,0
2018-05-22,402.5,407.0,401.0,404.5,0,0,0,0
2018-05-23,404.5,409.0,403.0,408.25,0,0,0,0
2018-05-24,408.25,412.25,403.75,404.0,0,0,0,0
2018-05-25,403.75,406.75,403.25,406.5,0,0,0,0
2018-05-28,406.5,406.5,406.5,406.5,0,0,0,0
2018-05-29,409.0,410.0,397.5,399.75,0,0,0,0
2018-05-30,398.25,398.25,390.75,393.0,0,0,0,0
2018-05-31,393.75,398.5,393.25,393.5,0,0,0,0
2018-06-01,394.5,397.0,390.75,390.75,0,0,0,0
2018-06-04,389.5,389.5,380.5,380.5,0,0,0,0
2018-06-05,380.75,385.25,380.0,383.5,0,0,0,0
2018-06-06,384.5,386.5,378.0,379.0,0,0,0,0
2018-06-07,379.25,382.0,374.25,376.5,0,0,0,0
2018-06-08,376.25,379.0,373.5,377.0,0,0,0,0
2018-06-11,376.75,379.0,366.75,367.0,0,0,0,0
2018-06-12,368.0,379.5,367.25,377.0,0,0,0,0
2018-06-13,377.25,379.75,373.25,376.0,0,0,0,0
2018-06-14,374.0,374.75,362.5,363.25,0,0,0,0
2018-06-15,364.75,368.25,355.25,362.5,0,0,0,0
2018-06-18,359.75,362.0,354.0,355.5,0,0,0,0
2018-06-19,356.0,357.75,338.75,353.75,0,0,0,0
2018-06-20,354.25,357.0,347.5,354.0,0,0,0,0
2018-06-21,354.5,359.0,349.25,357.5,0,0,0,0
2018-06-22,358.0,359.75,355.0,357.0,0,0,0,0
2018-06-25,358.5,359.5,349.25,349.5,0,0,0,0
2018-06-26,350.5,355.5,348.0,352.0,0,0,0,0
2018-06-27,352.5,356.5,351.5,352.0,0,0,0,0
2018-06-28,351.5,352.5,344.5,344.75,0,0,0,0
2018-06-29,355.75,365.0,354.75,359.25,0,0,0,0
2018-07-02,360.5,362.25,346.75,348.0,0,0,0,0
2018-07-03,349.0,354.5,348.0,352.75,0,0,0,0
2018-07-04,352.75,352.75,352.75,352.75,0,0,0,0
2018-07-05,352.75,357.75,350.25,351.25,0,0,0,0
2018-07-06,350.5,361.25,349.5,359.5,0,0,0,0
2018-07-09,358.5,359.0,350.5,354.0,0,0,0,0
2018-07-10,353.0,354.0,344.25,347.5,0,0,0,0
2018-07-11,345.25,347.5,339.75,340.75,0,0,0,0
2018-07-12,341.75,349.75,337.25,345.25,0,0,0,0
2018-07-13,345.5,346.5,339.0,340.25,0,0,0,0
2018-07-16,339.5,345.75,338.75,341.75,0,0,0,0
2018-07-17,345.0,348.75,344.25,346.5,0,0,0,0
2018-07-18,346.75,349.0,346.0,346.75,0,0,0,0
2018-07-19,347.0,352.0,345.0,351.0,0,0,0,0
2018-07-20,351.25,355.75,349.75,354.5,0,0,0,0
2018-07-23,355.75,358.5,354.5,357.0,0,0,0,0
2018-07-24,355.5,356.5,351.5,352.75,0,0,0,0
2018-07-25,352.25,360.0,352.25,358.25,0,0,0,0
2018-07-26,361.0,365.75,360.25,360.5,0,0,0,0
2018-07-27,360.25,363.75,359.5,361.5,0,0,0,0
2018-07-30,364.5,369.25,363.5,367.0,0,0,0,0
2018-07-31,367.0,374.25,366.25,372.25,0,0,0,0
2018-08-01,371.75,373.0,364.0,365.75,0,0,0,0
2018-08-02,365.75,372.75,364.75,367.25,0,0,0,0
2018-08-03,367.0,371.25,364.75,369.75,0,0,0,0
2018-08-06,370.0,371.75,368.25,370.5,0,0,0,0
2018-08-07,370.75,373.25,368.75,371.0,0,0,0,0
2018-08-08,370.25,373.75,370.0,371.0,0,0,0,0
2018-08-09,371.0,372.75,366.5,368.75,0,0,0,0
2018-08-10,367.75,369.75,357.0,357.25,0,0,0,0
2018-08-13,357.5,357.5,352.25,357.0,0,0,0,0
2018-08-14,356.75,363.0,356.5,362.0,0,0,0,0
2018-08-15,362.25,363.5,359.0,361.5,0,0,0,0
2018-08-16,361.0,367.5,360.5,365.5,0,0,0,0
2018-08-17,364.5,367.75,361.75,364.5,0,0,0,0
2018-08-20,365.5,366.0,359.5,363.0,0,0,0,0
2018-08-21,362.5,363.75,358.5,359.5,0,0,0,0
2018-08-22,359.25,359.25,352.25,352.5,0,0,0,0
2018-08-23,352.75,355.0,346.25,346.5,0,0,0,0
2018-08-24,346.5,350.0,346.25,348.5,0,0,0,0
2018-08-27,348.25,348.5,343.0,346.0,0,0,0,0
2018-08-28,345.75,347.75,340.75,340.75,0,0,0,0
2018-08-29,341.0,344.0,340.25,341.5,0,0,0,0
2018-08-30,341.25,344.0,340.5,340.5,0,0,0,0
2018-08-31,356.0,366.0,356.0,366.0,0,0,0,0
2018-09-03,366.0,366.0,366.0,366.0,0,0,0,0
2018-09-04,365.25,368.75,361.0,368.5,0,0,0,0
2018-09-05,368.5,369.75,364.0,365.25,0,0,0,0
2018-09-06,365.75,367.75,363.5,366.5,0,0,0,0
2018-09-07,366.0,368.5,363.5,367.5,0,0,0,0
2018-09-10,366.5,368.0,364.25,367.25,0,0,0,0
2018-09-11,367.25,369.0,365.5,366.5,0,0,0,0
2018-09-12,366.25,366.25,350.75,353.5,0,0,0,0
2018-09-13,354.75,355.75,348.75,350.75,0,0,0,0
2018-09-14,351.0,352.5,349.5,351.5,0,0,0,0
2018-09-17,350.75,351.75,347.75,347.75,0,0,0,0
2018-09-18,348.0,348.75,342.5,342.75,0,0,0,0
2018-09-19,343.0,346.75,343.0,345.25,0,0,0,0
2018-09-20,345.25,356.25,344.75,352.25,0,0,0,0
2018-09-21,352.5,357.75,352.25,357.75,0,0,0,0
2018-09-24,357.25,362.0,355.75,361.0,0,0,0,0
2018-09-25,360.25,364.25,357.5,363.75,0,0,0,0
2018-09-26,363.5,364.75,361.25,362.25,0,0,0,0
2018-09-27,362.75,365.75,361.25,365.0,0,0,0,0
2018-09-28,364.5,366.75,354.5,356.5,0,0,0,0
2018-10-01,357.0,366.5,356.5,365.75,0,0,0,0
2018-10-02,365.25,369.0,363.25,367.5,0,0,0,0
2018-10-03,367.5,369.0,364.5,364.5,0,0,0,0
2018-10-04,365.0,368.5,364.75,368.0,0,0,0,0
2018-10-05,367.5,369.5,363.0,368.0,0,0,0,0
2018-10-08,369.5,369.5,364.25,366.5,0,0,0,0
2018-10-09,366.25,368.0,363.75,364.75,0,0,0,0
2018-10-10,364.5,365.25,362.0,362.0,0,0,0,0
2018-10-11,361.75,373.0,360.25,368.75,0,0,0,0
2018-10-12,368.75,374.0,368.5,373.25,0,0,0,0
2018-10-15,373.25,378.5,371.75,377.25,0,0,0,0
2018-10-16,377.5,377.5,373.5,375.25,0,0,0,0
2018-10-17,375.0,376.25,373.25,373.75,0,0,0,0
2018-10-18,373.0,373.25,369.5,370.25,0,0,0,0
2018-10-19,370.25,371.0,366.0,366.25,0,0,0,0
2018-10-22,365.75,370.5,365.5,369.5,0,0,0,0
2018-10-23,369.5,372.5,368.0,370.25,0,0,0,0
2018-10-24,369.5,369.75,367.75,368.25,0,0,0,0
2018-10-25,367.75,368.25,360.5,361.75,0,0,0,0
2018-10-26,362.0,369.75,361.75,368.5,0,0,0,0
2018-10-29,368.25,371.5,365.5,367.5,0,0,0,0
2018-10-30,366.5,368.0,364.25,364.75,0,0,0,0
2018-10-31,364.75,365.25,362.5,363.25,0,0,0,0
2018-11-01,363.5,371.0,363.0,366.0,0,0,0,0
2018-11-02,366.5,373.0,365.25,371.0,0,0,0,0
2018-11-05,371.0,374.25,369.5,374.0,0,0,0,0
2018-11-06,374.0,374.5,372.0,372.5,0,0,0,0
2018-11-07,372.25,373.25,371.0,372.25,0,0,0,0
2018-11-08,372.0,379.0,366.0,373.25,0,0,0,0
2018-11-09,372.75,374.0,368.25,369.5,0,0,0,0
2018-11-12,369.0,372.5,368.0,369.75,0,0,0,0
2018-11-13,369.5,371.25,365.5,366.0,0,0,0,0
2018-11-14,366.0,368.0,365.75,366.75,0,0,0,0
2018-11-15,366.75,371.75,366.5,367.25,0,0,0,0
2018-11-16,367.25,368.75,363.25,364.75,0,0,0,0
2018-11-19,364.5,366.25,361.25,362.75,0,0,0,0
2018-11-20,362.75,363.5,361.25,361.25,0,0,0,0
2018-11-21,361.25,363.25,360.0,361.25,0,0,0,0
2018-11-22,361.25,361.25,361.25,361.25,0,0,0,0
2018-11-23,361.25,361.75,358.75,359.0,0,0,0,0
2018-11-26,359.0,360.5,355.25,356.25,0,0,0,0
2018-11-27,356.0,358.5,355.5,356.0,0,0,0,0
2018-11-28,356.0,361.5,356.0,361.0,0,0,0,0
2018-11-29,361.0,363.0,359.0,361.001,0,0,0,0
2018-11-30,373.0,378.0,372.75,376.75,0,0,0,0
2018-12-03,376.75,385.25,376.75,381.751,0,0,0,0
2018-12-04,381.0,384.75,380.0,384.751,0,0,0,0
2018-12-05,384.75,386.75,382.75,384.751,0,0,0,0
2018-12-06,384.25,384.75,380.0,382.751,0,0,0,0
2018-12-07,382.75,385.75,382.25,385.253,0,0,0,0
2018-12-10,385.25,386.0,383.25,383.251,0,0,0,0
2018-12-11,383.25,386.0,381.25,384.751,0,0,0,0
2018-12-12,384.75,387.75,384.25,385.251,0,0,0,0
2018-12-13,385.25,386.25,382.75,384.001,0,0,0,0
2018-12-14,384.0,387.5,383.0,384.752,0,0,0,0
2018-12-17,384.75,386.0,383.25,383.501,0,0,0,0
2018-12-18,383.5,386.5,383.25,385.251,0,0,0,0
2018-12-19,385.0,385.25,381.5,381.501,0,0,0,0
2018-12-20,381.75,382.75,375.0,375.501,0,0,0,0
2018-12-21,375.25,379.5,374.75,378.496,0,0,0,0
2018-12-24,378.5,379.0,375.25,377.751,0,0,0,0
2018-12-25,377.751,377.75,377.75,377.751,0,0,0,0
2018-12-26,377.75,379.25,372.5,373.251,0,0,0,0
2018-12-27,373.25,376.5,373.25,374.751,0,0,0,0
2018-12-28,374.75,377.5,374.5,375.0,0,0,0,0
2018-12-31,375.0,377.0,372.75,374.251,0,0,0,0
2019-01-01,374.251,374.25,374.25,374.251,0,0,0,0
2019-01-02,374.25,377.75,374.0,375.751,0,0,0,0
2019-01-03,375.5,380.5,374.75,380.251,0,0,0,0
2019-01-04,380.0,383.5,379.75,382.749,0,0,0,0
2019-01-07,382.75,384.0,381.75,383.001,0,0,0,0
2019-01-08,383.0,384.5,379.0,380.251,0,0,0,0
2019-01-09,380.25,383.5,380.25,382.001,0,0,0,0
2019-01-10,382.0,382.75,376.0,377.001,0,0,0,0
2019-01-11,377.0,379.25,376.75,379.002,0,0,0,0
2019-01-14,378.5,381.0,377.0,379.251,0,0,0,0
2019-01-15,379.25,381.0,371.0,371.751,0,0,0,0
2019-01-16,371.75,375.0,371.75,374.001,0,0,0,0
2019-01-17,374.0,381.5,373.75,380.501,0,0,0,0
2019-01-18,379.75,383.0,377.75,380.752,0,0,0,0
2019-01-21,380.751,380.75,380.75,380.751,0,0,0,0
2019-01-22,380.75,382.25,376.75,379.251,0,0,0,0
2019-01-23,379.25,381.75,378.0,378.751,0,0,0,0
2019-01-24,378.75,379.75,375.75,377.251,0,0,0,0
2019-01-25,377.0,380.5,376.0,380.248,0,0,0,0
2019-01-28,380.25,381.0,378.0,379.751,0,0,0,0
2019-01-29,379.75,380.75,376.0,377.751,0,0,0,0
2019-01-30,377.75,381.5,377.5,381.251,0,0,0,0
2019-01-31,381.25,381.5,375.75,376.001,0,0,0,0
2019-02-01,376.0,380.75,376.0,378.249,0,0,0,0
2019-02-04,378.25,379.75,376.5,379.501,0,0,0,0
2019-02-05,379.5,381.25,377.0,380.501,0,0,0,0
2019-02-06,380.5,380.75,379.0,380.001,0,0,0,0
2019-02-07,380.0,380.25,376.25,376.501,0,0,0,0
2019-02-08,376.5,381.75,374.0,374.249,0,0,0,0
2019-02-11,374.25,375.0,371.75,373.501,0,0,0,0
2019-02-12,373.5,378.75,373.0,377.751,0,0,0,0
2019-02-13,377.75,379.0,376.25,379.001,0,0,0,0
2019-02-14,378.75,379.0,374.0,374.501,0,0,0,0
2019-02-15,374.5,376.5,373.0,374.747,0,0,0,0
2019-02-18,374.751,374.75,374.75,374.751,0,0,0,0
2019-02-19,374.75,376.25,369.0,370.001,0,0,0,0
2019-02-20,371.5,373.5,368.5,371.001,0,0,0,0
2019-02-21,371.0,378.5,370.5,375.001,0,0,0,0
2019-02-22,375.0,377.75,374.5,375.499,0,0,0,0
2019-02-25,375.5,378.5,370.0,371.001,0,0,0,0
2019-02-26,371.0,371.25,365.5,365.751,0,0,0,0
2019-02-27,365.75,368.25,362.5,363.501,0,0,0,0
2019-02-28,363.75,364.75,361.25,361.501,0,0,0,0
2019-03-01,370.75,373.5,366.0,372.245,0,0,0,0
2019-03-04,372.25,377.75,372.25,375.001,0,0,0,0
2019-03-05,375.0,377.25,373.75,375.501,0,0,0,0
2019-03-06,376.0,376.5,370.5,371.751,0,0,0,0
2019-03-07,371.75,372.0,364.5,364.501,0,0,0,0
2019-03-08,364.5,367.5,362.25,364.249,0,0,0,0
2019-03-11,366.0,367.25,361.5,362.001,0,0,0,0
2019-03-12,362.25,367.5,361.0,365.501,0,0,0,0
2019-03-13,365.25,370.0,363.25,366.501,0,0,0,0
2019-03-14,367.0,372.25,366.25,370.001,0,0,0,0
2019-03-15,369.5,373.75,369.0,373.004,0,0,0,0
2019-03-18,374.25,375.5,370.25,371.751,0,0,0,0
2019-03-19,372.0,373.75,367.75,371.251,0,0,0,0
2019-03-20,371.25,372.5,368.75,371.251,0,0,0,0
2019-03-21,371.25,377.5,370.5,375.501,0,0,0,0
2019-03-22,375.75,380.75,375.5,378.755,0,0,0,0
2019-03-25,378.75,380.75,376.75,379.251,0,0,0,0
2019-03-26,379.0,380.5,375.5,376.501,0,0,0,0
2019-03-27,376.5,377.0,372.0,373.501,0,0,0,0
2019-03-28,373.5,374.75,372.0,373.501,0,0,0,0
2019-03-29,373.75,375.0,356.0,356.754,0,0,0,0
2019-04-01,357.0,363.0,356.75,362.001,0,0,0,0
2019-04-02,362.25,363.5,359.25,361.751,0,0,0,0
2019-04-03,361.25,364.75,360.5,363.001,0,0,0,0
2019-04-04,362.75,366.25,362.75,365.001,0,0,0,0
2019-04-05,364.5,364.75,360.5,362.0,0,0,0,0
2019-04-08,362.5,363.5,359.5,359.751,0,0,0,0
2019-04-09,359.75,362.25,355.25,360.251,0,0,0,0
2019-04-10,360.5,362.75,360.0,361.501,0,0,0,0
2019-04-11,361.0,363.0,358.5,360.001,0,0,0,0
2019-04-12,360.25,361.5,358.5,360.753,0,0,0,0
2019-04-15,361.25,364.25,361.0,362.501,0,0,0,0
2019-04-16,362.5,362.5,357.25,358.751,0,0,0,0
2019-04-17,358.0,360.0,356.75,358.001,0,0,0,0
2019-04-18,358.25,359.25,357.0,358.501,0,0,0,0
2019-04-19,358.5,358.5,358.5,358.5,0,0,0,0
2019-04-22,358.75,359.0,354.25,354.501,0,0,0,0
2019-04-23,354.75,355.0,350.25,351.001,0,0,0,0
2019-04-24,351.25,352.5,345.5,345.501,0,0,0,0
2019-04-25,346.25,351.0,342.25,347.001,0,0,0,0
2019-04-26,347.25,353.5,347.0,351.499,0,0,0,0
2019-04-29,353.0,356.0,351.25,353.001,0,0,0,0
2019-04-30,352.75,354.0,349.25,353.751,0,0,0,0
2019-05-01,362.75,369.0,362.5,368.751,0,0,0,0
2019-05-02,369.25,371.0,366.5,370.251,0,0,0,0
2019-05-03,370.25,371.75,366.0,370.246,0,0,0,0
2019-05-06,359.0,365.0,355.5,364.501,0,0,0,0
2019-05-07,365.25,368.25,363.0,367.251,0,0,0,0
2019-05-08,367.0,368.25,361.5,362.751,0,0,0,0
2019-05-09,363.0,363.0,352.5,352.501,0,0,0,0
2019-05-10,354.25,355.5,345.5,350.248,0,0,0,0
2019-05-13,351.0,357.25,343.0,356.751,0,0,0,0
2019-05-14,360.75,370.75,360.25,368.751,0,0,0,0
2019-05-15,369.0,380.0,368.0,368.751,0,0,0,0
2019-05-16,368.75,380.75,368.75,379.751,0,0,0,0
2019-05-17,380.25,384.75,380.0,382.752,0,0,0,0
2019-05-20,385.75,391.5,385.75,388.251,0,0,0,0
2019-05-21,393.25,399.0,391.25,393.501,0,0,0,0
2019-05-22,393.25,396.5,386.25,394.501,0,0,0,0
2019-05-23,394.0,399.0,387.0,390.251,0,0,0,0
2019-05-24,390.75,404.75,389.75,404.749,0,0,0,0
2019-05-27,404.75,404.75,404.75,404.751,0,0,0,0
2019-05-28,408.0,421.0,407.5,420.751,0,0,0,0
2019-05-29,429.5,438.0,412.25,416.751,0,0,0,0
2019-05-30,416.5,436.75,413.25,436.001,0,0,0,0
2019-05-31,434.75,437.5,423.25,427.495,0,0,0,0
2019-06-03,426.25,429.25,422.25,427.25,0,0,0,0
2019-06-04,435.0,436.0,431.0,433.0,0,0,0,0
2019-06-05,424.5,424.75,414.5,421.5,0,0,0,0
2019-06-06,414.75,421.25,407.0,420.75,0,0,0,0
2019-06-07,420.75,423.5,415.75,417.25,0,0,0,0
2019-06-10,413.25,416.5,409.0,415.75,0,0,0,0
2019-06-11,414.25,414.75,408.25,412.25,0,0,0,0
2019-06-12,427.5,434.5,424.0,432.75,0,0,0,0
2019-06-13,429.75,438.5,429.5,438.0,0,0,0,0
2019-06-14,442.0,448.5,441.75,447.0,0,0,0,0
2019-06-17,458.25,464.25,458.0,461.0,0,0,0,0
2019-06-18,456.0,458.0,442.75,448.751,0,0,0,0
2019-06-19,449.5,451.75,438.25,440.501,0,0,0,0
2019-06-20,441.0,450.75,436.5,450.751,0,0,0,0
2019-06-21,451.75,454.0,441.75,443.503,0,0,0,0
2019-06-24,442.0,447.75,440.25,447.001,0,0,0,0
2019-06-25,451.25,453.0,446.5,446.751,0,0,0,0
2019-06-26,446.75,447.25,440.75,443.001,0,0,0,0
2019-06-27,442.75,445.5,438.5,440.001,0,0,0,0
2019-06-28,438.5,455.0,411.0,422.748,0,0,0,0
2019-07-01,429.25,429.5,413.5,414.255,0,0,0,0
2019-07-02,423.0,425.75,421.0,421.0,0,0,0,0
2019-07-03,431.75,441.5,426.5,440.5,0,0,0,0
2019-07-05,441.0,443.5,434.5,442.0,0,0,0,0
2019-07-08,446.0,448.0,437.75,443.25,0,0,0,0
2019-07-09,436.0,443.5,433.25,435.75,0,0,0,0
2019-07-10,435.25,441.0,431.5,438.25,0,0,0,0
2019-07-11,436.0,448.5,430.25,447.25,0,0,0,0
2019-07-12,451.5,460.75,445.5,460.0,0,0,0,0
2019-07-15,457.0,464.75,446.0,447.5,0,0,0,0
2019-07-16,440.0,447.25,435.5,441.25,0,0,0,0
2019-07-17,446.5,447.0,437.25,440.25,0,0,0,0
2019-07-18,433.0,441.0,428.0,430.25,0,0,0,0
2019-07-19,432.25,439.0,428.5,436.75,0,0,0,0
2019-07-22,429.5,437.0,425.5,426.5,0,0,0,0
2019-07-23,428.0,432.75,424.0,431.0,0,0,0,0
2019-07-24,436.0,436.75,427.75,429.25,0,0,0,0
2019-07-25,430.75,432.5,426.5,426.75,0,0,0,0
2019-07-26,425.0,428.0,423.5,424.25,0,0,0,0
2019-07-29,428.0,429.75,422.25,426.75,0,0,0,0
2019-07-30,423.0,426.75,419.75,420.25,0,0,0,0
2019-07-31,417.5,423.5,409.5,409.75,0,0,0,0
2019-08-01,411.0,412.25,397.25,403.0,0,0,0,0
2019-08-02,406.0,409.75,403.0,409.0,0,0,0,0
2019-08-05,401.75,416.25,400.75,415.0,0,0,0,0
2019-08-06,412.25,416.5,409.25,412.75,0,0,0,0
2019-08-07,414.25,415.25,409.25,414.5,0,0,0,0
2019-08-08,416.75,419.75,413.0,418.5,0,0,0,0
2019-08-09,420.5,424.5,415.25,417.25,0,0,0,0
2019-08-12,413.0,417.75,392.75,392.5,0,0,0,0
2019-08-13,381.0,388.0,376.0,376.5,0,0,0,0
2019-08-14,379.0,381.0,370.0,371.0,0,0,0,0
2019-08-15,373.25,374.75,369.0,371.25,0,0,0,0
2019-08-16,372.75,381.0,371.5,380.75,0,0,0,0
2019-08-19,374.25,378.25,373.25,374.75,0,0,0,0
2019-08-20,379.5,379.75,368.25,369.0,0,0,0,0
2019-08-21,370.0,371.5,366.25,370.5,0,0,0,0
2019-08-22,372.0,374.5,368.0,370.5,0,0,0,0
2019-08-23,366.75,371.5,365.5,367.0,0,0,0,0
2019-08-26,371.0,371.25,366.25,368.25,0,0,0,0
2019-08-27,368.0,369.25,365.75,366.0,0,0,0,0
2019-08-28,365.5,373.75,364.25,371.75,0,0,0,0
2019-08-29,374.0,377.0,370.0,370.25,0,0,0,0
2019-08-30,372.25,374.5,368.75,369.0,0,0,0,0
2019-09-02,384.0,386.5,381.25,382.5,0,0,0,0
2019-09-03,366.5,370.0,360.5,360.75,0,0,0,0
2019-09-04,361.5,363.0,356.5,357.75,0,0,0,0
2019-09-05,361.0,362.75,358.25,359.25,0,0,0,0
2019-09-06,359.25,360.25,353.0,355.25,0,0,0,0
2019-09-09,354.25,357.75,352.25,353.5,0,0,0,0
2019-09-10,359.25,362.5,355.75,361.75,0,0,0,0
2019-09-11,361.5,363.5,356.75,359.5,0,0,0,0
2019-09-12,361.25,367.5,353.25,367.25,0,0,0,0
2019-09-13,371.0,372.0,365.5,369.25,0,0,0,0
2019-09-16,370.0,374.75,367.5,374.5,0,0,0,0
2019-09-17,370.25,374.25,366.0,368.25,0,0,0,0
2019-09-18,366.75,372.0,365.75,371.75,0,0,0,0
2019-09-19,371.25,373.75,369.5,372.75,0,0,0,0
2019-09-20,371.25,374.5,369.5,370.75,0,0,0,0
2019-09-23,373.75,374.5,371.0,372.5,0,0,0,0
2019-09-24,371.25,376.0,370.25,375.75,0,0,0,0
2019-09-25,376.0,377.5,372.25,374.25,0,0,0,0
2019-09-26,373.5,375.75,368.25,372.0,0,0,0,0
2019-09-27,371.0,373.0,369.75,372.0,0,0,0,0
2019-09-30,372.25,388.25,371.5,386.75,0,0,0,0
2019-10-01,386.0,392.75,385.25,391.0,0,0,0,0
2019-10-02,389.5,391.75,385.5,387.5,0,0,0,0
2019-10-03,386.0,390.75,385.5,388.25,0,0,0,0
2019-10-04,388.5,389.0,383.75,384.75,0,0,0,0
2019-10-07,386.5,387.75,385.0,386.75,0,0,0,0
2019-10-08,386.5,396.5,386.0,395.0,0,0,0,0
2019-10-09,397.0,397.25,393.0,393.25,0,0,0,0
2019-10-10,393.75,395.0,378.25,379.75,0,0,0,0
2019-10-11,386.25,398.75,380.5,398.0,0,0,0,0
2019-10-14,396.0,402.5,393.25,397.0,0,0,0,0
2019-10-15,393.75,398.5,392.5,392.75,0,0,0,0
2019-10-16,390.0,392.75,387.5,392.0,0,0,0,0
2019-10-17,394.5,397.25,391.5,393.75,0,0,0,0
2019-10-18,391.5,395.75,389.75,390.25,0,0,0,0
2019-10-21,391.75,393.75,386.5,387.0,0,0,0,0
2019-10-22,390.75,392.5,385.0,388.0,0,0,0,0
2019-10-23,386.0,389.5,384.0,388.75,0,0,0,0
2019-10-24,388.75,390.75,385.25,387.0,0,0,0,0
2019-10-25,387.0,390.0,385.75,387.5,0,0,0,0
2019-10-28,384.5,386.5,383.25,383.75,0,0,0,0
2019-10-29,383.25,387.5,382.0,386.0,0,0,0,0
2019-10-30,387.0,391.25,385.25,390.5,0,0,0,0
2019-10-31,388.5,391.0,384.75,389.5,0,0,0,0
2019-11-01,389.0,391.75,386.25,388.25,0,0,0,0
2019-11-04,385.75,387.75,383.0,383.5,0,0,0,0
2019-11-05,383.0,384.75,380.5,382.0,0,0,0,0
2019-11-06,384.0,385.0,377.5,378.5,0,0,0,0
2019-11-07,378.75,380.0,373.75,374.5,0,0,0,0
2019-11-08,374.5,383.75,372.75,376.5,0,0,0,0
2019-11-11,374.5,377.0,372.5,373.25,0,0,0,0
2019-11-12,373.0,378.0,372.75,377.75,0,0,0,0
2019-11-13,376.0,377.75,375.0,375.5,0,0,0,0
2019-11-14,375.75,377.5,374.5,375.25,0,0,0,0
2019-11-15,375.5,376.5,370.75,370.75,0,0,0,0
2019-11-18,371.5,371.75,367.5,367.5,0,0,0,0
2019-11-19,368.75,373.0,367.75,369.75,0,0,0,0
2019-11-20,368.25,370.5,365.75,366.25,0,0,0,0
2019-11-21,378.0,380.25,376.75,379.5,0,0,0,0
2019-11-22,378.0,380.5,377.75,378.25,0,0,0,0
2019-11-25,380.25,382.75,378.0,380.0,0,0,0,0
2019-11-26,379.5,380.75,377.75,377.75,0,0,0,0
2019-11-27,378.75,379.75,373.0,373.5,0,0,0,0
2019-11-29,375.25,382.0,374.25,380.75,0,0,0,0
2019-12-02,381.0,384.75,379.25,382.0,0,0,0,0
2019-12-03,381.0,384.75,380.25,381.25,0,0,0,0
2019-12-04,382.25,383.0,377.25,378.25,0,0,0,0
2019-12-05,377.75,379.5,376.25,376.25,0,0,0,0
2019-12-06,378.75,379.5,375.0,376.25,0,0,0,0
2019-12-09,377.0,378.25,375.25,375.75,0,0,0,0
2019-12-10,376.5,378.0,375.0,376.25,0,0,0,0
2019-12-11,376.0,377.0,371.0,371.25,0,0,0,0
2019-12-12,373.0,380.25,371.25,377.0,0,0,0,0
2019-12-13,382.0,385.5,377.5,381.0,0,0,0,0
2019-12-16,387.0,389.5,383.25,387.5,0,0,0,0
2019-12-17,386.75,390.5,386.25,389.25,0,0,0,0
2019-12-18,388.25,390.0,385.75,387.0,0,0,0,0
2019-12-19,387.0,389.0,385.0,386.25,0,0,0,0
2019-12-20,387.0,389.5,386.0,388.0,0,0,0,0
2019-12-23,388.0,390.25,387.25,388.5,0,0,0,0
2019-12-24,388.5,389.0,387.0,388.0,0,0,0,0
2019-12-26,388.0,389.0,386.5,388.25,0,0,0,0
2019-12-27,389.75,391.0,388.0,390.0,0,0,0,0
2019-12-30,391.5,392.0,386.75,388.25,0,0,0,0
2019-12-31,388.5,389.75,386.25,387.25,0,0,0,0
2020-01-03,389.75,392.0,385.5,385.5,0,0,0,0
2020-01-06,385.75,387.75,382.75,384.75,0,0,0,0
2020-01-07,384.0,385.75,383.5,384.5,0,0,0,0
2020-01-08,383.0,385.5,382.25,384.5,0,0,0,0
2020-01-09,386.25,387.0,382.25,383.25,0,0,0,0
2020-01-10,383.75,386.75,376.5,386.5,0,0,0,0
2020-01-13,386.75,389.5,385.5,389.25,0,0,0,0
2020-01-14,389.5,390.5,388.25,388.5,0,0,0,0
2020-01-15,389.75,390.25,386.5,387.0,0,0,0,0
2020-01-16,382.75,387.75,375.25,375.75,0,0,0,0
2020-01-17,377.75,389.5,376.75,389.25,0,0,0,0
2020-01-21,386.25,389.25,384.25,387.5,0,0,0,0
2020-01-22,389.75,391.0,386.75,388.75,0,0,0,0
2020-01-23,388.25,394.0,387.5,393.5,0,0,0,0
2020-01-24,390.25,393.25,386.5,386.5,0,0,0,0
2020-01-27,381.0,384.75,377.25,380.5,0,0,0,0
2020-01-28,381.0,387.0,378.5,385.25,0,0,0,0
2020-01-29,383.5,388.25,382.75,384.5,0,0,0,0
2020-01-30,380.75,385.0,378.5,379.75,0,0,0,0
2020-01-31,379.0,382.75,378.75,381.75,0,0,0,0
2020-02-03,379.25,382.0,376.5,378.5,0,0,0,0
2020-02-04,381.5,383.5,378.25,381.75,0,0,0,0
2020-02-05,382.25,383.25,379.5,380.5,0,0,0,0
2020-02-06,379.25,381.75,376.0,380.25,0,0,0,0
2020-02-07,381.25,385.0,380.0,382.75,0,0,0,0
2020-02-10,379.5,383.5,379.0,381.5,0,0,0,0
2020-02-11,380.5,382.0,378.0,379.5,0,0,0,0
2020-02-12,379.0,383.75,378.25,382.5,0,0,0,0
2020-02-13,381.0,382.75,379.0,379.25,0,0,0,0
2020-02-14,379.5,381.5,376.25,377.5,0,0,0,0
2020-02-18,379.5,383.0,378.0,382.5,0,0,0,0
2020-02-19,381.75,382.75,378.75,380.25,0,0,0,0
2020-02-20,378.75,381.25,378.0,378.25,0,0,0,0
2020-02-21,383.25,384.25,380.25,380.0,0,0,0,0
2020-02-24,377.0,380.0,373.5,376.5,0,0,0,0
2020-02-25,378.0,378.75,375.0,376.25,0,0,0,0
2020-02-26,376.25,378.0,372.5,374.25,0,0,0,0
2020-02-27,370.5,374.0,366.25,367.75,0,0,0,0
2020-02-28,368.5,369.75,365.75,368.25,0,0,0,0
2020-03-02,371.0,376.25,367.25,375.5,0,0,0,0
2020-03-03,379.0,384.5,376.0,380.25,0,0,0,0
2020-03-04,381.0,386.75,379.0,384.75,0,0,0,0
2020-03-05,380.75,384.5,379.5,381.5,0,0,0,0
2020-03-06,379.75,382.75,375.0,376.25,0,0,0,0
2020-03-09,369.0,375.25,366.75,373.25,0,0,0,0
2020-03-10,377.0,379.75,374.0,377.5,0,0,0,0
2020-03-11,375.5,377.25,372.25,374.0,0,0,0,0
2020-03-12,368.0,373.0,365.0,365.0,0,0,0,0
2020-03-13,370.75,371.75,363.5,366.25,0,0,0,0
2020-03-16,360.0,367.75,354.0,355.75,0,0,0,0
2020-03-17,355.25,356.75,342.75,342.75,0,0,0,0
2020-03-18,336.0,345.25,332.0,336.25,0,0,0,0
2020-03-19,341.5,354.75,336.5,344.75,0,0,0,0
2020-03-20,354.0,356.75,342.25,342.5,0,0,0,0
2020-03-23,344.75,345.5,338.25,342.0,0,0,0,0
2020-03-24,340.75,350.25,338.0,347.5,0,0,0,0
2020-03-25,350.0,352.75,345.75,349.5,0,0,0,0
2020-03-26,346.5,349.25,343.75,348.5,0,0,0,0
2020-03-27,347.25,350.0,342.5,346.0,0,0,0,0
2020-03-30,344.5,346.75,340.0,341.75,0,0,0,0
2020-03-31,340.5,344.75,333.5,341.5,0,0,0,0
2020-04-01,337.0,342.75,333.5,334.5,0,0,0,0
2020-04-02,336.0,343.25,333.0,334.0,0,0,0,0
2020-04-03,337.5,338.5,328.0,330.25,0,0,0,0
2020-04-06,328.25,331.75,325.5,327.75,0,0,0,0
2020-04-07,332.0,335.5,328.0,332.25,0,0,0,0
2020-04-08,334.0,334.0,328.25,330.5,0,0,0,0
2020-04-09,332.5,333.5,328.0,332.25,0,0,0,0
2020-04-13,330.75,334.0,326.5,331.0,0,0,0,0
2020-04-14,331.25,332.0,330.0,331.5,0,0,0,0
2020-04-15,331.0,333.0,325.0,326.75,0,0,0,0
2020-04-16,319.0,323.0,317.75,319.0,0,0,0,0
2020-04-17,328.0,332.0,326.5,329.5,0,0,0,0
2020-04-20,325.25,329.75,321.5,321.5,0,0,0,0
2020-04-21,315.0,323.25,309.0,317.5,0,0,0,0
2020-04-22,323.25,327.5,316.0,324.75,0,0,0,0
2020-04-23,329.25,331.0,322.25,326.25,0,0,0,0
2020-04-24,325.0,327.75,319.0,323.25,0,0,0,0
2020-04-27,322.0,323.0,312.0,312.75,0,0,0,0
2020-04-28,313.25,316.5,310.5,311.5,0,0,0,0
2020-04-29,311.75,318.0,309.25,314.5,0,0,0,0
2020-04-30,315.0,322.25,312.5,319.0,0,0,0,0
2020-05-01,319.5,320.25,315.5,317.75,0,0,0,0
2020-05-04,317.0,317.25,312.25,315.5,0,0,0,0
2020-05-05,315.25,318.5,314.0,317.25,0,0,0,0
2020-05-06,318.0,318.25,313.25,314.0,0,0,0,0
2020-05-07,314.0,320.5,314.0,318.25,0,0,0,0
2020-05-08,318.0,323.0,317.25,319.75,0,0,0,0
2020-05-11,320.75,322.75,317.25,317.5,0,0,0,0
2020-05-12,318.25,324.0,314.5,322.25,0,0,0,0
2020-05-13,322.0,322.0,317.75,317.75,0,0,0,0
2020-05-14,318.25,319.25,315.5,317.25,0,0,0,0
2020-05-15,317.75,320.5,316.75,319.25,0,0,0,0
2020-05-18,321.25,322.0,318.0,320.75,0,0,0,0
2020-05-19,320.75,325.5,320.5,321.25,0,0,0,0
2020-05-20,321.25,321.5,318.75,318.75,0,0,0,0
2020-05-21,319.0,320.25,316.25,317.75,0,0,0,0
2020-05-22,317.75,319.0,316.0,317.25,0,0,0,0
2020-05-26,316.75,323.0,316.5,319.5,0,0,0,0
2020-05-27,320.0,321.75,319.25,320.5,0,0,0,0
2020-05-28,320.25,330.75,319.5,327.25,0,0,0,0
2020-05-29,327.5,329.5,323.25,325.5,0,0,0,0
2020-06-01,325.5,327.75,319.25,323.75,0,0,0,0
2020-06-02,323.5,325.25,322.0,324.0,0,0,0,0
2020-06-03,324.25,324.5,321.25,324.25,0,0,0,0
2020-06-04,324.25,329.5,324.0,328.75,0,0,0,0
2020-06-05,328.75,332.5,328.25,332.25,0,0,0,0
2020-06-08,333.5,334.75,331.0,333.0,0,0,0,0
2020-06-09,332.25,334.0,326.75,327.25,0,0,0,0
2020-06-10,327.25,328.0,324.25,326.75,0,0,0,0
2020-06-11,326.0,331.0,325.25,329.5,0,0,0,0
2020-06-12,329.5,333.0,328.25,330.0,0,0,0,0
2020-06-15,329.25,330.0,325.5,329.5,0,0,0,0
2020-06-16,331.75,334.5,328.0,328.25,0,0,0,0
2020-06-17,328.0,331.25,325.0,329.75,0,0,0,0
2020-06-18,329.75,333.75,328.75,330.0,0,0,0,0
2020-06-19,329.75,333.75,327.5,332.5,0,0,0,0
2020-06-22,332.0,332.25,328.0,328.0,0,0,0,0
2020-06-23,327.5,327.5,321.25,324.5,0,0,0,0
2020-06-24,324.5,329.0,323.75,323.5,0,0,0,0
2020-06-25,333.25,333.75,324.0,327.25,0,0,0,0
2020-06-26,320.0,323.0,315.75,318.0,0,0,0,0
2020-06-29,318.5,329.0,317.5,328.0,0,0,0,0
2020-06-30,333.5,354.25,332.25,350.0,0,0,0,0
2020-07-01,350.0,363.0,349.5,359.5,0,0,0,0
2020-07-02,359.75,363.0,352.75,353.0,0,0,0,0
2020-07-06,359.5,360.0,355.25,356.25,0,0,0,0
2020-07-07,357.0,357.5,349.25,352.25,0,0,0,0
2020-07-08,351.5,354.75,347.5,353.75,0,0,0,0
2020-07-09,354.0,362.0,353.25,357.75,0,0,0,0
2020-07-10,357.0,359.5,343.75,343.75,0,0,0,0
2020-07-13,341.75,342.0,334.75,335.75,0,0,0,0
2020-07-14,336.5,339.5,333.25,333.25,0,0,0,0
2020-07-15,333.5,336.25,330.5,333.5,0,0,0,0
2020-07-16,333.75,340.5,333.5,337.5,0,0,0,0
2020-07-17,337.5,341.25,337.5,340.0,0,0,0,0
2020-07-20,339.75,340.0,332.5,335.25,0,0,0,0
2020-07-21,333.0,335.25,330.0,330.75,0,0,0,0
2020-07-22,332.0,335.0,330.25,334.5,0,0,0,0
2020-07-23,334.0,336.75,332.5,335.5,0,0,0,0
2020-07-24,335.75,337.5,334.25,335.75,0,0,0,0
2020-07-27,335.0,336.5,332.5,334.5,0,0,0,0
2020-07-28,330.5,332.5,329.0,330.0,0,0,0,0
2020-07-29,329.25,331.5,326.0,326.25,0,0,0,0
2020-07-30,326.25,329.5,326.0,326.5,0,0,0,0
2020-07-31,326.75,328.25,325.5,326.0,0,0,0,0
2020-08-03,327.5,329.0,326.0,328.5,0,0,0,0
2020-08-04,326.0,327.75,320.0,320.5,0,0,0,0
2020-08-05,321.0,323.5,320.75,322.5,0,0,0,0
2020-08-06,323.25,324.75,321.25,323.75,0,0,0,0
2020-08-07,323.5,324.25,320.0,320.75,0,0,0,0
2020-08-10,320.5,323.75,320.5,323.25,0,0,0,0
2020-08-11,323.75,327.5,322.5,323.5,0,0,0,0
2020-08-12,323.25,327.75,320.0,327.0,0,0,0,0
2020-08-13,327.5,340.75,327.5,338.25,0,0,0,0
2020-08-14,337.75,339.25,335.25,337.75,0,0,0,0
2020-08-17,340.75,345.0,340.0,344.5,0,0,0,0
2020-08-18,343.75,346.0,340.5,341.5,0,0,0,0
2020-08-19,340.5,342.25,338.0,339.25,0,0,0,0
2020-08-20,339.0,340.75,335.5,339.25,0,0,0,0
2020-08-21,339.25,341.75,338.75,340.75,0,0,0,0
2020-08-24,342.0,345.5,341.0,345.25,0,0,0,0
2020-08-25,348.75,355.0,348.0,354.0,0,0,0,0
2020-08-26,353.5,355.0,351.25,354.5,0,0,0,0
2020-08-27,357.5,359.0,352.75,357.75,0,0,0,0
2020-08-28,357.5,360.0,355.0,359.75,0,0,0,0
2020-08-31,360.0,364.25,356.25,358.25,0,0,0,0
2020-09-01,356.25,358.75,351.0,357.75,0,0,0,0
2020-09-02,354.5,359.5,354.25,358.0,0,0,0,0
2020-09-03,358.25,359.0,353.25,353.5,0,0,0,0
2020-09-04,358.75,359.25,353.75,357.25,0,0,0,0
2020-09-08,358.0,363.5,356.5,361.5,0,0,0,0
2020-09-09,360.75,361.25,358.0,360.0,0,0,0,0
2020-09-10,360.0,366.75,359.5,365.25,0,0,0,0
2020-09-11,365.0,369.5,363.75,369.25,0,0,0,0
2020-09-14,368.5,371.0,367.25,369.0,0,0,0,0
2020-09-15,369.0,369.5,365.25,366.25,0,0,0,0
2020-09-16,365.5,372.0,361.75,371.5,0,0,0,0
2020-09-17,369.5,377.25,368.0,374.75,0,0,0,0
2020-09-18,376.75,379.25,373.25,378.25,0,0,0,0
2020-09-21,377.5,378.25,368.25,370.5,0,0,0,0
2020-09-22,369.75,373.25,365.75,369.0,0,0,0,0
2020-09-23,368.25,370.25,365.75,368.25,0,0,0,0
2020-09-24,364.0,368.25,363.0,363.25,0,0,0,0
2020-09-25,363.25,367.5,363.0,365.0,0,0,0,0
2020-09-28,364.25,369.75,360.5,367.0,0,0,0,0
2020-09-29,366.75,367.75,361.0,364.25,0,0,0,0
2020-09-30,363.0,382.75,362.0,378.75,0,0,0,0
2020-10-01,379.0,385.5,378.0,382.25,0,0,0,0
2020-10-02,378.5,383.25,377.25,379.25,0,0,0,0
2020-10-05,378.75,382.5,377.75,379.25,0,0,0,0
2020-10-06,378.5,389.25,378.5,384.5,0,0,0,0
2020-10-07,384.5,392.0,384.0,389.0,0,0,0,0
2020-10-08,392.0,394.25,386.5,387.0,0,0,0,0
2020-10-09,390.0,398.25,386.5,394.25,0,0,0,0
2020-10-12,396.5,399.25,387.25,388.75,0,0,0,0
2020-10-13,389.0,392.75,388.0,391.5,0,0,0,0
2020-10-14,391.0,397.5,388.0,396.5,0,0,0,0
2020-10-15,395.0,404.25,393.5,403.75,0,0,0,0
2020-10-16,408.5,409.0,401.75,402.5,0,0,0,0
2020-10-19,404.75,406.75,400.75,404.5,0,0,0,0
2020-10-20,405.5,409.75,403.5,408.75,0,0,0,0
2020-10-21,412.0,415.25,407.75,414.0,0,0,0,0
2020-10-22,414.25,419.0,410.75,415.75,0,0,0,0
2020-10-23,415.0,420.0,414.0,419.75,0,0,0,0
2020-10-26,416.0,419.75,412.75,417.25,0,0,0,0
2020-10-27,419.0,422.25,415.5,415.75,0,0,0,0
2020-10-28,415.0,415.25,400.5,401.5,0,0,0,0
2020-10-29,397.0,404.25,393.0,397.0,0,0,0,0
2020-10-30,398.5,400.0,394.25,397.5,0,0,0,0
2020-11-02,393.0,397.75,393.0,396.0,0,0,0,0
2020-11-03,400.0,403.25,395.25,400.25,0,0,0,0
2020-11-04,400.0,406.0,396.5,404.75,0,0,0,0
2020-11-05,413.5,417.25,404.0,408.0,0,0,0,0
2020-11-06,409.75,412.0,405.75,406.0,0,0,0,0
2020-11-09,408.0,410.0,401.75,407.5,0,0,0,0
2020-11-10,411.5,427.25,406.25,421.75,0,0,0,0
2020-11-11,422.5,428.0,416.25,416.75,0,0,0,0
2020-11-12,417.25,418.5,406.25,407.25,0,0,0,0
2020-11-13,408.25,413.25,403.75,409.25,0,0,0,0
2020-11-16,409.0,416.75,409.0,416.5,0,0,0,0
2020-11-17,425.0,429.0,425.0,425.75,0,0,0,0
2020-11-18,425.25,433.0,424.0,429.5,0,0,0,0
2020-11-19,429.0,430.75,424.25,427.25,0,0,0,0
2020-11-20,426.75,433.25,426.25,428.0,0,0,0,0
2020-11-23,432.25,435.75,430.25,433.5,0,0,0,0
2020-11-24,432.25,433.5,423.25,432.25,0,0,0,0
2020-11-25,433.0,434.75,427.25,427.25,0,0,0,0
2020-11-27,428.0,435.5,425.75,435.0,0,0,0,0
2020-11-30,435.25,439.5,424.25,426.5,0,0,0,0
2020-12-01,426.5,429.0,420.25,420.25,0,0,0,0
2020-12-02,417.25,424.75,414.5,423.25,0,0,0,0
2020-12-03,424.0,427.5,422.0,426.25,0,0,0,0
2020-12-04,428.25,428.75,422.0,422.5,0,0,0,0
2020-12-07,416.5,425.25,415.25,422.5,0,0,0,0
2020-12-08,422.0,424.5,418.5,420.0,0,0,0,0
2020-12-09,420.0,424.5,419.75,423.25,0,0,0,0
2020-12-10,426.5,427.5,420.5,422.0,0,0,0,0
2020-12-11,419.75,424.5,418.0,423.75,0,0,0,0
2020-12-14,423.5,428.5,421.25,424.25,0,0,0,0
2020-12-15,421.25,425.25,420.5,425.0,0,0,0,0
2020-12-16,428.25,429.25,423.75,426.5,0,0,0,0
2020-12-17,426.25,433.0,424.25,432.25,0,0,0,0
2020-12-18,434.25,440.25,434.0,438.75,0,0,0,0
2020-12-21,435.0,440.75,430.25,440.0,0,0,0,0
2020-12-22,440.0,444.25,437.25,442.75,0,0,0,0
2020-12-23,442.75,449.75,441.5,446.75,0,0,0,0
2020-12-24,447.25,450.25,447.0,449.75,0,0,0,0
2020-12-28,452.0,457.5,448.0,456.5,0,0,0,0
2020-12-29,455.75,467.25,453.5,466.0,0,0,0,0
2020-12-30,466.0,476.0,462.0,474.0,0,0,0,0
2020-12-31,474.0,484.75,472.75,484.5,0,0,0,0
2021-01-04,491.5,497.75,479.75,484.75,0,0,0,0
2021-01-05,487.75,496.0,482.5,493.0,0,0,0,0
2021-01-06,496.5,502.75,491.5,495.75,0,0,0,0
2021-01-07,495.0,496.0,487.25,494.25,0,0,0,0
2021-01-08,495.25,501.0,494.0,497.75,0,0,0,0
2021-01-11,495.75,500.5,490.25,491.5,0,0,0,0
2021-01-12,494.0,517.25,489.25,517.25,0,0,0,0
2021-01-13,524.0,541.5,522.25,524.0,0,0,0,0
2021-01-14,525.0,536.5,519.0,534.0,0,0,0,0
2021-01-15,534.0,536.5,527.75,530.25,0,0,0,0
2021-01-19,529.75,534.25,523.25,524.75,0,0,0,0
2021-01-20,515.0,526.5,512.75,521.25,0,0,0,0
2021-01-21,521.0,531.5,519.25,523.25,0,0,0,0
2021-01-22,519.5,522.75,499.25,500.0,0,0,0,0
2021-01-25,497.5,515.5,492.5,511.25,0,0,0,0
2021-01-26,513.0,534.25,508.0,531.25,0,0,0,0
2021-01-27,543.0,543.75,529.5,533.25,0,0,0,0
2021-01-28,544.75,550.5,529.0,533.25,0,0,0,0
2021-01-29,546.75,553.75,533.25,546.75,0,0,0,0
2021-02-01,549.0,555.75,539.0,549.75,0,0,0,0
2021-02-02,542.5,552.5,540.25,542.75,0,0,0,0
2021-02-03,542.0,552.5,536.5,551.75,0,0,0,0
2021-02-04,552.0,558.0,547.0,549.25,0,0,0,0
2021-02-05,549.0,552.25,545.5,548.75,0,0,0,0
2021-02-08,554.75,565.75,548.75,564.5,0,0,0,0
2021-02-09,565.0,574.25,545.0,555.5,0,0,0,0
2021-02-10,556.0,556.25,531.75,532.5,0,0,0,0
2021-02-11,532.25,546.5,524.75,539.5,0,0,0,0
2021-02-12,542.5,546.25,536.75,539.25,0,0,0,0
2021-02-16,542.0,552.75,538.5,551.5,0,0,0,0
2021-02-17,552.0,554.75,547.5,552.25,0,0,0,0
2021-02-18,553.0,554.5,548.0,549.75,0,0,0,0
2021-02-19,551.0,555.0,540.5,542.0,0,0,0,0
2021-02-22,545.0,551.0,543.25,550.25,0,0,0,0
2021-02-23,555.0,559.25,549.75,552.75,0,0,0,0
2021-02-24,556.5,558.0,551.0,556.5,0,0,0,0
2021-02-25,546.5,558.0,541.0,549.0,0,0,0,0
2021-02-26,530.0,538.75,529.25,536.5,0,0,0,0
2021-03-01,547.0,554.25,537.0,538.0,0,0,0,0
2021-03-02,536.0,548.5,531.5,544.0,0,0,0,0
2021-03-03,544.0,544.25,532.75,534.5,0,0,0,0
2021-03-04,535.0,541.0,529.25,532.5,0,0,0,0
2021-03-05,539.25,547.5,530.0,547.0,0,0,0,0
2021-03-08,549.5,556.25,537.0,547.0,0,0,0,0
2021-03-09,547.0,547.5,536.5,545.25,0,0,0,0
2021-03-10,545.25,545.75,531.25,532.5,0,0,0,0
2021-03-11,533.0,541.75,531.25,537.25,0,0,0,0
2021-03-12,535.5,540.5,531.0,539.5,0,0,0,0
2021-03-15,537.0,550.75,532.75,548.0,0,0,0,0
2021-03-16,549.5,555.5,546.75,553.5,0,0,0,0
2021-03-17,554.0,558.5,552.0,556.0,0,0,0,0
2021-03-18,555.5,558.0,545.25,546.0,0,0,0,0
2021-03-19,549.0,559.0,545.5,556.5,0,0,0,0
2021-03-22,558.0,558.75,546.75,550.75,0,0,0,0
2021-03-23,549.25,556.0,547.75,551.75,0,0,0,0
2021-03-24,551.0,553.75,548.25,552.25,0,0,0,0
2021-03-25,552.25,552.5,541.5,546.25,0,0,0,0
2021-03-26,546.5,554.0,544.0,551.75,0,0,0,0
2021-03-29,551.75,552.0,542.25,545.5,0,0,0,0
2021-03-30,546.25,547.5,533.75,537.75,0,0,0,0
2021-03-31,538.25,564.25,536.25,564.25,0,0,0,0
2021-04-01,575.0,585.0,556.5,558.75,0,0,0,0
2021-04-05,561.25,564.5,549.75,552.5,0,0,0,0
2021-04-06,553.75,561.5,552.25,554.5,0,0,0,0
2021-04-07,555.75,562.25,553.75,561.0,0,0,0,0
2021-04-08,560.75,583.0,559.25,579.25,0,0,0,0
2021-04-09,579.0,595.0,575.5,575.75,0,0,0,0
2021-04-12,577.75,586.0,567.25,567.5,0,0,0,0
2021-04-13,569.0,584.5,565.5,580.0,0,0,0,0
2021-04-14,588.5,597.75,578.75,594.0,0,0,0,0
2021-04-15,594.25,601.5,587.75,590.0,0,0,0,0
2021-04-16,590.5,594.75,583.25,586.5,0,0,0,0
2021-04-19,588.75,596.75,588.25,592.25,0,0,0,0
2021-04-20,585.5,597.5,580.75,592.75,0,0,0,0
2021-04-21,592.5,609.5,588.25,605.5,0,0,0,0
2021-04-22,614.75,631.5,604.5,631.5,0,0,0,0
2021-04-23,626.75,636.5,619.25,635.0,0,0,0,0
2021-04-26,656.0,657.5,637.5,657.5,0,0,0,0
2021-04-27,660.25,684.0,646.0,656.0,0,0,0,0
2021-04-28,654.5,670.75,629.5,640.0,0,0,0,0
2021-04-29,640.5,653.5,635.5,647.75,0,0,0,0
2021-04-30,648.0,673.25,645.25,673.25,0,0,0,0
2021-05-03,685.0,698.0,674.0,680.25,0,0,0,0
2021-05-04,681.25,704.0,676.0,697.5,0,0,0,0
2021-05-05,698.25,712.0,691.25,707.5,0,0,0,0
2021-05-06,709.5,722.5,705.5,719.5,0,0,0,0
2021-05-07,719.0,735.25,715.5,731.0,0,0,0,0
2021-05-10,730.0,730.75,708.5,713.25,0,0,0,0
2021-05-11,721.0,732.5,703.25,723.75,0,0,0,0
2021-05-12,723.75,731.25,703.5,714.25,0,0,0,0
2021-05-13,712.75,714.0,674.75,674.5,0,0,0,0
2021-05-14,670.0,687.0,641.75,644.75,0,0,0,0
2021-05-17,649.0,656.75,633.0,652.0,0,0,0,0
2021-05-18,653.5,669.5,652.5,659.25,0,0,0,0
2021-05-19,660.5,663.0,637.0,660.75,0,0,0,0
2021-05-20,662.75,671.25,656.5,663.25,0,0,0,0
2021-05-21,657.75,666.75,653.5,656.5,0,0,0,0
2021-05-24,652.25,658.5,645.5,657.75,0,0,0,0
2021-05-25,653.0,661.75,617.25,620.25,0,0,0,0
2021-05-26,619.5,629.0,602.75,624.75,0,0,0,0
2021-05-27,626.0,664.5,621.25,664.5,0,0,0,0
2021-05-28,666.25,672.75,651.25,655.75,0,0,0,0
2021-06-01,666.0,696.75,660.75,687.5,0,0,0,0
2021-06-02,683.25,694.25,666.0,675.0,0,0,0,0
2021-06-03,684.75,685.0,652.75,660.0,0,0,0,0
2021-06-04,673.75,685.75,660.75,680.75,0,0,0,0
2021-06-07,695.0,706.25,674.5,677.0,0,0,0,0
2021-06-08,682.0,698.0,677.5,682.0,0,0,0,0
2021-06-09,682.5,695.5,669.5,689.25,0,0,0,0
2021-06-10,691.0,717.5,687.75,698.25,0,0,0,0
2021-06-11,699.5,703.0,673.0,685.0,0,0,0,0
2021-06-14,598.0,598.75,570.5,579.75,0,0,0,0
2021-06-15,662.75,668.5,646.75,666.25,0,0,0,0
2021-06-16,670.0,687.75,663.75,670.75,0,0,0,0
2021-06-17,548.0,573.25,532.5,532.0,0,0,0,0
2021-06-18,553.0,575.0,530.5,566.75,0,0,0,0
2021-06-21,547.5,564.75,540.0,557.75,0,0,0,0
2021-06-22,548.0,566.0,536.25,539.25,0,0,0,0
2021-06-23,538.0,543.0,528.75,532.75,0,0,0,0
2021-06-24,534.0,541.75,514.25,535.25,0,0,0,0
2021-06-25,534.0,542.25,518.0,519.0,0,0,0,0
2021-06-28,519.0,548.25,517.5,545.25,0,0,0,0
2021-06-29,550.75,559.0,541.5,546.25,0,0,0,0
2021-06-30,535.25,588.5,528.25,588.5,0,0,0,0
2021-07-01,607.25,611.25,584.0,588.5,0,0,0,0
2021-07-02,589.5,597.5,573.5,578.25,0,0,0,0
2021-07-06,552.25,552.25,539.75,539.5,0,0,0,0
2021-07-07,532.0,545.25,519.0,532.25,0,0,0,0
2021-07-08,526.0,538.25,520.25,521.75,0,0,0,0
2021-07-09,517.0,524.25,507.0,513.5,0,0,0,0
2021-07-12,515.75,534.0,514.25,531.5,0,0,0,0
2021-07-13,536.5,547.0,527.5,540.75,0,0,0,0
2021-07-14,544.0,562.75,536.75,559.25,0,0,0,0
2021-07-15,558.0,561.5,551.0,554.75,0,0,0,0
2021-07-16,562.5,565.5,548.75,549.5,0,0,0,0
2021-07-19,559.5,567.5,544.5,552.0,0,0,0,0
2021-07-20,564.25,570.75,553.25,566.0,0,0,0,0
2021-07-21,571.75,573.0,562.75,568.0,0,0,0,0
2021-07-22,553.25,568.0,550.75,561.5,0,0,0,0
2021-07-23,560.0,565.0,540.5,542.25,0,0,0,0
2021-07-26,537.5,547.5,532.25,545.75,0,0,0,0
2021-07-27,553.75,560.75,542.25,546.25,0,0,0,0
2021-07-28,549.75,552.5,542.75,549.5,0,0,0,0
2021-07-29,550.25,557.75,546.25,555.75,0,0,0,0
2021-07-30,550.0,556.0,543.5,544.5,0,0,0,0
2021-08-02,545.5,559.75,540.75,559.0,0,0,0,0
2021-08-03,554.5,565.25,547.25,552.25,0,0,0,0
2021-08-04,551.75,556.75,541.25,547.75,0,0,0,0
2021-08-05,550.25,558.0,545.75,553.25,0,0,0,0
2021-08-06,554.0,559.75,547.25,556.5,0,0,0,0
2021-08-09,555.25,558.0,549.0,554.0,0,0,0,0
2021-08-10,551.0,554.75,547.5,553.25,0,0,0,0
2021-08-11,559.0,561.75,552.0,558.25,0,0,0,0
2021-08-12,557.0,594.25,551.5,571.25,0,0,0,0
2021-08-13,580.75,582.0,566.25,572.5,0,0,0,0
2021-08-16,573.0,576.0,564.75,569.0,0,0,0,0
2021-08-17,569.0,573.75,561.5,564.25,0,0,0,0
2021-08-18,566.0,568.5,561.25,563.25,0,0,0,0
2021-08-19,557.75,563.5,546.5,551.0,0,0,0,0
2021-08-20,546.25,554.25,532.5,537.0,0,0,0,0
2021-08-23,534.5,542.75,529.5,536.0,0,0,0,0
2021-08-24,539.5,547.0,536.0,544.25,0,0,0,0
2021-08-25,544.5,555.75,541.0,550.5,0,0,0,0
2021-08-26,548.5,554.0,547.5,549.5,0,0,0,0
2021-08-27,547.5,554.5,544.25,553.5,0,0,0,0
2021-08-30,552.25,558.0,536.75,543.5,0,0,0,0
2021-08-31,537.5,545.5,525.25,534.75,0,0,0,0
2021-09-01,528.75,536.25,518.25,522.25,0,0,0,0
2021-09-02,522.75,528.25,516.75,524.75,0,0,0,0
2021-09-03,522.75,528.0,520.0,522.75,0,0,0,0
2021-09-07,523.75,526.25,510.25,510.25,0,0,0,0
2021-09-08,514.5,516.75,507.75,510.5,0,0,0,0
2021-09-09,506.5,513.0,504.25,511.5,0,0,0,0
2021-09-10,510.5,524.0,497.5,516.5,0,0,0,0
2021-09-13,512.0,519.75,507.5,513.5,0,0,0,0
2021-09-14,517.75,521.5,513.0,521.25,0,0,0,0
2021-09-15,526.75,534.5,520.5,534.25,0,0,0,0
2021-09-16,533.0,537.5,528.0,529.25,0,0,0,0
2021-09-17,527.75,530.5,521.75,527.5,0,0,0,0
2021-09-20,517.25,527.0,515.25,522.0,0,0,0,0
2021-09-21,519.75,522.75,512.75,516.25,0,0,0,0
2021-09-22,521.0,526.25,516.0,525.0,0,0,0,0
2021-09-23,524.0,531.0,520.25,529.0,0,0,0,0
2021-09-24,526.5,528.75,524.0,525.5,0,0,0,0
2021-09-27,525.75,540.0,524.0,539.25,0,0,0,0
2021-09-28,538.0,541.75,532.0,532.5,0,0,0,0
2021-09-29,535.0,541.0,533.5,539.25,0,0,0,0
2021-09-30,540.0,548.5,527.25,537.25,0,0,0,0
2021-10-01,539.25,545.25,532.0,542.0,0,0,0,0
2021-10-04,539.25,547.5,536.0,540.5,0,0,0,0
2021-10-05,538.0,543.0,535.25,536.75,0,0,0,0
2021-10-06,539.75,544.75,531.5,532.5,0,0,0,0
2021-10-07,534.25,535.25,527.5,533.5,0,0,0,0
2021-10-08,537.75,538.75,530.0,530.0,0,0,0,0
2021-10-11,530.5,534.0,528.75,532.75,0,0,0,0
2021-10-12,530.5,533.0,519.25,523.5,0,0,0,0
2021-10-13,520.0,525.25,506.75,511.25,0,0,0,0
2021-10-14,516.0,518.25,511.0,516.25,0,0,0,0
2021-10-15,523.25,528.5,514.25,527.0,0,0,0,0
2021-10-18,524.0,533.75,523.0,532.75,0,0,0,0
2021-10-19,533.5,537.0,529.5,530.0,0,0,0,0
2021-10-20,534.25,540.0,528.5,539.75,0,0,0,0
2021-10-21,536.0,540.0,530.75,532.25,0,0,0,0
2021-10-22,535.0,540.0,532.0,538.25,0,0,0,0
2021-10-25,540.0,542.0,535.0,538.0,0,0,0,0
2021-10-26,535.5,547.25,533.0,542.25,0,0,0,0
2021-10-27,540.75,563.25,539.5,557.75,0,0,0,0
2021-10-28,557.5,568.75,554.0,563.0,0,0,0,0
2021-10-29,563.0,569.25,558.75,569.0,0,0,0,0
2021-11-01,572.0,582.0,565.25,579.0,0,0,0,0
2021-11-02,580.5,586.0,572.0,572.25,0,0,0,0
2021-11-03,570.25,573.25,563.0,563.0,0,0,0,0
2021-11-04,566.25,569.75,556.5,559.0,0,0,0,0
2021-11-05,558.25,562.75,552.5,552.75,0,0,0,0
2021-11-08,551.0,554.75,549.5,551.75,0,0,0,0
2021-11-09,554.0,564.0,547.75,555.5,0,0,0,0
2021-11-10,559.5,571.75,555.0,568.0,0,0,0,0
2021-11-11,568.0,579.0,566.0,569.25,0,0,0,0
2021-11-12,568.0,582.0,566.75,577.25,0,0,0,0
2021-11-15,576.0,578.75,569.75,576.0,0,0,0,0
2021-11-16,573.75,577.5,570.0,570.25,0,0,0,0
2021-11-17,574.0,584.0,570.0,575.0,0,0,0,0
2021-11-18,578.0,583.0,572.0,573.0,0,0,0,0
2021-11-19,569.5,576.0,568.0,570.5,0,0,0,0
2021-11-22,582.5,585.5,576.25,584.0,0,0,0,0
2021-11-23,581.25,588.75,580.0,588.25,0,0,0,0
2021-11-24,591.0,596.75,583.25,585.0,0,0,0,0
2021-11-26,576.5,593.25,572.0,591.75,0,0,0,0
2021-11-29,589.75,594.0,579.0,583.0,0,0,0,0
2021-11-30,575.75,583.25,562.5,568.5,0,0,0,0
2021-12-01,572.5,576.25,567.25,571.0,0,0,0,0
2021-12-02,577.0,581.5,569.5,577.0,0,0,0,0
2021-12-03,581.0,586.75,575.25,584.75,0,0,0,0
2021-12-06,580.75,585.5,575.75,584.25,0,0,0,0
2021-12-07,581.25,588.75,578.5,586.0,0,0,0,0
2021-12-08,584.5,589.5,583.25,587.5,0,0,0,0
2021-12-09,586.5,593.25,582.5,591.0,0,0,0,0
2021-12-10,592.75,594.0,587.0,590.0,0,0,0,0
2021-12-13,587.75,590.25,582.25,584.5,0,0,0,0
2021-12-14,583.5,594.0,581.5,590.25,0,0,0,0
2021-12-15,591.75,596.5,582.0,586.25,0,0,0,0
2021-12-16,587.0,592.0,584.5,591.0,0,0,0,0
2021-12-17,590.0,598.75,589.25,592.25,0,0,0,0
2021-12-20,592.25,595.75,587.0,591.0,0,0,0,0
2021-12-21,592.0,599.0,589.5,597.75,0,0,0,0
2021-12-22,603.25,606.75,597.0,602.25,0,0,0,0
2021-12-23,602.0,607.0,600.5,606.75,0,0,0,0
2021-12-27,612.75,615.5,607.0,614.25,0,0,0,0
2021-12-28,611.0,617.75,603.75,603.75,0,0,0,0
2021-12-29,600.25,610.75,599.5,605.5,0,0,0,0
2021-12-30,600.25,606.0,592.75,595.25,0,0,0,0
2021-12-31,596.25,599.25,592.5,592.5,0,0,0,0
2022-01-03,598.0,603.5,584.75,589.75,0,0,0,0
2022-01-04,593.25,611.25,591.5,609.0,0,0,0,0
2022-01-05,607.25,609.75,601.25,602.25,0,0,0,0
2022-01-06,601.0,605.75,596.0,604.5,0,0,0,0
2022-01-07,600.0,608.25,599.0,606.75,0,0,0,0
2022-01-10,603.25,608.0,596.25,599.0,0,0,0,0
2022-01-11,601.0,604.75,598.0,601.0,0,0,0,0
2022-01-12,599.5,604.0,591.0,598.25,0,0,0,0
2022-01-13,594.0,599.75,585.25,586.75,0,0,0,0
2022-01-14,589.75,598.25,585.25,598.0,0,0,0,0
2022-01-18,589.5,600.75,588.25,600.0,0,0,0,0
2022-01-19,605.5,614.5,600.0,610.25,0,0,0,0
2022-01-20,609.5,614.25,606.25,610.0,0,0,0,0
2022-01-21,609.25,618.5,604.25,617.75,0,0,0,0
2022-01-24,611.75,621.5,609.25,621.25,0,0,0,0
2022-01-25,621.75,631.0,618.5,619.25,0,0,0,0
2022-01-26,619.0,627.75,615.0,626.0,0,0,0,0
2022-01-27,623.25,627.75,621.25,623.75,0,0,0,0
2022-01-28,629.25,637.25,623.0,636.0,0,0,0,0
2022-01-31,638.0,642.5,622.5,624.75,0,0,0,0
2022-02-01,630.0,639.5,624.5,634.5,0,0,0,0
2022-02-02,638.5,640.75,616.75,622.0,0,0,0,0
2022-02-03,614.5,624.25,610.25,617.25,0,0,0,0
2022-02-04,616.0,623.25,613.25,621.5,0,0,0,0
2022-02-07,630.5,636.75,624.75,636.5,0,0,0,0
2022-02-08,631.5,636.75,627.25,632.25,0,0,0,0
2022-02-09,635.75,647.75,630.5,646.25,0,0,0,0
2022-02-10,652.75,662.75,638.75,641.75,0,0,0,0
2022-02-11,645.25,657.75,637.75,650.0,0,0,0,0
2022-02-14,651.25,656.75,642.5,656.5,0,0,0,0
2022-02-15,655.0,655.5,635.5,637.0,0,0,0,0
2022-02-16,637.75,647.75,636.25,645.5,0,0,0,0
2022-02-17,645.5,652.0,642.75,648.5,0,0,0,0
2022-02-18,647.75,656.75,646.0,653.25,0,0,0,0
2022-02-22,656.25,674.5,656.25,674.0,0,0,0,0
2022-02-23,670.5,682.25,667.5,679.0,0,0,0,0
2022-02-24,681.0,716.25,679.0,686.0,0,0,0,0
2022-02-25,668.25,701.75,655.25,655.5,0,0,0,0
2022-02-28,681.5,690.75,673.5,690.75,0,0,0,0
2022-03-01,694.25,725.75,692.75,725.75,0,0,0,0
2022-03-02,730.0,747.75,711.5,726.75,0,0,0,0
2022-03-03,729.25,760.0,722.0,747.5,0,0,0,0
2022-03-04,755.0,782.75,733.75,752.0,0,0,0,0
2022-03-07,757.25,780.25,736.25,750.5,0,0,0,0
2022-03-08,750.0,760.75,728.75,753.0,0,0,0,0
2022-03-09,753.25,759.5,731.0,732.75,0,0,0,0
2022-03-10,732.75,765.5,729.0,754.75,0,0,0,0
2022-03-11,753.5,764.5,744.0,762.75,0,0,0,0
2022-03-14,762.0,767.5,740.0,745.0,0,0,0,0
2022-03-15,745.25,759.0,736.0,757.75,0,0,0,0
2022-03-16,756.75,757.0,726.75,730.25,0,0,0,0
2022-03-17,730.0,757.5,728.5,753.25,0,0,0,0
2022-03-18,753.75,755.0,736.5,741.5,0,0,0,0
2022-03-21,746.5,765.0,743.0,756.5,0,0,0,0
2022-03-22,756.75,761.0,744.0,751.5,0,0,0,0
2022-03-23,752.25,770.5,749.0,756.75,0,0,0,0
2022-03-24,757.0,762.5,745.0,747.5,0,0,0,0
2022-03-25,748.5,755.25,742.5,753.0,0,0,0,0
2022-03-28,749.0,750.25,740.5,746.75,0,0,0,0
2022-03-29,746.25,747.5,713.5,728.0,0,0,0,0
2022-03-30,727.0,748.75,726.75,738.5,0,0,0,0
2022-03-31,739.25,770.0,732.5,747.25,0,0,0,0
2022-04-01,748.5,751.5,730.25,733.25,0,0,0,0
2022-04-04,737.0,752.25,734.75,749.25,0,0,0,0
2022-04-05,750.75,768.0,749.25,760.25,0,0,0,0
2022-04-06,759.75,761.5,750.25,755.25,0,0,0,0
2022-04-07,746.0,751.0,740.5,750.25,0,0,0,0
2022-04-08,749.0,764.0,745.5,759.75,0,0,0,0
2022-04-11,759.0,770.75,755.5,759.0,0,0,0,0
2022-04-12,760.0,773.5,759.5,770.75,0,0,0,0
2022-04-13,771.25,779.5,763.5,778.0,0,0,0,0
2022-04-14,777.75,786.0,775.25,784.0,0,0,0,0
2022-04-18,784.0,810.0,783.75,806.0,0,0,0,0
2022-04-19,807.0,814.0,797.0,798.75,0,0,0,0
2022-04-20,799.0,810.5,792.0,809.0,0,0,0,0
2022-04-21,808.5,809.5,793.25,794.5,0,0,0,0
2022-04-22,794.0,804.0,780.5,787.75,0,0,0,0
2022-04-25,793.75,799.25,781.0,797.25,0,0,0,0
2022-04-26,799.25,809.75,793.25,802.25,0,0,0,0
2022-04-27,801.5,818.5,795.5,814.25,0,0,0,0
2022-04-28,812.5,819.75,808.5,813.0,0,0,0,0
2022-04-29,813.0,824.5,809.5,812.5,0,0,0,0
2022-05-02,805.0,808.5,790.5,804.0,0,0,0,0
2022-05-03,809.0,813.75,792.0,792.75,0,0,0,0
2022-05-04,793.0,803.75,789.5,793.0,0,0,0,0
2022-05-05,794.25,802.0,791.0,796.25,0,0,0,0
2022-05-06,796.25,796.75,776.5,786.5,0,0,0,0
2022-05-09,781.25,785.0,769.0,772.5,0,0,0,0
2022-05-10,773.5,778.75,769.25,775.5,0,0,0,0
2022-05-11,776.5,790.5,775.5,788.75,0,0,0,0
2022-05-12,788.5,800.75,782.75,790.5,0,0,0,0
2022-05-13,790.5,797.0,777.5,781.75,0,0,0,0
2022-05-16,795.0,810.25,792.75,808.25,0,0,0,0
2022-05-17,808.0,809.25,797.25,801.5,0,0,0,0
2022-05-18,800.75,802.25,778.0,782.5,0,0,0,0
2022-05-19,782.0,789.75,773.25,782.25,0,0,0,0
2022-05-20,781.25,782.0,774.5,777.75,0,0,0,0
2022-05-23,780.25,788.0,774.5,786.0,0,0,0,0
2022-05-24,785.0,787.0,762.0,769.75,0,0,0,0
2022-05-25,770.0,773.0,755.0,770.5,0,0,0,0
2022-05-26,762.75,772.5,757.5,763.5,0,0,0,0
2022-05-27,765.0,780.5,761.0,776.25,0,0,0,0
2022-05-31,777.0,777.25,747.25,752.75,0,0,0,0
2022-06-01,753.75,756.25,720.5,729.5,0,0,0,0
2022-06-02,731.25,739.25,726.25,728.5,0,0,0,0
2022-06-03,730.25,736.0,725.75,727.0,0,0,0,0
2022-06-06,732.25,744.25,731.5,742.75,0,0,0,0
2022-06-07,739.0,765.0,735.0,757.0,0,0,0,0
2022-06-08,757.0,774.0,756.0,763.5,0,0,0,0
2022-06-09,764.5,782.75,758.0,771.75,0,0,0,0
2022-06-10,772.25,781.0,765.75,773.0,0,0,0,0
2022-06-13,781.0,782.25,758.5,766.0,0,0,0,0
2022-06-14,765.75,771.0,759.0,766.75,0,0,0,0
2022-06-15,767.0,779.75,762.0,774.0,0,0,0,0
2022-06-16,774.0,792.0,773.0,787.5,0,0,0,0
2022-06-17,735.0,749.25,728.25,731.75,0,0,0,0
2022-06-21,725.75,725.75,690.5,701.25,0,0,0,0
2022-06-22,703.0,705.5,690.0,693.0,0,0,0,0
2022-06-23,692.0,692.75,645.5,655.0,0,0,0,0
2022-06-24,655.5,676.5,651.5,673.25,0,0,0,0
2022-06-27,656.0,662.25,644.25,652.25,0,0,0,0
2022-06-28,658.0,667.75,655.25,657.0,0,0,0,0
2022-06-29,667.25,672.25,662.25,663.5,0,0,0,0
2022-06-30,653.0,653.75,618.75,623.25,0,0,0,0
2022-07-01,625.0,627.0,604.25,606.5,0,0,0,0
2022-07-05,606.5,602.0,571.0,577.25,0,0,0,0
2022-07-06,582.0,586.25,566.5,585.25,0,0,0,0
2022-07-07,587.0,608.75,586.5,596.25,0,0,0,0
2022-07-08,598.0,626.0,597.25,625.5,0,0,0,0
2022-07-11,647.25,658.5,626.25,627.0,0,0,0,0
2022-07-12,629.5,634.25,582.5,586.5,0,0,0,0
2022-07-13,584.25,606.0,576.75,596.75,0,0,0,0
2022-07-14,597.25,608.0,589.25,601.75,0,0,0,0
2022-07-15,603.0,609.5,595.0,605.0,0,0,0,0
2022-07-18,610.0,623.75,601.0,609.5,0,0,0,0
2022-07-19,608.75,609.0,583.0,595.5,0,0,0,0
2022-07-20,594.0,597.5,585.25,590.0,0,0,0,0
2022-07-21,591.0,591.0,570.0,573.0,0,0,0,0
2022-07-22,573.0,582.0,561.75,562.5,0,0,0,0
2022-07-25,575.0,584.25,568.5,582.25,0,0,0,0
2022-07-26,592.25,602.5,589.5,599.0,0,0,0,0
2022-07-27,600.75,606.75,594.25,604.0,0,0,0,0
2022-07-28,605.25,621.75,603.75,618.5,0,0,0,0
2022-07-29,619.0,636.5,616.0,622.25,0,0,0,0
2022-08-01,623.75,625.0,597.25,610.25,0,0,0,0
2022-08-02,606.0,607.5,592.5,593.0,0,0,0,0
2022-08-03,590.0,599.75,587.5,595.5,0,0,0,0
2022-08-04,596.25,610.75,590.5,606.0,0,0,0,0
2022-08-05,606.0,615.25,600.5,608.5,0,0,0,0
2022-08-08,603.0,611.0,601.0,607.5,0,0,0,0
2022-08-09,613.0,624.5,612.25,613.25,0,0,0,0
2022-08-10,613.0,628.0,611.0,618.25,0,0,0,0
2022-08-11,618.0,628.5,615.25,627.5,0,0,0,0
2022-08-12,627.75,642.75,616.25,639.0,0,0,0,0
2022-08-15,633.0,638.25,618.0,627.25,0,0,0,0
2022-08-16,624.75,629.5,607.75,610.0,0,0,0,0
2022-08-17,610.0,617.0,606.75,612.25,0,0,0,0
2022-08-18,612.0,620.5,604.0,615.0,0,0,0,0
2022-08-19,615.0,624.5,612.0,622.75,0,0,0,0
2022-08-22,618.25,631.0,614.25,627.75,0,0,0,0
2022-08-23,632.0,662.0,631.25,655.75,0,0,0,0
2022-08-24,655.5,671.0,650.25,656.5,0,0,0,0
2022-08-25,657.0,666.5,649.25,650.25,0,0,0,0
2022-08-26,648.0,665.75,647.25,665.0,0,0,0,0
2022-08-29,670.25,683.75,666.25,682.75,0,0,0,0
2022-08-30,681.25,682.75,671.0,678.5,0,0,0,0
2022-08-31,677.5,680.5,661.0,670.5,0,0,0,0
2022-09-01,670.0,672.75,654.0,658.25,0,0,0,0
2022-09-02,658.0,669.5,656.5,664.25,0,0,0,0
2022-09-06,665.75,676.5,661.5,675.75,0,0,0,0
2022-09-07,675.0,688.0,669.0,670.25,0,0,0,0
2022-09-08,671.0,675.25,659.0,669.0,0,0,0,0
2022-09-09,669.0,685.75,669.0,684.75,0,0,0,0
2022-09-12,681.5,699.5,675.75,694.0,0,0,0,0
2022-09-13,695.5,698.25,688.25,690.5,0,0,0,0
2022-09-14,690.75,692.75,681.5,681.75,0,0,0,0
2022-09-15,684.0,690.0,676.25,676.25,0,0,0,0
2022-09-16,674.75,680.5,667.5,679.0,0,0,0,0
2022-09-19,672.25,680.0,668.25,678.0,0,0,0,0
2022-09-20,681.5,693.5,677.5,691.5,0,0,0,0
2022-09-21,692.0,698.5,679.25,685.75,0,0,0,0
2022-09-22,686.0,691.0,681.5,687.0,0,0,0,0
2022-09-23,676.0,688.0,669.5,675.0,0,0,0,0
2022-09-26,673.25,679.0,665.5,665.5,0,0,0,0
2022-09-27,666.25,678.0,666.25,668.25,0,0,0,0
2022-09-28,668.25,673.25,661.5,670.75,0,0,0,0
2022-09-29,670.5,676.75,666.0,669.25,0,0,0,0
2022-09-30,669.5,696.25,669.25,678.0,0,0,0,0
2022-10-03,680.0,687.5,672.5,680.5,0,0,0,0
2022-10-04,680.75,691.5,676.5,683.75,0,0,0,0
2022-10-05,683.0,687.5,675.75,684.0,0,0,0,0
2022-10-06,683.75,685.75,672.0,675.5,0,0,0,0
2022-10-07,675.5,684.5,671.5,683.0,0,0,0,0
2022-10-10,683.75,706.5,683.5,697.0,0,0,0,0
2022-10-11,697.0,702.0,690.75,692.5,0,0,0,0
2022-10-12,693.25,700.0,680.0,692.75,0,0,0,0
2022-10-13,692.25,699.5,684.0,697.5,0,0,0,0
2022-10-14,697.0,699.5,688.5,691.0,0,0,0,0
2022-10-17,689.0,692.25,681.25,682.75,0,0,0,0
2022-10-18,683.0,683.75,674.5,681.5,0,0,0,0
2022-10-19,681.0,684.5,674.0,678.25,0,0,0,0
2022-10-20,678.0,687.0,676.75,683.75,0,0,0,0
2022-10-21,683.5,688.0,677.75,683.25,0,0,0,0
2022-10-24,682.25,686.5,677.25,681.75,0,0,0,0
2022-10-25,681.5,687.5,677.75,684.5,0,0,0,0
2022-10-26,684.25,689.75,683.25,685.5,0,0,0,0
2022-10-27,685.0,689.25,679.25,681.75,0,0,0,0
2022-10-28,681.25,683.75,676.25,679.75,0,0,0,0
2022-10-31,679.75,700.0,684.25,689.5,0,0,0,0
2022-11-01,689.0,698.5,687.25,696.75,0,0,0,0
2022-11-02,696.5,697.25,680.0,686.5,0,0,0,0
2022-11-03,686.0,686.5,678.5,678.5,0,0,0,0
2022-11-04,679.25,685.25,678.5,680.25,0,0,0,0
2022-11-07,679.0,680.75,675.25,675.25,0,0,0,0
2022-11-08,675.75,677.0,666.25,666.75,0,0,0,0
2022-11-09,667.0,671.75,658.0,663.75,0,0,0,0
2022-11-10,664.5,667.25,652.75,652.75,0,0,0,0
2022-11-11,653.75,661.0,653.5,657.5,0,0,0,0
2022-11-14,657.0,662.0,652.25,657.0,0,0,0,0
2022-11-15,657.0,675.0,651.25,665.75,0,0,0,0
2022-11-16,665.25,666.0,657.5,664.75,0,0,0,0
2022-11-17,665.0,668.25,654.75,667.5,0,0,0,0
2022-11-18,668.5,674.0,667.5,669.25,0,0,0,0
2022-11-21,669.0,669.25,660.25,663.25,0,0,0,0
2022-11-22,663.5,666.75,659.0,659.75,0,0,0,0
2022-11-23,660.0,666.75,658.25,665.25,0,0,0,0
2022-11-25,664.75,673.0,664.25,670.25,0,0,0,0
2022-11-28,668.25,672.5,664.0,671.0,0,0,0,0
2022-11-29,669.75,674.0,668.0,669.0,0,0,0,0
2022-11-30,669.0,672.5,664.25,665.75,0,0,0,0
2022-12-01,666.75,669.0,659.25,659.75,0,0,0,0
2022-12-02,660.25,660.5,645.75,646.25,0,0,0,0
2022-12-05,646.5,649.0,637.75,640.5,0,0,0,0
2022-12-06,640.5,645.5,635.75,637.25,0,0,0,0
2022-12-07,637.5,645.75,635.0,642.0,0,0,0,0
2022-12-08,643.5,645.25,638.25,642.0,0,0,0,0
2022-12-09,642.5,649.75,642.0,643.5,0,0,0,0
2022-12-12,644.5,655.25,644.5,654.75,0,0,0,0
2022-12-13,654.0,660.0,652.25,652.5,0,0,0,0
2022-12-14,653.0,653.5,646.75,651.0,0,0,0,0
2022-12-15,650.25,654.25,647.75,653.75,0,0,0,0
2022-12-16,653.5,655.75,650.0,653.0,0,0,0,0
2022-12-19,650.5,650.75,644.0,647.5,0,0,0,0
2022-12-20,647.75,654.25,646.75,652.0,0,0,0,0
2022-12-21,651.5,663.0,651.0,662.75,0,0,0,0
2022-12-22,662.0,664.75,658.75,659.75,0,0,0,0
2022-12-23,659.5,667.75,659.25,665.75,0,0,0,0
2022-12-27,669.0,675.75,667.25,674.0,0,0,0,0
2022-12-28,673.25,683.5,672.75,683.0,0,0,0,0
2022-12-29,681.75,682.25,677.25,679.75,0,0,0,0
2022-12-30,679.5,685.0,676.5,678.5,0,0,0,0
2023-01-03,677.25,681.25,668.0,672.0,0,0,0,0
2023-01-04,670.75,671.75,652.5,654.75,0,0,0,0
2023-01-05,654.5,657.75,648.5,653.5,0,0,0,0
2023-01-06,653.75,659.5,651.75,653.25,0,0,0,0
2023-01-09,655.5,657.0,650.75,652.5,0,0,0,0
2023-01-10,651.75,664.0,648.25,654.75,0,0,0,0
2023-01-11,654.5,659.0,652.75,656.25,0,0,0,0
2023-01-12,656.0,673.5,649.25,672.0,0,0,0,0
2023-01-13,670.75,676.75,669.75,675.75,0,0,0,0
2023-01-17,671.5,687.0,668.75,686.25,0,0,0,0
2023-01-18,684.25,688.75,678.0,680.0,0,0,0,0
2023-01-19,680.0,685.25,676.0,676.0,0,0,0,0
2023-01-20,675.5,678.0,672.5,677.0,0,0,0,0
2023-01-23,674.0,674.75,661.25,666.5,0,0,0,0
2023-01-24,667.0,677.5,666.25,677.0,0,0,0,0
2023-01-25,676.75,681.0,673.75,674.0,0,0,0,0
2023-01-26,674.0,685.5,673.0,681.5,0,0,0,0
2023-01-27,681.75,686.0,678.25,683.25,0,0,0,0
2023-01-30,685.0,687.25,678.5,683.75,0,0,0,0
2023-01-31,683.5,688.5,678.0,679.25,0,0,0,0
2023-02-01,679.25,682.0,672.75,680.5,0,0,0,0
2023-02-02,681.0,686.0,674.25,674.5,0,0,0,0
2023-02-03,674.25,680.0,671.5,676.75,0,0,0,0
2023-02-06,677.25,679.25,672.25,677.75,0,0,0,0
2023-02-07,677.0,678.5,673.5,674.0,0,0,0,0
2023-02-08,673.75,679.5,672.75,678.5,0,0,0,0
2023-02-09,678.25,681.0,670.25,670.75,0,0,0,0
2023-02-10,670.75,682.75,669.25,680.75,0,0,0,0
2023-02-13,680.0,686.5,676.75,684.5,0,0,0,0
2023-02-14,684.0,688.25,681.75,682.0,0,0,0,0
2023-02-15,682.0,682.5,675.5,675.75,0,0,0,0
2023-02-16,676.5,677.25,673.25,675.25,0,0,0,0
2023-02-17,676.0,679.0,675.0,677.5,0,0,0,0
2023-02-21,679.25,682.5,675.25,680.25,0,0,0,0
2023-02-22,679.75,681.0,674.0,674.75,0,0,0,0
2023-02-23,674.75,676.0,657.5,659.75,0,0,0,0
2023-02-24,660.0,662.0,649.0,649.25,0,0,0,0
2023-02-27,650.25,652.25,643.0,643.5,0,0,0,0
2023-02-28,643.25,646.75,630.0,630.0,0,0,0,0
2023-03-01,631.0,637.75,622.25,635.75,0,0,0,0
2023-03-02,637.0,641.5,630.75,633.5,0,0,0,0
2023-03-03,634.0,642.75,632.25,640.25,0,0,0,0
2023-03-06,639.0,640.25,634.0,638.0,0,0,0,0
2023-03-07,637.5,638.75,633.25,634.75,0,0,0,0
2023-03-08,635.0,637.5,624.5,625.75,0,0,0,0
2023-03-09,625.5,629.75,610.25,612.25,0,0,0,0
2023-03-10,612.5,619.0,606.75,618.25,0,0,0,0
2023-03-13,619.0,620.25,608.5,613.25,0,0,0,0
2023-03-14,612.75,621.75,609.25,620.5,0,0,0,0
2023-03-15,623.75,629.0,619.25,624.75,0,0,0,0
2023-03-16,626.0,635.0,624.75,631.75,0,0,0,0
2023-03-17,633.25,638.75,630.25,634.5,0,0,0,0
2023-03-20,633.0,634.0,625.0,632.75,0,0,0,0
2023-03-21,632.75,638.25,628.75,629.5,0,0,0,0
2023-03-22,631.25,636.0,623.25,633.25,0,0,0,0
2023-03-23,633.0,644.0,627.25,630.75,0,0,0,0
2023-03-24,631.0,645.0,627.5,644.25,0,0,0,0
2023-03-27,643.0,648.75,637.0,647.0,0,0,0,0
2023-03-28,646.75,651.25,644.5,646.75,0,0,0,0
2023-03-29,646.25,655.5,645.75,650.75,0,0,0,0
2023-03-30,649.75,654.75,648.0,649.5,0,0,0,0
2023-03-31,648.75,664.5,647.25,658.5,0,0,0,0
2023-04-03,659.5,668.5,656.0,657.0,0,0,0,0
2023-04-04,657.0,657.5,648.5,653.25,0,0,0,0
2023-04-05,653.75,660.0,646.5,651.5,0,0,0,0
2023-04-06,652.25,652.5,641.75,644.0,0,0,0,0
2023-04-10,644.5,655.0,640.25,654.5,0,0,0,0
2023-04-11,653.5,657.75,646.75,651.5,0,0,0,0
2023-04-12,651.0,658.5,648.75,655.75,0,0,0,0
2023-04-13,627.5,633.0,624.5,626.0,0,0,0,0
2023-04-14,653.75,668.0,651.0,667.75,0,0,0,0
2023-04-17,635.0,642.75,631.0,642.0,0,0,0,0
2023-04-18,641.5,647.5,637.25,643.25,0,0,0,0
2023-04-19,643.5,644.0,636.0,636.5,0,0,0,0
2023-04-20,636.5,637.25,622.0,626.25,0,0,0,0
2023-04-21,626.75,627.75,611.0,614.5,0,0,0,0
2023-04-24,615.5,618.0,604.25,607.75,0,0,0,0
2023-04-25,609.0,610.5,601.0,607.5,0,0,0,0
2023-04-26,608.25,612.0,600.75,601.25,0,0,0,0
2023-04-27,601.75,602.5,580.5,581.5,0,0,0,0
2023-04-28,581.25,587.75,572.0,584.0,0,0,0,0
2023-05-01,584.5,587.5,577.5,584.25,0,0,0,0
2023-05-02,584.5,590.5,578.25,578.75,0,0,0,0
2023-05-03,579.0,590.75,569.25,587.75,0,0,0,0
2023-05-04,588.5,592.0,579.0,588.75,0,0,0,0
2023-05-05,588.75,599.25,588.5,596.75,0,0,0,0
2023-05-08,596.5,600.0,593.75,595.5,0,0,0,0
2023-05-09,595.0,595.0,581.0,585.75,0,0,0,0
2023-05-10,585.25,596.0,579.0,593.0,0,0,0,0
2023-05-11,591.0,592.75,580.75,582.0,0,0,0,0
2023-05-12,581.0,593.75,572.75,583.25,0,0,0,0
2023-05-15,581.5,598.75,581.5,593.0,0,0,0,0
2023-05-16,592.0,593.0,578.25,581.5,0,0,0,0
2023-05-17,581.75,582.75,554.25,561.0,0,0,0,0
2023-05-18,561.25,561.75,547.0,554.0,0,0,0,0
2023-05-19,555.0,571.75,551.5,556.0,0,0,0,0
2023-05-22,554.75,575.5,553.25,570.5,0,0,0,0
2023-05-23,570.25,580.75,564.0,577.5,0,0,0,0
2023-05-24,577.0,589.75,574.0,587.75,0,0,0,0
2023-05-25,587.5,593.0,583.5,591.25,0,0,0,0
2023-05-26,590.25,606.75,588.25,605.0,0,0,0,0
2023-05-30,603.75,605.0,591.5,594.0,0,0,0,0
2023-05-31,594.25,594.75,577.5,592.75,0,0,0,0
2023-06-01,594.0,606.0,591.75,593.25,0,0,0,0
2023-06-02,592.5,610.5,581.25,607.75,0,0,0,0
2023-06-05,609.0,614.0,595.0,597.0,0,0,0,0
2023-06-06,599.75,610.75,599.75,607.25,0,0,0,0
2023-06-07,605.0,612.5,601.75,601.5,0,0,0,0
2023-06-08,600.0,613.25,595.25,609.0,0,0,0,0
2023-06-09,608.25,609.0,597.5,604.5,0,0,0,0
2023-06-12,609.0,623.75,608.75,617.5,0,0,0,0
2023-06-13,617.0,625.0,610.75,611.5,0,0,0,0
2023-06-14,610.25,618.75,601.5,608.0,0,0,0,0
2023-06-15,549.75,575.0,549.75,573.5,0,0,0,0
2023-06-16,573.5,598.0,572.5,597.5,0,0,0,0
2023-06-20,600.0,609.0,588.5,596.5,0,0,0,0
2023-06-21,609.0,629.75,604.5,629.5,0,0,0,0
2023-06-22,624.75,626.5,613.25,620.25,0,0,0,0
2023-06-23,616.5,616.75,583.5,584.25,0,0,0,0
2023-06-26,594.0,600.75,575.5,588.0,0,0,0,0
2023-06-27,593.75,594.5,555.0,560.5,0,0,0,0
2023-06-28,562.0,562.5,534.0,537.75,0,0,0,0
2023-06-29,539.0,543.25,526.25,528.0,0,0,0,0
2023-06-30,532.0,537.5,493.0,494.5,0,0,0,0
2023-07-03,492.25,505.0,488.75,493.0,0,0,0,0
2023-07-05,504.0,504.0,485.5,493.5,0,0,0,0
2023-07-06,495.75,508.25,492.5,507.75,0,0,0,0
2023-07-07,507.0,509.5,493.5,496.25,0,0,0,0
2023-07-10,497.0,503.25,494.5,498.75,0,0,0,0
2023-07-11,496.0,506.5,493.75,501.25,0,0,0,0
2023-07-12,500.5,505.5,481.75,482.75,0,0,0,0
2023-07-13,484.25,501.25,481.0,500.5,0,0,0,0
2023-07-14,500.0,515.75,497.25,513.75,0,0,0,0
2023-07-17,519.25,526.5,503.25,505.75,0,0,0,0
2023-07-18,504.0,540.75,502.0,532.25,0,0,0,0
2023-07-19,532.75,563.75,531.5,553.0,0,0,0,0
2023-07-20,553.25,563.25,542.25,546.0,0,0,0,0
2023-07-21,545.5,546.25,531.25,536.5,0,0,0,0
2023-07-24,543.0,572.25,540.25,569.0,0,0,0,0
2023-07-25,567.75,572.0,553.75,565.5,0,0,0,0
2023-07-26,565.0,565.0,544.75,548.75,0,0,0,0
2023-07-27,548.0,555.0,541.5,542.0,0,0,0,0
2023-07-28,542.25,547.5,525.5,530.75,0,0,0,0
2023-07-31,524.5,524.5,508.0,512.0,0,0,0,0
2023-08-01,513.25,517.25,505.5,508.0,0,0,0,0
2023-08-02,507.25,523.25,497.5,499.75,0,0,0,0
2023-08-03,499.0,502.75,493.0,494.5,0,0,0,0
2023-08-04,495.75,506.5,493.0,497.25,0,0,0,0
2023-08-07,497.75,501.0,489.25,497.5,0,0,0,0
2023-08-08,495.75,501.25,490.5,499.0,0,0,0,0
2023-08-09,499.0,502.75,493.0,495.75,0,0,0,0
2023-08-10,495.0,498.0,493.25,496.0,0,0,0,0
2023-08-11,496.0,507.5,483.0,487.5,0,0,0,0
2023-08-14,489.5,492.25,481.0,486.5,0,0,0,0
2023-08-15,485.0,485.5,473.75,473.75,0,0,0,0
2023-08-16,474.75,484.5,473.5,481.75,0,0,0,0
2023-08-17,482.0,487.75,476.75,486.5,0,0,0,0
2023-08-18,486.0,495.0,484.75,492.5,0,0,0,0
2023-08-21,496.5,506.25,481.25,482.0,0,0,0,0
2023-08-22,482.25,485.5,474.25,479.0,0,0,0,0
2023-08-23,480.0,492.25,478.5,489.5,0,0,0,0
2023-08-24,490.5,494.5,483.5,487.75,0,0,0,0
2023-08-25,487.25,493.0,485.75,486.5,0,0,0,0
2023-08-28,494.5,497.5,489.25,496.75,0,0,0,0
2023-08-29,494.25,499.5,485.5,487.25,0,0,0,0
2023-08-30,486.75,491.75,479.5,480.75,0,0,0,0
2023-08-31,481.0,486.5,476.75,479.25,0,0,0,0
2023-09-01,478.0,485.25,477.5,482.75,0,0,0,0
2023-09-05,482.25,488.75,478.5,486.5,0,0,0,0
2023-09-06,488.0,490.25,483.25,485.75,0,0,0,0
2023-09-07,485.0,488.5,483.25,486.25,0,0,0,0
2023-09-08,486.0,488.75,482.0,482.75,0,0,0,0
2023-09-11,483.0,486.75,480.75,485.75,0,0,0,0
2023-09-12,485.0,486.75,473.5,477.0,0,0,0,0
2023-09-13,476.5,482.75,474.5,481.75,0,0,0,0
2023-09-14,482.0,484.75,478.25,480.25,0,0,0,0
2023-09-15,480.0,483.5,475.0,475.25,0,0,0,0
2023-09-18,475.25,478.75,469.0,471.5,0,0,0,0
2023-09-19,471.25,477.0,467.75,476.0,0,0,0,0
2023-09-20,476.0,483.0,474.5,481.25,0,0,0,0
2023-09-21,481.0,482.5,474.0,475.0,0,0,0,0
2023-09-22,475.0,478.5,474.25,477.5,0,0,0,0
2023-09-25,475.25,482.5,473.75,481.75,0,0,0,0
2023-09-26,481.0,483.5,476.5,479.5,0,0,0,0
2023-09-27,479.75,486.75,479.0,484.5,0,0,0,0
2023-09-28,483.75,489.25,481.0,488.5,0,0,0,0
2023-09-29,487.5,490.0,475.5,475.75,0,0,0,0
2023-10-02,477.0,489.75,476.0,488.25,0,0,0,0
2023-10-03,488.0,489.25,484.25,487.75,0,0,0,0
2023-10-04,487.5,489.75,482.5,486.0,0,0,0,0
2023-10-05,486.0,498.5,482.5,496.25,0,0,0,0
2023-10-06,496.0,499.0,491.5,492.5,0,0,0,0
2023-10-09,492.0,497.0,487.25,488.0,0,0,0,0
2023-10-10,488.0,488.25,484.25,485.75,0,0,0,0
2023-10-11,485.5,488.5,483.5,487.75,0,0,0,0
2023-10-12,487.75,498.75,482.25,495.0,0,0,0,0
2023-10-13,495.0,498.75,490.5,494.0,0,0,0,0
2023-10-16,493.5,496.75,489.5,489.75,0,0,0,0
2023-10-17,490.0,492.75,487.75,488.75,0,0,0,0
2023-10-18,488.5,494.0,488.5,492.25,0,0,0,0
2023-10-19,492.0,505.5,490.25,505.0,0,0,0,0
2023-10-20,504.0,509.5,495.0,495.25,0,0,0,0
2023-10-23,494.25,497.0,490.25,490.5,0,0,0,0
2023-10-24,490.75,491.5,482.75,483.0,0,0,0,0
2023-10-25,483.5,486.0,476.75,480.25,0,0,0,0
2023-10-26,480.0,484.25,477.5,479.5,0,0,0,0
2023-10-27,479.25,484.0,478.25,481.5,0,0,0,0
2023-10-30,480.0,484.25,477.5,478.5,0,0,0,0
2023-10-31,478.25,483.0,477.5,479.0,0,0,0,0
2023-11-01,478.75,480.0,472.5,475.5,0,0,0,0
2023-11-02,475.0,477.0,469.5,469.75,0,0,0,0
2023-11-03,470.0,481.0,468.0,477.75,0,0,0,0
2023-11-06,477.25,480.75,476.75,477.5,0,0,0,0
2023-11-07,477.0,477.5,468.0,468.75,0,0,0,0
2023-11-08,469.0,480.5,468.5,475.0,0,0,0,0
2023-11-09,475.0,476.0,466.5,468.25,0,0,0,0
2023-11-10,468.0,469.0,461.75,463.75,0,0,0,0
2023-11-13,463.25,477.75,461.0,476.75,0,0,0,0
2023-11-14,477.0,480.0,473.0,478.25,0,0,0,0
2023-11-15,477.75,480.5,467.25,471.25,0,0,0,0
2023-11-16,471.0,476.25,465.25,473.75,0,0,0,0
2023-11-17,474.5,475.0,466.75,467.75,0,0,0,0
2023-11-20,467.0,470.25,464.5,469.25,0,0,0,0
2023-11-21,469.25,475.0,468.0,470.0,0,0,0,0
2023-11-22,488.25,493.25,487.0,487.5,0,0,0,0
2023-11-24,487.5,489.25,481.75,482.75,0,0,0,0
2023-11-27,483.25,485.0,473.0,475.25,0,0,0,0
2023-11-28,475.25,476.75,471.0,473.5,0,0,0,0
2023-11-29,473.5,477.25,470.5,475.5,0,0,0,0
2023-11-30,475.25,484.5,475.0,482.25,0,0,0,0
2023-12-01,482.0,489.5,478.75,483.75,0,0,0,0
2023-12-04,483.75,488.5,481.25,485.0,0,0,0,0
2023-12-05,485.0,490.75,483.5,490.25,0,0,0,0
2023-12-06,489.75,493.75,483.5,483.75,0,0,0,0
2023-12-07,484.0,489.25,483.0,487.5,0,0,0,0
2023-12-08,487.5,492.0,484.0,486.75,0,0,0,0
2023-12-11,486.5,487.5,479.75,482.0,0,0,0,0
2023-12-12,482.0,488.0,481.75,484.5,0,0,0,0
2023-12-13,484.0,485.0,477.5,479.75,0,0,0,0
2023-12-14,481.0,484.25,479.0,480.0,0,0,0,0
2023-12-15,479.25,484.0,477.75,482.5,0,0,0,0
2023-12-18,482.5,482.75,475.5,477.0,0,0,0,0
2023-12-19,477.25,478.25,471.5,472.75,0,0,0,0
2023-12-20,472.75,475.5,468.25,470.0,0,0,0,0
2023-12-21,470.0,474.0,469.25,472.5,0,0,0,0
2023-12-22,472.5,474.0,471.5,472.5,0,0,0,0
2023-12-26,473.0,481.0,471.5,480.25,0,0,0,0
2023-12-27,479.75,480.25,474.5,476.5,0,0,0,0
2023-12-28,476.0,478.75,474.0,474.25,0,0,0,0
2023-12-29,473.75,475.0,470.5,470.75,0,0,0,0
2024-01-02,470.5,470.75,462.5,464.5,0,0,0,0
2024-01-03,464.75,466.0,461.75,465.0,0,0,0,0
2024-01-04,465.0,469.0,463.5,466.5,0,0,0,0
2024-01-05,466.5,467.75,460.0,461.75,0,0,0,0
2024-01-08,461.0,462.5,452.0,454.5,0,0,0,0
2024-01-09,454.75,460.5,451.75,458.75,0,0,0,0
2024-01-10,459.0,461.75,454.5,458.75,0,0,0,0
2024-01-11,459.0,461.5,455.75,457.0,0,0,0,0
2024-01-12,457.0,460.0,441.0,448.75,0,0,0,0
2024-01-16,447.75,451.25,442.0,443.5,0,0,0,0
2024-01-17,443.5,448.25,440.0,442.0,0,0,0,0
2024-01-18,442.0,445.0,436.75,443.5,0,0,0,0
2024-01-19,443.5,449.5,443.0,445.25,0,0,0,0
2024-01-22,445.5,448.0,444.0,445.5,0,0,0,0
2024-01-23,445.75,450.5,444.0,446.5,0,0,0,0
2024-01-24,446.5,452.75,446.25,451.75,0,0,0,0
2024-01-25,451.5,453.25,447.5,451.0,0,0,0,0
2024-01-26,451.0,451.75,445.5,446.25,0,0,0,0
2024-01-29,446.25,447.5,437.5,439.75,0,0,0,0
2024-01-30,439.75,448.25,436.5,447.75,0,0,0,0
2024-01-31,447.25,448.75,443.25,448.0,0,0,0,0
2024-02-01,448.0,448.0,443.5,446.5,0,0,0,0
2024-02-02,446.5,448.75,442.0,442.75,0,0,0,0
2024-02-05,442.75,445.0,439.5,442.75,0,0,0,0
2024-02-06,442.75,445.5,438.25,438.25,0,0,0,0
2024-02-07,438.5,439.25,432.75,434.75,0,0,0,0
2024-02-08,434.5,437.0,429.75,433.25,0,0,0,0
2024-02-09,433.0,437.0,428.25,430.25,0,0,0,0
2024-02-12,430.25,432.75,427.75,430.5,0,0,0,0
2024-02-13,430.25,434.75,428.75,431.25,0,0,0,0
2024-02-14,430.75,431.0,422.25,423.75,0,0,0,0
2024-02-15,424.0,425.0,417.25,417.5,0,0,0,0
2024-02-16,417.5,421.5,415.0,416.25,0,0,0,0
2024-02-20,416.25,421.5,414.75,418.75,0,0,0,0
2024-02-21,431.5,432.5,423.25,423.25,0,0,0,0
2024-02-22,423.5,428.5,417.0,419.0,0,0,0,0
2024-02-23,418.5,421.75,411.75,413.75,0,0,0,0
2024-02-26,413.5,422.5,408.75,421.5,0,0,0,0
2024-02-27,421.0,426.5,421.0,424.25,0,0,0,0
2024-02-28,423.75,430.5,421.75,430.0,0,0,0,0
2024-02-29,429.25,432.0,423.75,429.75,0,0,0,0
2024-03-01,429.25,431.0,422.0,424.25,0,0,0,0
2024-03-04,424.0,433.5,424.0,430.25,0,0,0,0
2024-03-05,430.0,431.0,425.0,425.75,0,0,0,0
2024-03-06,426.25,429.5,423.25,429.0,0,0,0,0
2024-03-07,428.75,438.75,428.25,437.5,0,0,0,0
2024-03-08,437.25,440.0,431.5,439.75,0,0,0,0
2024-03-11,438.5,443.0,433.25,441.25,0,0,0,0
2024-03-12,441.0,445.0,438.0,441.75,0,0,0,0
2024-03-13,441.75,444.5,438.25,441.25,0,0,0,0
2024-03-14,441.0,442.25,433.0,434.25,0,0,0,0
2024-03-15,433.75,440.0,431.75,438.0,0,0,0,0
2024-03-18,437.0,440.5,434.0,436.5,0,0,0,0
2024-03-19,436.5,440.0,435.0,439.25,0,0,0,0
2024-03-20,439.0,439.5,435.5,439.25,0,0,0,0
2024-03-21,439.0,445.75,437.5,441.0,0,0,0,0
2024-03-22,440.25,441.5,436.0,439.0,0,0,0,0
2024-03-25,439.0,441.25,437.0,437.25,0,0,0,0
2024-03-26,437.25,440.75,432.0,432.0,0,0,0,0
2024-03-27,432.0,432.25,426.25,426.5,0,0,0,0
2024-03-28,426.75,448.0,426.0,442.25,0,0,0,0
2024-04-01,441.75,442.0,432.25,436.0,0,0,0,0
2024-04-02,435.75,436.75,424.5,427.75,0,0,0,0
2024-04-03,428.25,433.0,425.75,432.25,0,0,0,0
2024-04-04,432.25,436.0,429.75,435.5,0,0,0,0
2024-04-05,435.0,438.5,432.25,433.5,0,0,0,0
2024-04-08,433.75,437.5,431.5,435.25,0,0,0,0
2024-04-09,435.0,435.75,429.75,431.25,0,0,0,0
2024-04-10,431.0,435.75,430.75,433.75,0,0,0,0
2024-04-11,434.0,437.5,427.5,428.5,0,0,0,0
2024-04-12,428.25,437.5,427.0,434.75,0,0,0,0
2024-04-15,434.5,435.0,430.25,431.25,0,0,0,0
2024-04-16,431.25,432.25,428.5,430.75,0,0,0,0
2024-04-17,431.0,433.0,429.5,430.25,0,0,0,0
2024-04-18,430.25,441.0,435.75,436.5,0,0,0,0
2024-04-19,436.75,443.5,436.0,442.5,0,0,0,0
2024-04-22,441.5,451.25,439.75,449.75,0,0,0,0
2024-04-23,449.5,453.25,448.25,452.5,0,0,0,0
2024-04-24,452.5,454.25,448.0,448.25,0,0,0,0
2024-04-25,448.5,453.25,446.5,451.75,0,0,0,0
2024-04-26,451.75,454.0,449.25,450.0,0,0,0,0
2024-04-29,450.0,451.25,445.5,449.25,0,0,0,0
2024-04-30,449.0,450.0,444.5,447.0,0,0,0,0
2024-05-01,446.75,451.5,443.75,450.0,0,0,0,0
2024-05-02,450.0,460.5,449.75,459.75,0,0,0,0
2024-05-03,459.5,468.0,457.25,460.0,0,0,0,0
2024-05-06,459.0,470.0,454.25,469.0,0,0,0,0
2024-05-07,468.5,472.0,466.0,467.25,0,0,0,0
2024-05-08,467.0,467.0,457.5,458.75,0,0,0,0
2024-05-09,458.5,462.0,454.25,456.75,0,0,0,0
2024-05-10,457.0,470.0,456.75,468.5,0,0,0,0
2024-05-13,468.5,475.5,465.5,471.75,0,0,0,0
2024-05-14,471.75,475.5,466.5,467.75,0,0,0,0
2024-05-15,467.75,473.25,461.5,462.75,0,0,0,0
2024-05-16,462.25,465.25,456.0,457.0,0,0,0,0
2024-05-17,457.0,460.5,451.0,452.75,0,0,0,0
2024-05-20,452.75,463.5,452.25,460.0,0,0,0,0
2024-05-21,460.0,461.25,455.0,458.0,0,0,0,0
2024-05-22,458.5,463.25,458.0,461.0,0,0,0,0
2024-05-23,461.25,467.25,458.5,464.5,0,0,0,0
2024-05-24,464.5,466.75,460.75,464.75,0,0,0,0
2024-05-28,464.75,471.0,460.0,463.0,0,0,0,0
2024-05-29,462.5,463.0,454.25,455.5,0,0,0,0
2024-05-30,455.25,457.0,447.5,448.5,0,0,0,0
2024-05-31,449.0,453.75,445.5,445.75,0,0,0,0
2024-06-03,446.0,449.0,439.0,442.75,0,0,0,0
2024-06-04,442.5,448.25,440.0,442.0,0,0,0,0
2024-06-05,442.5,444.25,438.25,439.0,0,0,0,0
2024-06-06,439.25,453.25,438.75,453.25,0,0,0,0
2024-06-07,453.25,454.25,444.25,448.75,0,0,0,0
2024-06-10,448.75,452.75,447.75,451.0,0,0,0,0
2024-06-11,450.75,456.25,449.0,449.25,0,0,0,0
2024-06-12,449.0,455.0,448.5,453.0,0,0,0,0
2024-06-13,453.5,460.5,453.5,458.0,0,0,0,0
2024-06-14,458.0,459.5,448.0,448.5,0,0,0,0
2024-06-17,448.0,450.0,443.25,443.75,0,0,0,0
2024-06-18,444.25,452.0,443.75,448.0,0,0,0,0
2024-06-20,448.25,449.5,439.25,439.75,0,0,0,0
2024-06-21,440.0,442.5,434.25,435.0,0,0,0,0
2024-06-24,453.0,455.0,443.0,451.25,0,0,0,0
2024-06-25,451.25,453.0,441.0,441.5,0,0,0,0
2024-06-26,431.5,436.0,424.25,424.5,0,0,0,0
2024-06-27,425.5,427.5,422.25,422.5,0,0,0,0
2024-06-28,434.0,441.0,412.0,421.25,0,0,0,0
2024-07-01,420.75,423.25,414.75,421.25,0,0,0,0
2024-07-02,421.75,426.5,419.5,421.0,0,0,0,0
2024-07-03,421.0,423.0,417.5,419.0,0,0,0,0
2024-07-05,419.0,425.75,419.5,424.25,0,0,0,0
2024-07-08,424.0,423.75,405.75,407.25,0,0,0,0
2024-07-09,408.25,412.75,406.25,408.0,0,0,0,0
2024-07-10,408.25,409.25,404.0,407.25,0,0,0,0
2024-07-11,407.0,413.25,406.25,411.0,0,0,0,0
2024-07-12,411.0,416.5,403.0,416.0,0,0,0,0
2024-07-15,416.0,416.0,403.25,403.25,0,0,0,0
2024-07-16,403.25,411.0,403.25,409.0,0,0,0,0
2024-07-17,408.75,413.25,408.25,412.25,0,0,0,0
2024-07-18,412.0,413.0,404.25,405.25,0,0,0,0
2024-07-19,405.0,410.75,404.0,405.25,0,0,0,0
2024-07-22,405.25,415.5,405.25,414.75,0,0,0,0
2024-07-23,413.75,422.5,411.75,417.0,0,0,0,0
2024-07-24,416.5,423.75,414.5,417.5,0,0,0,0
2024-07-25,417.25,423.5,416.25,421.0,0,0,0,0
2024-07-26,421.0,421.75,409.25,409.75,0,0,0,0
2024-07-29,410.25,413.0,405.5,412.5,0,0,0,0
2024-07-30,412.0,412.75,404.0,404.25,0,0,0,0
2024-07-31,404.5,406.5,397.75,399.75,0,0,0,0
2024-08-01,399.75,400.75,395.0,399.5,0,0,0,0
2024-08-02,399.25,404.75,398.5,403.5,0,0,0,0
2024-08-05,403.5,407.75,396.0,407.25,0,0,0,0
2024-08-06,407.25,409.0,402.0,404.0,0,0,0,0
2024-08-07,404.25,404.75,399.0,401.25,0,0,0,0
2024-08-08,401.0,403.75,396.25,396.5,0,0,0,0
2024-08-09,396.75,399.0,393.5,395.0,0,0,0,0
2024-08-12,395.0,403.0,390.25,401.75,0,0,0,0
2024-08-13,401.75,403.0,395.25,397.0,0,0,0,0
2024-08-14,397.0,401.75,395.5,401.0,0,0,0,0
2024-08-15,400.75,403.75,396.25,396.75,0,0,0,0
2024-08-16,396.0,397.5,390.0,392.0,0,0,0,0
2024-08-19,392.0,400.75,391.75,400.5,0,0,0,0
2024-08-20,400.0,401.0,397.75,398.25,0,0,0,0
2024-08-21,397.75,400.5,396.5,398.5,0,0,0,0
2024-08-22,398.5,399.0,393.0,393.0,0,0,0,0
2024-08-23,393.25,396.25,390.75,391.0,0,0,0,0
2024-08-26,391.0,391.0,385.0,386.0,0,0,0,0
2024-08-27,385.75,394.5,385.0,392.5,0,0,0,0
2024-08-28,392.25,394.0,388.75,390.5,0,0,0,0
2024-08-29,390.0,396.25,389.25,395.5,0,0,0,0
2024-08-30,395.0,401.75,394.5,401.25,0,0,0,0
2024-09-03,401.25,410.0,398.5,408.75,0,0,0,0
2024-09-04,408.75,413.5,407.5,413.0,0,0,0,0
2024-09-05,412.75,413.25,406.75,410.5,0,0,0,0
2024-09-06,410.0,416.0,405.5,406.0,0,0,0,0
2024-09-09,405.5,408.0,403.25,407.25,0,0,0,0
2024-09-10,407.0,407.5,403.25,404.0,0,0,0,0
2024-09-11,404.0,407.5,401.25,405.0,0,0,0,0
2024-09-12,404.75,409.75,397.0,406.5,0,0,0,0
2024-09-13,406.25,414.0,406.25,413.25,0,0,0,0
2024-09-16,413.0,413.0,408.5,410.25,0,0,0,0
2024-09-17,410.25,413.0,408.5,412.0,0,0,0,0
2024-09-18,412.0,415.0,411.0,412.25,0,0,0,0
2024-09-19,412.25,413.0,405.25,405.75,0,0,0,0
2024-09-20,406.0,407.25,401.5,401.5,0,0,0,0
2024-09-23,401.5,414.25,401.25,413.0,0,0,0,0
2024-09-24,413.0,418.25,410.0,411.75,0,0,0,0
2024-09-25,411.75,415.5,408.5,414.75,0,0,0,0
2024-09-26,414.75,419.25,412.5,413.0,0,0,0,0
2024-09-27,413.0,419.75,410.75,417.5,0,0,0,0
2024-09-30,417.25,427.75,415.5,424.25,0,0,0,0
2024-10-01,423.5,432.5,421.75,428.5,0,0,0,0
2024-10-02,428.5,434.25,428.5,431.5,0,0,0,0
2024-10-03,431.5,433.25,427.5,427.75,0,0,0,0
2024-10-04,427.5,427.5,423.0,425.0,0,0,0,0
2024-10-07,424.0,427.0,421.25,426.25,0,0,0,0
2024-10-08,426.0,428.0,419.25,420.5,0,0,0,0
2024-10-09,420.5,423.5,420.0,421.25,0,0,0,0
2024-10-10,421.0,424.0,418.0,418.0,0,0,0,0
2024-10-11,418.5,422.75,415.25,416.25,0,0,0,0
2024-10-14,416.0,415.25,407.5,407.75,0,0,0,0
2024-10-15,408.0,408.0,400.5,401.5,0,0,0,0
2024-10-16,401.25,406.75,401.0,404.5,0,0,0,0
2024-10-17,404.5,407.5,399.0,406.75,0,0,0,0
2024-10-18,406.75,409.5,403.75,404.0,0,0,0,0
2024-10-21,404.0,411.75,403.0,409.25,0,0,0,0
2024-10-22,409.0,417.0,408.25,416.5,0,0,0,0
2024-10-23,416.0,420.0,414.0,419.0,0,0,0,0
2024-10-24,418.75,424.0,418.25,421.25,0,0,0,0
2024-10-25,420.5,421.0,414.5,415.5,0,0,0,0
2024-10-28,415.5,414.75,410.0,410.25,0,0,0,0
2024-10-29,410.0,414.75,410.0,413.75,0,0,0,0
2024-10-30,413.25,414.25,411.0,411.25,0,0,0,0
2024-10-31,411.5,412.75,409.25,411.0,0,0,0,0
2024-11-01,411.0,415.75,410.5,414.5,0,0,0,0
2024-11-04,414.0,420.0,413.0,416.0,0,0,0,0
2024-11-05,416.25,419.75,415.25,418.25,0,0,0,0
2024-11-06,418.0,426.75,414.25,426.25,0,0,0,0
2024-11-07,425.75,428.5,422.25,428.0,0,0,0,0
2024-11-08,427.5,434.75,426.75,431.25,0,0,0,0
2024-11-11,430.0,432.0,426.5,429.5,0,0,0,0
2024-11-12,429.75,433.5,426.75,429.0,0,0,0,0
2024-11-13,440.25,441.75,435.25,437.25,0,0,0,0
2024-11-14,437.0,439.25,430.0,430.5,0,0,0,0
2024-11-15,430.0,436.75,429.0,435.0,0,0,0,0
2024-11-18,434.75,440.0,433.0,439.25,0,0,0,0
2024-11-19,439.0,441.75,437.0,437.5,0,0,0,0
2024-11-20,437.25,441.75,435.0,439.75,0,0,0,0
2024-11-21,439.75,442.25,435.75,436.5,0,0,0,0
2024-11-22,436.25,439.0,434.5,435.5,0,0,0,0
2024-11-25,434.75,435.75,431.75,433.25,0,0,0,0
2024-11-26,432.5,434.0,425.5,427.75,0,0,0,0
2024-11-27,427.75,431.0,427.5,427.75,0,0,0,0
2024-11-29,427.75,433.75,427.25,433.0,0,0,0,0
2024-12-02,433.0,435.0,429.75,433.0,0,0,0,0
2024-12-03,433.0,436.0,431.0,432.25,0,0,0,0
2024-12-04,432.0,433.5,429.5,429.75,0,0,0,0
2024-12-05,429.5,436.0,428.25,435.75,0,0,0,0
2024-12-06,435.0,440.5,434.5,439.75,0,0,0,0
2024-12-09,439.75,442.0,437.5,441.0,0,0,0,0
2024-12-10,441.0,450.0,440.75,448.5,0,0,0,0
2024-12-11,448.0,451.25,447.75,448.0,0,0,0,0
2024-12-12,447.75,448.0,442.5,443.75,0,0,0,0
2024-12-13,443.5,444.25,440.0,442.25,0,0,0,0
2024-12-16,441.25,445.75,441.25,445.0,0,0,0,0
2024-12-17,445.0,446.75,441.25,443.5,0,0,0,0
2024-12-18,443.75,446.5,437.0,437.5,0,0,0,0
2024-12-19,437.0,441.0,435.75,440.5,0,0,0,0
2024-12-20,439.75,447.5,439.5,446.0,0,0,0,0
2024-12-23,446.0,448.25,445.25,447.5,0,0,0,0
2024-12-24,447.25,448.75,446.75,448.5,0,0,0,0
2024-12-26,448.5,454.25,448.5,453.5,0,0,0,0
2024-12-27,453.25,455.0,452.25,453.5,0,0,0,0
2024-12-30,453.5,458.5,449.75,452.75,0,0,0,0
2024-12-31,452.25,459.0,452.0,458.5,0,0,0,0
2025-01-02,457.25,459.75,456.25,459.5,0,0,0,0
2025-01-03,459.5,459.75,449.25,451.0,0,0,0,0
2025-01-06,451.0,460.25,451.5,456.75,0,0,0,0
2025-01-07,456.0,458.5,453.0,457.5,0,0,0,0
2025-01-08,457.75,459.25,453.5,453.75,0,0,0,0
2025-01-09,454.0,457.25,453.5,456.5,0,0,0,0
2025-01-10,456.5,472.5,455.75,470.75,0,0,0,0
2025-01-13,470.75,477.0,469.25,475.75,0,0,0,0
2025-01-14,475.5,479.75,473.5,474.5,0,0,0,0
2025-01-15,474.25,479.5,474.0,478.75,0,0,0,0
2025-01-16,478.75,479.0,473.25,474.25,0,0,0,0
2025-01-17,474.0,485.0,474.0,484.5,0,0,0,0
2025-01-21,484.25,490.5,482.5,489.5,0,0,0,0
2025-01-22,489.5,492.25,482.5,484.0,0,0,0,0
2025-01-23,484.25,494.5,480.5,489.25,0,0,0,0
2025-01-24,487.0,489.5,483.5,485.75,0,0,0,0
2025-01-27,485.75,484.75,477.75,482.25,0,0,0,0
2025-01-28,482.25,489.25,481.0,485.0,0,0,0,0
2025-01-29,485.0,497.5,485.0,496.0,0,0,0,0
2025-01-30,496.25,497.0,490.0,490.0,0,0,0,0
2025-01-31,488.25,488.75,479.25,482.75,0,0,0,0
2025-02-03,482.5,491.0,472.5,488.25,0,0,0,0
2025-02-04,488.0,497.25,487.25,494.0,0,0,0,0
2025-02-05,494.0,498.5,489.75,493.0,0,0,0,0
2025-02-06,493.25,496.5,486.0,495.5,0,0,0,0
2025-02-07,495.5,496.5,485.5,487.5,0,0,0,0
2025-02-10,498.25,505.25,495.25,504.25,0,0,0,0
2025-02-11,504.5,510.0,497.25,497.25,0,0,0,0
2025-02-12,497.75,505.5,495.25,504.25,0,0,0,0
2025-02-13,503.25,506.5,499.5,505.75,0,0,0,0
2025-02-14,505.25,512.0,505.0,509.0,0,0,0,0
2025-02-18,508.25,517.75,505.5,515.5,0,0,0,0
2025-02-19,515.5,518.75,511.0,512.0,0,0,0,0
2025-02-20,512.0,518.0,511.75,511.75,0,0,0,0
2025-02-21,512.25,513.75,504.25,504.5,0,0,0,0
2025-02-24,504.5,505.25,495.25,496.75,0,0,0,0
2025-02-25,496.75,498.5,488.5,494.75,0,0,0,0
2025-02-26,494.75,500.0,492.25,494.0,0,0,0,0
2025-02-27,493.5,496.25,480.0,480.75,0,0,0,0
2025-02-28,481.25,483.75,469.0,469.25,0,0,0,0
2025-03-03,469.25,472.75,454.5,456.25,0,0,0,0
2025-03-04,456.25,459.25,442.5,452.25,0,0,0,0
2025-03-05,452.25,460.5,448.5,456.0,0,0,0,0
2025-03-06,456.0,473.5,452.75,463.5,0,0,0,0
2025-03-07,463.5,471.0,460.75,469.0,0,0,0,0
2025-03-10,469.0,474.75,466.5,472.0,0,0,0,0
2025-03-11,472.0,477.5,469.0,469.0,0,0,0,0
2025-03-12,469.0,472.0,456.25,461.5,0,0,0,0
2025-03-13,461.5,470.0,459.5,464.0,0,0,0,0
2025-03-14,464.0,463.5,456.5,458.5,0,0,0,0
2025-03-17,460.0,465.5,457.25,460.25,0,0,0,0
2025-03-18,460.25,462.5,455.25,457.75,0,0,0,0
2025-03-19,458.25,463.0,455.75,461.75,0,0,0,0
2025-03-20,462.0,470.25,462.0,467.5,0,0,0,0
2025-03-21,467.25,469.75,461.25,463.25,0,0,0,0
2025-03-24,465.0,466.25,459.5,464.25,0,0,0,0
2025-03-25,464.25,464.75,457.0,458.25,0,0,0,0
2025-03-26,458.25,461.0,450.75,451.25,0,0,0,0
2025-03-27,451.75,452.75,447.25,450.0,0,0,0,0
2025-03-28,450.25,454.0,442.0,452.75,0,0,0,0
2025-03-31,453.0,459.25,444.0,457.75,0,0,0,0
2025-04-01,457.75,465.0,454.0,459.75,0,0,0,0
2025-04-02,459.75,460.75,454.0,457.25,0,0,0,0
2025-04-03,457.25,462.25,447.5,458.25,0,0,0,0
2025-04-04,457.75,462.5,449.25,460.5,0,0,0,0
2025-04-07,460.5,473.75,461.25,470.75,0,0,0,0
2025-04-08,470.75,476.25,469.25,474.5,0,0,0,0
2025-04-09,474.0,481.25,472.25,480.25,0,0,0,0
2025-04-10,480.25,490.0,479.75,488.0,0,0,0,0
2025-04-11,488.0,497.25,487.25,496.25,0,0,0,0
2025-04-14,496.25,497.5,492.0,492.0,0,0,0,0
2025-04-15,492.0,496.0,487.0,489.0,0,0,0,0
2025-04-16,489.0,495.0,487.0,491.0,0,0,0,0
2025-04-17,491.0,494.0,489.0,490.25,0,0,0,0
2025-04-21,491.25,495.0,489.5,490.25,0,0,0,0
2025-04-22,490.0,491.75,482.5,482.5,0,0,0,0
2025-04-23,482.5,484.75,477.25,479.25,0,0,0,0
2025-04-24,479.25,485.25,479.0,483.25,0,0,0,0
2025-04-25,483.25,487.5,483.25,483.75,0,0,0,0
2025-04-28,483.75,485.75,476.25,482.75,0,0,0,0
2025-04-29,482.75,485.25,469.75,470.75,0,0,0,0
2025-04-30,470.75,478.5,468.5,475.0,0,0,0,0
2025-05-01,475.0,480.0,470.0,471.5,0,0,0,0
2025-05-02,472.25,477.0,468.25,468.5,0,0,0,0
2025-05-05,469.0,470.75,453.25,454.25,0,0,0,0
2025-05-06,454.25,457.25,452.5,455.75,0,0,0,0
2025-05-07,457.0,463.5,448.5,449.5,0,0,0,0
2025-05-08,449.5,452.0,442.25,448.5,0,0,0,0
2025-05-09,448.5,455.0,447.0,449.5,0,0,0,0
2025-05-12,453.0,458.75,445.75,447.0,0,0,0,0
2025-05-13,447.0,448.0,436.5,442.5,0,0,0,0
2025-05-14,443.0,447.75,438.5,444.75,0,0,0,0
2025-05-15,444.75,450.5,443.5,448.25,0,0,0,0
2025-05-16,448.25,451.5,442.75,443.0,0,0,0,0
2025-05-19,443.0,449.75,443.0,447.0,0,0,0,0
2025-05-20,447.0,455.5,444.75,454.5,0,0,0,0
2025-05-21,454.5,462.0,453.5,460.0,0,0,0,0
2025-05-22,460.0,464.75,456.5,462.75,0,0,0,0
2025-05-23,462.75,464.5,455.0,459.0,0,0,0,0
2025-05-27,459.0,463.0,456.0,458.0,0,0,0,0
2025-05-28,458.0,463.0,450.0,450.75,0,0,0,0
2025-05-29,450.75,453.0,443.5,446.75,0,0,0,0
2025-05-30,446.75,449.5,443.0,443.5,0,0,0,0
2025-06-02,443.5,451.0,437.75,438.0,0,0,0,0
2025-06-03,438.25,442.5,434.25,438.0,0,0,0,0
2025-06-04,438.0,446.0,437.5,438.0,0,0,0,0
2025-06-05,438.0,442.75,433.25,438.0,0,0,0,0
2025-06-06,438.0,445.0,435.0,441.75,0,0,0,0
2025-06-09,441.75,445.75,432.75,433.0,0,0,0,0
2025-06-10,433.0,439.5,429.25,439.0,0,0,0,0
2025-06-11,439.0,443.75,438.5,439.5,0,0,0,0
2025-06-12,439.5,443.25,437.75,440.5,0,0,0,0
2025-06-13,440.5,444.0,438.25,443.25,0,0,0,0
2025-06-16,443.25,444.75,433.75,435.25,0,0,0,0
2025-06-17,435.25,440.5,435.75,438.75,0,0,0,0
2025-06-18,438.75,445.75,438.75,443.75,0,0,0,0
2025-06-20,443.75,447.0,441.0,441.75,0,0,0,0
2025-06-23,441.75,444.25,433.0,434.0,0,0,0,0
2025-06-24,434.0,434.5,428.5,428.75,0,0,0,0
2025-06-25,428.75,430.5,421.0,422.5,0,0,0,0
2025-06-26,422.5,426.0,419.25,421.0,0,0,0,0
2025-06-27,421.0,428.0,421.25,426.5,0,0,0,0
2025-06-30,426.5,429.5,422.25,425.5,0,0,0,0
2025-07-01,424.0,425.0,416.5,421.5,0,0,0,0
2025-07-02,421.5,434.0,417.5,433.25,0,0,0,0
2025-07-03,433.25,442.25,432.75,437.25,0,0,0,0
2025-07-07,437.25,429.75,419.75,421.0,0,0,0,0
2025-07-08,420.75,420.75,413.25,414.75,0,0,0,0
2025-07-09,414.75,416.5,411.75,415.75,0,0,0,0
2025-07-10,415.75,417.0,412.5,416.0,0,0,0,0
2025-07-11,416.0,418.0,411.5,412.25,0,0,0,0
2025-07-14,412.25,418.75,407.5,418.5,0,0,0,0
2025-07-15,418.5,424.0,413.0,419.0,0,0,0,0
2025-07-16,419.0,425.75,418.75,424.25,0,0,0,0
2025-07-17,424.25,425.75,419.5,420.75,0,0,0,0
2025-07-18,420.75,430.25,421.5,427.75,0,0,0,0
2025-07-21,425.0,427.75,420.0,422.25,0,0,0,0
2025-07-22,422.25,424.75,416.75,417.5,0,0,0,0
2025-07-23,417.5,420.25,415.75,417.5,0,0,0,0
2025-07-24,417.5,423.0,417.5,420.75,0,0,0,0
2025-07-25,420.75,422.0,417.75,418.75,0,0,0,0
2025-07-28,418.75,448.75,444.25,445.25,0,0,0,0
2025-07-29,445.25,454.75,450.5,451.25,0,0,0,0
2025-07-30,451.25,452.75,450.5,451.5,0,0,0,0
2025-07-31,451.0,452.25,448.0,450.25,0,0,0,0
2025-08-01,450.0,452.0,447.0,450.0,0,0,0,0
2025-08-04,450.0,450.5,447.25,447.5,0,0,0,0
2025-08-05,447.5,447.75,444.0,444.0,0,0,0,0
2025-08-06,444.0,444.5,440.75,444.0,0,0,0,0
2025-08-07,444.0,447.75,443.25,447.25,0,0,0,0
2025-08-08,447.25,449.5,446.0,447.0,0,0,0,0
2025-08-11,447.0,450.5,445.25,449.5,0,0,0,0
2025-08-12,449.5,450.0,441.25,444.0,0,0,0,0
2025-08-13,444.0,446.0,442.0,444.5,0,0,0,0
2025-08-14,444.5,446.0,441.75,445.0,0,0,0,0
2025-08-15,445.0,450.75,443.5,450.5,0,0,0,0
2025-08-18,450.5,452.0,447.0,450.5,0,0,0,0
2025-08-19,450.0,450.0,447.25,448.75,0,0,0,0
2025-08-20,448.75,451.5,448.0,450.25,0,0,0,0
2025-08-21,450.25,456.0,449.75,454.5,0,0,0,0
2025-08-22,454.5,455.5,453.5,454.0,0,0,0,0
2025-08-25,454.0,457.25,453.75,455.25,0,0,0,0
2025-08-26,455.25,456.0,452.25,452.75,0,0,0,0
2025-08-27,452.75,453.0,449.75,450.5,0,0,0,0
2025-08-28,450.5,454.25,449.25,454.0,0,0,0,0
2025-08-29,454.0,460.25,453.25,459.25,0,0,0,0
2025-09-02,459.25,462.25,456.5,461.75,0,0,0,0
2025-09-03,461.75,462.75,457.75,458.5,0,0,0,0
2025-09-04,458.5,459.5,455.25,459.25,0,0,0,0
2025-09-05,459.25,462.25,457.75,458.0,0,0,0,0
2025-09-08,458.0,460.25,456.0,459.75,0,0,0,0
2025-09-09,458.0,460.75,458.25,459.25,0,0,0,0
2025-09-10,459.25,459.5,457.75,458.0,0,0,0,0
2025-09-11,458.0,461.5,457.75,460.75,0,0,0,0
2025-09-12,460.75,469.0,458.75,467.5,0,0,0,0
2025-09-15,467.5,468.5,464.75,466.0,0,0,0,0
2025-09-16,466.0,470.0,465.5,468.75,0,0,0,0
2025-09-17,468.75,469.75,466.0,466.0,0,0,0,0
2025-09-18,466.0,466.5,462.5,463.0,0,0,0,0
2025-09-19,463.0,465.5,460.5,461.75,0,0,0,0
2025-09-22,461.75,462.75,457.0,459.75,0,0,0,0
2025-09-23,459.75,463.0,457.0,462.25,0,0,0,0
2025-09-24,462.25,463.5,461.0,461.0,0,0,0,0
2025-09-25,461.0,464.25,460.75,461.25,0,0,0,0
2025-09-26,461.25,461.75,459.0,459.25,0,0,0,0
2025-09-29,458.75,461.0,458.25,460.5,0,0,0,0
2025-09-30,460.5,460.75,457.5,459.0,0,0,0,0
2025-10-01,459.0,464.0,456.5,462.25,0,0,0,0
2025-10-02,462.25,466.0,460.75,464.25,0,0,0,0
2025-10-03,464.25,465.5,461.5,462.0,0,0,0,0
2025-10-06,462.0,462.25,459.25,461.0,0,0,0,0
2025-10-07,461.0,461.25,457.75,457.75,0,0,0,0
2025-10-08,457.75,460.25,457.25,458.5,0,0,0,0
2025-10-09,458.5,458.75,455.75,456.75,0,0,0,0
2025-10-10,456.75,458.0,452.75,453.25,0,0,0,0
2025-10-13,453.25,454.0,452.0,452.0,0,0,0,0
2025-10-14,452.25,453.0,451.0,452.25,0,0,0,0
2025-10-15,452.25,455.75,451.25,454.25,0,0,0,0
2025-10-16,454.25,458.5,453.75,457.5,0,0,0,0
2025-10-17,457.5,460.0,456.75,457.5,0,0,0,0
2025-10-20,457.5,459.25,456.5,458.5,0,0,0,0
2025-10-21,458.0,459.25,455.0,455.75,0,0,0,0
2025-10-22,455.75,457.5,454.75,457.25,0,0,0,0
2025-10-23,457.25,461.0,456.0,460.25,0,0,0,0
2025-10-24,460.25,460.75,459.0,459.25,0,0,0,0
2025-10-27,459.25,467.0,460.0,465.0,0,0,0,0
2025-10-28,465.0,469.25,464.5,465.5,0,0,0,0
2025-10-29,465.5,466.5,463.75,465.25,0,0,0,0
2025-10-30,465.25,466.75,460.75,463.25,0,0,0,0
2025-10-31,463.0,464.25,461.25,463.0,0,0,0,0
2025-11-03,463.0,468.0,462.0,467.5,0,0,0,0
2025-11-04,467.75,467.75,463.5,465.25,0,0,0,0
2025-11-05,465.25,469.0,464.0,468.0,0,0,0,0
2025-11-06,467.75,468.75,463.75,463.75,0,0,0,0
2025-11-07,463.75,465.0,463.0,463.0,0,0,0,0
2025-11-10,463.0,467.75,463.0,467.0,0,0,0,0
2025-11-11,467.0,470.0,466.75,469.75,0,0,0,0
2025-11-12,469.75,470.0,468.5,468.25,0,0,0,0
2025-11-13,468.25,473.5,467.0,473.25,0,0,0,0
2025-11-14,473.25,473.25,466.25,467.0,0,0,0,0
2025-11-17,467.0,472.0,465.75,469.75,0,0,0,0
2025-11-18,469.75,472.0,468.0,468.25,0,0,0,0
2025-11-19,468.75,468.75,462.5,462.75,0,0,0,0
2025-11-20,462.75,464.0,459.5,460.5,0,0,0,0
2025-11-21,460.5,461.25,458.25,460.5,0,0,0,0
2025-11-24,460.5,461.5,458.5,460.0,0,0,0,0
2025-11-25,460.0,462.25,459.75,461.25,0,0,0,0
2025-11-26,461.25,466.75,460.5,466.0,0,0,0,0
2025-11-28,465.25,469.0,464.25,468.0,0,0,0,0
2025-12-01,468.0,469.0,465.75,466.75,0,0,0,0
2025-12-02,466.75,470.5,465.0,469.25,0,0,0,0
2025-12-03,469.25,469.75,463.0,463.0,0,0,0,0
2025-12-04,463.0,465.5,461.75,464.25,0,0,0,0
2025-12-05,464.25,466.5,463.5,464.0,0,0,0,0
2025-12-08,464.0,465.25,462.75,463.5,0,0,0,0
2025-12-09,463.5,466.5,462.5,466.0,0,0,0,0
2025-12-10,466.0,466.75,462.75,463.25,0,0,0,0
2025-12-11,463.25,465.5,462.75,464.5,0,0,0,0
2025-12-12,464.5,464.75,461.25,461.5,0,0,0,0
2025-12-15,461.5,462.75,459.0,460.75,0,0,0,0
2025-12-16,460.75,461.0,457.75,458.5,0,0,0,0
2025-12-17,458.5,461.25,458.75,460.75,0,0,0,0
2025-12-18,460.75,463.5,460.5,461.75,0,0,0,0
2025-12-19,461.75,463.0,461.0,461.0,0,0,0,0
2025-12-22,461.0,464.75,461.25,463.5,0,0,0,0
2025-12-23,463.5,465.25,463.5,464.25,0,0,0,0
2025-12-24,464.25,467.75,464.0,466.75,0,0,0,0
2025-12-26,467.75,468.5,467.25,467.5,0,0,0,0
2025-12-29,467.5,468.25,462.5,462.75,0,0,0,0
2025-12-30,462.75,463.0,460.5,460.75,0,0,0,0
2025-12-31,460.75,461.75,459.5,460.25,0,0,0,0
2026-01-02,460.25,460.75,457.0,457.5,0,0,0,0
2026-01-05,457.5,464.0,457.0,463.0,0,0,0,0
2026-01-06,462.75,464.75,461.25,461.25,0,0,0,0
2026-01-07,461.25,464.25,461.75,463.75,0,0,0,0
2026-01-08,463.75,465.75,463.25,464.0,0,0,0,0
2026-01-09,464.0,465.5,463.25,463.5,0,0,0,0
2026-01-12,463.5,466.25,449.0,450.25,0,0,0,0
2026-01-13,450.25,450.75,445.25,445.25,0,0,0,0
2026-01-14,445.25,449.25,445.25,447.25,0,0,0,0
2026-01-15,447.25,449.75,446.5,446.5,0,0,0,0
2026-01-16,446.5,450.5,446.25,449.75,0,0,0,0
2026-01-20,449.75,451.75,448.5,450.5,0,0,0,0
2026-01-21,450.5,453.25,449.5,450.0,0,0,0,0
2026-01-22,450.0,452.0,449.0,451.5,0,0,0,0
2026-01-23,451.5,456.5,451.0,455.5,0,0,0,0
2026-01-26,455.5,456.25,453.75,455.25,0,0,0,0
2026-01-27,455.25,456.25,453.75,454.0,0,0,0,0
2026-01-28,454.0,459.0,454.0,457.5,0,0,0,0
2026-01-29,457.5,460.5,456.75,458.75,0,0,0,0
2026-01-30,458.75,459.25,454.0,456.5,0,0,0,0
2026-02-02,456.5,456.5,453.25,454.5,0,0,0,0
2026-02-03,454.5,457.25,454.5,457.0,0,0,0,0
2026-02-04,457.0,460.5,454.5,456.75,0,0,0,0
2026-02-05,456.75,461.25,454.5,461.0,0,0,0,0
2026-02-06,461.0,462.5,457.0,458.0,0,0,0,0
2026-02-09,458.0,457.5,455.5,457.0,0,0,0,0
2026-02-10,457.0,458.75,456.25,458.25,0,0,0,0
2026-02-11,458.25,461.0,456.75,460.0,0,0,0,0
2026-02-12,460.0,464.0,459.25,463.5,0,0,0,0
2026-02-13,463.0,464.25,462.0,463.75,0,0,0,0
2026-02-17,463.75,463.5,459.0,459.75,0,0,0,0
2026-02-18,459.75,461.75,459.0,460.25,0,0,0,0
2026-02-19,460.0,462.0,459.25,461.5,0,0,0,0
2026-02-20,460.75,465.0,460.5,464.5,0,0,0,0
2026-02-23,464.5,467.5,462.0,464.25,0,0,0,0
2026-02-24,463.5,465.0,462.25,464.25,0,0,0,0
2026-02-25,463.75,467.0,463.25,466.75,0,0,0,0
2026-02-26,466.25,469.0,465.0,467.0,0,0,0,0
2026-02-27,467.0,470.0,466.0,468.75,0,0,0,0
2026-03-02,468.75,472.0,467.25,469.0,0,0,0,0
2026-03-03,469.25,474.25,469.0,471.0,0,0,0,0
2026-03-04,470.5,472.25,467.0,469.75,0,0,0,0
2026-03-05,468.75,478.25,468.5,477.75,0,0,0,0
2026-03-06,477.75,484.75,476.25,484.25,0,0,0,0
2026-03-09,484.25,488.25,479.0,479.25,0,0,0,0
2026-03-10,477.0,483.0,474.5,482.25,0,0,0,0
2026-03-11,481.5,486.75,481.25,486.25,0,0,0,0
2026-03-12,486.5,489.5,485.75,486.25,0,0,0,0
2026-03-13,486.25,488.25,484.0,487.75,0,0,0,0
2026-03-16,487.75,488.25,479.0,480.25,0,0,0,0
2026-03-17,480.25,483.75,476.25,480.5,0,0,0,0
2026-03-18,481.5,487.25,480.0,485.75,0,0,0,0
2026-03-19,485.75,490.0,485.25,489.5,0,0,0,0
2026-03-20,489.5,490.25,487.0,489.5,0,0,0,0
2026-03-23,489.5,492.0,482.75,487.25,0,0,0,0
2026-03-24,488.0,489.5,486.75,487.75,0,0,0,0
2026-03-25,487.75,492.25,486.25,492.25,0,0,0,0
2026-03-26,491.0,493.75,490.0,492.75,0,0,0,0
2026-03-27,492.25,495.0,492.0,492.25,0,0,0,0
2026-03-30,492.0,494.5,487.75,487.5,0,0,0,0
2026-03-31,487.5,493.25,485.0,490.75,0,0,0,0
2026-04-01,490.75,491.25,483.25,489.25,0,0,0,0
2026-04-02,489.25,492.75,488.0,489.5,0,0,0,0
2026-04-06,489.5,492.75,487.25,491.75,0,0,0,0
2026-04-07,491.75,493.75,490.5,491.25,0,0,0,0
2026-04-08,490.0,490.0,485.5,487.5,0,0,0,0
2026-04-09,487.25,489.75,484.25,484.5,0,0,0,0
2026-04-10,485.25,485.75,481.75,483.25,0,0,0,0
2026-04-13,487.25,488.0,482.0,482.5,0,0,0,0
2026-04-14,482.5,485.5,481.75,482.5,0,0,0,0
2026-04-15,482.5,488.75,482.75,488.0,0,0,0,0
2026-04-16,488.0,490.0,486.25,486.25,0,0,0,0
2026-04-17,486.25,488.75,483.25,488.0,0,0,0,0
2026-04-20,488.0,491.0,487.0,488.75,0,0,0,0
2026-04-21,488.75,492.75,488.75,491.25,0,0,0,0
2026-04-22,491.0,493.5,490.25,491.0,0,0,0,0
2026-04-23,491.0,495.5,490.75,494.0,0,0,0,0
2026-04-24,494.25,495.75,493.75,494.25,0,0,0,0
2026-04-27,494.5,498.0,494.0,497.75,0,0,0,0
2026-04-28,497.75,500.75,497.0,500.0,0,0,0,0
2026-04-29,500.0,503.0,499.0,500.75,0,0,0,0
2026-04-30,500.75,502.0,499.0,499.75,0,0,0,0
2026-05-01,499.25,506.0,499.0,503.5,0,0,0,0
2026-05-04,503.5,510.5,502.0,509.75,0,0,0,0
2026-05-05,509.75,510.25,504.75,506.5,0,0,0,0
2026-05-06,505.75,506.5,497.5,499.75,0,0,0,0
2026-05-07,500.0,501.5,495.5,500.25,0,0,0,0
2026-05-08,500.5,506.75,500.0,505.25,0,0,0,0
2026-05-11,505.25,509.75,504.75,508.0,0,0,0,0
2026-05-12,508.5,513.0,504.75,511.25,0,0,0,0
2026-05-13,511.25,513.75,510.0,511.0,0,0,0,0
2026-05-14,510.0,512.75,499.5,501.5,0,0,0,0
2026-05-15,501.5,505.5,493.5,494.25,0,0,0,0
