date,symbol,spot_price,near_contract,near_contract_price,dominant_contract,dominant_contract_price,near_month,dominant_month,near_basis,dom_basis,near_basis_rate,dom_basis_rate
20220104,C,2667.14,c2201,2618.0,c2205,2702.0,2201,2205,-49.13999999999987,34.86000000000013,-0.0184242296992283,0.0130701800430423
20220105,C,2671.43,c2201,2634.0,c2205,2711.0,2201,2205,-37.42999999999984,39.57000000000016,-0.0140112224538916,0.0148122915442292
20220106,C,2668.57,c2201,2635.0,c2205,2676.0,2201,2205,-33.570000000000164,7.429999999999836,-0.0125797711883144,0.0027842627324745
20220107,C,2670.0,c2201,2632.0,c2205,2682.0,2201,2205,-38.0,12.0,-0.0142322097378276,0.0044943820224718
20220110,C,2667.14,c2201,2635.0,c2205,2687.0,2201,2205,-32.13999999999987,19.860000000000127,-0.0120503610609116,0.0074461783033512
20220111,C,2667.14,c2201,2630.0,c2205,2696.0,2201,2205,-37.13999999999987,28.860000000000127,-0.0139250283074753,0.0108205793471658
20220112,C,2667.14,c2201,2648.0,c2205,2720.0,2201,2205,-19.13999999999988,52.86000000000013,-0.0071762262198459,0.0198189821306717
20220113,C,2667.14,c2201,2652.0,c2205,2719.0,2201,2205,-15.139999999999873,51.86000000000013,-0.0056764924225949,0.0194440486813591
20220114,C,2667.14,c2201,2625.0,c2205,2735.0,2201,2205,-42.13999999999987,67.86000000000013,-0.0157996955540391,0.0254429838703631
20220117,C,2667.14,c2201,2629.0,c2205,2721.0,2201,2205,-38.13999999999987,53.86000000000013,-0.0142999617567881,0.0201939155799846
20220118,C,2667.14,c2203,2685.0,c2205,2719.0,2203,2205,17.860000000000127,51.86000000000013,0.0066963114047258,0.0194440486813591
20220119,C,2668.57,c2203,2694.0,c2205,2733.0,2203,2205,25.42999999999984,64.42999999999984,0.0095294483562355,0.0241440172077178
20220120,C,2671.43,c2203,2712.0,c2205,2756.0,2203,2205,40.57000000000016,84.57000000000016,0.015186622894854,0.0316572023223518
20220121,C,2671.43,c2203,2701.0,c2205,2736.0,2203,2205,29.570000000000164,64.57000000000016,0.0110689780379797,0.0241705753098528
20220124,C,2671.43,c2203,2698.0,c2205,2732.0,2203,2205,26.570000000000164,60.57000000000016,0.0099459839861049,0.0226732499073529
20220125,C,2672.86,c2203,2721.0,c2205,2758.0,2203,2205,48.13999999999987,85.13999999999987,0.0180106702184177,0.031853520199337
20220126,C,2672.86,c2203,2737.0,c2205,2775.0,2203,2205,64.13999999999987,102.13999999999989,0.0239967675074639,0.0382137485689486
20220127,C,2672.86,c2203,2728.0,c2205,2768.0,2203,2205,55.13999999999987,95.13999999999989,0.0206295877823754,0.0355948310049909
20220128,C,2672.86,c2203,2722.0,c2205,2763.0,2203,2205,49.13999999999987,90.13999999999989,0.0183848012989831,0.033724175602164
20220207,C,2670.0,c2203,2703.0,c2205,2749.0,2203,2205,33.0,79.0,0.0123595505617977,0.0295880149812735
20220208,C,2670.0,c2203,2745.0,c2205,2791.0,2203,2205,75.0,121.0,0.0280898876404493,0.0453183520599251
20220209,C,2668.57,c2203,2723.0,c2205,2775.0,2203,2205,54.42999999999984,106.42999999999984,0.0203966918611839,0.0398827836631603
20220210,C,2671.43,c2203,2725.0,c2205,2788.0,2203,2205,53.57000000000016,116.57000000000016,0.0200529304529784,0.04363580554235
20220211,C,2670.0,c2203,2700.0,c2205,2766.0,2203,2205,30.0,96.0,0.0112359550561798,0.0359550561797752
20220214,C,2670.0,c2203,2701.0,c2205,2774.0,2203,2205,31.0,104.0,0.0116104868913857,0.0389513108614232
20220215,C,2670.0,c2203,2691.0,c2205,2770.0,2203,2205,21.0,100.0,0.0078651685393258,0.0374531835205993
20220216,C,2672.86,c2203,2677.0,c2205,2765.0,2203,2205,4.139999999999873,92.13999999999989,0.0015489026735406,0.0344724377632947
20220217,C,2672.86,c2203,2688.0,c2205,2777.0,2203,2205,15.139999999999873,104.13999999999989,0.0056643445597599,0.0389620107300794
20220218,C,2677.14,c2203,2688.0,c2205,2773.0,2203,2205,10.860000000000127,95.86000000000011,0.0040565678298483,0.0358068685238726
20220221,C,2681.43,c2203,2682.0,c2205,2763.0,2203,2205,0.5700000000001637,81.57000000000016,0.0002125731419428,0.0304203354180419
20220222,C,2681.43,c2203,2688.0,c2205,2785.0,2203,2205,6.570000000000164,103.57000000000016,0.0024501851623948,0.0386249128263651
20220223,C,2678.57,c2203,2690.0,c2205,2805.0,2203,2205,11.429999999999836,126.42999999999984,0.0042672022758412,0.0472005585069643
20220224,C,2678.57,c2203,2718.0,c2205,2837.0,2203,2205,39.42999999999984,158.42999999999984,0.0147205411842885,0.0591472315451901
20220225,C,2681.43,c2203,2733.0,c2205,2848.0,2203,2205,51.57000000000016,166.57000000000016,0.0192322753157829,0.0621198390411086
20220228,C,2688.57,c2203,2724.0,c2205,2856.0,2203,2205,35.42999999999984,167.42999999999984,0.0131780091275286,0.0622747408473649
20220301,C,2688.57,c2203,2750.0,c2205,2874.0,2203,2205,61.42999999999984,185.42999999999984,0.0228485774965874,0.0689697497182515
20220302,C,2711.43,c2203,2750.0,c2205,2885.0,2203,2205,38.57000000000016,173.57000000000016,0.014224966161767,0.0640141917733447
20220303,C,2734.29,c2203,2780.0,c2205,2893.0,2203,2205,45.71000000000004,158.71000000000004,0.0167173196698229,0.0580443186348191
20220304,C,2742.86,c2203,2750.0,c2205,2886.0,2203,2205,7.139999999999873,143.13999999999987,0.0026031222884141,0.0521864039724957
20220307,C,2758.57,c2203,2800.0,c2205,2923.0,2203,2205,41.42999999999984,164.42999999999984,0.0150186509677114,0.0596069702780788
20220308,C,2765.71,c2203,2760.0,c2205,2893.0,2203,2205,-5.710000000000036,127.28999999999996,-0.0020645693149318,0.0460243481782254
20220309,C,2765.71,c2203,2759.0,c2205,2888.0,2203,2205,-6.710000000000036,122.28999999999996,-0.002426140123151,0.0442164941371292
20220310,C,2762.86,c2203,2757.0,c2205,2842.0,2203,2205,-5.860000000000127,79.13999999999987,-0.002120990567745,0.0286442309780443
20220311,C,2757.14,c2203,2757.0,c2205,2860.0,2203,2205,-0.1399999999998726,102.86000000000011,-5.077725469138095e-05,0.0373067744111652
20220314,C,2758.57,c2203,2790.0,c2205,2855.0,2203,2205,31.42999999999984,96.42999999999984,0.0113935843571124,0.0349565173260058
20220315,C,2758.57,c2205,2843.0,c2205,2843.0,2205,2205,84.42999999999984,84.42999999999984,0.030606437393287,0.030606437393287
20220316,C,2761.43,c2205,2863.0,c2205,2863.0,2205,2205,101.57000000000016,101.57000000000016,0.0367816674693908,0.0367816674693908
20220317,C,2761.43,c2205,2854.0,c2205,2854.0,2205,2205,92.57000000000016,92.57000000000016,0.0335224865377721,0.0335224865377721
20220318,C,2761.43,c2205,2889.0,c2205,2889.0,2205,2205,127.57000000000016,127.57000000000016,0.0461970790496228,0.0461970790496228
20220321,C,2760.0,c2205,2885.0,c2205,2885.0,2205,2205,125.0,125.0,0.0452898550724638,0.0452898550724638
20220322,C,2761.43,c2205,2896.0,c2205,2896.0,2205,2205,134.57000000000016,134.57000000000016,0.048731997551993,0.048731997551993
20220323,C,2761.43,c2205,2906.0,c2205,2906.0,2205,2205,144.57000000000016,144.57000000000016,0.052353309698236,0.052353309698236
20220324,C,2761.43,c2205,2902.0,c2205,2902.0,2205,2205,140.57000000000016,140.57000000000016,0.0509047848397388,0.0509047848397388
20220325,C,2762.86,c2205,2887.0,c2205,2887.0,2205,2205,124.13999999999989,124.13999999999989,0.0449317012081682,0.0449317012081682
20220328,C,2762.86,c2205,2863.0,c2205,2863.0,2205,2205,100.13999999999989,100.13999999999989,0.0362450504187688,0.0362450504187688
20220329,C,2764.29,c2205,2855.0,c2205,2855.0,2205,2205,90.71000000000004,90.71000000000004,0.0328149362042333,0.0328149362042333
20220330,C,2767.14,c2205,2842.0,c2205,2842.0,2205,2205,74.86000000000013,74.86000000000013,0.0270532029460019,0.0270532029460019
20220331,C,2767.14,c2205,2840.0,c2205,2840.0,2205,2205,72.86000000000013,72.86000000000013,0.0263304350340063,0.0263304350340063
20220401,C,2767.14,c2205,2834.0,c2205,2834.0,2205,2205,66.86000000000013,66.86000000000013,0.0241621312980189,0.0241621312980189
20220406,C,2765.71,c2205,2869.0,c2209,2959.0,2205,2209,103.28999999999996,193.29,0.0373466487809639,0.0698880215206945
20220407,C,2765.71,c2205,2866.0,c2209,2951.0,2205,2209,100.28999999999996,185.29,0.0362619363563063,0.0669954550549407
20220408,C,2772.86,c2205,2846.0,c2209,2924.0,2205,2209,73.13999999999987,151.13999999999987,0.0263770980143245,0.0545068990140142
20220411,C,2771.43,c2205,2837.0,c2209,2914.0,2205,2209,65.57000000000016,142.57000000000016,0.0236592661550174,0.0514427569882696
20220412,C,2775.71,c2205,2837.0,c2209,2919.0,2205,2209,61.28999999999997,143.28999999999996,0.0220808369750442,0.0516228280331878
20220413,C,2775.71,c2205,2833.0,c2209,2917.0,2205,2209,57.28999999999997,141.28999999999996,0.0206397642405005,0.050902291665916
20220414,C,2775.71,c2205,2859.0,c2209,2949.0,2205,2209,83.28999999999996,173.28999999999996,0.0300067370150338,0.0624308735422649
20220415,C,2775.71,c2205,2875.0,c2209,2970.0,2205,2209,99.28999999999996,194.29,0.0357710279532084,0.0699965053986186
20220418,C,2775.71,c2205,2870.0,c2209,2967.0,2205,2209,94.28999999999996,191.29,0.0339696870350287,0.068915700847711
20220419,C,2775.71,c2205,2887.0,c2209,2991.0,2205,2209,111.28999999999996,215.29,0.0400942461568392,0.0775621372549726
20220420,C,2775.71,c2205,2902.0,c2209,3008.0,2205,2209,126.28999999999996,232.29,0.0454982689113776,0.0836866963767828
20220421,C,2778.57,c2205,2909.0,c2209,3014.0,2205,2209,130.42999999999984,235.42999999999984,0.0469414123092093,0.0847306348229484
20220422,C,2781.43,c2205,2877.0,c2209,2985.0,2205,2209,95.57000000000016,203.57000000000016,0.0343600234411796,0.0731889711407443
20220425,C,2784.29,c2205,2859.0,c2209,2967.0,2205,2209,74.71000000000004,182.71000000000004,0.0268326934335145,0.0656217563544028
20220426,C,2794.29,c2205,2878.0,c2209,2994.0,2205,2209,83.71000000000004,199.71000000000004,0.0299575205150504,0.071470749277992
20220427,C,2795.71,c2205,2871.0,c2209,2986.0,2205,2209,75.28999999999996,190.29,0.0269305471597554,0.0680649995886555
20220428,C,2795.71,c2205,2906.0,c2209,3030.0,2205,2209,110.28999999999996,234.29,0.0394497283337684,0.0838033987788433
20220429,C,2800.0,c2205,2943.0,c2209,3044.0,2205,2209,143.0,244.0,0.0510714285714286,0.0871428571428571
20220505,C,2802.86,c2205,2916.0,c2209,3022.0,2205,2209,113.13999999999989,219.13999999999987,0.0403659119613537,0.0781844259078226
20220506,C,2802.86,c2205,2890.0,c2209,2991.0,2205,2209,87.13999999999987,188.13999999999987,0.0310896726914651,0.0671242944706478
20220509,C,2822.86,c2205,2902.0,c2209,2988.0,2205,2209,79.13999999999987,165.13999999999987,0.0280353967253068,0.0585009529342581
20220510,C,2825.71,c2205,2882.0,c2209,2964.0,2205,2209,56.28999999999997,138.28999999999996,0.0199206571091867,0.0489399124467833
20220511,C,2830.0,c2205,2875.0,c2209,2967.0,2205,2209,45.0,137.0,0.0159010600706712,0.0484098939929329
20220512,C,2832.86,c2205,2890.0,c2209,2972.0,2205,2209,57.13999999999987,139.13999999999987,0.02017042847158,0.049116440628905
20220513,C,2832.86,c2205,2890.0,c2209,2993.0,2205,2209,57.13999999999987,160.13999999999987,0.02017042847158,0.0565294437423662
20220516,C,2834.29,c2205,2896.0,c2209,3000.0,2205,2209,61.71000000000004,165.71000000000004,0.0217726485292613,0.0584661414322458
20220517,C,2837.14,c2205,2914.0,c2209,3010.0,2205,2209,76.86000000000013,172.86000000000013,0.0270906617227209,0.0609275538041831
20220518,C,2838.57,c2205,2914.0,c2209,3007.0,2205,2209,75.42999999999984,168.42999999999984,0.0265732393423447,0.0593362150660368
20220519,C,2840.0,c2207,2947.0,c2209,2998.0,2207,2209,107.0,158.0,0.037676056338028,0.0556338028169014
20220520,C,2840.0,c2207,2959.0,c2209,3010.0,2207,2209,119.0,170.0,0.0419014084507043,0.0598591549295774
20220523,C,2840.0,c2207,2935.0,c2209,2984.0,2207,2209,95.0,144.0,0.033450704225352,0.0507042253521126
20220524,C,2840.0,c2207,2910.0,c2209,2955.0,2207,2209,70.0,115.0,0.0246478873239437,0.0404929577464787
20220525,C,2840.0,c2207,2900.0,c2209,2943.0,2207,2209,60.0,103.0,0.0211267605633802,0.0362676056338027
20220526,C,2831.43,c2207,2893.0,c2209,2936.0,2207,2209,61.57000000000016,104.57000000000016,0.0217451958904157,0.0369318683492088
20220527,C,2828.57,c2207,2901.0,c2209,2944.0,2207,2209,72.42999999999984,115.42999999999984,0.025606578589181,0.0408086064689932
20220530,C,2828.57,c2207,2875.0,c2209,2922.0,2207,2209,46.42999999999984,93.42999999999984,0.016414654754876,0.0330308247630426
20220531,C,2828.57,c2207,2886.0,c2209,2935.0,2207,2209,57.42999999999984,106.42999999999984,0.0203035456078513,0.0376267866801951
20220601,C,2828.57,c2207,2833.0,c2209,2875.0,2207,2209,4.429999999999836,46.42999999999984,0.0015661624071525,0.016414654754876
20220602,C,2828.57,c2207,2838.0,c2209,2875.0,2207,2209,9.429999999999836,46.42999999999984,0.0033338400675959,0.016414654754876
20220606,C,2827.14,c2207,2845.0,c2209,2891.0,2207,2209,17.860000000000127,63.86000000000013,0.0063173383702257,0.0225881986742786
20220607,C,2827.14,c2207,2834.0,c2209,2881.0,2207,2209,6.860000000000127,53.86000000000013,0.0024264804714304,0.0190510551299192
20220608,C,2827.14,c2207,2846.0,c2209,2896.0,2207,2209,18.860000000000127,68.86000000000013,0.0066710527246616,0.0243567704464582
20220609,C,2828.57,c2207,2804.0,c2209,2851.0,2207,2209,-24.570000000000164,22.42999999999984,-0.0086863680234182,0.0079298019847484
20220610,C,2824.29,c2207,2814.0,c2209,2867.0,2207,2209,-10.289999999999964,42.71000000000004,-0.0036433935608595,0.0151223847409438
20220613,C,2822.86,c2207,2839.0,c2209,2886.0,2207,2209,16.139999999999873,63.13999999999987,0.0057176055489822,0.0223673862678275
20220614,C,2824.29,c2207,2837.0,c2209,2888.0,2207,2209,12.710000000000036,63.71000000000004,0.0045002460795455,0.0225578818039224
20220615,C,2824.29,c2207,2829.0,c2209,2880.0,2207,2209,4.710000000000036,55.71000000000004,0.0016676757698395,0.0197253114942161
20220616,C,2821.43,c2207,2836.0,c2209,2887.0,2207,2209,14.570000000000164,65.57000000000016,0.0051640480182035,0.0232399882329175
20220617,C,2827.14,c2207,2854.0,c2209,2905.0,2207,2209,26.860000000000127,77.86000000000013,0.0095007675601492,0.0275401996363817
20220620,C,2828.57,c2207,2850.0,c2209,2902.0,2207,2209,21.42999999999984,73.42999999999984,0.0075762664526597,0.0259601141212697
20220621,C,2832.86,c2207,2846.0,c2209,2900.0,2207,2209,13.139999999999873,67.13999999999987,0.0046384219481372,0.0237004299541805
20220622,C,2834.29,c2207,2808.0,c2209,2857.0,2207,2209,-26.289999999999964,22.71000000000004,-0.0092756916194178,0.0080125886906421
20220623,C,2835.71,c2207,2778.0,c2209,2829.0,2207,2209,-57.71000000000004,-6.710000000000036,-0.0203511642586865,-0.0023662504275825
20220624,C,2835.71,c2207,2734.0,c2209,2786.0,2207,2209,-101.71000000000004,-49.71000000000004,-0.0358675605051292,-0.0175300013047878
20220627,C,2834.29,c2207,2747.0,c2209,2797.0,2207,2209,-87.28999999999996,-37.28999999999997,-0.0307978364952069,-0.0131567341380027
20220628,C,2831.43,c2207,2763.0,c2209,2815.0,2207,2209,-68.42999999999984,-16.429999999999836,-0.0241679999152371,-0.0058027215929759
20220629,C,2828.57,c2207,2756.0,c2209,2811.0,2207,2209,-72.57000000000016,-17.570000000000164,-0.0256560735636736,-0.0062116192987976
20220630,C,2827.14,c2207,2731.0,c2209,2780.0,2207,2209,-96.13999999999989,-47.13999999999987,-0.0340060980354703,-0.0166740946681097
20220701,C,2827.14,c2207,2659.0,c2209,2704.0,2207,2209,-168.13999999999987,-123.13999999999989,-0.0594735315548574,-0.0435563856052405
20220704,C,2828.57,c2207,2689.0,c2209,2719.0,2207,2209,-139.57000000000016,-109.57000000000016,-0.0493429542136133,-0.0387368882509536
20220705,C,2824.29,c2207,2657.0,c2209,2691.0,2207,2209,-167.28999999999996,-133.28999999999996,-0.0592325858888428,-0.0471941620725916
20220706,C,2822.86,c2207,2640.0,c2209,2688.0,2207,2209,-182.86000000000013,-134.86000000000013,-0.0647782745159165,-0.0477742431434786
20220707,C,2812.86,c2207,2648.0,c2209,2718.0,2207,2209,-164.86000000000013,-94.86000000000011,-0.0586093868873673,-0.0337236833685288
20220708,C,2810.0,c2207,2674.0,c2209,2726.0,2207,2209,-136.0,-84.0,-0.0483985765124554,-0.0298932384341636
20220711,C,2812.86,c2207,2711.0,c2209,2743.0,2207,2209,-101.86000000000011,-69.86000000000013,-0.0362122537204127,-0.0248359321118007
20220712,C,2818.57,c2207,2682.0,c2209,2711.0,2207,2209,-136.57000000000016,-107.57000000000016,-0.0484536484813221,-0.0381647431144162
20220713,C,2818.57,c2207,2652.0,c2209,2705.0,2207,2209,-166.57000000000016,-113.57000000000016,-0.0590973436884662,-0.040293482155845
20220714,C,2810.0,c2207,2677.0,c2209,2707.0,2207,2209,-133.0,-103.0,-0.0473309608540924,-0.0366548042704626
20220715,C,2808.57,c2209,2682.0,c2209,2682.0,2209,2209,-126.57000000000016,-126.57000000000016,-0.0450656383853705,-0.0450656383853705
20220718,C,2807.14,c2209,2681.0,c2209,2681.0,2209,2209,-126.13999999999989,-126.13999999999989,-0.044935414692534,-0.044935414692534
20220719,C,2805.71,c2209,2612.0,c2209,2612.0,2209,2209,-193.71000000000004,-193.71000000000004,-0.0690413478228327,-0.0690413478228327
20220720,C,2804.29,c2209,2620.0,c2209,2620.0,2209,2209,-184.29,-184.29,-0.0657171690517028,-0.0657171690517028
20220721,C,2801.43,c2209,2618.0,c2209,2618.0,2209,2209,-183.42999999999984,-183.42999999999984,-0.0654772741064384,-0.0654772741064384
20220722,C,2792.86,c2209,2564.0,c2209,2564.0,2209,2209,-228.86000000000013,-228.86000000000013,-0.0819446732023804,-0.0819446732023804
20220725,C,2788.57,c2209,2599.0,c2209,2599.0,2209,2209,-189.57000000000016,-189.57000000000016,-0.0679810799083401,-0.0679810799083401
20220726,C,2782.86,c2209,2625.0,c2209,2625.0,2209,2209,-157.86000000000013,-157.86000000000013,-0.0567258144498825,-0.0567258144498825
20220727,C,2782.86,c2209,2647.0,c2209,2647.0,2209,2209,-135.86000000000013,-135.86000000000013,-0.0488202784186053,-0.0488202784186053
20220728,C,2781.43,c2209,2672.0,c2209,2672.0,2209,2209,-109.42999999999984,-109.42999999999984,-0.0393430717292903,-0.0393430717292903
20220729,C,2781.43,c2209,2670.0,c2209,2670.0,2209,2209,-111.42999999999984,-111.42999999999984,-0.0400621263163192,-0.0400621263163192
20220801,C,2772.86,c2209,2667.0,c2209,2667.0,2209,2209,-105.86000000000011,-105.86000000000011,-0.0381771888952201,-0.0381771888952201
20220802,C,2770.0,c2209,2684.0,c2209,2684.0,2209,2209,-86.0,-86.0,-0.0310469314079422,-0.0310469314079422
20220803,C,2771.43,c2209,2685.0,c2209,2685.0,2209,2209,-86.42999999999984,-86.42999999999984,-0.0311860663989348,-0.0311860663989348
20220804,C,2772.86,c2209,2658.0,c2209,2658.0,2209,2209,-114.86000000000011,-114.86000000000011,-0.041422935164415,-0.041422935164415
20220805,C,2772.86,c2209,2688.0,c2209,2688.0,2209,2209,-84.86000000000013,-84.86000000000013,-0.0306037809337651,-0.0306037809337651
20220808,C,2768.57,c2209,2685.0,c2301,2729.0,2209,2301,-83.57000000000016,-39.57000000000016,-0.0301852580935284,-0.0142925770343534
20220809,C,2770.0,c2209,2705.0,c2301,2729.0,2209,2301,-65.0,-41.0,-0.0234657039711191,-0.0148014440433212
20220810,C,2775.71,c2209,2722.0,c2301,2740.0,2209,2301,-53.71000000000004,-35.71000000000004,-0.019350004143084,-0.0128651768376379
20220811,C,2770.0,c2209,2707.0,c2301,2725.0,2209,2301,-63.0,-45.0,-0.0227436823104693,-0.0162454873646209
20220812,C,2771.43,c2209,2739.0,c2301,2757.0,2209,2301,-32.42999999999984,-14.429999999999836,-0.0117015403600306,-0.0052066983470626
20220815,C,2767.14,c2209,2695.0,c2301,2718.0,2209,2301,-72.13999999999987,-49.13999999999987,-0.0260702385856876,-0.0177584075977362
20220816,C,2764.29,c2209,2711.0,c2301,2755.0,2209,2301,-53.28999999999997,-9.289999999999964,-0.0192780062873287,-0.0033607183037959
20220817,C,2760.0,c2209,2691.0,c2301,2725.0,2209,2301,-69.0,-35.0,-0.025,-0.0126811594202898
20220818,C,2760.0,c2209,2654.0,c2301,2687.0,2209,2301,-106.0,-73.0,-0.0384057971014493,-0.0264492753623188
20220819,C,2760.0,c2209,2658.0,c2301,2686.0,2209,2301,-102.0,-74.0,-0.0369565217391304,-0.0268115942028985
20220822,C,2758.57,c2209,2666.0,c2301,2688.0,2209,2301,-92.57000000000016,-70.57000000000016,-0.0335572416143147,-0.0255820950709969
20220823,C,2758.57,c2209,2694.0,c2301,2737.0,2209,2301,-64.57000000000016,-21.570000000000164,-0.0234070551046375,-0.007819268679062
20220824,C,2758.57,c2209,2723.0,c2301,2755.0,2209,2301,-35.570000000000164,-3.570000000000164,-0.0128943619339005,-0.0012941487799839
20220825,C,2760.0,c2209,2720.0,c2301,2726.0,2209,2301,-40.0,-34.0,-0.0144927536231883,-0.0123188405797101
20220826,C,2762.86,c2209,2751.0,c2301,2759.0,2209,2301,-11.860000000000127,-3.8600000000001273,-0.0042926532650948,-0.0013971030019618
20220829,C,2762.86,c2209,2743.0,c2301,2806.0,2209,2301,-19.860000000000127,43.13999999999987,-0.007188203528228,0.0156142547939452
20220830,C,2765.71,c2209,2728.0,c2301,2792.0,2209,2301,-37.71000000000004,26.289999999999964,-0.013634835177947,0.0095056965480835
20220831,C,2767.14,c2209,2751.0,c2301,2797.0,2209,2301,-16.139999999999873,29.860000000000127,-0.0058327370498059,0.0107909249260971
20220901,C,2768.57,c2209,2750.0,c2301,2799.0,2209,2301,-18.570000000000164,30.42999999999984,-0.0067074338015654,0.0109912337416067
20220902,C,2772.86,c2209,2717.0,c2301,2790.0,2209,2301,-55.86000000000013,17.139999999999873,-0.0201452651774702,0.0061813434504445
20220905,C,2774.29,c2209,2739.0,c2301,2801.0,2209,2301,-35.289999999999964,26.71000000000004,-0.0127203716987048,0.0096276885257129
20220906,C,2775.71,c2209,2755.0,c2301,2827.0,2209,2301,-20.71000000000004,51.28999999999997,-0.0074611540830994,0.0184781551386852
20220907,C,2775.71,c2209,2735.0,c2301,2797.0,2209,2301,-40.71000000000004,21.289999999999964,-0.0146665177558173,0.0076701096296083
20220908,C,2775.71,c2209,2726.0,c2301,2805.0,2209,2301,-49.71000000000004,29.289999999999964,-0.0179089314085405,0.0105522550986953
20220909,C,2781.43,c2209,2759.0,c2301,2817.0,2209,2301,-22.42999999999984,35.570000000000164,-0.0080641971935299,0.0127883858303103
20220913,C,2781.43,c2209,2779.0,c2301,2839.0,2209,2301,-2.4299999999998363,57.57000000000016,-0.0008736513232401,0.020697986287629
20220914,C,2791.43,c2209,2775.0,c2301,2839.0,2209,2301,-16.429999999999836,47.57000000000016,-0.0058858721157255,0.0170414447075513
20220915,C,2791.43,c2209,2733.0,c2301,2831.0,2209,2301,-58.42999999999984,39.57000000000016,-0.020931923781001,0.0141755301046417
20220916,C,2791.43,c2211,2813.0,c2301,2835.0,2211,2301,21.570000000000164,43.57000000000016,0.007727222248095,0.0156084874060966
20220919,C,2792.86,c2211,2819.0,c2301,2848.0,2211,2301,26.13999999999988,55.13999999999987,0.0093595812178197,0.0197432023087444
20220920,C,2794.29,c2211,2809.0,c2301,2834.0,2211,2301,14.710000000000036,39.71000000000004,0.0052643068543352,0.0142111233980724
20220921,C,2794.29,c2211,2817.0,c2301,2849.0,2211,2301,22.71000000000004,54.71000000000004,0.0081272881483309,0.0195792133243148
20220922,C,2797.14,c2211,2812.0,c2301,2846.0,2211,2301,14.860000000000127,48.86000000000013,0.00531256926718,0.0174678421530563
20220923,C,2797.14,c2211,2798.0,c2301,2828.0,2211,2301,0.8600000000001273,30.860000000000127,0.0003074569024075,0.0110326976840631
20220926,C,2798.57,c2211,2757.0,c2301,2782.0,2211,2301,-41.57000000000016,-16.570000000000164,-0.0148540147289508,-0.0059208810213788
20220927,C,2798.57,c2211,2756.0,c2301,2777.0,2211,2301,-42.57000000000016,-21.570000000000164,-0.0152113400772537,-0.0077075077628931
20220928,C,2798.57,c2211,2739.0,c2301,2755.0,2211,2301,-59.57000000000016,-43.57000000000016,-0.0212858709984028,-0.0155686654255566
20220929,C,2795.71,c2211,2744.0,c2301,2766.0,2211,2301,-51.71000000000004,-29.71000000000004,-0.0184961959573776,-0.0106269963622837
20220930,C,2795.71,c2211,2754.0,c2301,2773.0,2211,2301,-41.71000000000004,-22.71000000000004,-0.0149192870505167,-0.008123160127481
20221010,C,2798.57,c2211,2776.0,c2301,2804.0,2211,2301,-22.570000000000164,5.429999999999836,-0.0080648331111961,0.0019402766412845
20221011,C,2798.57,c2211,2798.0,c2301,2827.0,2211,2301,-0.5700000000001637,28.42999999999984,-0.0002036754485327,0.0101587596522509
20221012,C,2797.14,c2211,2805.0,c2301,2840.0,2211,2301,7.860000000000127,42.86000000000013,0.0028100130847938,0.0153227939967253
20221013,C,2797.14,c2211,2813.0,c2301,2842.0,2211,2301,15.860000000000127,44.86000000000013,0.0056700772932352,0.0160378100488356
20221014,C,2797.14,c2211,2837.0,c2301,2870.0,2211,2301,39.86000000000013,72.86000000000013,0.0142502699185598,0.0260480347783809
20221017,C,2795.71,c2211,2829.0,c2301,2855.0,2211,2301,33.289999999999964,59.28999999999997,0.0119075297509398,0.0212074929087779
20221018,C,2795.71,c2211,2828.0,c2301,2855.0,2211,2301,32.289999999999964,59.28999999999997,0.0115498388602537,0.0212074929087779
20221019,C,2795.71,c2211,2827.0,c2301,2853.0,2211,2301,31.289999999999964,57.28999999999997,0.0111921479695675,0.0204921111274059
20221020,C,2794.29,c2211,2828.0,c2301,2855.0,2211,2301,33.71000000000004,60.71000000000004,0.0120638874275755,0.0217264492948119
20221021,C,2792.86,c2211,2849.0,c2301,2878.0,2211,2301,56.13999999999987,85.13999999999987,0.0201012582084314,0.0304848792993561
20221024,C,2794.29,c2211,2851.0,c2301,2880.0,2211,2301,56.71000000000004,85.71000000000004,0.020294958647814,0.0306732658385493
20221025,C,2795.71,c2211,2827.0,c2301,2856.0,2211,2301,31.289999999999964,60.28999999999997,0.0111921479695675,0.0215651837994641
20221026,C,2795.71,c2211,2836.0,c2301,2871.0,2211,2301,40.28999999999997,75.28999999999996,0.0144113659857423,0.0269305471597554
20221027,C,2798.57,c2211,2837.0,c2301,2873.0,2211,2301,38.42999999999984,74.42999999999984,0.0137320131352798,0.0265957256741835
20221028,C,2798.57,c2211,2833.0,c2301,2857.0,2211,2301,34.42999999999984,58.42999999999984,0.0123027117420682,0.0208785201013375
20221031,C,2801.43,c2211,2852.0,c2301,2885.0,2211,2301,50.57000000000016,83.57000000000016,0.0180514951292734,0.0298311933548223
20221101,C,2802.86,c2211,2853.0,c2301,2882.0,2211,2301,50.13999999999987,79.13999999999987,0.0178888706535467,0.0282354452238071
20221102,C,2804.29,c2211,2831.0,c2301,2857.0,2211,2301,26.71000000000004,52.71000000000004,0.0095246925246674,0.0187962015340781
20221103,C,2805.71,c2211,2815.0,c2301,2840.0,2211,2301,9.289999999999964,34.289999999999964,0.0033111048540297,0.0122215054299981
20221104,C,2807.14,c2211,2850.0,c2301,2867.0,2211,2301,42.86000000000013,59.86000000000013,0.0152682089243856,0.0213241947320048
20221107,C,2802.86,c2211,2859.0,c2301,2887.0,2211,2301,56.13999999999987,84.13999999999987,0.0200295412542901,0.0300193373910933
20221108,C,2805.71,c2211,2851.0,c2301,2892.0,2211,2301,45.28999999999997,86.28999999999996,0.0161420816834241,0.030755138628012
20221109,C,2805.71,c2211,2851.0,c2301,2871.0,2211,2301,45.28999999999997,65.28999999999996,0.0161420816834241,0.0232704021441987
20221110,C,2810.0,c2211,2840.0,c2301,2875.0,2211,2301,30.0,65.0,0.0106761565836299,0.0231316725978647
20221111,C,2812.86,c2211,2840.0,c2301,2881.0,2211,2301,27.13999999999988,68.13999999999987,0.0096485427643038,0.0242244548253378
20221114,C,2820.0,c2211,2870.0,c2301,2851.0,2211,2301,50.0,31.0,0.0177304964539006,0.0109929078014183
20221115,C,2824.29,c2301,2840.0,c2301,2840.0,2301,2301,15.710000000000036,15.710000000000036,0.0055624599456853,0.0055624599456853
20221116,C,2828.57,c2301,2828.0,c2301,2828.0,2301,2301,-0.5700000000001637,-0.5700000000001637,-0.0002015152532905,-0.0002015152532905
20221117,C,2830.0,c2301,2814.0,c2301,2814.0,2301,2301,-16.0,-16.0,-0.0056537102473498,-0.0056537102473498
20221118,C,2830.0,c2301,2816.0,c2301,2816.0,2301,2301,-14.0,-14.0,-0.004946996466431,-0.004946996466431
20221121,C,2831.43,c2301,2853.0,c2301,2853.0,2301,2301,21.570000000000164,21.570000000000164,0.0076180587194456,0.0076180587194456
20221122,C,2832.86,c2301,2856.0,c2301,2856.0,2301,2301,23.13999999999988,23.13999999999988,0.0081684234307377,0.0081684234307377
20221123,C,2844.29,c2301,2879.0,c2301,2879.0,2301,2301,34.71000000000004,34.71000000000004,0.0122033969813204,0.0122033969813204
20221124,C,2850.0,c2301,2889.0,c2301,2889.0,2301,2301,39.0,39.0,0.0136842105263157,0.0136842105263157
20221125,C,2851.43,c2301,2934.0,c2301,2934.0,2301,2301,82.57000000000016,82.57000000000016,0.0289574003219437,0.0289574003219437
20221128,C,2865.71,c2301,2936.0,c2303,2916.0,2301,2303,70.28999999999996,50.28999999999997,0.0245279529331299,0.0175488796842666
20221129,C,2870.0,c2301,2912.0,c2303,2906.0,2301,2303,42.0,36.0,0.0146341463414634,0.0125435540069687
20221130,C,2870.0,c2301,2908.0,c2303,2885.0,2301,2303,38.0,15.0,0.0132404181184668,0.005226480836237
20221201,C,2870.0,c2301,2887.0,c2303,2877.0,2301,2303,17.0,7.0,0.0059233449477351,0.0024390243902439
20221202,C,2868.57,c2301,2886.0,c2303,2862.0,2301,2303,17.429999999999836,-6.570000000000164,0.0060761982451185,-0.0022903397860258
20221205,C,2865.71,c2301,2866.0,c2303,2834.0,2301,2303,0.2899999999999636,-31.71000000000004,0.0001011965621084,-0.0110653206360727
20221206,C,2864.29,c2301,2869.0,c2303,2828.0,2301,2303,4.710000000000036,-36.28999999999997,0.0016443865670026,-0.0126698064790925
20221207,C,2861.43,c2301,2860.0,c2303,2808.0,2301,2303,-1.4299999999998363,-53.42999999999984,-0.0004997501249375,-0.0186724819408476
20221208,C,2857.14,c2301,2866.0,c2303,2829.0,2301,2303,8.860000000000127,-28.13999999999988,0.0031010031010032,-0.0098490098490098
20221209,C,2855.71,c2301,2844.0,c2303,2817.0,2301,2303,-11.710000000000036,-38.71000000000004,-0.0041005564290491,-0.0135552979819379
20221212,C,2850.0,c2301,2840.0,c2303,2811.0,2301,2303,-10.0,-39.0,-0.0035087719298245,-0.0136842105263157
20221213,C,2848.57,c2301,2845.0,c2303,2816.0,2301,2303,-3.570000000000164,-32.570000000000164,-0.0012532604078537,-0.0114338071383185
20221214,C,2847.14,c2301,2833.0,c2303,2787.0,2301,2303,-14.139999999999873,-60.13999999999987,-0.0049663873220143,-0.0211229514530369
20221215,C,2848.57,c2301,2843.0,c2303,2791.0,2301,2303,-5.570000000000164,-57.57000000000016,-0.0019553670789204,-0.0202101405266502
20221216,C,2848.57,c2301,2848.0,c2303,2817.0,2301,2303,-0.5700000000001637,-31.570000000000164,-0.000200100401254,-0.0110827538027853
20221219,C,2845.71,c2301,2833.0,c2303,2787.0,2301,2303,-12.710000000000036,-58.71000000000004,-0.0044663721883115,-0.0206310551672517
20221220,C,2847.14,c2301,2809.0,c2303,2761.0,2301,2303,-38.13999999999987,-86.13999999999987,-0.0133958990425478,-0.030254922483615
20221221,C,2842.86,c2301,2791.0,c2303,2745.0,2301,2303,-51.86000000000013,-97.86000000000011,-0.0182421927214143,-0.0344230809818282
20221222,C,2840.0,c2301,2800.0,c2303,2754.0,2301,2303,-40.0,-86.0,-0.0140845070422535,-0.030281690140845
20221223,C,2834.29,c2301,2799.0,c2303,2752.0,2301,2303,-35.289999999999964,-82.28999999999996,-0.0124510900437145,-0.0290337262594865
20221226,C,2834.29,c2301,2797.0,c2303,2776.0,2301,2303,-37.28999999999997,-58.28999999999997,-0.0131567341380027,-0.0205659971280285
20221227,C,2831.43,c2301,2795.0,c2303,2788.0,2301,2303,-36.42999999999984,-43.42999999999984,-0.0128662901784609,-0.0153385391833807
20221228,C,2830.0,c2301,2791.0,c2303,2822.0,2301,2303,-39.0,-8.0,-0.0137809187279152,-0.0028268551236748
20221229,C,2828.57,c2301,2790.0,c2303,2816.0,2301,2303,-38.57000000000016,-12.570000000000164,-0.0136358654726593,-0.0044439416383543
20221230,C,2830.0,c2301,2794.0,c2303,2824.0,2301,2303,-36.0,-6.0,-0.012720848056537,-0.0021201413427561
20230103,C,2831.43,c2301,2816.0,c2303,2840.0,2301,2303,-15.429999999999836,8.570000000000164,-0.0054495431637017,0.0030267391388805
20230104,C,2834.29,c2301,2849.0,c2303,2875.0,2301,2303,14.710000000000036,40.71000000000004,0.0051900123134893,0.0143633855392355
20230105,C,2834.29,c2301,2837.0,c2303,2878.0,2301,2303,2.7100000000000364,43.71000000000004,0.0009561477477604,0.0154218516806678
20230106,C,2835.71,c2301,2860.0,c2303,2886.0,2301,2303,24.289999999999964,50.28999999999997,0.0085657560187748,0.0177345356189455
20230109,C,2835.71,c2301,2861.0,c2303,2890.0,2301,2303,25.289999999999964,54.28999999999997,0.0089184013880121,0.0191451170958949
20230110,C,2838.57,c2301,2858.0,c2303,2874.0,2301,2303,19.42999999999984,35.42999999999984,0.0068449958958207,0.0124816368805418
20230111,C,2838.57,c2301,2855.0,c2303,2873.0,2301,2303,16.429999999999836,34.42999999999984,0.0057881257111855,0.0121293468189969
20230112,C,2840.0,c2301,2853.0,c2303,2880.0,2301,2303,13.0,40.0,0.0045774647887324,0.0140845070422535
20230113,C,2840.0,c2301,2866.0,c2303,2877.0,2301,2303,26.0,37.0,0.0091549295774648,0.0130281690140845
20230116,C,2840.0,c2301,2847.0,c2303,2880.0,2301,2303,7.0,40.0,0.0024647887323943,0.0140845070422535
20230117,C,2837.14,c2303,2884.0,c2303,2884.0,2303,2303,46.86000000000013,46.86000000000013,0.0165166329472639,0.0165166329472639
20230118,C,2837.14,c2303,2898.0,c2303,2898.0,2303,2303,60.86000000000013,60.86000000000013,0.0214511797091436,0.0214511797091436
20230119,C,2837.14,c2303,2874.0,c2303,2874.0,2303,2303,36.86000000000013,36.86000000000013,0.0129919566887781,0.0129919566887781
20230120,C,2837.14,c2303,2859.0,c2303,2859.0,2303,2303,21.860000000000127,21.860000000000127,0.0077049423010497,0.0077049423010497
20230130,C,2834.29,c2303,2892.0,c2303,2892.0,2303,2303,57.71000000000004,57.71000000000004,0.0203613603406849,0.0203613603406849
20230131,C,2834.29,c2303,2842.0,c2303,2842.0,2303,2303,7.710000000000036,7.710000000000036,0.0027202579834808,0.0027202579834808
20230201,C,2834.29,c2303,2830.0,c2303,2830.0,2303,2303,-4.289999999999964,-4.289999999999964,-0.001513606582248,-0.001513606582248
20230202,C,2832.86,c2303,2834.0,c2305,2843.0,2303,2305,1.139999999999873,10.139999999999873,0.0004024201690164,0.0035794215033568
20230203,C,2831.43,c2303,2837.0,c2305,2846.0,2303,2305,5.570000000000164,14.570000000000164,0.0019672038510576,0.0051458097145258
20230206,C,2830.0,c2303,2788.0,c2305,2817.0,2303,2305,-42.0,-13.0,-0.0148409893992932,-0.0045936395759716
20230207,C,2825.71,c2303,2794.0,c2305,2819.0,2303,2305,-31.71000000000004,-6.710000000000036,-0.0112219583750632,-0.002374624430674
20230208,C,2822.86,c2303,2786.0,c2305,2820.0,2303,2305,-36.86000000000013,-2.860000000000128,-0.0130576790914179,-0.0010131568692745
20230209,C,2820.0,c2303,2771.0,c2305,2801.0,2303,2305,-49.0,-19.0,-0.0173758865248226,-0.0067375886524823
20230210,C,2818.57,c2303,2769.0,c2305,2801.0,2303,2305,-49.57000000000016,-17.570000000000164,-0.0175869323806043,-0.0062336574929841
20230213,C,2814.29,c2303,2793.0,c2305,2833.0,2303,2305,-21.289999999999964,18.71000000000004,-0.0075649630990409,0.0066482132260712
20230214,C,2811.43,c2303,2820.0,c2305,2853.0,2303,2305,8.570000000000164,41.57000000000016,0.0030482708088055,0.0147860697225254
20230215,C,2814.29,c2303,2815.0,c2305,2846.0,2303,2305,0.7100000000000364,31.71000000000004,0.0002522838797707,0.0112674955317326
20230216,C,2814.29,c2303,2824.0,c2305,2856.0,2303,2305,9.710000000000036,41.71000000000004,0.003450248552921,0.0148207896130108
20230217,C,2815.71,c2303,2835.0,c2305,2868.0,2303,2305,19.289999999999964,52.28999999999997,0.006850847565978,0.0185708045217725
20230220,C,2815.71,c2303,2843.0,c2305,2877.0,2303,2305,27.289999999999964,61.28999999999997,0.0096920492522312,0.0217671564188073
20230221,C,2812.86,c2303,2838.0,c2305,2875.0,2303,2305,25.13999999999988,62.13999999999987,0.0089375226637655,0.0220913945237231
20230222,C,2810.0,c2303,2842.0,c2305,2877.0,2303,2305,32.0,67.0,0.0113879003558718,0.0238434163701066
20230223,C,2810.0,c2303,2833.0,c2305,2863.0,2303,2305,23.0,53.0,0.008185053380783,0.0188612099644127
20230224,C,2810.0,c2303,2848.0,c2305,2867.0,2303,2305,38.0,57.0,0.0135231316725978,0.0202846975088968
20230227,C,2811.43,c2303,2824.0,c2305,2844.0,2303,2305,12.570000000000164,32.570000000000164,0.0044710343134988,0.0115848518369656
20230228,C,2808.57,c2303,2819.0,c2305,2837.0,2303,2305,10.429999999999836,28.42999999999984,0.0037136336285013,0.0101225890755793
20230301,C,2808.57,c2303,2819.0,c2305,2854.0,2303,2305,10.429999999999836,45.42999999999984,0.0037136336285013,0.016175491442264
20230302,C,2808.57,c2303,2815.0,c2305,2848.0,2303,2305,6.429999999999836,39.42999999999984,0.0022894213069284,0.0140391729599047
20230303,C,2805.71,c2303,2815.0,c2305,2838.0,2303,2305,9.289999999999964,32.289999999999964,0.0033111048540297,0.0115086733839206
20230306,C,2805.71,c2303,2814.0,c2305,2824.0,2303,2305,8.289999999999964,18.289999999999964,0.002954688830991,0.0065188490613783
20230307,C,2800.0,c2303,2821.0,c2305,2847.0,2303,2305,21.0,47.0,0.0075,0.0167857142857141
20230308,C,2795.71,c2303,2818.0,c2305,2855.0,2303,2305,22.289999999999964,59.28999999999997,0.0079729299533928,0.0212074929087779
20230309,C,2795.71,c2303,2800.0,c2305,2840.0,2303,2305,4.289999999999964,44.28999999999997,0.0015344939210433,0.0158421295484867
20230310,C,2795.71,c2303,2800.0,c2305,2850.0,2303,2305,4.289999999999964,54.28999999999997,0.0015344939210433,0.0194190384553476
20230313,C,2795.71,c2303,2788.0,c2305,2835.0,2303,2305,-7.710000000000036,39.28999999999997,-0.0027577967671897,0.0140536750950563
20230314,C,2794.29,c2303,2814.0,c2305,2833.0,2303,2305,19.71000000000004,38.71000000000004,0.0070536701630825,0.0138532507363229
20230315,C,2791.43,c2305,2832.0,c2305,2832.0,2305,2305,40.57000000000016,40.57000000000016,0.0145337694300053,0.0145337694300053
20230316,C,2791.43,c2305,2824.0,c2305,2824.0,2305,2305,32.570000000000164,32.570000000000164,0.0116678548270958,0.0116678548270958
20230317,C,2791.43,c2305,2836.0,c2305,2836.0,2305,2305,44.57000000000016,44.57000000000016,0.0159667267314602,0.0159667267314602
20230320,C,2791.43,c2305,2843.0,c2305,2843.0,2305,2305,51.57000000000016,51.57000000000016,0.0184744020090061,0.0184744020090061
20230321,C,2790.0,c2305,2779.0,c2307,2770.0,2305,2307,-11.0,-20.0,-0.0039426523297491,-0.0071684587813619
20230322,C,2787.14,c2305,2768.0,c2307,2764.0,2305,2307,-19.13999999999988,-23.13999999999988,-0.0068672546050789,-0.0083024175319502
20230323,C,2782.86,c2305,2776.0,c2307,2764.0,2305,2307,-6.860000000000127,-18.860000000000127,-0.002465089871571,-0.0067772004340858
20230324,C,2775.71,c2305,2763.0,c2307,2745.0,2305,2307,-12.710000000000036,-30.71000000000004,-0.0045790086140122,-0.0110638359194584
20230327,C,2774.29,c2305,2728.0,c2307,2700.0,2305,2307,-46.28999999999997,-74.28999999999996,-0.0166853501256176,-0.0267780224850322
20230328,C,2770.0,c2305,2756.0,c2307,2738.0,2305,2307,-14.0,-32.0,-0.0050541516245486,-0.0115523465703971
20230329,C,2765.71,c2305,2755.0,c2307,2739.0,2305,2307,-10.710000000000036,-26.71000000000004,-0.0038724233560278,-0.0096575562875356
20230330,C,2764.29,c2305,2761.0,c2307,2742.0,2305,2307,-3.289999999999964,-22.289999999999964,-0.0011901790333141,-0.0080635533898396
20230331,C,2760.0,c2305,2746.0,c2307,2724.0,2305,2307,-14.0,-36.0,-0.0050724637681159,-0.0130434782608696
20230403,C,2754.29,c2305,2739.0,c2307,2721.0,2305,2307,-15.289999999999964,-33.289999999999964,-0.0055513399097407,-0.012086599450312
20230404,C,2747.14,c2305,2744.0,c2307,2722.0,2305,2307,-3.1399999999998727,-25.13999999999988,-0.0011430069090034,-0.0091513355708118
20230406,C,2747.14,c2305,2728.0,c2307,2711.0,2305,2307,-19.13999999999988,-36.13999999999987,-0.0069672459357731,-0.0131554999017159
20230407,C,2747.14,c2305,2735.0,c2307,2728.0,2305,2307,-12.139999999999873,-19.13999999999988,-0.0044191413615614,-0.0069672459357731
20230410,C,2747.14,c2305,2761.0,c2307,2763.0,2305,2307,13.860000000000127,15.860000000000127,0.0050452470569393,0.0057732769352853
20230411,C,2747.14,c2305,2759.0,c2307,2768.0,2305,2307,11.860000000000127,20.860000000000127,0.004317217178593,0.007593351631151
20230412,C,2748.57,c2305,2753.0,c2307,2757.0,2305,2307,4.429999999999836,8.429999999999836,0.0016117471994527,0.0030670494111482
20230413,C,2750.0,c2305,2740.0,c2307,2742.0,2305,2307,-10.0,-8.0,-0.0036363636363636,-0.0029090909090908
20230414,C,2758.57,c2305,2749.0,c2307,2756.0,2305,2307,-9.570000000000164,-2.570000000000164,-0.0034691887463432,-0.000931642118924
20230417,C,2760.0,c2305,2723.0,c2307,2732.0,2305,2307,-37.0,-28.0,-0.0134057971014492,-0.0101449275362318
20230418,C,2760.0,c2305,2726.0,c2307,2742.0,2305,2307,-34.0,-18.0,-0.0123188405797101,-0.0065217391304347
20230419,C,2760.0,c2305,2709.0,c2307,2734.0,2305,2307,-51.0,-26.0,-0.0184782608695651,-0.0094202898550724
20230420,C,2760.0,c2305,2685.0,c2307,2710.0,2305,2307,-75.0,-50.0,-0.0271739130434782,-0.0181159420289854
20230421,C,2755.71,c2305,2648.0,c2307,2672.0,2305,2307,-107.71000000000004,-83.71000000000004,-0.0390861157378679,-0.0303769264545253
20230424,C,2750.0,c2305,2648.0,c2307,2672.0,2305,2307,-102.0,-78.0,-0.037090909090909,-0.0283636363636363
20230425,C,2738.57,c2305,2640.0,c2307,2671.0,2305,2307,-98.57000000000016,-67.57000000000016,-0.0359932373464984,-0.024673460966855
20230426,C,2734.29,c2305,2651.0,c2307,2685.0,2305,2307,-83.28999999999996,-49.28999999999997,-0.0304612897680933,-0.0180266175131387
20230427,C,2730.0,c2305,2631.0,c2307,2661.0,2305,2307,-99.0,-69.0,-0.0362637362637362,-0.0252747252747252
20230428,C,2730.0,c2305,2616.0,c2307,2644.0,2305,2307,-114.0,-86.0,-0.0417582417582417,-0.0315018315018315
20230504,C,2728.57,c2305,2570.0,c2307,2601.0,2305,2307,-158.57000000000016,-127.57000000000016,-0.0581146901124032,-0.0467534276195956
20230505,C,2722.86,c2305,2584.0,c2307,2602.0,2305,2307,-138.86000000000013,-120.86000000000011,-0.0509978478511565,-0.0443871517448565
20230508,C,2720.0,c2305,2608.0,c2307,2629.0,2305,2307,-112.0,-91.0,-0.0411764705882352,-0.0334558823529411
20230509,C,2714.29,c2305,2590.0,c2307,2602.0,2305,2307,-124.28999999999996,-112.28999999999996,-0.045790980330031,-0.0413699346790504
20230510,C,2714.29,c2305,2556.0,c2307,2566.0,2305,2307,-158.28999999999996,-148.28999999999996,-0.0583172763411425,-0.0546330716319921
20230511,C,2708.57,c2305,2545.0,c2307,2526.0,2305,2307,-163.57000000000016,-182.57000000000016,-0.0603897997836497,-0.0674045714159132
20230512,C,2708.57,c2305,2545.0,c2307,2539.0,2305,2307,-163.57000000000016,-169.57000000000016,-0.0603897997836497,-0.0626049908254171
20230515,C,2697.14,c2305,2520.0,c2307,2533.0,2305,2307,-177.13999999999987,-164.13999999999987,-0.0656769763527291,-0.060857055992644
20230516,C,2682.86,c2305,2520.0,c2307,2544.0,2305,2307,-162.86000000000013,-138.86000000000013,-0.0607038757147223,-0.0517581983405769
20230517,C,2678.57,c2305,2520.0,c2307,2547.0,2305,2307,-158.57000000000016,-131.57000000000016,-0.0591994982397324,-0.0491194928637296
20230518,C,2677.14,c2307,2544.0,c2307,2544.0,2307,2307,-133.13999999999987,-133.13999999999987,-0.0497321768753221,-0.0497321768753221
20230519,C,2675.71,c2307,2547.0,c2307,2547.0,2307,2307,-128.71000000000004,-128.71000000000004,-0.0481031202933053,-0.0481031202933053
20230522,C,2677.14,c2307,2554.0,c2307,2554.0,2307,2307,-123.13999999999989,-123.13999999999989,-0.0459968473819074,-0.0459968473819074
20230523,C,2680.0,c2307,2580.0,c2307,2580.0,2307,2307,-100.0,-100.0,-0.0373134328358208,-0.0373134328358208
20230524,C,2684.29,c2307,2557.0,c2307,2557.0,2307,2307,-127.28999999999996,-127.28999999999996,-0.0474203606912815,-0.0474203606912815
20230525,C,2684.29,c2307,2578.0,c2307,2578.0,2307,2307,-106.28999999999996,-106.28999999999996,-0.0395970629104902,-0.0395970629104902
20230526,C,2684.29,c2307,2615.0,c2307,2615.0,2307,2307,-69.28999999999996,-69.28999999999996,-0.0258131572967152,-0.0258131572967152
20230529,C,2685.71,c2307,2623.0,c2307,2623.0,2307,2307,-62.71000000000004,-62.71000000000004,-0.0233495053449553,-0.0233495053449553
20230530,C,2691.43,c2307,2631.0,c2307,2631.0,2307,2307,-60.42999999999984,-60.42999999999984,-0.0224527481673311,-0.0224527481673311
20230531,C,2694.29,c2307,2633.0,c2307,2633.0,2307,2307,-61.28999999999997,-61.28999999999997,-0.0227481080358832,-0.0227481080358832
20230601,C,2694.29,c2307,2651.0,c2307,2651.0,2307,2307,-43.28999999999997,-43.28999999999997,-0.0160673127243169,-0.0160673127243169
20230602,C,2700.0,c2307,2651.0,c2307,2651.0,2307,2307,-49.0,-49.0,-0.0181481481481481,-0.0181481481481481
20230605,C,2701.43,c2307,2656.0,c2307,2656.0,2307,2307,-45.42999999999984,-45.42999999999984,-0.0168170191343103,-0.0168170191343103
20230606,C,2710.0,c2307,2642.0,c2307,2642.0,2307,2307,-68.0,-68.0,-0.0250922509225092,-0.0250922509225092
20230607,C,2710.0,c2307,2642.0,c2307,2642.0,2307,2307,-68.0,-68.0,-0.0250922509225092,-0.0250922509225092
20230608,C,2708.57,c2307,2650.0,c2309,2596.0,2307,2309,-58.57000000000016,-112.57000000000016,-0.0216239565527197,-0.0415606759286265
20230609,C,2705.71,c2307,2657.0,c2309,2621.0,2307,2309,-48.71000000000004,-84.71000000000004,-0.0180026684308369,-0.0313078637400164
20230612,C,2698.57,c2307,2621.0,c2309,2583.0,2307,2309,-77.57000000000016,-115.57000000000016,-0.0287448537558782,-0.0428263858265675
20230613,C,2698.57,c2307,2651.0,c2309,2607.0,2307,2309,-47.57000000000016,-91.57000000000016,-0.0176278547527024,-0.0339327866240268
20230614,C,2694.29,c2307,2650.0,c2309,2607.0,2307,2309,-44.28999999999997,-87.28999999999996,-0.0164384680194039,-0.0323981457081457
20230615,C,2697.14,c2307,2679.0,c2309,2648.0,2307,2309,-18.13999999999988,-49.13999999999987,-0.0067256427178418,-0.0182192989611217
20230616,C,2700.0,c2307,2706.0,c2309,2670.0,2307,2309,6.0,-30.0,0.0022222222222221,-0.011111111111111
20230619,C,2704.29,c2307,2725.0,c2309,2676.0,2307,2309,20.71000000000004,-28.289999999999964,0.0076582023377671,-0.0104611561629854
20230620,C,2710.0,c2307,2731.0,c2309,2677.0,2307,2309,21.0,-33.0,0.0077490774907749,-0.0121771217712176
20230621,C,2722.86,c2307,2749.0,c2309,2688.0,2307,2309,26.13999999999988,-34.86000000000013,0.0096001997899266,-0.0128027147925343
20230626,C,2727.14,c2307,2761.0,c2309,2691.0,2307,2309,33.86000000000013,-36.13999999999987,0.0124159375756287,-0.0132519782629421
20230627,C,2727.14,c2307,2794.0,c2309,2715.0,2307,2309,66.86000000000013,-12.139999999999873,0.024516526470955,-0.004451549975432
20230628,C,2734.29,c2307,2785.0,c2309,2702.0,2307,2309,50.71000000000004,-32.289999999999964,0.0185459479426104,-0.0118092813856613
20230629,C,2738.57,c2307,2794.0,c2309,2714.0,2307,2309,55.42999999999984,-24.570000000000164,0.0202404904749557,-0.0089718356660593
20230630,C,2760.0,c2307,2807.0,c2309,2728.0,2307,2309,47.0,-32.0,0.0170289855072462,-0.0115942028985507
20230703,C,2767.14,c2307,2787.0,c2309,2727.0,2307,2309,19.860000000000127,-40.13999999999987,0.0071770853661181,-0.0145059519937552
20230704,C,2771.43,c2307,2792.0,c2309,2748.0,2307,2309,20.570000000000164,-23.42999999999984,0.0074221611225975,-0.0084541193535466
20230705,C,2772.86,c2307,2793.0,c2309,2780.0,2307,2309,20.13999999999988,7.139999999999873,0.0072632588735095,0.0025749587068946
20230706,C,2778.57,c2307,2805.0,c2309,2789.0,2307,2309,26.42999999999984,10.429999999999836,0.0095120871527438,0.0037537294363647
20230707,C,2778.57,c2307,2796.0,c2309,2788.0,2307,2309,17.429999999999836,9.429999999999836,0.0062730109372806,0.0033938320790909
20230710,C,2781.43,c2307,2824.0,c2309,2779.0,2307,2309,42.57000000000016,-2.4299999999998363,0.0153050768849116,-0.0008736513232401
20230711,C,2787.14,c2307,2790.0,c2309,2755.0,2307,2309,2.860000000000128,-32.13999999999987,0.001026141492713,-0.0115315341174105
20230712,C,2788.57,c2307,2840.0,c2309,2746.0,2307,2309,51.42999999999984,-42.57000000000016,0.0184431446942339,-0.0152658889681809
20230713,C,2787.14,c2307,2790.0,c2309,2736.0,2307,2309,2.860000000000128,-51.13999999999987,0.001026141492713,-0.0183485580200492
20230714,C,2785.71,c2307,2819.0,c2309,2738.0,2307,2309,33.289999999999964,-47.71000000000004,0.0119502747952946,-0.0171266930154251
20230717,C,2781.43,c2309,2754.0,c2309,2754.0,2309,2309,-27.42999999999984,-27.42999999999984,-0.0098618336611022,-0.0098618336611022
20230718,C,2777.14,c2309,2705.0,c2309,2705.0,2309,2309,-72.13999999999987,-72.13999999999987,-0.0259763641732141,-0.0259763641732141
20230719,C,2777.14,c2309,2719.0,c2309,2719.0,2309,2309,-58.13999999999987,-58.13999999999987,-0.0209352067234637,-0.0209352067234637
20230720,C,2777.14,c2309,2719.0,c2309,2719.0,2309,2309,-58.13999999999987,-58.13999999999987,-0.0209352067234637,-0.0209352067234637
20230721,C,2777.14,c2309,2690.0,c2309,2690.0,2309,2309,-87.13999999999987,-87.13999999999987,-0.0313776042979467,-0.0313776042979467
20230724,C,2775.71,c2309,2683.0,c2309,2683.0,2309,2309,-92.71000000000004,-92.71000000000004,-0.0334004633048842,-0.0334004633048842
20230725,C,2775.71,c2309,2687.0,c2309,2687.0,2309,2309,-88.71000000000004,-88.71000000000004,-0.0319593905703405,-0.0319593905703405
20230726,C,2771.43,c2309,2705.0,c2309,2705.0,2309,2309,-66.42999999999984,-66.42999999999984,-0.0239695752734147,-0.0239695752734147
20230727,C,2771.43,c2309,2693.0,c2309,2693.0,2309,2309,-78.42999999999984,-78.42999999999984,-0.0282994699487267,-0.0282994699487267
20230728,C,2771.43,c2309,2710.0,c2309,2710.0,2309,2309,-61.42999999999984,-61.42999999999984,-0.0221654524920347,-0.0221654524920347
20230731,C,2771.43,c2309,2715.0,c2309,2715.0,2309,2309,-56.42999999999984,-56.42999999999984,-0.0203613297106547,-0.0203613297106547
20230801,C,2770.0,c2309,2703.0,c2309,2703.0,2309,2309,-67.0,-67.0,-0.0241877256317689,-0.0241877256317689
20230802,C,2770.0,c2309,2716.0,c2309,2716.0,2309,2309,-54.0,-54.0,-0.0194945848375451,-0.0194945848375451
20230803,C,2770.0,c2309,2751.0,c2309,2751.0,2309,2309,-19.0,-19.0,-0.0068592057761732,-0.0068592057761732
20230804,C,2770.0,c2309,2767.0,c2309,2767.0,2309,2309,-3.0,-3.0,-0.0010830324909747,-0.0010830324909747
20230807,C,2771.43,c2309,2767.0,c2309,2767.0,2309,2309,-4.429999999999836,-4.429999999999836,-0.0015984527843025,-0.0015984527843025
20230808,C,2774.29,c2309,2793.0,c2311,2718.0,2309,2311,18.71000000000004,-56.28999999999997,0.0067440678515944,-0.0202898759682657
20230809,C,2781.43,c2309,2808.0,c2311,2736.0,2309,2311,26.570000000000164,-45.42999999999984,0.00955264018868,-0.0163333249443631
20230810,C,2794.29,c2309,2814.0,c2311,2739.0,2309,2311,19.71000000000004,-55.28999999999997,0.0070536701630825,-0.0197867794681296
20230811,C,2794.29,c2309,2759.0,c2311,2713.0,2309,2311,-35.289999999999964,-81.28999999999996,-0.0126293262331397,-0.0290914686736165
20230814,C,2801.43,c2309,2751.0,c2311,2701.0,2309,2311,-50.42999999999984,-100.42999999999984,-0.0180015206519527,-0.035849548266421
20230815,C,2802.86,c2309,2754.0,c2311,2705.0,2309,2311,-48.86000000000013,-97.86000000000011,-0.0174321942587214,-0.034914337498127
20230816,C,2802.86,c2309,2726.0,c2311,2637.0,2309,2311,-76.86000000000013,-165.86000000000013,-0.0274219903955246,-0.0591752709732202
20230817,C,2800.0,c2309,2742.0,c2311,2626.0,2309,2311,-58.0,-174.0,-0.0207142857142856,-0.0621428571428571
20230818,C,2800.0,c2309,2756.0,c2311,2645.0,2309,2311,-44.0,-155.0,-0.0157142857142856,-0.0553571428571428
20230821,C,2798.57,c2309,2768.0,c2311,2653.0,2309,2311,-30.570000000000164,-145.57000000000016,-0.0109234358976192,-0.0520158509524507
20230822,C,2800.0,c2309,2782.0,c2311,2650.0,2309,2311,-18.0,-150.0,-0.0064285714285714,-0.0535714285714286
20230823,C,2800.0,c2309,2791.0,c2311,2668.0,2309,2311,-9.0,-132.0,-0.0032142857142857,-0.0471428571428571
20230824,C,2810.0,c2309,2805.0,c2311,2693.0,2309,2311,-5.0,-117.0,-0.001779359430605,-0.0416370106761565
20230825,C,2817.14,c2309,2813.0,c2311,2717.0,2309,2311,-4.139999999999873,-100.13999999999989,-0.0014695755269528,-0.0355466891954251
20230828,C,2817.14,c2309,2795.0,c2311,2708.0,2309,2311,-22.13999999999988,-109.13999999999989,-0.0078590343397914,-0.0387414186018444
20230829,C,2824.29,c2309,2814.0,c2311,2728.0,2309,2311,-10.289999999999964,-96.28999999999996,-0.0036433935608595,-0.0340935243902007
20230830,C,2827.14,c2309,2815.0,c2311,2731.0,2309,2311,-12.139999999999873,-96.13999999999989,-0.0042940922628521,-0.0340060980354703
20230831,C,2830.0,c2309,2820.0,c2311,2733.0,2309,2311,-10.0,-97.0,-0.0035335689045936,-0.0342756183745582
20230901,C,2832.86,c2309,2841.0,c2311,2716.0,2309,2311,8.139999999999873,-116.86000000000011,0.0028734212068368,-0.0412515973256709
20230904,C,2832.86,c2309,2847.0,c2311,2673.0,2309,2311,14.139999999999873,-159.86000000000013,0.0049914220963971,-0.0564306037008536
20230905,C,2835.71,c2309,2845.0,c2311,2685.0,2309,2311,9.289999999999964,-150.71000000000004,0.0032760754802148,-0.0531471835977586
20230906,C,2835.71,c2309,2843.0,c2311,2691.0,2309,2311,7.289999999999964,-144.71000000000004,0.0025707847417402,-0.0510313113823346
20230907,C,2835.71,c2309,2825.0,c2311,2677.0,2309,2311,-10.710000000000036,-158.71000000000004,-0.0037768319045318,-0.0559683465516572
20230908,C,2835.71,c2309,2856.0,c2311,2657.0,2309,2311,20.289999999999964,-178.71000000000004,0.0071551745418254,-0.0630212539364039
20230911,C,2834.29,c2309,2836.0,c2311,2668.0,2309,2311,1.7100000000000364,-166.28999999999996,0.0006033257006163,-0.0586707782195893
20230912,C,2834.29,c2309,2825.0,c2311,2652.0,2309,2311,-9.289999999999964,-182.29,-0.0032777168179685,-0.0643159309738946
20230913,C,2830.0,c2309,2925.0,c2311,2649.0,2309,2311,95.0,-181.0,0.0335689045936395,-0.0639575971731448
20230914,C,2827.14,c2309,2750.0,c2311,2664.0,2309,2311,-77.13999999999987,-163.13999999999987,-0.0272855253011877,-0.0577049597826778
20230915,C,2825.71,c2311,2692.0,c2311,2692.0,2311,2311,-133.71000000000004,-133.71000000000004,-0.0473190808681711,-0.0473190808681711
20230918,C,2825.71,c2311,2646.0,c2311,2646.0,2311,2311,-179.71000000000004,-179.71000000000004,-0.0635981753258473,-0.0635981753258473
20230919,C,2817.14,c2311,2640.0,c2401,2573.0,2311,2401,-177.13999999999987,-244.13999999999987,-0.0628793741170122,-0.0866623596981335
20230920,C,2815.71,c2311,2654.0,c2401,2593.0,2311,2401,-161.71000000000004,-222.71000000000004,-0.0574313405855007,-0.0790955034431812
20230921,C,2815.71,c2311,2653.0,c2401,2592.0,2311,2401,-162.71000000000004,-223.71000000000004,-0.0577864907962822,-0.0794506536539629
20230922,C,2815.71,c2311,2652.0,c2401,2592.0,2311,2401,-163.71000000000004,-223.71000000000004,-0.0581416410070639,-0.0794506536539629
20230925,C,2811.43,c2311,2628.0,c2401,2570.0,2311,2401,-183.42999999999984,-241.42999999999984,-0.0652443774164748,-0.0858744482345282
20230926,C,2811.43,c2311,2615.0,c2401,2560.0,2311,2401,-196.42999999999984,-251.42999999999984,-0.0698683588067281,-0.0894313569962615
20230927,C,2795.71,c2311,2615.0,c2401,2565.0,2311,2401,-180.71000000000004,-230.71000000000004,-0.0646383208558827,-0.0825228653901871
20230928,C,2788.57,c2311,2628.0,c2401,2579.0,2311,2401,-160.57000000000016,-209.57000000000016,-0.0575814844167441,-0.0751532147301305
20231009,C,2745.71,c2311,2588.0,c2401,2544.0,2311,2401,-157.71000000000004,-201.71000000000004,-0.0574386952737179,-0.0734636942721554
20231010,C,2741.43,c2311,2592.0,c2401,2551.0,2311,2401,-149.42999999999984,-190.42999999999984,-0.054508048719099,-0.0694637470225393
20231011,C,2730.0,c2311,2588.0,c2401,2536.0,2311,2401,-142.0,-194.0,-0.052014652014652,-0.071062271062271
20231012,C,2718.57,c2311,2585.0,c2401,2537.0,2311,2401,-133.57000000000016,-181.57000000000016,-0.0491324483092214,-0.0667887896945821
20231013,C,2714.29,c2311,2589.0,c2401,2541.0,2311,2401,-125.28999999999996,-173.28999999999996,-0.046159400800946,-0.0638435834048682
20231016,C,2711.43,c2311,2567.0,c2401,2527.0,2311,2401,-144.42999999999984,-184.42999999999984,-0.0532670952228159,-0.068019458366987
20231017,C,2707.14,c2311,2541.0,c2401,2507.0,2311,2401,-166.13999999999987,-200.13999999999987,-0.0613710410248453,-0.0739304210347451
20231018,C,2697.14,c2311,2508.0,c2401,2486.0,2311,2401,-189.13999999999987,-211.13999999999987,-0.0701261336081923,-0.0782829219098748
20231019,C,2685.71,c2311,2515.0,c2401,2511.0,2311,2401,-170.71000000000004,-174.71000000000004,-0.0635623354718118,-0.0650516995505844
20231020,C,2671.43,c2311,2520.0,c2401,2506.0,2311,2401,-151.42999999999984,-165.42999999999984,-0.0566849964251355,-0.0619256353338848
20231023,C,2664.29,c2311,2528.0,c2401,2511.0,2311,2401,-136.28999999999996,-153.28999999999996,-0.0511543413066896,-0.0575350280937886
20231024,C,2655.71,c2311,2536.0,c2401,2519.0,2311,2401,-119.71000000000004,-136.71000000000004,-0.0450764578963818,-0.0514777592432909
20231025,C,2655.71,c2311,2536.0,c2401,2518.0,2311,2401,-119.71000000000004,-137.71000000000004,-0.0450764578963818,-0.0518543063813443
20231026,C,2652.86,c2311,2519.0,c2401,2500.0,2311,2401,-133.86000000000013,-152.86000000000013,-0.0504587501790521,-0.0576208318569393
20231027,C,2647.14,c2311,2529.0,c2401,2515.0,2311,2401,-118.13999999999989,-132.13999999999987,-0.0446292980348602,-0.0499180247361302
20231030,C,2638.57,c2311,2520.0,c2401,2538.0,2311,2401,-118.57000000000016,-100.57000000000016,-0.0449372197819274,-0.0381153427803697
20231031,C,2632.86,c2311,2519.0,c2401,2539.0,2311,2401,-113.86000000000011,-93.86000000000011,-0.0432457479698883,-0.0356494458497603
20231101,C,2634.29,c2311,2550.0,c2401,2542.0,2311,2401,-84.28999999999996,-92.28999999999996,-0.0319972364470122,-0.0350341078620805
20231102,C,2634.29,c2311,2525.0,c2401,2548.0,2311,2401,-109.28999999999996,-86.28999999999996,-0.0414874596191003,-0.0327564543007793
20231103,C,2635.71,c2311,2550.0,c2401,2553.0,2311,2401,-85.71000000000004,-82.71000000000004,-0.0325187520630114,-0.0313805388301444
20231106,C,2638.57,c2311,2565.0,c2401,2568.0,2311,2401,-73.57000000000016,-70.57000000000016,-0.0278825272780331,-0.0267455477777736
20231107,C,2641.43,c2311,2565.0,c2401,2544.0,2311,2401,-76.42999999999984,-97.42999999999984,-0.0289350844050381,-0.0368853234800845
20231108,C,2641.43,c2311,2562.0,c2401,2553.0,2311,2401,-79.42999999999984,-88.42999999999984,-0.0300708328443304,-0.0334780781622074
20231109,C,2641.43,c2311,2607.0,c2401,2547.0,2311,2401,-34.42999999999984,-94.42999999999984,-0.0130346062549451,-0.0357495750407922
20231110,C,2641.43,c2311,2537.0,c2401,2520.0,2311,2401,-104.42999999999984,-121.42999999999984,-0.0395354031717667,-0.0459713109944234
20231113,C,2644.29,c2311,2556.0,c2401,2525.0,2311,2401,-88.28999999999996,-119.28999999999996,-0.0333889248153568,-0.0451122985754209
20231114,C,2644.29,c2311,2541.0,c2401,2542.0,2311,2401,-103.28999999999996,-102.28999999999996,-0.0390615250218394,-0.0386833516747406
20231115,C,2644.29,c2401,2544.0,c2401,2544.0,2401,2401,-100.28999999999996,-100.28999999999996,-0.037927004980543,-0.037927004980543
20231116,C,2644.29,c2401,2553.0,c2401,2553.0,2401,2401,-91.28999999999996,-91.28999999999996,-0.0345234448566533,-0.0345234448566533
20231117,C,2642.86,c2401,2543.0,c2401,2543.0,2401,2401,-99.86000000000011,-99.86000000000011,-0.0377848240164064,-0.0377848240164064
20231120,C,2642.86,c2401,2572.0,c2401,2572.0,2401,2401,-70.86000000000013,-70.86000000000013,-0.0268118629060941,-0.0268118629060941
20231121,C,2647.14,c2401,2570.0,c2401,2570.0,2401,2401,-77.13999999999987,-77.13999999999987,-0.0291408841239979,-0.0291408841239979
20231122,C,2645.71,c2401,2544.0,c2401,2544.0,2401,2401,-101.71000000000004,-101.71000000000004,-0.0384433668089095,-0.0384433668089095
20231123,C,2642.86,c2401,2536.0,c2401,2536.0,2401,2401,-106.86000000000011,-106.86000000000011,-0.0404334698016543,-0.0404334698016543
20231124,C,2640.0,c2401,2529.0,c2401,2529.0,2401,2401,-111.0,-111.0,-0.0420454545454545,-0.0420454545454545
20231127,C,2638.57,c2401,2510.0,c2401,2510.0,2401,2401,-128.57000000000016,-128.57000000000016,-0.0487271514494593,-0.0487271514494593
20231128,C,2628.57,c2401,2492.0,c2401,2492.0,2401,2401,-136.57000000000016,-136.57000000000016,-0.0519560064978297,-0.0519560064978297
20231129,C,2627.14,c2401,2492.0,c2401,2492.0,2401,2401,-135.13999999999987,-135.13999999999987,-0.0514399689396073,-0.0514399689396073
20231130,C,2617.14,c2401,2501.0,c2401,2501.0,2401,2401,-116.13999999999989,-116.13999999999989,-0.0443766860007488,-0.0443766860007488
20231201,C,2610.0,c2401,2487.0,c2401,2487.0,2401,2401,-123.0,-123.0,-0.0471264367816092,-0.0471264367816092
20231204,C,2604.29,c2401,2488.0,c2401,2488.0,2401,2401,-116.28999999999996,-116.28999999999996,-0.0446532452223062,-0.0446532452223062
20231205,C,2587.14,c2401,2485.0,c2401,2485.0,2401,2401,-102.13999999999989,-102.13999999999989,-0.0394798889893859,-0.0394798889893859
20231206,C,2584.29,c2401,2499.0,c2401,2499.0,2401,2401,-85.28999999999996,-85.28999999999996,-0.0330032620178075,-0.0330032620178075
20231207,C,2580.0,c2401,2492.0,c2401,2492.0,2401,2401,-88.0,-88.0,-0.0341085271317829,-0.0341085271317829
20231208,C,2577.14,c2401,2498.0,c2401,2498.0,2401,2401,-79.13999999999987,-79.13999999999987,-0.0307084597654764,-0.0307084597654764
20231211,C,2577.14,c2401,2487.0,c2405,2493.0,2401,2405,-90.13999999999989,-84.13999999999987,-0.0349767571804402,-0.0326485949540963
20231212,C,2568.57,c2401,2470.0,c2405,2477.0,2401,2405,-98.57000000000016,-91.57000000000016,-0.0383754384735476,-0.0356501866797479
20231213,C,2558.57,c2401,2456.0,c2405,2455.0,2401,2405,-102.57000000000016,-103.57000000000016,-0.0400887996029032,-0.0404796429255405
20231214,C,2552.86,c2401,2452.0,c2405,2450.0,2401,2405,-100.86000000000011,-102.86000000000011,-0.0395086295370682,-0.0402920645863855
20231215,C,2550.0,c2401,2444.0,c2405,2446.0,2401,2405,-106.0,-104.0,-0.0415686274509804,-0.0407843137254901
20231218,C,2544.29,c2401,2415.0,c2405,2404.0,2401,2405,-129.28999999999996,-140.28999999999996,-0.0508157482048037,-0.0551391547347196
20231219,C,2530.0,c2401,2367.0,c2405,2379.0,2401,2405,-163.0,-151.0,-0.0644268774703556,-0.0596837944664031
20231220,C,2515.71,c2401,2379.0,c2405,2391.0,2401,2405,-136.71000000000004,-124.71000000000004,-0.0543425116567489,-0.0495724864948662
20231221,C,2504.29,c2401,2390.0,c2405,2396.0,2401,2405,-114.28999999999996,-108.28999999999996,-0.0456376857312851,-0.0432417970762172
20231222,C,2491.43,c2401,2416.0,c2405,2416.0,2401,2405,-75.42999999999984,-75.42999999999984,-0.0302757853923247,-0.0302757853923247
20231225,C,2491.43,c2401,2433.0,c2405,2436.0,2401,2405,-58.42999999999984,-55.42999999999984,-0.0234523948094065,-0.0222482670594797
20231226,C,2500.0,c2401,2404.0,c2405,2417.0,2401,2405,-96.0,-83.0,-0.0383999999999999,-0.0332
20231227,C,2495.71,c2401,2397.0,c2405,2410.0,2401,2405,-98.71000000000004,-85.71000000000004,-0.0395518710106542,-0.0343429324721221
20231228,C,2490.0,c2401,2420.0,c2405,2437.0,2401,2405,-70.0,-53.0,-0.0281124497991968,-0.0212851405622489
20231229,C,2488.57,c2401,2392.0,c2405,2413.0,2401,2405,-96.57000000000016,-75.57000000000016,-0.0388054183728004,-0.0303668371795851
20240102,C,2491.43,c2401,2400.0,c2405,2424.0,2401,2405,-91.42999999999984,-67.42999999999984,-0.0366978000586007,-0.0270647780591868
20240103,C,2494.29,c2401,2429.0,c2405,2435.0,2401,2405,-65.28999999999996,-59.28999999999997,-0.0261757854940684,-0.0237702913454329
20240104,C,2488.57,c2401,2410.0,c2405,2423.0,2401,2405,-78.57000000000016,-65.57000000000016,-0.0315723487786159,-0.0263484651828158
20240105,C,2488.57,c2401,2384.0,c2405,2395.0,2401,2405,-104.57000000000016,-93.57000000000016,-0.0420201159702159,-0.0375999067737697
20240108,C,2480.0,c2401,2367.0,c2405,2390.0,2401,2405,-113.0,-90.0,-0.0455645161290322,-0.0362903225806451
20240109,C,2464.29,c2401,2398.0,c2405,2387.0,2401,2405,-66.28999999999996,-77.28999999999996,-0.0269002430720409,-0.0313640034249215
20240110,C,2451.43,c2401,2398.0,c2405,2355.0,2401,2405,-53.42999999999984,-96.42999999999984,-0.021795441844148,-0.0393362241630395
20240111,C,2444.29,c2401,2340.0,c2405,2406.0,2401,2405,-104.28999999999996,-38.28999999999997,-0.0426667866742489,-0.0156650806573688
20240112,C,2440.0,c2401,2335.0,c2405,2375.0,2401,2405,-105.0,-65.0,-0.0430327868852459,-0.026639344262295
20240115,C,2437.14,c2401,2403.0,c2405,2384.0,2401,2405,-34.13999999999987,-53.13999999999987,-0.0140082227528988,-0.0218042459604289
20240116,C,2428.57,c2403,2359.0,c2405,2386.0,2403,2405,-69.57000000000016,-42.57000000000016,-0.0286464874391103,-0.0175288338404905
20240117,C,2411.43,c2403,2326.0,c2405,2357.0,2403,2405,-85.42999999999984,-54.42999999999984,-0.0354271117137963,-0.0225716690926129
20240118,C,2404.29,c2403,2327.0,c2405,2358.0,2403,2405,-77.28999999999996,-46.28999999999997,-0.0321467044324935,-0.0192530851103651
20240119,C,2394.29,c2403,2311.0,c2405,2343.0,2403,2405,-83.28999999999996,-51.28999999999997,-0.0347869305723199,-0.0214217993643209
20240122,C,2381.43,c2403,2289.0,c2405,2323.0,2403,2405,-92.42999999999984,-58.42999999999984,-0.0388128141494815,-0.0245356781429644
20240123,C,2361.43,c2403,2305.0,c2405,2340.0,2403,2405,-56.42999999999984,-21.42999999999984,-0.0238965372676724,-0.0090750096339928
20240124,C,2354.29,c2403,2314.0,c2405,2345.0,2403,2405,-40.28999999999997,-9.289999999999964,-0.0171134397206801,-0.0039459879624005
20240125,C,2342.86,c2403,2314.0,c2405,2347.0,2403,2405,-28.860000000000127,4.139999999999873,-0.012318277660637,0.0017670710157668
20240126,C,2332.86,c2403,2321.0,c2405,2358.0,2403,2405,-11.860000000000127,25.13999999999988,-0.0050838884459419,0.0107764717985647
20240129,C,2338.57,c2403,2340.0,c2405,2376.0,2403,2405,1.4299999999998363,37.42999999999984,0.0006114847962643,0.0160055076392837
20240130,C,2338.57,c2403,2336.0,c2405,2373.0,2403,2405,-2.570000000000164,34.42999999999984,-0.0010989621862933,0.0147226724023654
20240131,C,2342.86,c2403,2345.0,c2405,2390.0,2403,2405,2.1399999999998727,47.13999999999987,0.0009134135202273,0.0201207071698692
20240201,C,2342.86,c2403,2356.0,c2405,2401.0,2403,2405,13.139999999999873,58.13999999999987,0.0056085297456953,0.0248158233953372
20240202,C,2345.71,c2403,2360.0,c2405,2405.0,2403,2405,14.289999999999964,59.28999999999997,0.0060919721534205,0.0252759292495661
20240205,C,2348.57,c2403,2349.0,c2405,2395.0,2403,2405,0.4299999999998363,46.42999999999984,0.0001830901356996,0.0197694767454237
20240206,C,2348.57,c2403,2363.0,c2405,2415.0,2403,2405,14.429999999999836,66.42999999999984,0.0061441643212678,0.0282852970105211
20240207,C,2348.57,c2403,2356.0,c2405,2407.0,2403,2405,7.429999999999836,58.42999999999984,0.0031636272284836,0.0248789689044821
20240208,C,2348.57,c2403,2362.0,c2405,2413.0,2403,2405,13.429999999999836,64.42999999999984,0.0057183733080128,0.0274337149840113
20240219,C,2337.14,c2403,2339.0,c2405,2391.0,2403,2405,1.860000000000128,53.86000000000013,0.0007958444936975,0.0230452604465287
20240220,C,2337.14,c2403,2350.0,c2405,2404.0,2403,2405,12.860000000000127,66.86000000000013,0.0055024517144885,0.0286076144347364
20240221,C,2338.57,c2403,2369.0,c2405,2426.0,2403,2405,30.42999999999984,87.42999999999984,0.0130122254198077,0.0373860949212552
20240222,C,2340.0,c2403,2397.0,c2405,2464.0,2403,2405,57.0,124.0,0.0243589743589742,0.052991452991453
20240223,C,2342.86,c2403,2400.0,c2405,2463.0,2403,2405,57.13999999999987,120.13999999999989,0.0243889946475674,0.0512792057570661
20240226,C,2351.43,c2403,2398.0,c2405,2460.0,2403,2405,46.57000000000016,108.57000000000016,0.0198049697418167,0.0461719039052832
20240227,C,2362.86,c2403,2393.0,c2405,2453.0,2403,2405,30.13999999999988,90.13999999999989,0.0127557282276562,0.0381486842216636
20240228,C,2364.29,c2403,2391.0,c2405,2452.0,2403,2405,26.71000000000004,87.71000000000004,0.0112972604883496,0.0370978179495746
20240229,C,2358.57,c2403,2407.0,c2405,2462.0,2403,2405,48.42999999999984,103.42999999999984,0.0205336284273944,0.0438528430362463
20240301,C,2360.0,c2403,2408.0,c2405,2462.0,2403,2405,48.0,102.0,0.0203389830508473,0.0432203389830507
20240304,C,2354.29,c2403,2409.0,c2405,2440.0,2403,2405,54.71000000000004,85.71000000000004,0.0232384285708218,0.0364058803291014
20240305,C,2354.29,c2403,2388.0,c2405,2444.0,2403,2405,33.71000000000004,89.71000000000004,0.0143185418958582,0.0381049063624276
20240306,C,2352.86,c2403,2410.0,c2405,2453.0,2403,2405,57.13999999999987,100.13999999999989,0.0242853378441556,0.042560968353408
20240307,C,2355.71,c2403,2418.0,c2405,2452.0,2403,2405,62.28999999999997,96.28999999999996,0.0264421342185583,0.040875150167041
20240308,C,2355.71,c2403,2396.0,c2405,2445.0,2403,2405,40.28999999999997,89.28999999999996,0.0171031238989518,0.0379036468835298
20240311,C,2352.86,c2403,2405.0,c2405,2428.0,2403,2405,52.13999999999987,75.13999999999987,0.0221602645291261,0.0319356017782612
20240312,C,2354.29,c2403,2410.0,c2405,2441.0,2403,2405,55.71000000000004,86.71000000000004,0.0236631850791533,0.0368306368374329
20240313,C,2354.29,c2403,2410.0,c2405,2438.0,2403,2405,55.71000000000004,83.71000000000004,0.0236631850791533,0.0355563673124381
20240314,C,2354.29,c2403,2337.0,c2405,2425.0,2403,2405,-17.289999999999964,70.71000000000004,-0.0073440400290533,0.0300345327041273
20240315,C,2350.0,c2405,2451.0,c2405,2451.0,2405,2405,101.0,101.0,0.0429787234042553,0.0429787234042553
20240318,C,2351.43,c2405,2440.0,c2405,2440.0,2405,2405,88.57000000000016,88.57000000000016,0.0376664412719069,0.0376664412719069
20240319,C,2355.71,c2405,2420.0,c2405,2420.0,2405,2405,64.28999999999996,64.28999999999996,0.0272911351567042,0.0272911351567042
20240320,C,2351.43,c2405,2424.0,c2405,2424.0,2405,2405,72.57000000000016,72.57000000000016,0.0308620711652058,0.0308620711652058
20240321,C,2351.43,c2405,2421.0,c2405,2421.0,2405,2405,69.57000000000016,69.57000000000016,0.0295862517701994,0.0295862517701994
20240322,C,2347.14,c2405,2401.0,c2405,2401.0,2405,2405,53.86000000000013,53.86000000000013,0.0229470760159173,0.0229470760159173
20240325,C,2340.0,c2405,2397.0,c2405,2397.0,2405,2405,57.0,57.0,0.0243589743589742,0.0243589743589742
20240326,C,2332.86,c2405,2385.0,c2405,2385.0,2405,2405,52.13999999999987,52.13999999999987,0.0223502481932047,0.0223502481932047
20240327,C,2330.0,c2405,2384.0,c2405,2384.0,2405,2405,54.0,54.0,0.0231759656652359,0.0231759656652359
20240328,C,2330.0,c2405,2408.0,c2405,2408.0,2405,2405,78.0,78.0,0.0334763948497853,0.0334763948497853
20240329,C,2327.14,c2405,2415.0,c2405,2415.0,2405,2405,87.86000000000013,87.86000000000013,0.0377544969361534,0.0377544969361534
20240401,C,2330.0,c2405,2426.0,c2405,2426.0,2405,2405,96.0,96.0,0.0412017167381975,0.0412017167381975
20240402,C,2330.0,c2405,2433.0,c2405,2433.0,2405,2405,103.0,103.0,0.044206008583691,0.044206008583691
20240403,C,2328.57,c2405,2428.0,c2405,2428.0,2405,2405,99.42999999999984,99.42999999999984,0.042700026196335,0.042700026196335
20240408,C,2328.57,c2405,2419.0,c2405,2419.0,2405,2405,90.42999999999984,90.42999999999984,0.0388349931503024,0.0388349931503024
20240409,C,2325.71,c2405,2415.0,c2405,2415.0,2405,2405,89.28999999999996,89.28999999999996,0.038392576890498,0.038392576890498
20240410,C,2324.29,c2405,2417.0,c2405,2417.0,2405,2405,92.71000000000004,92.71000000000004,0.0398874495007077,0.0398874495007077
20240411,C,2324.29,c2405,2394.0,c2405,2394.0,2405,2405,69.71000000000004,69.71000000000004,0.0299919545323519,0.0299919545323519
20240412,C,2322.86,c2405,2393.0,c2405,2393.0,2405,2405,70.13999999999987,70.13999999999987,0.0301955348148401,0.0301955348148401
20240415,C,2318.57,c2405,2392.0,c2405,2392.0,2405,2405,73.42999999999984,73.42999999999984,0.0316703830378206,0.0316703830378206
20240416,C,2317.14,c2405,2382.0,c2407,2415.0,2405,2407,64.86000000000013,97.86000000000011,0.0279914031953183,0.0422330976980243
20240417,C,2317.14,c2405,2381.0,c2407,2408.0,2405,2407,63.86000000000013,90.86000000000011,0.0275598366952363,0.0392121321974503
20240418,C,2314.29,c2405,2378.0,c2407,2405.0,2405,2407,63.71000000000004,90.71000000000004,0.0275289613661209,0.0391956064278893
20240419,C,2312.86,c2405,2392.0,c2407,2414.0,2405,2407,79.13999999999987,101.13999999999989,0.0342173758895911,0.0437294086109838
20240422,C,2311.43,c2405,2390.0,c2407,2404.0,2405,2407,78.57000000000016,92.57000000000016,0.0339919443807514,0.0400488009587138
20240423,C,2311.43,c2405,2406.0,c2407,2415.0,2405,2407,94.57000000000016,103.57000000000016,0.0409140661841371,0.0448077596985416
20240424,C,2308.57,c2405,2403.0,c2407,2422.0,2405,2407,94.42999999999984,113.42999999999984,0.0409041094703646,0.049134312583114
20240425,C,2308.57,c2405,2391.0,c2407,2411.0,2405,2407,82.42999999999984,102.42999999999984,0.0357060864517861,0.0443694581494171
20240426,C,2305.71,c2405,2389.0,c2407,2393.0,2405,2407,83.28999999999996,87.28999999999996,0.03612336330241,0.03785818684917
20240429,C,2302.86,c2405,2389.0,c2407,2391.0,2405,2407,86.13999999999987,88.13999999999987,0.0374056607870212,0.0382741460618534
20240430,C,2298.57,c2405,2372.0,c2407,2388.0,2405,2407,73.42999999999984,89.42999999999984,0.0319459490030757,0.0389067985747659
20240506,C,2295.71,c2405,2375.0,c2407,2409.0,2405,2407,79.28999999999996,113.28999999999996,0.0345383345457397,0.0493485675455522
20240507,C,2295.71,c2405,2405.0,c2407,2438.0,2405,2407,109.28999999999996,142.28999999999996,0.0476061871926332,0.0619808251042162
20240508,C,2305.71,c2405,2415.0,c2407,2446.0,2405,2407,109.28999999999996,140.28999999999996,0.0473997163563499,0.06084459884374
20240509,C,2310.0,c2405,2425.0,c2407,2446.0,2405,2407,115.0,136.0,0.0497835497835497,0.0588744588744589
20240510,C,2310.0,c2405,2421.0,c2407,2453.0,2405,2407,111.0,143.0,0.0480519480519481,0.0619047619047619
20240513,C,2311.43,c2405,2409.0,c2407,2448.0,2405,2407,97.57000000000016,136.57000000000016,0.042211964022272,0.0590846359180248
20240514,C,2312.86,c2405,2432.0,c2407,2456.0,2405,2407,119.13999999999989,143.13999999999987,0.0515119808375776,0.0618887438063695
20240515,C,2314.29,c2405,2423.0,c2407,2459.0,2405,2407,108.71000000000004,144.71000000000004,0.0469733698024015,0.0625288965514261
20240516,C,2317.14,c2405,2426.0,c2407,2467.0,2405,2407,108.86000000000011,149.86000000000013,0.0469803291989263,0.0646745557022883
20240517,C,2320.0,c2405,2419.0,c2407,2459.0,2405,2407,99.0,139.0,0.0426724137931033,0.0599137931034483
20240520,C,2322.86,c2407,2454.0,c2407,2454.0,2407,2407,131.13999999999987,131.13999999999987,0.056456265121445,0.056456265121445
20240521,C,2330.0,c2407,2449.0,c2407,2449.0,2407,2407,119.0,119.0,0.0510729613733904,0.0510729613733904
20240522,C,2330.0,c2407,2476.0,c2407,2476.0,2407,2407,146.0,146.0,0.0626609442060086,0.0626609442060086
20240523,C,2332.86,c2407,2473.0,c2407,2473.0,2407,2407,140.13999999999987,140.13999999999987,0.0600721860720316,0.0600721860720316
20240524,C,2337.14,c2407,2462.0,c2407,2462.0,2407,2407,124.86000000000011,124.86000000000011,0.0534242706898175,0.0534242706898175
20240527,C,2332.86,c2407,2451.0,c2407,2451.0,2407,2407,118.13999999999989,118.13999999999989,0.050641701602325,0.050641701602325
20240528,C,2332.86,c2407,2450.0,c2407,2450.0,2407,2407,117.13999999999989,117.13999999999989,0.0502130432173382,0.0502130432173382
20240529,C,2330.0,c2407,2435.0,c2409,2463.0,2407,2409,105.0,133.0,0.0450643776824033,0.0570815450643777
20240530,C,2330.0,c2407,2428.0,c2409,2453.0,2407,2409,98.0,123.0,0.0420600858369097,0.0527896995708154
20240531,C,2328.57,c2407,2434.0,c2409,2457.0,2407,2409,105.42999999999984,128.42999999999984,0.0452767148936901,0.0551540215668844
20240603,C,2328.57,c2407,2438.0,c2409,2458.0,2407,2409,109.42999999999984,129.42999999999984,0.0469945073585933,0.0555834696831101
20240604,C,2328.57,c2407,2428.0,c2409,2451.0,2407,2409,99.42999999999984,122.42999999999984,0.042700026196335,0.0525773328695293
20240605,C,2328.57,c2407,2435.0,c2409,2456.0,2407,2409,106.42999999999984,127.42999999999984,0.0457061630099158,0.0547245734506585
20240606,C,2328.57,c2407,2439.0,c2409,2464.0,2407,2409,110.42999999999984,135.42999999999984,0.0474239554748192,0.0581601583804651
20240607,C,2334.29,c2407,2462.0,c2409,2489.0,2407,2409,127.71000000000004,154.71000000000004,0.0547104258682511,0.0662771120983254
20240611,C,2340.0,c2407,2457.0,c2409,2485.0,2407,2409,117.0,145.0,0.05,0.0619658119658119
20240612,C,2352.86,c2407,2462.0,c2409,2492.0,2407,2409,109.13999999999989,139.13999999999987,0.046386100320461,0.0591365402106371
20240613,C,2354.29,c2407,2454.0,c2409,2484.0,2407,2409,99.71000000000004,129.71000000000004,0.0423524714457437,0.0550951666956918
20240614,C,2358.57,c2407,2456.0,c2409,2483.0,2407,2409,97.42999999999984,124.42999999999984,0.0413089287152808,0.0527565431596264
20240617,C,2362.86,c2407,2444.0,c2409,2467.0,2407,2409,81.13999999999987,104.13999999999989,0.0343397408225625,0.0440737072869319
20240618,C,2361.43,c2407,2434.0,c2409,2457.0,2407,2409,72.57000000000016,95.57000000000016,0.0307313788678893,0.0404712398843074
20240619,C,2360.0,c2407,2436.0,c2409,2458.0,2407,2409,76.0,98.0,0.0322033898305085,0.0415254237288136
20240620,C,2358.57,c2407,2442.0,c2409,2465.0,2407,2409,83.42999999999984,106.42999999999984,0.0353731286330276,0.0451248001967292
20240621,C,2360.0,c2407,2441.0,c2409,2465.0,2407,2409,81.0,105.0,0.034322033898305,0.0444915254237288
20240624,C,2365.71,c2407,2465.0,c2409,2495.0,2407,2409,99.28999999999996,129.28999999999996,0.0419704866615096,0.0546516690549561
20240625,C,2371.43,c2407,2472.0,c2409,2508.0,2407,2409,100.57000000000016,136.57000000000016,0.0424090105969816,0.0575897243435397
20240626,C,2375.71,c2407,2480.0,c2409,2514.0,2407,2409,104.28999999999996,138.28999999999996,0.0438984556195831,0.0582099667046904
20240627,C,2382.86,c2407,2469.0,c2409,2512.0,2407,2409,86.13999999999987,129.13999999999987,0.0361498367507953,0.0541953786626154
20240628,C,2388.57,c2407,2470.0,c2409,2509.0,2407,2409,81.42999999999984,120.42999999999984,0.034091527566703,0.0504192885282825
20240701,C,2394.29,c2407,2442.0,c2409,2483.0,2407,2409,47.71000000000004,88.71000000000004,0.019926575310426,0.0370506496706748
20240702,C,2388.57,c2407,2442.0,c2409,2489.0,2407,2409,53.42999999999984,100.42999999999984,0.0223690325173637,0.0420460777787545
20240703,C,2394.29,c2407,2457.0,c2409,2483.0,2407,2409,62.71000000000004,88.71000000000004,0.0261914805641756,0.0370506496706748
20240704,C,2394.29,c2407,2445.0,c2409,2472.0,2407,2409,50.71000000000004,77.71000000000004,0.021179556361176,0.0324563858179252
20240705,C,2392.86,c2407,2445.0,c2409,2469.0,2407,2409,52.13999999999987,76.13999999999987,0.0217898247285674,0.0318196634989091
20240708,C,2394.29,c2407,2445.0,c2409,2459.0,2407,2409,50.71000000000004,64.71000000000004,0.021179556361176,0.0270268012646754
20240709,C,2392.86,c2407,2445.0,c2409,2436.0,2407,2409,52.13999999999987,43.13999999999987,0.0217898247285674,0.0180286351896892
20240710,C,2390.0,c2407,2445.0,c2409,2420.0,2407,2409,55.0,30.0,0.0230125523012552,0.0125523012552302
20240711,C,2387.14,c2407,2445.0,c2409,2413.0,2407,2409,57.86000000000013,25.860000000000127,0.0242382097405264,0.0108330470772557
20240712,C,2385.71,c2407,2454.0,c2409,2404.0,2407,2409,68.28999999999996,18.289999999999964,0.0286246023196448,0.0076664808379895
20240715,C,2382.86,c2409,2384.0,c2409,2384.0,2409,2409,1.139999999999873,1.139999999999873,0.0004784166925457,0.0004784166925457
20240716,C,2381.43,c2409,2381.0,c2409,2381.0,2409,2409,-0.4299999999998363,-0.4299999999998363,-0.0001805637789058,-0.0001805637789058
20240717,C,2381.43,c2409,2388.0,c2409,2388.0,2409,2409,6.570000000000164,6.570000000000164,0.0027588465753769,0.0027588465753769
20240718,C,2381.43,c2409,2394.0,c2409,2394.0,2409,2409,12.570000000000164,12.570000000000164,0.0052783411647623,0.0052783411647623
20240719,C,2381.43,c2409,2395.0,c2409,2395.0,2409,2409,13.570000000000164,13.570000000000164,0.0056982569296599,0.0056982569296599
20240722,C,2381.43,c2409,2406.0,c2409,2406.0,2409,2409,24.570000000000164,24.570000000000164,0.0103173303435331,0.0103173303435331
20240723,C,2382.86,c2409,2393.0,c2409,2393.0,2409,2409,10.139999999999873,10.139999999999873,0.0042553905810664,0.0042553905810664
20240724,C,2381.43,c2409,2371.0,c2409,2371.0,2409,2409,-10.429999999999836,-10.429999999999836,-0.0043797214278814,-0.0043797214278814
20240725,C,2381.43,c2409,2350.0,c2409,2350.0,2409,2409,-31.42999999999984,-31.42999999999984,-0.0131979524907303,-0.0131979524907303
20240726,C,2370.0,c2409,2357.0,c2409,2357.0,2409,2409,-13.0,-13.0,-0.0054852320675105,-0.0054852320675105
20240729,C,2368.57,c2409,2347.0,c2409,2347.0,2409,2409,-21.570000000000164,-21.570000000000164,-0.0091067606192767,-0.0091067606192767
20240730,C,2367.14,c2409,2339.0,c2409,2339.0,2409,2409,-28.13999999999988,-28.13999999999988,-0.0118877632924119,-0.0118877632924119
20240731,C,2364.29,c2409,2351.0,c2409,2351.0,2409,2409,-13.289999999999964,-13.289999999999964,-0.00562113784688,-0.00562113784688
20240801,C,2355.71,c2409,2337.0,c2409,2337.0,2409,2409,-18.71000000000004,-18.71000000000004,-0.0079424037763561,-0.0079424037763561
20240802,C,2348.57,c2409,2321.0,c2409,2321.0,2409,2409,-27.570000000000164,-27.570000000000164,-0.0117390582354369,-0.0117390582354369
20240805,C,2345.71,c2409,2281.0,c2409,2281.0,2409,2409,-64.71000000000004,-64.71000000000004,-0.0275865303042576,-0.0275865303042576
20240806,C,2342.86,c2409,2265.0,c2409,2265.0,2409,2409,-77.86000000000013,-77.86000000000013,-0.0332328863013582,-0.0332328863013582
20240807,C,2337.14,c2409,2274.0,c2409,2274.0,2409,2409,-63.13999999999987,-63.13999999999987,-0.0270159254473415,-0.0270159254473415
20240808,C,2332.86,c2409,2300.0,c2409,2300.0,2409,2409,-32.86000000000013,-32.86000000000013,-0.0140857145306619,-0.0140857145306619
20240809,C,2330.0,c2409,2319.0,c2409,2319.0,2409,2409,-11.0,-11.0,-0.0047210300429184,-0.0047210300429184
20240812,C,2322.86,c2409,2303.0,c2411,2285.0,2409,2411,-19.860000000000127,-37.86000000000013,-0.0085498049817897,-0.0162988729411157
20240813,C,2322.86,c2409,2294.0,c2411,2266.0,2409,2411,-28.860000000000127,-56.86000000000013,-0.0124243389614527,-0.0244784446759598
20240814,C,2320.0,c2409,2286.0,c2411,2252.0,2409,2411,-34.0,-68.0,-0.0146551724137931,-0.0293103448275862
20240815,C,2317.14,c2409,2300.0,c2411,2277.0,2409,2411,-17.139999999999873,-40.13999999999987,-0.0073970498114054,-0.0173230793132913
20240816,C,2317.14,c2409,2299.0,c2411,2254.0,2409,2411,-18.13999999999988,-63.13999999999987,-0.0078286163114873,-0.0272491088151772
20240819,C,2314.29,c2409,2310.0,c2411,2287.0,2409,2411,-4.289999999999964,-27.289999999999964,-0.0018537002709254,-0.011791953471691
20240820,C,2317.14,c2409,2309.0,c2411,2285.0,2409,2411,-8.139999999999873,-32.13999999999987,-0.0035129513106674,-0.0138705473126353
20240821,C,2317.14,c2409,2326.0,c2411,2303.0,2409,2411,8.860000000000127,-14.139999999999873,0.0038236791907264,-0.0061023503111593
20240822,C,2320.0,c2409,2333.0,c2411,2324.0,2409,2411,13.0,4.0,0.005603448275862,0.0017241379310344
20240823,C,2321.43,c2409,2323.0,c2411,2312.0,2409,2411,1.5700000000001637,-9.429999999999836,0.0006763072761186,-0.0040621513463683
20240826,C,2321.43,c2409,2327.0,c2411,2333.0,2409,2411,5.570000000000164,11.570000000000164,0.0023993831388411,0.004983996932925
20240827,C,2325.71,c2409,2342.0,c2411,2345.0,2409,2411,16.289999999999964,19.289999999999964,0.0070043126615098,0.0082942413284545
20240828,C,2328.57,c2409,2343.0,c2411,2343.0,2409,2411,14.429999999999836,14.429999999999836,0.0061969363171388,0.0061969363171388
20240829,C,2327.14,c2409,2336.0,c2411,2344.0,2409,2411,8.860000000000127,16.860000000000127,0.0038072483821343,0.0072449444382376
20240830,C,2325.71,c2409,2335.0,c2411,2338.0,2409,2411,9.289999999999964,12.289999999999964,0.0039944791053054,0.0052844077722502
20240902,C,2324.29,c2409,2292.0,c2411,2287.0,2409,2411,-32.289999999999964,-37.28999999999997,-0.0138924144577483,-0.0160436090160865
20240903,C,2321.43,c2409,2280.0,c2411,2272.0,2409,2411,-41.42999999999984,-49.42999999999984,-0.0178467582481487,-0.0212929099735937
20240904,C,2320.0,c2409,2290.0,c2411,2289.0,2409,2411,-30.0,-31.0,-0.0129310344827586,-0.0133620689655172
20240905,C,2321.43,c2409,2272.0,c2411,2282.0,2409,2411,-49.42999999999984,-39.42999999999984,-0.0212929099735937,-0.0169852203167873
20240906,C,2317.14,c2409,2273.0,c2411,2268.0,2409,2411,-44.13999999999987,-49.13999999999987,-0.0190493453136193,-0.0212071778140293
20240909,C,2305.71,c2409,2256.0,c2411,2224.0,2409,2411,-49.71000000000004,-81.71000000000004,-0.0215595196273599,-0.0354381080014398
20240910,C,2298.57,c2409,2221.0,c2411,2208.0,2409,2411,-77.57000000000016,-90.57000000000016,-0.0337470688297507,-0.039402759106749
20240911,C,2294.29,c2409,2229.0,c2411,2209.0,2409,2411,-65.28999999999996,-85.28999999999996,-0.028457605620911,-0.0371748994242226
20240912,C,2290.0,c2409,2229.0,c2411,2197.0,2409,2411,-61.0,-93.0,-0.0266375545851528,-0.0406113537117903
20240913,C,2287.14,c2409,2292.0,c2411,2200.0,2409,2411,4.860000000000127,-87.13999999999987,0.0021249245782943,-0.0380999851342724
20240918,C,2272.86,c2411,2199.0,c2411,2199.0,2411,2411,-73.86000000000013,-73.86000000000013,-0.0324965022042713,-0.0324965022042713
20240919,C,2261.43,c2411,2174.0,c2411,2174.0,2411,2411,-87.42999999999984,-87.42999999999984,-0.0386613779776512,-0.0386613779776512
20240920,C,2250.0,c2411,2164.0,c2411,2164.0,2411,2411,-86.0,-86.0,-0.0382222222222222,-0.0382222222222222
20240923,C,2234.29,c2411,2138.0,c2411,2138.0,2411,2411,-96.28999999999996,-96.28999999999996,-0.043096464648725,-0.043096464648725
20240924,C,2202.86,c2411,2150.0,c2411,2150.0,2411,2411,-52.86000000000013,-52.86000000000013,-0.0239960778260988,-0.0239960778260988
20240925,C,2178.57,c2411,2137.0,c2411,2137.0,2411,2411,-41.57000000000016,-41.57000000000016,-0.0190813239877535,-0.0190813239877535
20240926,C,2162.86,c2411,2150.0,c2501,2170.0,2411,2501,-12.860000000000127,7.139999999999873,-0.0059458309830502,0.0033011845426886
20240927,C,2147.14,c2411,2179.0,c2501,2198.0,2411,2501,31.860000000000127,50.86000000000013,0.014838343098261,0.0236873236025596
20240930,C,2152.86,c2411,2225.0,c2501,2247.0,2411,2501,72.13999999999987,94.13999999999989,0.0335089137240693,0.0437278782642622
20241008,C,2160.0,c2411,2184.0,c2501,2208.0,2411,2501,24.0,48.0,0.011111111111111,0.0222222222222221
20241009,C,2157.14,c2411,2184.0,c2501,2206.0,2411,2501,26.860000000000127,48.86000000000013,0.01245167212142,0.0226503611263062
20241010,C,2154.29,c2411,2184.0,c2501,2210.0,2411,2501,29.71000000000004,55.71000000000004,0.0137910866225068,0.0258600281299175
20241011,C,2151.43,c2411,2188.0,c2501,2213.0,2411,2501,36.57000000000016,61.57000000000016,0.0169979966812772,0.02861817488833
20241014,C,2154.29,c2411,2201.0,c2501,2227.0,2411,2501,46.71000000000004,72.71000000000004,0.0216823176081215,0.0337512591155322
20241015,C,2155.71,c2411,2196.0,c2501,2222.0,2411,2501,40.28999999999997,66.28999999999996,0.0186898979918448,0.0307508894981236
20241016,C,2154.29,c2411,2183.0,c2501,2210.0,2411,2501,28.71000000000004,55.71000000000004,0.0133268965645294,0.0258600281299175
20241017,C,2145.71,c2411,2159.0,c2501,2193.0,2411,2501,13.289999999999964,47.28999999999997,0.0061937540487764,0.0220393249786783
20241018,C,2144.29,c2411,2165.0,c2501,2198.0,2411,2501,20.71000000000004,53.71000000000004,0.0096582085445531,0.0250479179588583
20241021,C,2154.29,c2411,2138.0,c2501,2170.0,2411,2501,-16.289999999999964,15.710000000000036,-0.0075616560444508,0.007292425810824
20241022,C,2148.57,c2411,2141.0,c2501,2179.0,2411,2501,-7.570000000000164,30.42999999999984,-0.0035232736191979,0.0141629083529974
20241023,C,2141.43,c2411,2187.0,c2501,2228.0,2411,2501,45.57000000000016,86.57000000000016,0.0212801725949483,0.0404262572206424
20241024,C,2150.0,c2411,2189.0,c2501,2230.0,2411,2501,39.0,80.0,0.0181395348837209,0.0372093023255815
20241025,C,2150.0,c2411,2183.0,c2501,2225.0,2411,2501,33.0,75.0,0.0153488372093022,0.0348837209302326
20241028,C,2148.57,c2411,2184.0,c2501,2227.0,2411,2501,35.42999999999984,78.42999999999984,0.0164900375598653,0.0365033487389285
20241029,C,2148.57,c2411,2182.0,c2501,2226.0,2411,2501,33.42999999999984,77.42999999999984,0.0155591858771182,0.0360379228975551
20241030,C,2150.0,c2411,2205.0,c2501,2247.0,2411,2501,55.0,97.0,0.0255813953488373,0.0451162790697674
20241031,C,2151.43,c2411,2206.0,c2501,2248.0,2411,2501,54.57000000000016,96.57000000000016,0.0253645249903553,0.0448864243782043
20241101,C,2155.71,c2411,2200.0,c2501,2240.0,2411,2501,44.28999999999997,84.28999999999996,0.0205454351466569,0.039100806694778
20241104,C,2155.71,c2411,2187.0,c2501,2217.0,2411,2501,31.289999999999964,61.28999999999997,0.0145149393935175,0.0284314680546085
20241105,C,2151.43,c2411,2190.0,c2501,2225.0,2411,2501,38.57000000000016,73.57000000000016,0.0179276109378414,0.0341958604277154
20241106,C,2145.71,c2411,2184.0,c2501,2222.0,2411,2501,38.28999999999997,76.28999999999996,0.0178449091442924,0.0355546648894771
20241107,C,2145.71,c2411,2191.0,c2501,2225.0,2411,2501,45.28999999999997,79.28999999999996,0.021107232571037,0.0369528035009389
20241108,C,2145.71,c2411,2160.0,c2501,2199.0,2411,2501,14.289999999999964,53.28999999999997,0.006659800252597,0.0248356022016023
20241111,C,2132.86,c2411,2150.0,c2501,2187.0,2411,2501,17.139999999999873,54.13999999999987,0.0080361580225611,0.025383757021089
20241112,C,2125.71,c2411,2168.0,c2501,2189.0,2411,2501,42.28999999999997,63.28999999999997,0.0198945293572501,0.0297735815327584
20241113,C,2120.0,c2411,2168.0,c2501,2197.0,2411,2501,48.0,77.0,0.0226415094339622,0.036320754716981
20241114,C,2118.57,c2411,2187.0,c2501,2195.0,2411,2501,68.42999999999984,76.42999999999984,0.0323000892111187,0.0360762212246938
20241115,C,2118.57,c2501,2182.0,c2501,2182.0,2501,2501,63.42999999999984,63.42999999999984,0.0299400067026343,0.0299400067026343
20241118,C,2121.43,c2501,2209.0,c2501,2209.0,2501,2501,87.57000000000016,87.57000000000016,0.0412787600816431,0.0412787600816431
20241119,C,2121.43,c2501,2205.0,c2501,2205.0,2501,2501,83.57000000000016,83.57000000000016,0.039393239465832,0.039393239465832
20241120,C,2124.29,c2501,2195.0,c2501,2195.0,2501,2501,70.71000000000004,70.71000000000004,0.0332864156965386,0.0332864156965386
20241121,C,2124.29,c2501,2206.0,c2501,2206.0,2501,2501,81.71000000000004,81.71000000000004,0.0384646164130133,0.0384646164130133
20241122,C,2121.43,c2501,2190.0,c2501,2190.0,2501,2501,68.57000000000016,68.57000000000016,0.0323225371565407,0.0323225371565407
20241125,C,2117.14,c2501,2195.0,c2501,2195.0,2501,2501,77.86000000000013,77.86000000000013,0.0367760280378246,0.0367760280378246
20241126,C,2117.14,c2501,2193.0,c2501,2193.0,2501,2501,75.86000000000013,75.86000000000013,0.0358313573972435,0.0358313573972435
20241127,C,2120.0,c2501,2187.0,c2501,2187.0,2501,2501,67.0,67.0,0.0316037735849057,0.0316037735849057
20241128,C,2118.57,c2501,2183.0,c2501,2183.0,2501,2501,64.42999999999984,64.42999999999984,0.0304120232043312,0.0304120232043312
20241129,C,2112.86,c2501,2163.0,c2501,2163.0,2501,2501,50.13999999999987,50.13999999999987,0.023730867165832,0.023730867165832
20241202,C,2108.57,c2501,2138.0,c2501,2138.0,2501,2501,29.42999999999984,29.42999999999984,0.0139573265293539,0.0139573265293539
20241203,C,2104.29,c2501,2127.0,c2501,2127.0,2501,2501,22.71000000000004,22.71000000000004,0.0107922387123446,0.0107922387123446
20241204,C,2088.57,c2501,2084.0,c2501,2084.0,2501,2501,-4.570000000000164,-4.570000000000164,-0.0021880999918605,-0.0021880999918605
20241205,C,2062.86,c2501,2099.0,c2501,2099.0,2501,2501,36.13999999999987,36.13999999999987,0.017519366316667,0.017519366316667
20241206,C,2057.14,c2501,2089.0,c2501,2089.0,2501,2501,31.860000000000127,31.860000000000127,0.0154875215104466,0.0154875215104466
20241209,C,2057.14,c2501,2087.0,c2501,2087.0,2501,2501,29.860000000000127,29.860000000000127,0.0145152979379139,0.0145152979379139
20241210,C,2060.0,c2501,2113.0,c2505,2215.0,2501,2505,53.0,155.0,0.0257281553398058,0.075242718446602
20241211,C,2070.0,c2501,2122.0,c2505,2222.0,2501,2505,52.0,152.0,0.0251207729468598,0.0734299516908212
20241212,C,2070.0,c2501,2115.0,c2505,2215.0,2501,2505,45.0,145.0,0.0217391304347827,0.070048309178744
20241213,C,2070.0,c2501,2115.0,c2505,2214.0,2501,2505,45.0,144.0,0.0217391304347827,0.0695652173913043
20241216,C,2067.14,c2501,2102.0,c2505,2205.0,2501,2505,34.86000000000013,137.86000000000013,0.0168638795630677,0.0666911771820002
20241217,C,2061.43,c2501,2087.0,c2505,2186.0,2501,2505,25.570000000000164,124.57000000000016,0.0124040108080314,0.0604289255516803
20241218,C,2050.0,c2501,2070.0,c2505,2174.0,2501,2505,20.0,124.0,0.0097560975609756,0.0604878048780488
20241219,C,2042.86,c2501,2068.0,c2505,2177.0,2501,2505,25.1400000000001,134.1400000000001,0.0123062764947181,0.06566284522679
20241220,C,2042.86,c2501,2073.0,c2505,2184.0,2501,2505,30.1400000000001,141.1400000000001,0.0147538255191252,0.0690894138609596
20241223,C,2037.14,c2501,2065.0,c2505,2182.0,2501,2505,27.8599999999999,144.8599999999999,0.0136760360112706,0.0711094966472603
20241224,C,2035.71,c2501,2070.0,c2505,2189.0,2501,2505,34.289999999999964,153.28999999999996,0.0168442459878863,0.0753005094045811
20241225,C,2031.43,c2501,2079.0,c2505,2205.0,2501,2505,47.569999999999936,173.56999999999994,0.0234170018164543,0.0854422746538152
20241226,C,2027.14,c2501,2081.0,c2505,2204.0,2501,2505,53.8599999999999,176.8599999999999,0.026569452529179,0.0872460708189863
20241227,C,2030.0,c2501,2106.0,c2505,2234.0,2501,2505,76.0,204.0,0.0374384236453202,0.1004926108374384
20241230,C,2034.29,c2501,2105.0,c2505,2235.0,2501,2505,70.71000000000004,200.71000000000004,0.0347590559851349,0.0986634157371859
20241231,C,2037.14,c2501,2094.0,c2505,2229.0,2501,2505,56.8599999999999,191.8599999999999,0.027911680100533,0.0941810577574442
20250102,C,2035.71,c2501,2096.0,c2505,2228.0,2501,2505,60.28999999999997,192.29,0.0296162027007775,0.0944584444739182
20250103,C,2037.14,c2501,2091.0,c2505,2228.0,2501,2505,53.8599999999999,190.8599999999999,0.0264390272637127,0.093690173478504
20250106,C,2037.14,c2501,2100.0,c2505,2228.0,2501,2505,62.8599999999999,190.8599999999999,0.0308569857741736,0.093690173478504
20250107,C,2037.14,c2501,2102.0,c2505,2225.0,2501,2505,64.8599999999999,187.8599999999999,0.0318387543320537,0.0922175206416839
20250108,C,2035.71,c2501,2101.0,c2505,2230.0,2501,2505,65.28999999999996,194.29,0.0320723482224873,0.0954409026826021
20250109,C,2035.71,c2501,2100.0,c2505,2231.0,2501,2505,64.28999999999996,195.29,0.0315811191181454,0.0959321317869441
20250110,C,2032.86,c2501,2127.0,c2505,2250.0,2501,2505,94.1400000000001,217.1400000000001,0.0463091408163867,0.1068150290723415
20250113,C,2038.57,c2501,2144.0,c2505,2267.0,2501,2505,105.43000000000006,228.4300000000001,0.0517176255904874,0.112054037879494
20250114,C,2042.86,c2501,2150.0,c2505,2277.0,2501,2505,107.1400000000001,234.1400000000001,0.0524460804949924,0.1146138257149291
20250115,C,2050.0,c2501,2147.0,c2505,2274.0,2501,2505,97.0,224.0,0.0473170731707317,0.1092682926829269
20250116,C,2054.29,c2503,2191.0,c2505,2288.0,2503,2505,136.71000000000004,233.71000000000004,0.0665485398848264,0.1137668002083445
20250117,C,2055.71,c2503,2198.0,c2505,2291.0,2503,2505,142.28999999999996,235.29,0.0692169615364035,0.1144568056778436
20250120,C,2062.86,c2503,2198.0,c2505,2286.0,2503,2505,135.13999999999987,223.13999999999987,0.0655109895969672,0.1081702102905675
20250121,C,2062.86,c2503,2192.0,c2505,2277.0,2503,2505,129.13999999999987,214.13999999999987,0.062602406367858,0.1038073354469037
20250122,C,2062.86,c2503,2188.0,c2505,2272.0,2503,2505,125.13999999999989,209.13999999999987,0.0606633508817853,0.1013835160893128
20250123,C,2062.86,c2503,2192.0,c2505,2280.0,2503,2505,129.13999999999987,217.13999999999987,0.062602406367858,0.1052616270614583
20250124,C,2062.86,c2503,2180.0,c2505,2267.0,2503,2505,117.13999999999989,204.13999999999987,0.05678523990964,0.0989596967317218
20250205,C,2058.57,c2503,2189.0,c2505,2287.0,2503,2505,130.42999999999984,228.42999999999984,0.0633595165576101,0.1109653788795133
20250206,C,2061.43,c2503,2197.0,c2505,2300.0,2503,2505,135.57000000000016,238.57000000000016,0.0657650271898633,0.1157303425292153
20250207,C,2068.57,c2503,2190.0,c2505,2286.0,2503,2505,121.42999999999984,217.42999999999984,0.0587023886066218,0.1051112604359532
20250210,C,2071.43,c2503,2201.0,c2505,2294.0,2503,2505,129.57000000000016,222.57000000000016,0.0625509913441439,0.1074475121051641
20250211,C,2082.86,c2503,2204.0,c2505,2296.0,2503,2505,121.13999999999989,213.13999999999987,0.0581604140460711,0.1023304494781214
20250212,C,2088.57,c2503,2208.0,c2505,2303.0,2503,2505,119.42999999999984,214.42999999999984,0.0571826656516181,0.1026683328784765
20250213,C,2097.14,c2503,2209.0,c2505,2302.0,2503,2505,111.86000000000011,204.86000000000013,0.0533393097265799,0.0976854191899445
20250214,C,2101.43,c2503,2209.0,c2505,2303.0,2503,2505,107.57000000000016,201.57000000000016,0.0511889522848727,0.0959203970629525
20250217,C,2100.0,c2503,2188.0,c2505,2288.0,2503,2505,88.0,188.0,0.0419047619047618,0.0895238095238095
20250218,C,2102.86,c2503,2176.0,c2505,2291.0,2503,2505,73.13999999999987,188.13999999999987,0.034781202742931,0.0894686284393635
20250219,C,2105.71,c2503,2176.0,c2505,2290.0,2503,2505,70.28999999999996,184.29,0.0333806649538634,0.0875191740553067
20250220,C,2110.0,c2503,2147.0,c2505,2267.0,2503,2505,37.0,157.0,0.0175355450236966,0.0744075829383885
20250221,C,2108.57,c2503,2150.0,c2505,2274.0,2503,2505,41.42999999999984,165.42999999999984,0.0196483872956552,0.0784560152141022
20250224,C,2112.86,c2503,2155.0,c2505,2287.0,2503,2505,42.13999999999987,174.13999999999987,0.019944530162907,0.0824190907111686
20250225,C,2122.86,c2503,2142.0,c2505,2275.0,2503,2505,19.13999999999988,152.13999999999987,0.0090161386054661,0.0716674674731259
20250226,C,2127.14,c2503,2148.0,c2505,2271.0,2503,2505,20.860000000000127,143.86000000000013,0.0098065947704431,0.0676307154207058
20250227,C,2127.14,c2503,2154.0,c2505,2293.0,2503,2505,26.860000000000127,165.86000000000013,0.0126272835826508,0.0779732410654683
20250228,C,2127.14,c2503,2151.0,c2505,2292.0,2503,2505,23.860000000000127,164.86000000000013,0.0112169391765468,0.0775031262634335
20250303,C,2137.14,c2503,2170.0,c2505,2312.0,2503,2505,32.86000000000013,174.86000000000013,0.0153756890049319,0.0818196281011072
20250304,C,2145.71,c2503,2187.0,c2505,2310.0,2503,2505,41.28999999999997,164.28999999999996,0.0192430477557545,0.0765667308256941
20250305,C,2148.57,c2503,2162.0,c2505,2283.0,2503,2505,13.429999999999836,134.42999999999984,0.0062506690496468,0.0625671958558482
20250306,C,2145.71,c2503,2145.0,c2505,2308.0,2503,2505,-0.7100000000000364,162.28999999999996,-0.0003308928047126,0.0756346384180528
20250307,C,2151.43,c2503,2163.0,c2505,2308.0,2503,2505,11.570000000000164,156.57000000000016,0.0053778184742241,0.0727748520751314
20250310,C,2162.86,c2503,2163.0,c2505,2319.0,2503,2505,0.1399999999998726,156.13999999999987,6.472910868016157e-05,0.0721914502094447
20250311,C,2175.71,c2503,2250.0,c2505,2326.0,2503,2505,74.28999999999996,150.28999999999996,0.0341451755978507,0.069076301529156
20250312,C,2194.29,c2503,2250.0,c2505,2315.0,2503,2505,55.71000000000004,120.71000000000004,0.0253886222878472,0.0550109602650514
20250313,C,2197.14,c2503,2250.0,c2505,2299.0,2503,2505,52.86000000000013,101.86000000000011,0.0240585488407658,0.0463602683488535
20250314,C,2198.57,c2503,2162.0,c2505,2309.0,2503,2505,-36.57000000000016,110.42999999999984,-0.0166335390731249,0.0502281028122824
20250317,C,2204.29,c2505,2291.0,c2505,2291.0,2505,2505,86.71000000000004,86.71000000000004,0.0393369293514012,0.0393369293514012
20250318,C,2215.71,c2505,2292.0,c2505,2292.0,2505,2505,76.28999999999996,76.28999999999996,0.0344314012212789,0.0344314012212789
20250319,C,2212.86,c2505,2284.0,c2505,2284.0,2505,2505,71.13999999999987,71.13999999999987,0.0321484413835488,0.0321484413835488
20250320,C,2210.0,c2505,2280.0,c2505,2280.0,2505,2505,70.0,70.0,0.0316742081447964,0.0316742081447964
20250321,C,2210.0,c2505,2289.0,c2505,2289.0,2505,2505,79.0,79.0,0.0357466063348417,0.0357466063348417
20250324,C,2210.0,c2505,2271.0,c2505,2271.0,2505,2505,61.0,61.0,0.027601809954751,0.027601809954751
20250325,C,2207.14,c2505,2271.0,c2505,2271.0,2505,2505,63.86000000000013,63.86000000000013,0.0289333707875349,0.0289333707875349
20250327,C,2201.43,c2505,2266.0,c2505,2266.0,2505,2505,64.57000000000016,64.57000000000016,0.02933093489232,0.02933093489232
20250328,C,2201.43,c2505,2261.0,c2505,2261.0,2505,2505,59.57000000000016,59.57000000000016,0.0270596839327166,0.0270596839327166
20250331,C,2194.29,c2505,2251.0,c2505,2251.0,2505,2505,56.71000000000004,56.71000000000004,0.0258443505644194,0.0258443505644194
20250401,C,2191.43,c2505,2254.0,c2505,2254.0,2505,2505,62.57000000000016,62.57000000000016,0.0285521326257285,0.0285521326257285
20250402,C,2187.14,c2505,2268.0,c2505,2268.0,2505,2505,80.86000000000013,80.86000000000013,0.0369706557422022,0.0369706557422022
20250403,C,2188.57,c2505,2284.0,c2505,2284.0,2505,2505,95.42999999999984,95.42999999999984,0.043603814362803,0.043603814362803
20250407,C,2195.71,c2505,2283.0,c2505,2283.0,2505,2505,87.28999999999996,87.28999999999996,0.0397547945766971,0.0397547945766971
20250408,C,2198.57,c2505,2288.0,c2507,2328.0,2505,2507,89.42999999999984,129.42999999999984,0.0406764396857957,0.0588700837362465
20250409,C,2202.86,c2505,2268.0,c2507,2309.0,2505,2507,65.13999999999987,106.13999999999989,0.029570649065306,0.0481828168835059
20250410,C,2198.57,c2505,2273.0,c2507,2316.0,2505,2507,74.42999999999984,117.42999999999984,0.0338538231668765,0.0534119905211114
20250411,C,2198.57,c2505,2270.0,c2507,2314.0,2505,2507,71.42999999999984,115.42999999999984,0.0324892998630927,0.0525023083185889
20250414,C,2201.43,c2505,2267.0,c2507,2310.0,2505,2507,65.57000000000016,108.57000000000016,0.0297851850842407,0.0493179433368311
20250415,C,2202.86,c2505,2258.0,c2507,2302.0,2505,2507,55.13999999999987,99.13999999999989,0.0250310959389157,0.0450051296950326
20250416,C,2202.86,c2505,2260.0,c2507,2304.0,2505,2507,57.13999999999987,101.13999999999989,0.0259390065641937,0.0459130403203107
20250417,C,2204.29,c2505,2260.0,c2507,2303.0,2505,2507,55.71000000000004,98.71000000000004,0.0252734440568165,0.0447808591428533
20250418,C,2204.29,c2505,2247.0,c2507,2288.0,2505,2507,42.71000000000004,83.71000000000004,0.0193758534494099,0.0379759469035381
20250421,C,2205.71,c2505,2258.0,c2507,2302.0,2505,2507,52.28999999999997,96.28999999999996,0.0237066522797648,0.0436548775677672
20250422,C,2205.71,c2505,2277.0,c2507,2324.0,2505,2507,71.28999999999996,118.28999999999996,0.0323206586541295,0.0536289902117685
20250423,C,2211.43,c2505,2276.0,c2507,2324.0,2505,2507,64.57000000000016,112.57000000000016,0.0291983015514849,0.0509037138864898
20250424,C,2212.86,c2505,2291.0,c2507,2338.0,2505,2507,78.13999999999987,125.13999999999989,0.0353117684806087,0.056551250418011
20250425,C,2220.0,c2505,2292.0,c2507,2336.0,2505,2507,72.0,116.0,0.0324324324324323,0.0522522522522521
20250428,C,2232.86,c2505,2319.0,c2507,2361.0,2505,2507,86.13999999999987,128.13999999999987,0.0385783255555653,0.057388282292665
20250429,C,2244.29,c2505,2313.0,c2507,2355.0,2505,2507,68.71000000000004,110.71000000000004,0.0306154730449272,0.0493296320885447
20250430,C,2252.86,c2505,2336.0,c2507,2377.0,2505,2507,83.13999999999987,124.13999999999989,0.0369042017701943,0.0551032909279758
20250506,C,2272.86,c2505,2325.0,c2507,2365.0,2505,2507,52.13999999999987,92.13999999999989,0.0229402602887991,0.0405392325088214
20250507,C,2282.86,c2505,2332.0,c2507,2369.0,2505,2507,49.13999999999987,86.13999999999987,0.0215256301306254,0.0377333695452195
20250508,C,2285.71,c2505,2329.0,c2507,2365.0,2505,2507,43.28999999999997,79.28999999999996,0.0189394105113946,0.0346894400427
20250509,C,2292.86,c2505,2337.0,c2507,2375.0,2505,2507,44.13999999999987,82.13999999999987,0.0192510663538112,0.035824254424605
20250512,C,2298.57,c2505,2325.0,c2507,2363.0,2505,2507,26.42999999999984,64.42999999999984,0.0114984533862356,0.028030471119
20250513,C,2300.0,c2505,2310.0,c2507,2344.0,2505,2507,10.0,44.0,0.0043478260869564,0.0191304347826086
20250514,C,2304.29,c2505,2311.0,c2507,2356.0,2505,2507,6.710000000000036,51.71000000000004,0.0029119598661626,0.0224407518150926
20250515,C,2304.29,c2505,2311.0,c2507,2342.0,2505,2507,6.710000000000036,37.71000000000004,0.0029119598661626,0.0163651276532033
20250516,C,2304.29,c2505,2311.0,c2507,2335.0,2505,2507,6.710000000000036,30.71000000000004,0.0029119598661626,0.0133273155722586
20250519,C,2301.43,c2505,2302.0,c2507,2330.0,2505,2507,0.5700000000001637,28.570000000000164,0.0002476720995208,0.0124140208479077
20250520,C,2301.43,c2507,2312.0,c2507,2312.0,2507,2507,10.570000000000164,10.570000000000164,0.0045927966525161,0.0045927966525161
20250521,C,2298.57,c2507,2324.0,c2507,2324.0,2507,2507,25.42999999999984,25.42999999999984,0.011063400288005,0.011063400288005
20250522,C,2295.71,c2507,2329.0,c2507,2329.0,2507,2507,33.289999999999964,33.289999999999964,0.0145009604871695,0.0145009604871695
20250523,C,2295.71,c2507,2327.0,c2507,2327.0,2507,2507,31.289999999999964,31.289999999999964,0.0136297703107099,0.0136297703107099
20250526,C,2295.71,c2507,2318.0,c2507,2318.0,2507,2507,22.289999999999964,22.289999999999964,0.0097094145166418,0.0097094145166418
20250527,C,2294.29,c2507,2324.0,c2507,2324.0,2507,2507,29.71000000000004,29.71000000000004,0.0129495399448196,0.0129495399448196
20250528,C,2294.29,c2507,2325.0,c2507,2325.0,2507,2507,30.71000000000004,30.71000000000004,0.013385404634985,0.013385404634985
20250529,C,2294.29,c2507,2332.0,c2507,2332.0,2507,2507,37.71000000000004,37.71000000000004,0.0164364574661441,0.0164364574661441
20250530,C,2294.29,c2507,2336.0,c2507,2336.0,2507,2507,41.71000000000004,41.71000000000004,0.0181799162268065,0.0181799162268065
20250603,C,2297.14,c2507,2325.0,c2507,2325.0,2507,2507,27.860000000000127,27.860000000000127,0.0121281245374684,0.0121281245374684
20250604,C,2297.14,c2507,2333.0,c2507,2333.0,2507,2507,35.86000000000013,35.86000000000013,0.0156107159337264,0.0156107159337264
20250605,C,2294.29,c2507,2335.0,c2507,2335.0,2507,2507,40.71000000000004,40.71000000000004,0.0177440515366409,0.0177440515366409
20250606,C,2294.29,c2507,2340.0,c2507,2340.0,2507,2507,45.71000000000004,45.71000000000004,0.0199233749874689,0.0199233749874689
20250609,C,2300.0,c2507,2357.0,c2507,2357.0,2507,2507,57.0,57.0,0.0247826086956521,0.0247826086956521
20250610,C,2308.57,c2507,2379.0,c2507,2379.0,2507,2507,70.42999999999984,70.42999999999984,0.0305080634332075,0.0305080634332075
20250611,C,2318.57,c2507,2374.0,c2507,2374.0,2507,2507,55.42999999999984,55.42999999999984,0.0239069771453956,0.0239069771453956
20250612,C,2330.0,c2507,2372.0,c2507,2372.0,2507,2507,42.0,42.0,0.0180257510729613,0.0180257510729613
20250613,C,2334.29,c2507,2378.0,c2507,2378.0,2507,2507,43.71000000000004,43.71000000000004,0.0187251798191312,0.0187251798191312
20250616,C,2335.71,c2507,2359.0,c2509,2391.0,2507,2509,23.289999999999964,55.28999999999997,0.009971272118542,0.0236716030671615
20250617,C,2335.71,c2507,2364.0,c2509,2399.0,2507,2509,28.289999999999964,63.28999999999997,0.0121119488292638,0.0270966858043164
20250618,C,2335.71,c2507,2363.0,c2509,2397.0,2507,2509,27.289999999999964,61.28999999999997,0.0116838134871195,0.0262404151200277
20250619,C,2338.57,c2507,2368.0,c2509,2405.0,2507,2509,29.42999999999984,66.42999999999984,0.0125846136741682,0.0284062482628271
20250620,C,2342.86,c2507,2372.0,c2509,2409.0,2507,2509,29.13999999999988,66.13999999999987,0.0124377897100125,0.0282304533774957
20250623,C,2345.71,c2507,2372.0,c2509,2408.0,2507,2509,26.289999999999964,62.28999999999997,0.0112076940457259,0.0265548597226426
20250624,C,2345.71,c2507,2359.0,c2509,2389.0,2507,2509,13.289999999999964,43.28999999999997,0.0056656619957282,0.0184549667264921
20250625,C,2350.0,c2507,2350.0,c2509,2377.0,2507,2509,0.0,27.0,0.0,0.0114893617021276
20250626,C,2352.86,c2507,2354.0,c2509,2378.0,2507,2509,1.139999999999873,25.13999999999988,0.0004845167158267,0.0106848686279676
20250627,C,2352.86,c2507,2364.0,c2509,2384.0,2507,2509,11.139999999999873,31.13999999999988,0.0047346633458853,0.0132349566060028
20250630,C,2357.14,c2507,2352.0,c2509,2378.0,2507,2509,-5.139999999999873,20.860000000000127,-0.002180608703768,0.0088497076966154
20250701,C,2365.71,c2507,2359.0,c2509,2383.0,2507,2509,-6.710000000000036,17.289999999999964,-0.0028363577953341,0.0073085881194228
20250702,C,2367.14,c2507,2345.0,c2509,2363.0,2507,2509,-22.13999999999988,-4.139999999999873,-0.0093530589656716,-0.0017489459854507
20250703,C,2367.14,c2507,2338.0,c2509,2363.0,2507,2509,-29.13999999999988,-4.139999999999873,-0.0123102140135352,-0.0017489459854507
20250704,C,2367.14,c2507,2335.0,c2509,2353.0,2507,2509,-32.13999999999987,-14.139999999999873,-0.0135775661769054,-0.0059734531966845
20250707,C,2364.29,c2507,2315.0,c2509,2326.0,2507,2509,-49.28999999999997,-38.28999999999997,-0.0208476963485866,-0.0161951368063985
20250708,C,2360.0,c2507,2315.0,c2509,2321.0,2507,2509,-45.0,-39.0,-0.0190677966101694,-0.0165254237288136
20250709,C,2357.14,c2507,2285.0,c2509,2319.0,2507,2509,-72.13999999999987,-38.13999999999987,-0.0306048855816793,-0.0161806256734856
20250710,C,2354.29,c2507,2296.0,c2509,2320.0,2507,2509,-58.28999999999997,-34.289999999999964,-0.0247590568706488,-0.0145649006706904
20250711,C,2351.43,c2507,2283.0,c2509,2306.0,2507,2509,-68.42999999999984,-45.42999999999984,-0.0291014404000968,-0.0193201583717141
20250714,C,2340.0,c2507,2353.0,c2509,2302.0,2507,2509,13.0,-38.0,0.0055555555555555,-0.0162393162393162
20250715,C,2331.43,c2509,2295.0,c2509,2295.0,2509,2509,-36.42999999999984,-36.42999999999984,-0.0156256031705862,-0.0156256031705862
20250716,C,2327.14,c2509,2293.0,c2509,2293.0,2509,2509,-34.13999999999987,-34.13999999999987,-0.0146703679194203,-0.0146703679194203
20250717,C,2327.14,c2509,2296.0,c2509,2296.0,2509,2509,-31.13999999999988,-31.13999999999988,-0.0133812318983816,-0.0133812318983816
20250718,C,2330.0,c2509,2314.0,c2509,2314.0,2509,2509,-16.0,-16.0,-0.0068669527896996,-0.0068669527896996
20250721,C,2332.86,c2509,2320.0,c2509,2320.0,2509,2509,-12.860000000000127,-12.860000000000127,-0.0055125468309286,-0.0055125468309286
20250722,C,2338.57,c2509,2322.0,c2509,2322.0,2509,2509,-16.570000000000164,-16.570000000000164,-0.0070855266252454,-0.0070855266252454
20250723,C,2340.0,c2509,2321.0,c2509,2321.0,2509,2509,-19.0,-19.0,-0.008119658119658,-0.008119658119658
20250724,C,2340.0,c2509,2318.0,c2509,2318.0,2509,2509,-22.0,-22.0,-0.0094017094017093,-0.0094017094017093
20250725,C,2332.86,c2509,2311.0,c2509,2311.0,2509,2509,-21.860000000000127,-21.860000000000127,-0.0093704722958086,-0.0093704722958086
20250728,C,2332.86,c2509,2319.0,c2509,2319.0,2509,2509,-13.860000000000127,-13.860000000000127,-0.0059412052159152,-0.0059412052159152
20250729,C,2332.86,c2509,2302.0,c2509,2302.0,2509,2509,-30.860000000000127,-30.860000000000127,-0.0132283977606886,-0.0132283977606886
20250730,C,2332.86,c2509,2312.0,c2509,2312.0,2509,2509,-20.860000000000127,-20.860000000000127,-0.0089418139108219,-0.0089418139108219
20250731,C,2332.86,c2509,2288.0,c2509,2288.0,2509,2509,-44.86000000000013,-44.86000000000013,-0.019229615150502,-0.019229615150502
20250801,C,2332.86,c2509,2297.0,c2509,2297.0,2509,2509,-35.86000000000013,-35.86000000000013,-0.0153716896856219,-0.0153716896856219
20250804,C,2328.57,c2509,2284.0,c2509,2284.0,2509,2509,-44.57000000000016,-44.57000000000016,-0.0191405025401856,-0.0191405025401856
20250805,C,2328.57,c2509,2249.0,c2509,2249.0,2509,2509,-79.57000000000016,-79.57000000000016,-0.03417118660809,-0.03417118660809
20250806,C,2325.71,c2509,2259.0,c2509,2259.0,2509,2509,-66.71000000000004,-66.71000000000004,-0.0286837137906273,-0.0286837137906273
20250807,C,2324.29,c2509,2267.0,c2509,2267.0,2509,2509,-57.28999999999997,-57.28999999999997,-0.0246483872494396,-0.0246483872494396
20250808,C,2321.43,c2509,2255.0,c2509,2255.0,2509,2509,-66.42999999999984,-66.42999999999984,-0.0286159823901646,-0.0286159823901646
20250811,C,2321.43,c2509,2262.0,c2509,2262.0,2509,2509,-59.42999999999984,-59.42999999999984,-0.0256005996304001,-0.0256005996304001
20250812,C,2320.0,c2509,2260.0,c2511,2198.0,2509,2511,-60.0,-122.0,-0.0258620689655172,-0.0525862068965516
20250813,C,2320.0,c2509,2279.0,c2511,2212.0,2509,2511,-41.0,-108.0,-0.0176724137931034,-0.046551724137931
20250814,C,2320.0,c2509,2281.0,c2511,2202.0,2509,2511,-39.0,-118.0,-0.0168103448275862,-0.0508620689655172
20250815,C,2318.57,c2509,2266.0,c2511,2190.0,2509,2511,-52.57000000000016,-128.57000000000016,-0.0226734582091548,-0.0554522830882829
20250818,C,2317.14,c2509,2263.0,c2511,2177.0,2509,2511,-54.13999999999987,-140.13999999999987,-0.0233650103144392,-0.0604797293214911
20250819,C,2315.71,c2509,2242.0,c2511,2170.0,2509,2511,-73.71000000000004,-145.71000000000004,-0.0318304105436345,-0.0629223866546329
20250820,C,2315.71,c2509,2226.0,c2511,2170.0,2509,2511,-89.71000000000004,-145.71000000000004,-0.0387397385683009,-0.0629223866546329
20250821,C,2311.43,c2509,2208.0,c2511,2166.0,2509,2511,-103.42999999999984,-145.42999999999984,-0.0447471911327619,-0.0629177608666495
20250822,C,2311.43,c2509,2214.0,c2511,2175.0,2509,2511,-97.42999999999984,-136.42999999999984,-0.0421513954564922,-0.059024067352245
20250825,C,2308.57,c2509,2202.0,c2511,2154.0,2509,2511,-106.57000000000016,-154.57000000000016,-0.0461627760908268,-0.0669548681651412
20250826,C,2305.71,c2509,2210.0,c2511,2158.0,2509,2511,-95.71000000000004,-147.71000000000004,-0.0415099904150999,-0.0640626965229799
20250827,C,2302.86,c2509,2227.0,c2511,2164.0,2509,2511,-75.86000000000013,-138.86000000000013,-0.0329416464743841,-0.0602989326315972
20250828,C,2301.43,c2509,2245.0,c2511,2185.0,2509,2511,-56.42999999999984,-116.42999999999984,-0.0245195378525524,-0.0505902851705243
20250829,C,2301.43,c2509,2238.0,c2511,2191.0,2509,2511,-63.42999999999984,-110.42999999999984,-0.0275611250396491,-0.0479832104387271
20250901,C,2301.43,c2509,2255.0,c2511,2193.0,2509,2511,-46.42999999999984,-108.42999999999984,-0.0201744132995571,-0.047114185528128
20250902,C,2301.43,c2509,2265.0,c2511,2200.0,2509,2511,-36.42999999999984,-101.42999999999984,-0.0158292887465618,-0.0440725983410313
20250903,C,2302.86,c2509,2259.0,c2511,2193.0,2509,2511,-43.86000000000013,-109.86000000000011,-0.0190458820770694,-0.0477058961465308
20250904,C,2302.86,c2509,2304.0,c2511,2210.0,2509,2511,1.139999999999873,-92.86000000000011,0.0004950366066542,-0.0403237713104575
20250905,C,2301.43,c2509,2300.0,c2511,2224.0,2509,2511,-1.4299999999998363,-77.42999999999984,-0.0006213528110782,-0.0336442994138426
20250908,C,2307.14,c2509,2256.0,c2511,2231.0,2509,2511,-51.13999999999987,-76.13999999999987,-0.0221659717225655,-0.0330018984543634
20250909,C,2310.0,c2509,2285.0,c2511,2214.0,2509,2511,-25.0,-96.0,-0.0108225108225108,-0.0415584415584415
20250910,C,2308.57,c2509,2285.0,c2511,2197.0,2509,2511,-23.570000000000164,-111.57000000000016,-0.0102097835456581,-0.0483286190152345
20250911,C,2307.14,c2509,2302.0,c2511,2202.0,2509,2511,-5.139999999999873,-105.13999999999989,-0.0022278665360575,-0.0455715734632488
20250912,C,2302.86,c2509,2256.0,c2511,2197.0,2509,2511,-46.86000000000013,-105.86000000000011,-0.0203486099893176,-0.0459689255968666
20250915,C,2300.0,c2511,2167.0,c2511,2167.0,2511,2511,-133.0,-133.0,-0.0578260869565216,-0.0578260869565216
20250916,C,2294.29,c2511,2166.0,c2511,2166.0,2511,2511,-128.28999999999996,-128.28999999999996,-0.0559170811013428,-0.0559170811013428
20250917,C,2291.43,c2511,2161.0,c2511,2161.0,2511,2511,-130.42999999999984,-130.42999999999984,-0.0569207874558681,-0.0569207874558681
20250918,C,2287.14,c2511,2177.0,c2511,2177.0,2511,2511,-110.13999999999989,-110.13999999999989,-0.048156212562414,-0.048156212562414
20250919,C,2287.14,c2511,2168.0,c2511,2168.0,2511,2511,-119.13999999999989,-119.13999999999989,-0.0520912580777739,-0.0520912580777739
20250922,C,2288.57,c2511,2147.0,c2511,2147.0,2511,2511,-141.57000000000016,-141.57000000000016,-0.0618595891757736,-0.0618595891757736
20250923,C,2288.57,c2511,2158.0,c2511,2158.0,2511,2511,-130.57000000000016,-130.57000000000016,-0.0570530942903211,-0.0570530942903211
20250924,C,2288.57,c2511,2164.0,c2511,2164.0,2511,2511,-124.57000000000016,-124.57000000000016,-0.0544313698073469,-0.0544313698073469
20250925,C,2288.57,c2511,2165.0,c2511,2165.0,2511,2511,-123.57000000000016,-123.57000000000016,-0.0539944157268513,-0.0539944157268513
20250926,C,2288.57,c2511,2178.0,c2511,2178.0,2511,2511,-110.57000000000016,-110.57000000000016,-0.0483140126804074,-0.0483140126804074
20250929,C,2288.57,c2511,2159.0,c2511,2159.0,2511,2511,-129.57000000000016,-129.57000000000016,-0.0566161402098254,-0.0566161402098254
20250930,C,2285.71,c2511,2143.0,c2511,2143.0,2511,2511,-142.71000000000004,-142.71000000000004,-0.0624357420670164,-0.0624357420670164
20251009,C,2237.14,c2511,2138.0,c2511,2138.0,2511,2511,-99.13999999999989,-99.13999999999989,-0.0443155099814941,-0.0443155099814941
20251010,C,2215.71,c2511,2125.0,c2511,2125.0,2511,2511,-90.71000000000004,-90.71000000000004,-0.0409394731259957,-0.0409394731259957
20251013,C,2194.29,c2511,2092.0,c2601,2106.0,2511,2601,-102.28999999999996,-88.28999999999996,-0.0466164454105884,-0.040236249538575
20251014,C,2187.14,c2511,2093.0,c2601,2111.0,2511,2601,-94.13999999999989,-76.13999999999987,-0.0430425121391405,-0.0348125862999166
20251015,C,2185.71,c2511,2101.0,c2601,2127.0,2511,2601,-84.71000000000004,-58.71000000000004,-0.0387562851430427,-0.0268608369820333
20251016,C,2180.0,c2511,2111.0,c2601,2136.0,2511,2601,-69.0,-44.0,-0.031651376146789,-0.020183486238532
20251017,C,2181.43,c2511,2108.0,c2601,2117.0,2511,2601,-73.42999999999984,-64.42999999999984,-0.0336614055917448,-0.0295356715548974
20251020,C,2180.0,c2511,2120.0,c2601,2138.0,2511,2601,-60.0,-42.0,-0.0275229357798164,-0.0192660550458715
20251021,C,2180.0,c2511,2120.0,c2601,2144.0,2511,2601,-60.0,-36.0,-0.0275229357798164,-0.0165137614678898
20251022,C,2181.43,c2511,2114.0,c2601,2133.0,2511,2601,-67.42999999999984,-48.42999999999984,-0.0309109162338465,-0.0222010332671687
20251023,C,2177.14,c2511,2117.0,c2601,2140.0,2511,2601,-60.13999999999987,-37.13999999999987,-0.027623395831228,-0.0170590775053509
20251024,C,2174.29,c2511,2110.0,c2601,2133.0,2511,2601,-64.28999999999996,-41.28999999999997,-0.0295682728614857,-0.0189901071154261
20251027,C,2164.29,c2511,2098.0,c2601,2112.0,2511,2601,-66.28999999999996,-52.28999999999997,-0.0306289822528403,-0.0241603481973302
20251028,C,2154.29,c2511,2109.0,c2601,2123.0,2511,2601,-45.28999999999997,-31.289999999999964,-0.0210231677257936,-0.0145245069141108
20251029,C,2154.29,c2511,2101.0,c2601,2116.0,2511,2601,-53.28999999999997,-38.28999999999997,-0.0247366881896123,-0.0177738373199523
20251030,C,2148.57,c2511,2103.0,c2601,2111.0,2511,2601,-45.57000000000016,-37.57000000000016,-0.0212094555913934,-0.0174860488604049
20251031,C,2147.14,c2511,2105.0,c2601,2130.0,2511,2601,-42.13999999999987,-17.139999999999873,-0.0196261072869025,-0.0079827118865094
20251103,C,2150.0,c2511,2129.0,c2601,2141.0,2511,2601,-21.0,-9.0,-0.009767441860465,-0.0041860465116279
20251104,C,2152.86,c2511,2120.0,c2601,2135.0,2511,2601,-32.86000000000013,-17.860000000000127,-0.0152634170359429,-0.008295941213084
20251105,C,2152.86,c2511,2115.0,c2601,2134.0,2511,2601,-37.86000000000013,-18.860000000000127,-0.0175859089768959,-0.0087604396012745
20251106,C,2152.86,c2511,2143.0,c2601,2154.0,2511,2601,-9.860000000000127,1.139999999999873,-0.0045799541075592,0.0005295281625372
20251107,C,2152.86,c2511,2135.0,c2601,2149.0,2511,2601,-17.860000000000127,-3.8600000000001273,-0.008295941213084,-0.0017929637784157
20251110,C,2152.86,c2511,2166.0,c2601,2164.0,2511,2601,13.139999999999873,11.139999999999873,0.0061035088208243,0.005174512044443
20251111,C,2157.14,c2511,2185.0,c2601,2177.0,2511,2601,27.860000000000127,19.860000000000127,0.0129152488943693,0.0092066347107744
20251112,C,2161.43,c2511,2171.0,c2601,2177.0,2511,2601,9.570000000000164,15.570000000000164,0.00442762430428,0.0072035643069634
20251113,C,2161.43,c2511,2188.0,c2601,2186.0,2511,2601,26.570000000000164,24.570000000000164,0.0122927876452163,0.0113674743109886
20251114,C,2170.0,c2511,2200.0,c2601,2185.0,2511,2601,30.0,15.0,0.0138248847926267,0.0069124423963133
20251117,C,2174.29,c2601,2182.0,c2601,2182.0,2601,2601,7.710000000000036,7.710000000000036,0.0035459851261792,0.0035459851261792
20251118,C,2181.43,c2601,2168.0,c2601,2168.0,2601,2601,-13.429999999999836,-13.429999999999836,-0.0061565120127622,-0.0061565120127622
20251119,C,2185.71,c2601,2175.0,c2601,2175.0,2601,2601,-10.710000000000036,-10.710000000000036,-0.0049000096078619,-0.0049000096078619
20251120,C,2185.71,c2601,2168.0,c2601,2168.0,2601,2601,-17.710000000000036,-17.710000000000036,-0.0081026302665953,-0.0081026302665953
20251121,C,2187.14,c2601,2195.0,c2601,2195.0,2601,2601,7.860000000000127,7.860000000000127,0.0035937342831278,0.0035937342831278
20251124,C,2190.0,c2601,2220.0,c2601,2220.0,2601,2601,30.0,30.0,0.0136986301369863,0.0136986301369863
20251125,C,2201.43,c2601,2242.0,c2601,2242.0,2601,2601,40.57000000000016,40.57000000000016,0.018428930286223,0.018428930286223
20251126,C,2205.71,c2601,2235.0,c2601,2235.0,2601,2601,29.289999999999964,29.289999999999964,0.0132791708792179,0.0132791708792179
20251127,C,2210.0,c2601,2243.0,c2601,2243.0,2601,2601,33.0,33.0,0.0149321266968325,0.0149321266968325
20251128,C,2218.57,c2601,2244.0,c2601,2244.0,2601,2601,25.42999999999984,25.42999999999984,0.0114623383530831,0.0114623383530831
20251201,C,2222.86,c2601,2236.0,c2601,2236.0,2601,2601,13.139999999999873,13.139999999999873,0.0059113034559081,0.0059113034559081
20251202,C,2225.71,c2601,2243.0,c2601,2243.0,2601,2601,17.289999999999964,17.289999999999964,0.0077683076411572,0.0077683076411572
20251203,C,2225.71,c2601,2259.0,c2601,2259.0,2601,2601,33.289999999999964,33.289999999999964,0.014957024949342,0.014957024949342
20251204,C,2225.71,c2601,2287.0,c2601,2287.0,2601,2601,61.28999999999997,61.28999999999997,0.0275372802386653,0.0275372802386653
20251205,C,2228.57,c2601,2295.0,c2601,2295.0,2601,2601,66.42999999999984,66.42999999999984,0.0298083524412515,0.0298083524412515
20251208,C,2238.57,c2601,2261.0,c2601,2261.0,2601,2601,22.42999999999984,22.42999999999984,0.010019789419138,0.010019789419138
20251209,C,2237.14,c2601,2236.0,c2603,2225.0,2601,2603,-1.139999999999873,-12.139999999999873,-0.0005095791948648,-0.0054265714260171
20251210,C,2235.71,c2601,2241.0,c2603,2236.0,2601,2603,5.289999999999964,0.2899999999999636,0.0023661387210327,0.0001297127087145
20251211,C,2235.71,c2601,2243.0,c2603,2236.0,2601,2603,7.289999999999964,0.2899999999999636,0.0032607091259599,0.0001297127087145
20251212,C,2238.57,c2601,2242.0,c2603,2233.0,2601,2603,3.4299999999998363,-5.570000000000164,0.001532228163515,-0.0024881955891484
20251215,C,2244.29,c2601,2228.0,c2603,2208.0,2601,2603,-16.289999999999964,-36.28999999999997,-0.0072584202576315,-0.016169924564116
20251216,C,2244.29,c2601,2220.0,c2603,2202.0,2601,2603,-24.289999999999964,-42.28999999999997,-0.0108230219802253,-0.0188433758560613
20251217,C,2244.29,c2601,2223.0,c2603,2206.0,2601,2603,-21.289999999999964,-38.28999999999997,-0.0094862963342526,-0.0170610749947645
20251218,C,2245.71,c2601,2216.0,c2603,2190.0,2601,2603,-29.71000000000004,-55.71000000000004,-0.0132296690133633,-0.0248072992505711
20251219,C,2244.29,c2601,2221.0,c2603,2192.0,2601,2603,-23.289999999999964,-52.28999999999997,-0.0103774467649011,-0.0232991280093035
20251222,C,2244.29,c2601,2220.0,c2603,2192.0,2601,2603,-24.289999999999964,-52.28999999999997,-0.0108230219802253,-0.0232991280093035
20251223,C,2244.29,c2601,2210.0,c2603,2189.0,2601,2603,-34.289999999999964,-55.28999999999997,-0.0152787741334675,-0.0246358536552763
20251224,C,2241.43,c2601,2221.0,c2603,2196.0,2601,2603,-20.42999999999984,-45.42999999999984,-0.0091147169440936,-0.0202683108551237
20251225,C,2241.43,c2601,2222.0,c2603,2189.0,2601,2603,-19.42999999999984,-52.42999999999984,-0.0086685731876524,-0.023391317150212
20251226,C,2242.86,c2601,2248.0,c2603,2222.0,2601,2603,5.139999999999873,-20.860000000000127,0.0022917168258382,-0.0093006250947451
20251229,C,2251.43,c2601,2318.0,c2603,2249.0,2601,2603,66.57000000000016,-2.4299999999998363,0.0295678746396734,-0.0010793140359681
20251230,C,2251.43,c2601,2303.0,c2603,2230.0,2601,2603,51.57000000000016,-21.42999999999984,0.0229054423188819,-0.0095183949756376
20251231,C,2250.0,c2601,2285.0,c2603,2226.0,2601,2603,35.0,-24.0,0.0155555555555555,-0.0106666666666667
20260105,C,2248.57,c2601,2293.0,c2603,2224.0,2601,2603,44.42999999999984,-24.570000000000164,0.019759224751731,-0.0109269446803969
20260106,C,2248.57,c2601,2288.0,c2603,2222.0,2601,2603,39.42999999999984,-26.570000000000164,0.0175355892856348,-0.0118163988668353
20260107,C,2248.57,c2601,2288.0,c2603,2248.0,2601,2603,39.42999999999984,-0.5700000000001637,0.0175355892856348,-0.000253494443135
20260108,C,2248.57,c2601,2280.0,c2603,2266.0,2601,2603,31.42999999999984,17.429999999999836,0.0139777725398808,0.0077515932348113
20260109,C,2250.0,c2601,2271.0,c2603,2263.0,2601,2603,21.0,13.0,0.0093333333333334,0.0057777777777778
20260112,C,2252.86,c2601,2301.0,c2603,2290.0,2601,2603,48.13999999999987,37.13999999999987,0.0213683939525757,0.01648571149561
20260113,C,2254.29,c2601,2298.0,c2603,2284.0,2601,2603,43.71000000000004,29.71000000000004,0.0193896969777624,0.0131793158821624
20260114,C,2254.29,c2601,2300.0,c2603,2272.0,2601,2603,45.71000000000004,17.710000000000036,0.0202768942771338,0.007856132085934
20260115,C,2260.0,c2601,2282.0,c2603,2295.0,2601,2603,22.0,35.0,0.0097345132743362,0.0154867256637167
20260116,C,2260.0,c2601,2282.0,c2603,2281.0,2601,2603,22.0,21.0,0.0097345132743362,0.0092920353982299
20260119,C,2262.86,c2603,2281.0,c2603,2281.0,2603,2603,18.13999999999988,18.13999999999988,0.0080164040196919,0.0080164040196919
20260120,C,2264.29,c2603,2280.0,c2603,2280.0,2603,2603,15.710000000000036,15.710000000000036,0.0069381572148443,0.0069381572148443
20260121,C,2264.29,c2603,2283.0,c2603,2283.0,2603,2603,18.71000000000004,18.71000000000004,0.0082630758427586,0.0082630758427586
20260122,C,2265.71,c2603,2295.0,c2603,2295.0,2603,2603,29.289999999999964,29.289999999999964,0.0129275149952994,0.0129275149952994
20260123,C,2265.71,c2603,2300.0,c2603,2300.0,2603,2603,34.289999999999964,34.289999999999964,0.0151343287534591,0.0151343287534591
20260126,C,2267.14,c2603,2293.0,c2603,2293.0,2603,2603,25.860000000000127,25.860000000000127,0.0114064415960197,0.0114064415960197
20260127,C,2270.0,c2603,2283.0,c2603,2283.0,2603,2603,13.0,13.0,0.0057268722466961,0.0057268722466961
20260128,C,2272.86,c2603,2274.0,c2603,2274.0,2603,2603,1.139999999999873,1.139999999999873,0.0005015707082705,0.0005015707082705
20260129,C,2271.43,c2603,2281.0,c2603,2281.0,2603,2603,9.570000000000164,9.570000000000164,0.0042132048973555,0.0042132048973555
20260130,C,2271.43,c2603,2271.0,c2603,2271.0,2603,2603,-0.4299999999998363,-0.4299999999998363,-0.0001893080570388,-0.0001893080570388
20260202,C,2271.43,c2603,2261.0,c2603,2261.0,2603,2603,-10.429999999999836,-10.429999999999836,-0.0045918210114332,-0.0045918210114332
20260203,C,2268.57,c2603,2267.0,c2605,2270.0,2603,2605,-1.5700000000001637,1.4299999999998363,-0.0006920659269937,0.0006303530417839
20260204,C,2267.14,c2603,2263.0,c2605,2271.0,2603,2605,-4.139999999999873,3.8600000000001273,-0.0018260892578313,0.0017025856365289
20260205,C,2267.14,c2603,2264.0,c2605,2273.0,2603,2605,-3.1399999999998727,5.860000000000127,-0.0013850048960363,0.0025847543601189
20260206,C,2268.57,c2603,2274.0,c2605,2279.0,2603,2605,5.429999999999836,10.429999999999836,0.0023935783334876,0.004597609948117
20260209,C,2271.43,c2603,2265.0,c2605,2274.0,2603,2605,-6.429999999999836,2.570000000000164,-0.0028308158296754,0.0011314458292794
20260210,C,2272.86,c2603,2270.0,c2605,2286.0,2603,2605,-2.860000000000128,13.139999999999873,-0.0012583265137317,0.0057812623742772
20260211,C,2272.86,c2603,2274.0,c2603,2274.0,2603,2603,1.139999999999873,1.139999999999873,0.0005015707082705,0.0005015707082705
20260212,C,2274.29,c2603,2303.0,c2605,2320.0,2603,2605,28.71000000000004,45.71000000000004,0.0126237199301759,0.0200985802162432
20260213,C,2274.29,c2603,2309.0,c2605,2320.0,2603,2605,34.71000000000004,45.71000000000004,0.0152619059134939,0.0200985802162432
20260224,C,2275.71,c2603,2311.0,c2605,2332.0,2603,2605,35.289999999999964,56.28999999999997,0.0155072482873477,0.0247351376054065
20260225,C,2277.14,c2603,2321.0,c2605,2342.0,2603,2605,43.86000000000013,64.86000000000013,0.019261002836892,0.0284830972184406
20260226,C,2278.57,c2603,2336.0,c2605,2342.0,2603,2605,57.42999999999984,63.42999999999984,0.025204404516868,0.0278376350079214
20260227,C,2285.71,c2603,2351.0,c2605,2360.0,2603,2605,65.28999999999996,74.28999999999996,0.0285644285583035,0.0325019359411298
20260302,C,2297.14,c2603,2365.0,c2605,2384.0,2603,2605,67.86000000000013,86.86000000000013,0.0295410815187582,0.0378122360848707
20260303,C,2298.57,c2603,2362.0,c2605,2373.0,2603,2605,63.42999999999984,74.42999999999984,0.0275954180207693,0.0323810021013064
20260304,C,2298.57,c2603,2369.0,c2605,2379.0,2603,2605,70.42999999999984,80.42999999999984,0.0306407897083837,0.0349913206906902
20260305,C,2308.57,c2603,2375.0,c2605,2384.0,2603,2605,66.42999999999984,75.42999999999984,0.0287753890936812,0.0326739063576153
20260306,C,2314.29,c2603,2363.0,c2605,2393.0,2603,2605,48.71000000000004,78.71000000000004,0.0210474918873606,0.0340104308448812
20260309,C,2320.0,c2603,2361.0,c2605,2395.0,2603,2605,41.0,75.0,0.0176724137931034,0.0323275862068965
20260310,C,2322.86,c2603,2366.0,c2605,2381.0,2603,2605,43.13999999999987,58.13999999999987,0.0185719328758513,0.0250294895086229
20260311,C,2325.71,c2603,2385.0,c2605,2395.0,2603,2605,59.28999999999997,69.28999999999996,0.0254932902210507,0.0297930524441998
20260312,C,2328.57,c2603,2390.0,c2605,2396.0,2603,2605,61.42999999999984,67.42999999999984,0.0263809977797531,0.0289576864771081
20260313,C,2328.57,c2603,2372.0,c2605,2386.0,2603,2605,43.42999999999984,57.42999999999984,0.0186509316876881,0.0246632053148498
20260316,C,2332.86,c2605,2379.0,c2605,2379.0,2605,2605,46.13999999999987,46.13999999999987,0.0197782978832847,0.0197782978832847
20260317,C,2332.86,c2605,2386.0,c2605,2386.0,2605,2605,53.13999999999987,53.13999999999987,0.022778906578191593,0.022778906578191593
20260318,C,2332.86,c2605,2382.0,c2605,2382.0,2605,2605,49.13999999999987,49.13999999999987,0.021064273038244874,0.021064273038244874
20260319,C,2332.86,c2605,2384.0,c2605,2384.0,2605,2605,51.13999999999987,51.13999999999987,0.021921589808218123,0.021921589808218123
20260320,C,2332.86,c2605,2387.0,c2605,2387.0,2605,2605,54.13999999999987,54.13999999999987,0.023207564963178218,0.023207564963178218
20260323,C,2337.14,c2605,2415.0,c2605,2415.0,2605,2605,77.86000000000013,77.86000000000013,0.033314221655527776,0.033314221655527776
20260324,C,2338.57,c2605,2383.0,c2605,2383.0,2605,2605,44.429999999999836,44.429999999999836,0.0189987898587598,0.0189987898587598
20260325,C,2337.14,c2605,2376.0,c2605,2376.0,2605,2605,38.86000000000013,38.86000000000013,0.016627159690904225,0.016627159690904225
20260326,C,2337.14,c2605,2376.0,c2605,2376.0,2605,2605,38.86000000000013,38.86000000000013,0.016627159690904225,0.016627159690904225
20260327,C,2334.29,c2605,2369.0,c2605,2369.0,2605,2605,34.710000000000036,34.710000000000036,0.014869617742439889,0.014869617742439889
20260330,C,2332.86,c2605,2346.0,c2605,2346.0,2605,2605,13.139999999999873,13.139999999999873,0.005632571178724843,0.005632571178724843
20260331,C,2330.0,c2605,2351.0,c2605,2351.0,2605,2605,21.0,21.0,0.009012875536480669,0.009012875536480669
20260401,C,2331.43,c2605,2350.0,c2605,2350.0,2605,2605,18.570000000000164,18.570000000000164,0.007965068648855045,0.007965068648855045
20260402,C,2331.43,c2605,2356.0,c2605,2356.0,2605,2605,24.570000000000164,24.570000000000164,0.010538596483703255,0.010538596483703255
20260403,C,2331.43,c2605,2344.0,c2605,2344.0,2605,2605,12.570000000000164,12.570000000000164,0.005391540814006834,0.005391540814006834
20260407,C,2330.0,c2605,2343.0,c2605,2343.0,2605,2605,13.0,13.0,0.005579399141630859,0.005579399141630859
20260408,C,2327.14,c2605,2345.0,c2605,2345.0,2605,2605,17.860000000000127,17.860000000000127,0.0076746564452503385,0.0076746564452503385
20260409,C,2324.29,c2605,2354.0,c2605,2354.0,2605,2605,29.710000000000036,29.710000000000036,0.01278239806564585,0.01278239806564585
20260410,C,2324.29,c2605,2379.0,c2605,2379.0,2605,2605,54.710000000000036,54.710000000000036,0.02353837085733712,0.02353837085733712
20260413,C,2325.71,c2605,2373.0,c2607,2393.0,2605,2607,47.289999999999964,67.28999999999996,0.020333575553271865,0.028933099999570056
20260414,C,2322.86,c2605,2377.0,c2607,2397.0,2605,2607,54.13999999999987,74.13999999999987,0.023307474406550455,0.031917549916912646
20260415,C,2325.71,c2605,2368.0,c2607,2390.0,2605,2607,42.289999999999964,64.28999999999996,0.018183694441697318,0.027643171332625283
20260416,C,2325.71,c2605,2367.0,c2607,2394.0,2605,2607,41.289999999999964,68.28999999999996,0.01775371821938254,0.029363076221884832
20260417,C,2325.71,c2605,2370.0,c2607,2402.0,2605,2607,44.289999999999964,76.28999999999996,0.019043646886327092,0.03280288600040415
20260420,C,2328.57,c2605,2381.0,c2607,2414.0,2605,2607,52.429999999999836,85.42999999999984,0.022515964733720528,0.03668775256917334
20260421,C,2328.57,c2605,2408.0,c2607,2432.0,2605,2607,79.42999999999984,103.42999999999984,0.03411106387181828,0.044417818661238284
20260422,C,2328.57,c2605,2411.0,c2607,2434.0,2605,2607,82.42999999999984,105.42999999999984,0.03539940822049581,0.04527671489369012
20260423,C,2328.57,c2605,2397.0,c2607,2426.0,2605,2607,68.42999999999984,97.42999999999984,0.029387134593334086,0.04184112996388345
20260424,C,2328.57,c2605,2392.0,c2607,2417.0,2605,2607,63.429999999999836,88.42999999999984,0.027239894012204946,0.037976096917850866
20260427,C,2331.43,c2605,2399.0,c2607,2427.0,2605,2607,67.57000000000016,95.57000000000016,0.028982212633448245,0.04099200919607293
20260428,C,2331.43,c2605,2397.0,c2607,2429.0,2605,2607,65.57000000000016,97.57000000000016,0.0281243700218321,0.041849851807688854
20260429,C,2331.43,c2605,2400.0,c2607,2431.0,2605,2607,68.57000000000016,99.57000000000016,0.029411133939256207,0.042707694419305
20260430,C,2331.43,c2605,2405.0,c2607,2427.0,2605,2607,73.57000000000016,95.57000000000016,0.031555740468296456,0.04099200919607293
20260506,C,2330.0,c2605,2367.0,c2607,2391.0,2605,2607,37.0,61.0,0.01587982832618029,0.02618025751072972
20260507,C,2325.71,c2605,2350.0,c2607,2377.0,2605,2607,24.289999999999964,51.289999999999964,0.010444122440029124,0.022053480442531415
20260508,C,2325.71,c2605,2352.0,c2607,2365.0,2605,2607,26.289999999999964,39.289999999999964,0.011304074884658899,0.016893765774752545
20260511,C,2322.86,c2605,2347.0,c2607,2353.0,2605,2607,24.139999999999873,30.139999999999873,0.010392361141007056,0.01297538379411578
20260512,C,2322.86,c2605,2347.0,c2607,2359.0,2605,2607,24.139999999999873,36.13999999999987,0.010392361141007056,0.015558406447224504
20260513,C,2322.86,c2605,2347.0,c2607,2378.0,2605,2607,24.139999999999873,55.13999999999987,0.010392361141007056,0.023737978182068575
20260514,C,2321.43,c2605,2347.0,c2607,2367.0,2605,2607,25.570000000000164,45.570000000000164,0.011014762452453919,0.0196301417660667
20260515,C,2321.43,c2605,2347.0,c2607,2355.0,2605,2607,25.570000000000164,33.570000000000164,0.011014762452453919,0.014460914177899076
