date,station,lat,lon,temp_C,precip_mm
20100401,哈尔滨,45.75,126.63,-0.37,0.66
20100402,哈尔滨,45.75,126.63,-1.07,0.06
20100403,哈尔滨,45.75,126.63,-0.82,0.0
20100404,哈尔滨,45.75,126.63,0.47,0.59
20100405,哈尔滨,45.75,126.63,-0.54,0.04
20100406,哈尔滨,45.75,126.63,-0.13,0.0
20100407,哈尔滨,45.75,126.63,3.51,0.0
20100408,哈尔滨,45.75,126.63,6.01,1.45
20100409,哈尔滨,45.75,126.63,1.11,0.0
20100410,哈尔滨,45.75,126.63,-0.24,0.0
20100411,哈尔滨,45.75,126.63,-0.81,0.0
20100412,哈尔滨,45.75,126.63,-0.75,8.79
20100413,哈尔滨,45.75,126.63,-2.55,10.53
20100414,哈尔滨,45.75,126.63,-4.17,0.0
20100415,哈尔滨,45.75,126.63,-2.43,0.0
20100416,哈尔滨,45.75,126.63,0.7,0.0
20100417,哈尔滨,45.75,126.63,2.07,0.0
20100418,哈尔滨,45.75,126.63,3.65,0.12
20100419,哈尔滨,45.75,126.63,4.47,0.76
20100420,哈尔滨,45.75,126.63,4.8,0.11
20100421,哈尔滨,45.75,126.63,4.16,0.33
20100422,哈尔滨,45.75,126.63,4.32,0.01
20100423,哈尔滨,45.75,126.63,6.64,0.0
20100424,哈尔滨,45.75,126.63,9.59,0.0
20100425,哈尔滨,45.75,126.63,11.16,0.0
20100426,哈尔滨,45.75,126.63,8.94,3.05
20100427,哈尔滨,45.75,126.63,3.56,4.89
20100428,哈尔滨,45.75,126.63,4.51,2.29
20100429,哈尔滨,45.75,126.63,5.86,2.03
20100430,哈尔滨,45.75,126.63,7.69,0.55
20100501,哈尔滨,45.75,126.63,11.71,0.0
20100502,哈尔滨,45.75,126.63,12.43,0.04
20100503,哈尔滨,45.75,126.63,10.73,0.0
20100504,哈尔滨,45.75,126.63,11.86,0.05
20100505,哈尔滨,45.75,126.63,9.81,34.68
20100506,哈尔滨,45.75,126.63,8.33,32.28
20100507,哈尔滨,45.75,126.63,7.92,0.81
20100508,哈尔滨,45.75,126.63,9.22,0.0
20100509,哈尔滨,45.75,126.63,8.82,0.09
20100510,哈尔滨,45.75,126.63,7.43,12.33
20100511,哈尔滨,45.75,126.63,8.78,0.25
20100512,哈尔滨,45.75,126.63,9.94,0.24
20100513,哈尔滨,45.75,126.63,12.62,0.0
20100514,哈尔滨,45.75,126.63,15.71,0.0
20100515,哈尔滨,45.75,126.63,15.33,4.87
20100516,哈尔滨,45.75,126.63,16.88,0.0
20100517,哈尔滨,45.75,126.63,15.99,2.34
20100518,哈尔滨,45.75,126.63,16.61,9.19
20100519,哈尔滨,45.75,126.63,15.98,9.45
20100520,哈尔滨,45.75,126.63,15.3,2.87
20100521,哈尔滨,45.75,126.63,19.41,0.0
20100522,哈尔滨,45.75,126.63,21.32,0.0
20100523,哈尔滨,45.75,126.63,21.78,0.01
20100524,哈尔滨,45.75,126.63,18.41,1.4
20100525,哈尔滨,45.75,126.63,18.16,0.37
20100526,哈尔滨,45.75,126.63,18.38,0.04
20100527,哈尔滨,45.75,126.63,20.39,0.0
20100528,哈尔滨,45.75,126.63,17.94,10.75
20100529,哈尔滨,45.75,126.63,16.91,1.96
20100530,哈尔滨,45.75,126.63,18.36,0.29
20100531,哈尔滨,45.75,126.63,19.57,0.08
20100601,哈尔滨,45.75,126.63,20.24,0.17
20100602,哈尔滨,45.75,126.63,21.79,0.75
20100603,哈尔滨,45.75,126.63,23.48,0.65
20100604,哈尔滨,45.75,126.63,23.68,0.2
20100605,哈尔滨,45.75,126.63,22.98,0.0
20100606,哈尔滨,45.75,126.63,19.46,1.7
20100607,哈尔滨,45.75,126.63,24.07,0.0
20100608,哈尔滨,45.75,126.63,25.15,0.0
20100609,哈尔滨,45.75,126.63,26.0,0.0
20100610,哈尔滨,45.75,126.63,28.05,0.0
20100611,哈尔滨,45.75,126.63,26.56,0.5
20100612,哈尔滨,45.75,126.63,21.53,4.61
20100613,哈尔滨,45.75,126.63,23.28,0.05
20100614,哈尔滨,45.75,126.63,23.55,0.53
20100615,哈尔滨,45.75,126.63,22.46,5.67
20100616,哈尔滨,45.75,126.63,22.1,9.41
20100617,哈尔滨,45.75,126.63,24.88,0.02
20100618,哈尔滨,45.75,126.63,22.66,1.82
20100619,哈尔滨,45.75,126.63,22.57,1.5
20100620,哈尔滨,45.75,126.63,19.22,1.16
20100621,哈尔滨,45.75,126.63,14.89,8.71
20100622,哈尔滨,45.75,126.63,18.72,0.04
20100623,哈尔滨,45.75,126.63,24.0,0.0
20100624,哈尔滨,45.75,126.63,26.96,0.0
20100625,哈尔滨,45.75,126.63,28.49,0.0
20100626,哈尔滨,45.75,126.63,29.93,0.0
20100627,哈尔滨,45.75,126.63,27.98,0.07
20100628,哈尔滨,45.75,126.63,22.76,13.75
20100629,哈尔滨,45.75,126.63,24.97,7.25
20100630,哈尔滨,45.75,126.63,25.35,2.98
20100701,哈尔滨,45.75,126.63,25.82,3.21
20100702,哈尔滨,45.75,126.63,24.25,18.31
20100703,哈尔滨,45.75,126.63,25.28,0.75
20100704,哈尔滨,45.75,126.63,24.09,10.09
20100705,哈尔滨,45.75,126.63,21.48,16.35
20100706,哈尔滨,45.75,126.63,20.07,0.51
20100707,哈尔滨,45.75,126.63,18.99,0.2
20100708,哈尔滨,45.75,126.63,19.12,5.34
20100709,哈尔滨,45.75,126.63,19.95,1.7
20100710,哈尔滨,45.75,126.63,21.81,0.75
20100711,哈尔滨,45.75,126.63,20.95,2.52
20100712,哈尔滨,45.75,126.63,23.64,0.22
20100713,哈尔滨,45.75,126.63,23.24,0.53
20100714,哈尔滨,45.75,126.63,24.48,0.72
20100715,哈尔滨,45.75,126.63,25.3,2.13
20100716,哈尔滨,45.75,126.63,23.63,8.44
20100717,哈尔滨,45.75,126.63,24.74,2.6
20100718,哈尔滨,45.75,126.63,24.01,14.52
20100719,哈尔滨,45.75,126.63,24.23,5.84
20100720,哈尔滨,45.75,126.63,22.15,25.44
20100721,哈尔滨,45.75,126.63,22.95,10.95
20100722,哈尔滨,45.75,126.63,24.0,11.12
20100723,哈尔滨,45.75,126.63,24.08,3.44
20100724,哈尔滨,45.75,126.63,23.74,0.2
20100725,哈尔滨,45.75,126.63,24.78,1.07
20100726,哈尔滨,45.75,126.63,23.19,6.15
20100727,哈尔滨,45.75,126.63,21.2,0.01
20100728,哈尔滨,45.75,126.63,20.2,0.03
20100729,哈尔滨,45.75,126.63,22.24,0.04
20100730,哈尔滨,45.75,126.63,23.2,0.28
20100731,哈尔滨,45.75,126.63,21.53,1.14
20100801,哈尔滨,45.75,126.63,20.28,0.0
20100802,哈尔滨,45.75,126.63,22.63,0.0
20100803,哈尔滨,45.75,126.63,23.27,0.03
20100804,哈尔滨,45.75,126.63,23.05,6.72
20100805,哈尔滨,45.75,126.63,21.9,16.52
20100806,哈尔滨,45.75,126.63,21.03,0.14
20100807,哈尔滨,45.75,126.63,21.13,0.0
20100808,哈尔滨,45.75,126.63,18.73,1.86
20100809,哈尔滨,45.75,126.63,20.64,11.57
20100810,哈尔滨,45.75,126.63,19.34,0.4
20100811,哈尔滨,45.75,126.63,21.47,0.65
20100812,哈尔滨,45.75,126.63,22.01,1.47
20100813,哈尔滨,45.75,126.63,21.38,0.0
20100814,哈尔滨,45.75,126.63,22.14,23.11
20100815,哈尔滨,45.75,126.63,20.34,1.81
20100816,哈尔滨,45.75,126.63,20.17,0.0
20100817,哈尔滨,45.75,126.63,22.22,0.01
20100818,哈尔滨,45.75,126.63,23.71,0.14
20100819,哈尔滨,45.75,126.63,22.86,6.06
20100820,哈尔滨,45.75,126.63,22.94,0.23
20100821,哈尔滨,45.75,126.63,20.81,0.05
20100822,哈尔滨,45.75,126.63,19.17,0.56
20100823,哈尔滨,45.75,126.63,19.55,3.49
20100824,哈尔滨,45.75,126.63,19.19,0.28
20100825,哈尔滨,45.75,126.63,20.83,0.0
20100826,哈尔滨,45.75,126.63,22.59,0.0
20100827,哈尔滨,45.75,126.63,20.65,4.57
20100828,哈尔滨,45.75,126.63,22.36,6.45
20100829,哈尔滨,45.75,126.63,20.92,3.96
20100830,哈尔滨,45.75,126.63,18.93,1.95
20100831,哈尔滨,45.75,126.63,16.73,0.34
20100901,哈尔滨,45.75,126.63,19.02,0.0
20100902,哈尔滨,45.75,126.63,20.03,0.0
20100903,哈尔滨,45.75,126.63,20.52,0.0
20100904,哈尔滨,45.75,126.63,21.81,0.0
20100905,哈尔滨,45.75,126.63,21.67,0.56
20100906,哈尔滨,45.75,126.63,20.09,0.49
20100907,哈尔滨,45.75,126.63,13.95,0.02
20100908,哈尔滨,45.75,126.63,15.27,0.0
20100909,哈尔滨,45.75,126.63,18.1,0.0
20100910,哈尔滨,45.75,126.63,20.3,0.02
20100911,哈尔滨,45.75,126.63,21.37,0.0
20100912,哈尔滨,45.75,126.63,21.28,0.0
20100913,哈尔滨,45.75,126.63,21.62,0.0
20100914,哈尔滨,45.75,126.63,22.33,0.0
20100915,哈尔滨,45.75,126.63,22.8,0.0
20100916,哈尔滨,45.75,126.63,14.81,0.0
20100917,哈尔滨,45.75,126.63,12.78,0.0
20100918,哈尔滨,45.75,126.63,14.35,0.0
20100919,哈尔滨,45.75,126.63,15.18,0.0
20100920,哈尔滨,45.75,126.63,15.32,1.33
20100921,哈尔滨,45.75,126.63,11.62,0.0
20100922,哈尔滨,45.75,126.63,7.1,0.0
20100923,哈尔滨,45.75,126.63,6.62,0.0
20100924,哈尔滨,45.75,126.63,11.23,0.03
20100925,哈尔滨,45.75,126.63,13.07,2.22
20100926,哈尔滨,45.75,126.63,13.19,2.28
20100927,哈尔滨,45.75,126.63,8.7,5.36
20100928,哈尔滨,45.75,126.63,7.27,0.6
20100929,哈尔滨,45.75,126.63,8.91,0.0
20100930,哈尔滨,45.75,126.63,9.37,0.0
20101001,哈尔滨,45.75,126.63,6.21,0.07
20101002,哈尔滨,45.75,126.63,7.76,1.96
20101003,哈尔滨,45.75,126.63,8.83,1.99
20101004,哈尔滨,45.75,126.63,8.09,0.44
20101005,哈尔滨,45.75,126.63,8.47,0.0
20101006,哈尔滨,45.75,126.63,13.29,0.0
20101007,哈尔滨,45.75,126.63,15.71,0.02
20101008,哈尔滨,45.75,126.63,16.03,0.01
20101009,哈尔滨,45.75,126.63,14.84,0.02
20101010,哈尔滨,45.75,126.63,10.38,0.01
20101011,哈尔滨,45.75,126.63,3.83,6.49
20101012,哈尔滨,45.75,126.63,5.53,0.0
20101013,哈尔滨,45.75,126.63,7.47,0.0
20101014,哈尔滨,45.75,126.63,4.05,1.6
20101015,哈尔滨,45.75,126.63,1.5,0.95
20101016,哈尔滨,45.75,126.63,-0.2,2.67
20101017,哈尔滨,45.75,126.63,-2.32,0.0
20101018,哈尔滨,45.75,126.63,0.09,0.0
20101019,哈尔滨,45.75,126.63,1.37,0.0
20101020,哈尔滨,45.75,126.63,1.74,0.0
20101021,哈尔滨,45.75,126.63,1.77,0.0
20101022,哈尔滨,45.75,126.63,5.54,0.01
20101023,哈尔滨,45.75,126.63,6.27,0.66
20101024,哈尔滨,45.75,126.63,-0.31,0.09
20101025,哈尔滨,45.75,126.63,-2.58,0.09
20101026,哈尔滨,45.75,126.63,-3.13,0.0
20101027,哈尔滨,45.75,126.63,-0.61,0.0
20101028,哈尔滨,45.75,126.63,0.17,0.0
20101029,哈尔滨,45.75,126.63,1.54,0.01
20101030,哈尔滨,45.75,126.63,2.39,0.0
20101031,哈尔滨,45.75,126.63,2.57,0.01
20100401,长春,43.82,125.32,1.12,0.05
20100402,长春,43.82,125.32,-1.09,0.26
20100403,长春,43.82,125.32,1.2,0.0
20100404,长春,43.82,125.32,3.14,0.0
20100405,长春,43.82,125.32,0.54,0.1
20100406,长春,43.82,125.32,0.28,0.0
20100407,长春,43.82,125.32,4.14,0.0
20100408,长春,43.82,125.32,6.82,0.32
20100409,长春,43.82,125.32,2.07,1.37
20100410,长春,43.82,125.32,0.89,0.28
20100411,长春,43.82,125.32,0.05,0.02
20100412,长春,43.82,125.32,0.8,6.93
20100413,长春,43.82,125.32,-2.59,3.2
20100414,长春,43.82,125.32,-1.99,0.0
20100415,长春,43.82,125.32,0.21,1.62
20100416,长春,43.82,125.32,1.24,3.03
20100417,长春,43.82,125.32,1.98,0.04
20100418,长春,43.82,125.32,1.9,15.26
20100419,长春,43.82,125.32,5.12,4.28
20100420,长春,43.82,125.32,4.89,0.17
20100421,长春,43.82,125.32,5.75,0.0
20100422,长春,43.82,125.32,5.17,0.0
20100423,长春,43.82,125.32,6.28,0.0
20100424,长春,43.82,125.32,9.35,0.0
20100425,长春,43.82,125.32,10.81,0.01
20100426,长春,43.82,125.32,7.48,2.71
20100427,长春,43.82,125.32,4.13,2.77
20100428,长春,43.82,125.32,2.74,5.24
20100429,长春,43.82,125.32,4.66,0.79
20100430,长春,43.82,125.32,7.89,0.05
20100501,长春,43.82,125.32,12.07,0.0
20100502,长春,43.82,125.32,12.12,0.06
20100503,长春,43.82,125.32,11.43,0.0
20100504,长春,43.82,125.32,13.85,3.73
20100505,长春,43.82,125.32,14.04,52.06
20100506,长春,43.82,125.32,8.43,13.19
20100507,长春,43.82,125.32,9.52,4.26
20100508,长春,43.82,125.32,11.27,0.0
20100509,长春,43.82,125.32,11.22,0.69
20100510,长春,43.82,125.32,8.6,12.04
20100511,长春,43.82,125.32,8.89,0.84
20100512,长春,43.82,125.32,9.73,0.1
20100513,长春,43.82,125.32,12.85,0.0
20100514,长春,43.82,125.32,15.9,0.01
20100515,长春,43.82,125.32,15.26,5.39
20100516,长春,43.82,125.32,17.02,0.0
20100517,长春,43.82,125.32,14.63,4.12
20100518,长春,43.82,125.32,15.7,9.74
20100519,长春,43.82,125.32,15.26,3.89
20100520,长春,43.82,125.32,16.54,0.05
20100521,长春,43.82,125.32,20.5,0.0
20100522,长春,43.82,125.32,20.72,0.0
20100523,长春,43.82,125.32,19.19,0.07
20100524,长春,43.82,125.32,15.72,9.37
20100525,长春,43.82,125.32,18.34,0.19
20100526,长春,43.82,125.32,17.51,0.0
20100527,长春,43.82,125.32,20.76,0.09
20100528,长春,43.82,125.32,17.46,5.08
20100529,长春,43.82,125.32,14.62,1.81
20100530,长春,43.82,125.32,16.48,7.76
20100531,长春,43.82,125.32,17.26,3.89
20100601,长春,43.82,125.32,20.8,0.14
20100602,长春,43.82,125.32,21.75,0.07
20100603,长春,43.82,125.32,21.34,0.01
20100604,长春,43.82,125.32,21.8,0.02
20100605,长春,43.82,125.32,21.7,0.0
20100606,长春,43.82,125.32,21.29,0.0
20100607,长春,43.82,125.32,23.14,0.0
20100608,长春,43.82,125.32,24.29,0.0
20100609,长春,43.82,125.32,26.26,0.0
20100610,长春,43.82,125.32,27.83,0.0
20100611,长春,43.82,125.32,25.43,1.48
20100612,长春,43.82,125.32,20.61,2.46
20100613,长春,43.82,125.32,22.51,0.11
20100614,长春,43.82,125.32,22.39,0.26
20100615,长春,43.82,125.32,20.86,6.0
20100616,长春,43.82,125.32,22.04,5.58
20100617,长春,43.82,125.32,23.52,2.13
20100618,长春,43.82,125.32,25.43,2.06
20100619,长春,43.82,125.32,21.47,11.26
20100620,长春,43.82,125.32,20.12,0.08
20100621,长春,43.82,125.32,17.34,0.15
20100622,长春,43.82,125.32,19.02,0.34
20100623,长春,43.82,125.32,22.57,0.0
20100624,长春,43.82,125.32,25.99,0.0
20100625,长春,43.82,125.32,27.86,0.0
20100626,长春,43.82,125.32,27.72,0.03
20100627,长春,43.82,125.32,24.91,2.7
20100628,长春,43.82,125.32,24.44,2.43
20100629,长春,43.82,125.32,23.97,5.16
20100630,长春,43.82,125.32,25.02,0.92
20100701,长春,43.82,125.32,24.47,10.26
20100702,长春,43.82,125.32,24.33,6.94
20100703,长春,43.82,125.32,24.45,1.02
20100704,长春,43.82,125.32,22.79,6.99
20100705,长春,43.82,125.32,21.53,7.98
20100706,长春,43.82,125.32,19.98,3.73
20100707,长春,43.82,125.32,20.46,1.87
20100708,长春,43.82,125.32,19.04,17.74
20100709,长春,43.82,125.32,21.21,1.91
20100710,长春,43.82,125.32,21.57,2.41
20100711,长春,43.82,125.32,21.78,2.23
20100712,长春,43.82,125.32,22.47,1.58
20100713,长春,43.82,125.32,23.53,2.91
20100714,长春,43.82,125.32,24.82,0.22
20100715,长春,43.82,125.32,24.5,2.6
20100716,长春,43.82,125.32,23.6,1.15
20100717,长春,43.82,125.32,25.01,0.28
20100718,长春,43.82,125.32,24.11,1.55
20100719,长春,43.82,125.32,25.16,1.17
20100720,长春,43.82,125.32,23.15,41.51
20100721,长春,43.82,125.32,22.67,16.52
20100722,长春,43.82,125.32,22.91,3.96
20100723,长春,43.82,125.32,24.15,2.66
20100724,长春,43.82,125.32,24.92,14.28
20100725,长春,43.82,125.32,24.08,20.62
20100726,长春,43.82,125.32,22.9,5.71
20100727,长春,43.82,125.32,21.7,14.88
20100728,长春,43.82,125.32,21.04,52.04
20100729,长春,43.82,125.32,21.06,0.0
20100730,长春,43.82,125.32,23.32,0.01
20100731,长春,43.82,125.32,21.71,2.29
20100801,长春,43.82,125.32,19.5,0.0
20100802,长春,43.82,125.32,21.29,0.0
20100803,长春,43.82,125.32,21.42,0.57
20100804,长春,43.82,125.32,22.96,12.74
20100805,长春,43.82,125.32,22.12,54.98
20100806,长春,43.82,125.32,20.84,0.02
20100807,长春,43.82,125.32,21.33,0.02
20100808,长春,43.82,125.32,19.21,9.02
20100809,长春,43.82,125.32,20.93,26.33
20100810,长春,43.82,125.32,20.6,1.37
20100811,长春,43.82,125.32,21.85,0.4
20100812,长春,43.82,125.32,23.15,0.25
20100813,长春,43.82,125.32,24.51,0.16
20100814,长春,43.82,125.32,22.95,15.93
20100815,长春,43.82,125.32,20.73,0.18
20100816,长春,43.82,125.32,20.83,0.26
20100817,长春,43.82,125.32,22.27,0.1
20100818,长春,43.82,125.32,23.62,0.05
20100819,长春,43.82,125.32,23.66,28.49
20100820,长春,43.82,125.32,22.1,4.33
20100821,长春,43.82,125.32,20.84,0.2
20100822,长春,43.82,125.32,17.23,13.27
20100823,长春,43.82,125.32,18.97,0.05
20100824,长春,43.82,125.32,20.37,0.01
20100825,长春,43.82,125.32,19.62,0.0
20100826,长春,43.82,125.32,20.65,0.01
20100827,长春,43.82,125.32,20.21,8.78
20100828,长春,43.82,125.32,21.96,7.31
20100829,长春,43.82,125.32,20.7,12.38
20100830,长春,43.82,125.32,18.66,1.63
20100831,长春,43.82,125.32,18.67,0.0
20100901,长春,43.82,125.32,19.0,0.0
20100902,长春,43.82,125.32,19.51,0.0
20100903,长春,43.82,125.32,18.69,0.23
20100904,长春,43.82,125.32,20.18,0.07
20100905,长春,43.82,125.32,20.34,0.08
20100906,长春,43.82,125.32,20.17,0.09
20100907,长春,43.82,125.32,13.5,0.0
20100908,长春,43.82,125.32,14.5,0.0
20100909,长春,43.82,125.32,18.1,0.0
20100910,长春,43.82,125.32,20.31,0.39
20100911,长春,43.82,125.32,20.58,0.99
20100912,长春,43.82,125.32,19.9,0.34
20100913,长春,43.82,125.32,19.92,0.03
20100914,长春,43.82,125.32,20.34,0.0
20100915,长春,43.82,125.32,21.27,0.02
20100916,长春,43.82,125.32,16.17,0.38
20100917,长春,43.82,125.32,11.94,4.97
20100918,长春,43.82,125.32,13.94,1.39
20100919,长春,43.82,125.32,15.05,0.02
20100920,长春,43.82,125.32,13.64,0.32
20100921,长春,43.82,125.32,10.19,0.09
20100922,长春,43.82,125.32,7.06,0.0
20100923,长春,43.82,125.32,8.29,0.0
20100924,长春,43.82,125.32,10.72,0.0
20100925,长春,43.82,125.32,14.02,1.32
20100926,长春,43.82,125.32,13.71,0.58
20100927,长春,43.82,125.32,8.83,1.4
20100928,长春,43.82,125.32,6.61,2.53
20100929,长春,43.82,125.32,8.3,0.0
20100930,长春,43.82,125.32,11.51,0.0
20101001,长春,43.82,125.32,9.06,0.18
20101002,长春,43.82,125.32,10.89,1.12
20101003,长春,43.82,125.32,11.07,16.15
20101004,长春,43.82,125.32,7.59,1.6
20101005,长春,43.82,125.32,7.87,0.0
20101006,长春,43.82,125.32,12.99,0.0
20101007,长春,43.82,125.32,15.3,0.01
20101008,长春,43.82,125.32,14.49,0.01
20101009,长春,43.82,125.32,13.92,0.01
20101010,长春,43.82,125.32,11.51,0.31
20101011,长春,43.82,125.32,4.18,13.06
20101012,长春,43.82,125.32,5.27,0.01
20101013,长春,43.82,125.32,8.34,0.0
20101014,长春,43.82,125.32,5.24,0.57
20101015,长春,43.82,125.32,1.77,1.64
20101016,长春,43.82,125.32,-0.96,0.02
20101017,长春,43.82,125.32,-1.4,0.0
20101018,长春,43.82,125.32,0.74,0.01
20101019,长春,43.82,125.32,0.52,0.21
20101020,长春,43.82,125.32,2.56,0.19
20101021,长春,43.82,125.32,2.92,0.0
20101022,长春,43.82,125.32,6.77,0.0
20101023,长春,43.82,125.32,7.67,0.75
20101024,长春,43.82,125.32,0.93,0.47
20101025,长春,43.82,125.32,-2.71,0.01
20101026,长春,43.82,125.32,-3.16,0.0
20101027,长春,43.82,125.32,-1.15,0.0
20101028,长春,43.82,125.32,0.45,0.0
20101029,长春,43.82,125.32,3.22,0.0
20101030,长春,43.82,125.32,3.28,0.01
20101031,长春,43.82,125.32,4.12,0.0
20100401,沈阳,41.8,123.43,3.2,0.28
20100402,沈阳,41.8,123.43,0.4,0.0
20100403,沈阳,41.8,123.43,3.11,0.0
20100404,沈阳,41.8,123.43,5.29,0.34
20100405,沈阳,41.8,123.43,1.75,0.45
20100406,沈阳,41.8,123.43,2.27,0.0
20100407,沈阳,41.8,123.43,5.76,0.0
20100408,沈阳,41.8,123.43,7.57,0.53
20100409,沈阳,41.8,123.43,2.24,5.66
20100410,沈阳,41.8,123.43,3.68,0.2
20100411,沈阳,41.8,123.43,2.95,0.01
20100412,沈阳,41.8,123.43,1.0,2.82
20100413,沈阳,41.8,123.43,0.06,0.0
20100414,沈阳,41.8,123.43,2.01,0.0
20100415,沈阳,41.8,123.43,4.71,0.06
20100416,沈阳,41.8,123.43,4.62,6.18
20100417,沈阳,41.8,123.43,5.86,0.08
20100418,沈阳,41.8,123.43,8.21,4.22
20100419,沈阳,41.8,123.43,6.68,13.21
20100420,沈阳,41.8,123.43,8.33,0.04
20100421,沈阳,41.8,123.43,8.73,0.0
20100422,沈阳,41.8,123.43,9.37,0.0
20100423,沈阳,41.8,123.43,8.77,0.0
20100424,沈阳,41.8,123.43,11.03,0.0
20100425,沈阳,41.8,123.43,12.95,0.0
20100426,沈阳,41.8,123.43,7.53,8.04
20100427,沈阳,41.8,123.43,4.44,6.2
20100428,沈阳,41.8,123.43,4.66,2.13
20100429,沈阳,41.8,123.43,5.39,3.64
20100430,沈阳,41.8,123.43,8.68,0.0
20100501,沈阳,41.8,123.43,13.04,0.0
20100502,沈阳,41.8,123.43,14.0,0.91
20100503,沈阳,41.8,123.43,14.98,0.31
20100504,沈阳,41.8,123.43,16.09,0.98
20100505,沈阳,41.8,123.43,13.46,52.82
20100506,沈阳,41.8,123.43,9.18,2.82
20100507,沈阳,41.8,123.43,11.7,0.13
20100508,沈阳,41.8,123.43,15.18,0.0
20100509,沈阳,41.8,123.43,11.44,13.64
20100510,沈阳,41.8,123.43,10.17,1.49
20100511,沈阳,41.8,123.43,11.26,0.19
20100512,沈阳,41.8,123.43,12.24,0.0
20100513,沈阳,41.8,123.43,15.7,0.0
20100514,沈阳,41.8,123.43,16.49,0.0
20100515,沈阳,41.8,123.43,15.89,1.86
20100516,沈阳,41.8,123.43,16.09,0.0
20100517,沈阳,41.8,123.43,13.22,10.63
20100518,沈阳,41.8,123.43,13.89,8.57
20100519,沈阳,41.8,123.43,17.18,0.31
20100520,沈阳,41.8,123.43,19.92,0.0
20100521,沈阳,41.8,123.43,19.85,0.0
20100522,沈阳,41.8,123.43,21.81,0.0
20100523,沈阳,41.8,123.43,19.33,1.25
20100524,沈阳,41.8,123.43,15.8,3.01
20100525,沈阳,41.8,123.43,19.94,0.06
20100526,沈阳,41.8,123.43,20.19,0.0
20100527,沈阳,41.8,123.43,20.92,0.0
20100528,沈阳,41.8,123.43,18.08,1.17
20100529,沈阳,41.8,123.43,16.24,6.39
20100530,沈阳,41.8,123.43,16.45,2.57
20100531,沈阳,41.8,123.43,18.1,0.01
20100601,沈阳,41.8,123.43,20.6,0.01
20100602,沈阳,41.8,123.43,21.52,0.07
20100603,沈阳,41.8,123.43,21.08,0.0
20100604,沈阳,41.8,123.43,20.83,0.0
20100605,沈阳,41.8,123.43,20.4,0.0
20100606,沈阳,41.8,123.43,21.37,0.0
20100607,沈阳,41.8,123.43,22.71,0.0
20100608,沈阳,41.8,123.43,24.14,0.0
20100609,沈阳,41.8,123.43,26.34,0.0
20100610,沈阳,41.8,123.43,26.07,0.0
20100611,沈阳,41.8,123.43,22.26,0.43
20100612,沈阳,41.8,123.43,21.09,1.09
20100613,沈阳,41.8,123.43,22.88,0.01
20100614,沈阳,41.8,123.43,21.68,1.58
20100615,沈阳,41.8,123.43,22.18,3.68
20100616,沈阳,41.8,123.43,24.51,0.1
20100617,沈阳,41.8,123.43,24.0,0.64
20100618,沈阳,41.8,123.43,24.26,1.8
20100619,沈阳,41.8,123.43,23.3,0.61
20100620,沈阳,41.8,123.43,23.51,0.07
20100621,沈阳,41.8,123.43,21.97,0.04
20100622,沈阳,41.8,123.43,20.6,5.69
20100623,沈阳,41.8,123.43,22.9,0.0
20100624,沈阳,41.8,123.43,24.49,0.0
20100625,沈阳,41.8,123.43,26.19,0.01
20100626,沈阳,41.8,123.43,27.52,1.4
20100627,沈阳,41.8,123.43,24.67,2.36
20100628,沈阳,41.8,123.43,22.41,10.24
20100629,沈阳,41.8,123.43,23.97,2.17
20100630,沈阳,41.8,123.43,25.19,0.0
20100701,沈阳,41.8,123.43,24.27,14.44
20100702,沈阳,41.8,123.43,26.25,5.09
20100703,沈阳,41.8,123.43,27.96,0.0
20100704,沈阳,41.8,123.43,28.11,1.6
20100705,沈阳,41.8,123.43,25.4,0.79
20100706,沈阳,41.8,123.43,22.23,3.39
20100707,沈阳,41.8,123.43,23.49,1.69
20100708,沈阳,41.8,123.43,22.6,22.71
20100709,沈阳,41.8,123.43,22.99,0.2
20100710,沈阳,41.8,123.43,23.02,1.13
20100711,沈阳,41.8,123.43,23.32,1.7
20100712,沈阳,41.8,123.43,23.15,13.05
20100713,沈阳,41.8,123.43,22.34,5.8
20100714,沈阳,41.8,123.43,24.94,0.07
20100715,沈阳,41.8,123.43,24.7,5.64
20100716,沈阳,41.8,123.43,24.83,1.97
20100717,沈阳,41.8,123.43,25.75,0.34
20100718,沈阳,41.8,123.43,25.91,0.41
20100719,沈阳,41.8,123.43,24.71,11.3
20100720,沈阳,41.8,123.43,24.5,45.28
20100721,沈阳,41.8,123.43,25.04,18.72
20100722,沈阳,41.8,123.43,25.78,3.58
20100723,沈阳,41.8,123.43,26.26,0.42
20100724,沈阳,41.8,123.43,26.27,2.11
20100725,沈阳,41.8,123.43,26.26,0.99
20100726,沈阳,41.8,123.43,25.77,4.73
20100727,沈阳,41.8,123.43,26.05,3.8
20100728,沈阳,41.8,123.43,25.49,10.64
20100729,沈阳,41.8,123.43,24.89,8.34
20100730,沈阳,41.8,123.43,25.21,3.93
20100731,沈阳,41.8,123.43,22.75,7.68
20100801,沈阳,41.8,123.43,21.77,0.0
20100802,沈阳,41.8,123.43,22.97,0.0
20100803,沈阳,41.8,123.43,22.89,0.12
20100804,沈阳,41.8,123.43,25.3,5.96
20100805,沈阳,41.8,123.43,23.38,60.15
20100806,沈阳,41.8,123.43,21.86,0.0
20100807,沈阳,41.8,123.43,22.25,0.06
20100808,沈阳,41.8,123.43,20.49,21.86
20100809,沈阳,41.8,123.43,23.18,8.1
20100810,沈阳,41.8,123.43,23.05,3.7
20100811,沈阳,41.8,123.43,24.15,0.02
20100812,沈阳,41.8,123.43,24.07,0.0
20100813,沈阳,41.8,123.43,24.8,0.02
20100814,沈阳,41.8,123.43,23.83,8.68
20100815,沈阳,41.8,123.43,22.08,0.02
20100816,沈阳,41.8,123.43,22.91,0.0
20100817,沈阳,41.8,123.43,24.06,0.0
20100818,沈阳,41.8,123.43,24.2,0.0
20100819,沈阳,41.8,123.43,24.69,27.47
20100820,沈阳,41.8,123.43,22.37,14.56
20100821,沈阳,41.8,123.43,21.96,14.96
20100822,沈阳,41.8,123.43,18.2,55.38
20100823,沈阳,41.8,123.43,19.7,0.0
20100824,沈阳,41.8,123.43,21.85,0.0
20100825,沈阳,41.8,123.43,22.47,0.0
20100826,沈阳,41.8,123.43,22.27,0.08
20100827,沈阳,41.8,123.43,21.59,8.03
20100828,沈阳,41.8,123.43,22.63,32.32
20100829,沈阳,41.8,123.43,21.45,13.59
20100830,沈阳,41.8,123.43,21.26,0.17
20100831,沈阳,41.8,123.43,21.53,0.0
20100901,沈阳,41.8,123.43,22.21,0.18
20100902,沈阳,41.8,123.43,21.93,0.0
20100903,沈阳,41.8,123.43,20.12,0.38
20100904,沈阳,41.8,123.43,21.25,0.0
20100905,沈阳,41.8,123.43,21.45,0.0
20100906,沈阳,41.8,123.43,23.19,0.0
20100907,沈阳,41.8,123.43,16.89,0.0
20100908,沈阳,41.8,123.43,17.34,0.0
20100909,沈阳,41.8,123.43,19.92,0.03
20100910,沈阳,41.8,123.43,20.77,0.51
20100911,沈阳,41.8,123.43,21.23,1.34
20100912,沈阳,41.8,123.43,22.35,0.1
20100913,沈阳,41.8,123.43,22.76,0.0
20100914,沈阳,41.8,123.43,22.77,0.0
20100915,沈阳,41.8,123.43,22.55,1.15
20100916,沈阳,41.8,123.43,18.04,5.43
20100917,沈阳,41.8,123.43,13.15,14.73
20100918,沈阳,41.8,123.43,14.09,15.44
20100919,沈阳,41.8,123.43,16.82,0.03
20100920,沈阳,41.8,123.43,16.77,5.05
20100921,沈阳,41.8,123.43,11.41,8.63
20100922,沈阳,41.8,123.43,9.76,0.0
20100923,沈阳,41.8,123.43,10.34,0.0
20100924,沈阳,41.8,123.43,13.66,0.0
20100925,沈阳,41.8,123.43,16.06,0.01
20100926,沈阳,41.8,123.43,15.56,1.68
20100927,沈阳,41.8,123.43,11.78,0.89
20100928,沈阳,41.8,123.43,9.55,0.0
20100929,沈阳,41.8,123.43,10.6,0.0
20100930,沈阳,41.8,123.43,13.85,0.0
20101001,沈阳,41.8,123.43,16.29,0.01
20101002,沈阳,41.8,123.43,14.86,10.49
20101003,沈阳,41.8,123.43,10.3,26.22
20101004,沈阳,41.8,123.43,8.93,0.35
20101005,沈阳,41.8,123.43,10.31,0.0
20101006,沈阳,41.8,123.43,15.17,0.02
20101007,沈阳,41.8,123.43,16.76,0.0
20101008,沈阳,41.8,123.43,15.82,0.0
20101009,沈阳,41.8,123.43,15.37,0.0
20101010,沈阳,41.8,123.43,13.47,0.06
20101011,沈阳,41.8,123.43,6.42,13.64
20101012,沈阳,41.8,123.43,7.29,0.0
20101013,沈阳,41.8,123.43,10.59,0.0
20101014,沈阳,41.8,123.43,8.04,0.02
20101015,沈阳,41.8,123.43,6.06,0.14
20101016,沈阳,41.8,123.43,1.49,0.0
20101017,沈阳,41.8,123.43,0.0,0.0
20101018,沈阳,41.8,123.43,3.12,0.46
20101019,沈阳,41.8,123.43,4.05,0.74
20101020,沈阳,41.8,123.43,3.88,0.0
20101021,沈阳,41.8,123.43,5.2,0.0
20101022,沈阳,41.8,123.43,10.1,0.0
20101023,沈阳,41.8,123.43,10.43,0.08
20101024,沈阳,41.8,123.43,3.94,0.34
20101025,沈阳,41.8,123.43,-0.33,0.0
20101026,沈阳,41.8,123.43,-1.46,0.0
20101027,沈阳,41.8,123.43,0.07,0.0
20101028,沈阳,41.8,123.43,3.18,0.0
20101029,沈阳,41.8,123.43,5.3,0.0
20101030,沈阳,41.8,123.43,6.39,0.0
20101031,沈阳,41.8,123.43,6.08,0.0
20100401,呼和浩特,40.82,111.75,-4.49,0.0
20100402,呼和浩特,40.82,111.75,-4.31,0.0
20100403,呼和浩特,40.82,111.75,1.16,0.0
20100404,呼和浩特,40.82,111.75,2.8,0.0
20100405,呼和浩特,40.82,111.75,-0.78,0.03
20100406,呼和浩特,40.82,111.75,-0.54,0.0
20100407,呼和浩特,40.82,111.75,4.39,0.0
20100408,呼和浩特,40.82,111.75,4.95,0.0
20100409,呼和浩特,40.82,111.75,1.95,0.0
20100410,呼和浩特,40.82,111.75,0.67,0.0
20100411,呼和浩特,40.82,111.75,2.89,0.1
20100412,呼和浩特,40.82,111.75,-6.61,0.02
20100413,呼和浩特,40.82,111.75,-4.41,0.0
20100414,呼和浩特,40.82,111.75,-0.87,0.0
20100415,呼和浩特,40.82,111.75,1.9,0.0
20100416,呼和浩特,40.82,111.75,4.58,0.0
20100417,呼和浩特,40.82,111.75,6.19,1.8
20100418,呼和浩特,40.82,111.75,8.89,0.01
20100419,呼和浩特,40.82,111.75,8.36,0.0
20100420,呼和浩特,40.82,111.75,8.52,0.87
20100421,呼和浩特,40.82,111.75,1.36,7.52
20100422,呼和浩特,40.82,111.75,-0.86,0.26
20100423,呼和浩特,40.82,111.75,2.74,0.0
20100424,呼和浩特,40.82,111.75,7.55,0.1
20100425,呼和浩特,40.82,111.75,1.0,7.99
20100426,呼和浩特,40.82,111.75,-4.69,0.45
20100427,呼和浩特,40.82,111.75,-3.57,0.02
20100428,呼和浩特,40.82,111.75,-1.19,0.0
20100429,呼和浩特,40.82,111.75,1.23,0.0
20100430,呼和浩特,40.82,111.75,7.33,0.0
20100501,呼和浩特,40.82,111.75,12.93,0.0
20100502,呼和浩特,40.82,111.75,13.23,0.0
20100503,呼和浩特,40.82,111.75,10.47,0.17
20100504,呼和浩特,40.82,111.75,12.03,6.64
20100505,呼和浩特,40.82,111.75,5.87,0.98
20100506,呼和浩特,40.82,111.75,9.6,0.18
20100507,呼和浩特,40.82,111.75,9.91,0.0
20100508,呼和浩特,40.82,111.75,10.26,0.0
20100509,呼和浩特,40.82,111.75,3.4,0.0
20100510,呼和浩特,40.82,111.75,4.56,0.0
20100511,呼和浩特,40.82,111.75,8.04,0.0
20100512,呼和浩特,40.82,111.75,12.83,0.0
20100513,呼和浩特,40.82,111.75,13.33,0.16
20100514,呼和浩特,40.82,111.75,11.25,5.5
20100515,呼和浩特,40.82,111.75,13.55,0.1
20100516,呼和浩特,40.82,111.75,11.01,1.03
20100517,呼和浩特,40.82,111.75,10.91,4.57
20100518,呼和浩特,40.82,111.75,7.86,0.71
20100519,呼和浩特,40.82,111.75,14.19,0.0
20100520,呼和浩特,40.82,111.75,15.72,0.0
20100521,呼和浩特,40.82,111.75,16.18,0.0
20100522,呼和浩特,40.82,111.75,17.54,0.0
20100523,呼和浩特,40.82,111.75,17.36,0.11
20100524,呼和浩特,40.82,111.75,12.92,0.0
20100525,呼和浩特,40.82,111.75,13.92,0.48
20100526,呼和浩特,40.82,111.75,12.19,15.36
20100527,呼和浩特,40.82,111.75,12.3,12.91
20100528,呼和浩特,40.82,111.75,12.56,8.53
20100529,呼和浩特,40.82,111.75,14.71,0.0
20100530,呼和浩特,40.82,111.75,12.56,0.01
20100531,呼和浩特,40.82,111.75,15.36,0.0
20100601,呼和浩特,40.82,111.75,18.54,0.0
20100602,呼和浩特,40.82,111.75,17.79,0.0
20100603,呼和浩特,40.82,111.75,16.82,0.0
20100604,呼和浩特,40.82,111.75,17.86,0.0
20100605,呼和浩特,40.82,111.75,19.5,0.0
20100606,呼和浩特,40.82,111.75,19.09,0.0
20100607,呼和浩特,40.82,111.75,18.42,0.0
20100608,呼和浩特,40.82,111.75,13.67,0.36
20100609,呼和浩特,40.82,111.75,12.42,1.68
20100610,呼和浩特,40.82,111.75,15.41,0.06
20100611,呼和浩特,40.82,111.75,19.69,1.57
20100612,呼和浩特,40.82,111.75,19.97,0.0
20100613,呼和浩特,40.82,111.75,19.5,0.13
20100614,呼和浩特,40.82,111.75,20.51,0.11
20100615,呼和浩特,40.82,111.75,22.57,0.07
20100616,呼和浩特,40.82,111.75,20.04,2.35
20100617,呼和浩特,40.82,111.75,14.84,4.71
20100618,呼和浩特,40.82,111.75,15.97,0.16
20100619,呼和浩特,40.82,111.75,20.83,0.1
20100620,呼和浩特,40.82,111.75,22.11,0.0
20100621,呼和浩特,40.82,111.75,21.62,0.26
20100622,呼和浩特,40.82,111.75,22.27,0.0
20100623,呼和浩特,40.82,111.75,22.42,0.0
20100624,呼和浩特,40.82,111.75,23.11,0.0
20100625,呼和浩特,40.82,111.75,22.61,0.0
20100626,呼和浩特,40.82,111.75,21.98,0.0
20100627,呼和浩特,40.82,111.75,22.92,0.02
20100628,呼和浩特,40.82,111.75,25.19,0.02
20100629,呼和浩特,40.82,111.75,24.48,0.32
20100630,呼和浩特,40.82,111.75,20.7,3.5
20100701,呼和浩特,40.82,111.75,22.58,1.25
20100702,呼和浩特,40.82,111.75,24.77,0.01
20100703,呼和浩特,40.82,111.75,24.51,0.0
20100704,呼和浩特,40.82,111.75,24.21,0.0
20100705,呼和浩特,40.82,111.75,22.85,0.0
20100706,呼和浩特,40.82,111.75,25.51,0.0
20100707,呼和浩特,40.82,111.75,21.0,0.38
20100708,呼和浩特,40.82,111.75,22.41,0.12
20100709,呼和浩特,40.82,111.75,19.77,14.99
20100710,呼和浩特,40.82,111.75,20.76,0.08
20100711,呼和浩特,40.82,111.75,21.31,0.0
20100712,呼和浩特,40.82,111.75,22.89,0.0
20100713,呼和浩特,40.82,111.75,24.05,0.55
20100714,呼和浩特,40.82,111.75,22.85,0.57
20100715,呼和浩特,40.82,111.75,21.51,4.02
20100716,呼和浩特,40.82,111.75,22.54,1.17
20100717,呼和浩特,40.82,111.75,22.49,1.8
20100718,呼和浩特,40.82,111.75,22.99,0.14
20100719,呼和浩特,40.82,111.75,22.36,1.47
20100720,呼和浩特,40.82,111.75,24.08,0.0
20100721,呼和浩特,40.82,111.75,26.32,0.0
20100722,呼和浩特,40.82,111.75,25.43,0.0
20100723,呼和浩特,40.82,111.75,26.04,0.0
20100724,呼和浩特,40.82,111.75,26.34,0.0
20100725,呼和浩特,40.82,111.75,25.91,0.0
20100726,呼和浩特,40.82,111.75,26.9,0.0
20100727,呼和浩特,40.82,111.75,26.79,0.0
20100728,呼和浩特,40.82,111.75,27.19,0.0
20100729,呼和浩特,40.82,111.75,29.94,0.73
20100730,呼和浩特,40.82,111.75,27.95,5.58
20100731,呼和浩特,40.82,111.75,19.93,6.33
20100801,呼和浩特,40.82,111.75,21.09,0.16
20100802,呼和浩特,40.82,111.75,21.77,7.97
20100803,呼和浩特,40.82,111.75,23.75,4.25
20100804,呼和浩特,40.82,111.75,22.31,0.85
20100805,呼和浩特,40.82,111.75,15.11,0.0
20100806,呼和浩特,40.82,111.75,17.63,0.18
20100807,呼和浩特,40.82,111.75,15.89,37.72
20100808,呼和浩特,40.82,111.75,18.5,3.84
20100809,呼和浩特,40.82,111.75,17.7,0.0
20100810,呼和浩特,40.82,111.75,20.49,0.01
20100811,呼和浩特,40.82,111.75,21.01,3.94
20100812,呼和浩特,40.82,111.75,21.87,0.41
20100813,呼和浩特,40.82,111.75,20.01,0.0
20100814,呼和浩特,40.82,111.75,15.52,0.0
20100815,呼和浩特,40.82,111.75,18.33,0.0
20100816,呼和浩特,40.82,111.75,19.2,0.56
20100817,呼和浩特,40.82,111.75,19.74,3.11
20100818,呼和浩特,40.82,111.75,16.55,3.35
20100819,呼和浩特,40.82,111.75,19.05,0.25
20100820,呼和浩特,40.82,111.75,18.81,1.64
20100821,呼和浩特,40.82,111.75,13.49,5.71
20100822,呼和浩特,40.82,111.75,15.83,0.0
20100823,呼和浩特,40.82,111.75,18.05,0.0
20100824,呼和浩特,40.82,111.75,17.5,0.0
20100825,呼和浩特,40.82,111.75,18.65,1.6
20100826,呼和浩特,40.82,111.75,17.6,0.0
20100827,呼和浩特,40.82,111.75,19.02,0.05
20100828,呼和浩特,40.82,111.75,19.13,0.0
20100829,呼和浩特,40.82,111.75,20.06,0.07
20100830,呼和浩特,40.82,111.75,16.96,0.49
20100831,呼和浩特,40.82,111.75,17.3,0.66
20100901,呼和浩特,40.82,111.75,16.41,4.99
20100902,呼和浩特,40.82,111.75,17.64,0.02
20100903,呼和浩特,40.82,111.75,15.75,0.02
20100904,呼和浩特,40.82,111.75,15.08,0.41
20100905,呼和浩特,40.82,111.75,17.72,0.0
20100906,呼和浩特,40.82,111.75,18.92,0.07
20100907,呼和浩特,40.82,111.75,14.92,13.76
20100908,呼和浩特,40.82,111.75,12.73,16.43
20100909,呼和浩特,40.82,111.75,11.95,2.02
20100910,呼和浩特,40.82,111.75,14.27,0.02
20100911,呼和浩特,40.82,111.75,16.98,0.0
20100912,呼和浩特,40.82,111.75,18.1,0.0
20100913,呼和浩特,40.82,111.75,18.03,0.0
20100914,呼和浩特,40.82,111.75,17.38,0.01
20100915,呼和浩特,40.82,111.75,15.6,1.14
20100916,呼和浩特,40.82,111.75,16.59,11.14
20100917,呼和浩特,40.82,111.75,14.04,24.51
20100918,呼和浩特,40.82,111.75,14.3,4.05
20100919,呼和浩特,40.82,111.75,16.34,0.01
20100920,呼和浩特,40.82,111.75,13.49,36.39
20100921,呼和浩特,40.82,111.75,5.81,3.31
20100922,呼和浩特,40.82,111.75,6.17,0.0
20100923,呼和浩特,40.82,111.75,9.39,0.0
20100924,呼和浩特,40.82,111.75,10.34,0.0
20100925,呼和浩特,40.82,111.75,9.28,0.14
20100926,呼和浩特,40.82,111.75,6.09,0.44
20100927,呼和浩特,40.82,111.75,3.67,0.0
20100928,呼和浩特,40.82,111.75,5.1,0.0
20100929,呼和浩特,40.82,111.75,7.04,0.0
20100930,呼和浩特,40.82,111.75,9.28,0.05
20101001,呼和浩特,40.82,111.75,6.47,8.11
20101002,呼和浩特,40.82,111.75,4.46,0.1
20101003,呼和浩特,40.82,111.75,5.13,0.0
20101004,呼和浩特,40.82,111.75,8.78,0.0
20101005,呼和浩特,40.82,111.75,9.35,0.0
20101006,呼和浩特,40.82,111.75,10.64,0.0
20101007,呼和浩特,40.82,111.75,12.23,0.0
20101008,呼和浩特,40.82,111.75,11.89,0.0
20101009,呼和浩特,40.82,111.75,10.92,2.48
20101010,呼和浩特,40.82,111.75,3.58,20.44
20101011,呼和浩特,40.82,111.75,1.67,0.03
20101012,呼和浩特,40.82,111.75,3.87,0.0
20101013,呼和浩特,40.82,111.75,4.67,0.0
20101014,呼和浩特,40.82,111.75,1.46,0.0
20101015,呼和浩特,40.82,111.75,3.07,0.0
20101016,呼和浩特,40.82,111.75,4.8,0.0
20101017,呼和浩特,40.82,111.75,4.23,0.0
20101018,呼和浩特,40.82,111.75,4.06,2.13
20101019,呼和浩特,40.82,111.75,2.93,0.0
20101020,呼和浩特,40.82,111.75,4.79,0.0
20101021,呼和浩特,40.82,111.75,6.78,0.0
20101022,呼和浩特,40.82,111.75,6.65,8.48
20101023,呼和浩特,40.82,111.75,7.99,1.05
20101024,呼和浩特,40.82,111.75,-2.55,0.69
20101025,呼和浩特,40.82,111.75,-3.94,0.0
20101026,呼和浩特,40.82,111.75,-4.81,0.01
20101027,呼和浩特,40.82,111.75,-2.15,0.0
20101028,呼和浩特,40.82,111.75,-0.6,0.0
20101029,呼和浩特,40.82,111.75,0.23,0.0
20101030,呼和浩特,40.82,111.75,0.74,0.0
20101031,呼和浩特,40.82,111.75,0.82,0.0
20100401,济南,36.67,116.98,8.67,0.02
20100402,济南,36.67,116.98,6.69,0.0
20100403,济南,36.67,116.98,10.1,0.0
20100404,济南,36.67,116.98,13.39,0.0
20100405,济南,36.67,116.98,13.34,0.0
20100406,济南,36.67,116.98,7.91,0.0
20100407,济南,36.67,116.98,9.19,0.0
20100408,济南,36.67,116.98,11.91,0.0
20100409,济南,36.67,116.98,12.47,0.02
20100410,济南,36.67,116.98,9.05,0.18
20100411,济南,36.67,116.98,7.69,0.06
20100412,济南,36.67,116.98,5.67,2.55
20100413,济南,36.67,116.98,4.36,0.0
20100414,济南,36.67,116.98,4.05,0.55
20100415,济南,36.67,116.98,6.44,0.0
20100416,济南,36.67,116.98,10.22,0.0
20100417,济南,36.67,116.98,12.38,0.0
20100418,济南,36.67,116.98,16.2,0.0
20100419,济南,36.67,116.98,17.19,0.0
20100420,济南,36.67,116.98,14.39,0.65
20100421,济南,36.67,116.98,9.08,6.84
20100422,济南,36.67,116.98,11.95,2.26
20100423,济南,36.67,116.98,11.84,0.0
20100424,济南,36.67,116.98,13.94,0.0
20100425,济南,36.67,116.98,12.98,1.36
20100426,济南,36.67,116.98,11.9,1.58
20100427,济南,36.67,116.98,10.25,0.94
20100428,济南,36.67,116.98,7.82,0.0
20100429,济南,36.67,116.98,11.1,0.0
20100430,济南,36.67,116.98,14.21,0.0
20100501,济南,36.67,116.98,18.09,0.0
20100502,济南,36.67,116.98,23.07,0.0
20100503,济南,36.67,116.98,25.82,0.07
20100504,济南,36.67,116.98,24.12,10.56
20100505,济南,36.67,116.98,21.2,4.92
20100506,济南,36.67,116.98,17.53,0.0
20100507,济南,36.67,116.98,20.21,0.0
20100508,济南,36.67,116.98,20.76,0.0
20100509,济南,36.67,116.98,17.79,0.0
20100510,济南,36.67,116.98,17.26,0.0
20100511,济南,36.67,116.98,16.19,0.0
20100512,济南,36.67,116.98,17.75,0.0
20100513,济南,36.67,116.98,19.63,0.0
20100514,济南,36.67,116.98,17.32,0.0
20100515,济南,36.67,116.98,18.64,0.0
20100516,济南,36.67,116.98,17.01,8.16
20100517,济南,36.67,116.98,18.95,11.29
20100518,济南,36.67,116.98,18.07,0.31
20100519,济南,36.67,116.98,21.31,0.0
20100520,济南,36.67,116.98,23.23,0.0
20100521,济南,36.67,116.98,22.16,0.04
20100522,济南,36.67,116.98,19.23,0.23
20100523,济南,36.67,116.98,21.1,0.0
20100524,济南,36.67,116.98,22.25,0.0
20100525,济南,36.67,116.98,23.1,0.0
20100526,济南,36.67,116.98,23.4,0.0
20100527,济南,36.67,116.98,22.35,3.61
20100528,济南,36.67,116.98,21.77,0.92
20100529,济南,36.67,116.98,24.9,0.01
20100530,济南,36.67,116.98,24.7,0.02
20100531,济南,36.67,116.98,20.54,0.0
20100601,济南,36.67,116.98,21.02,0.0
20100602,济南,36.67,116.98,22.28,3.39
20100603,济南,36.67,116.98,21.03,5.08
20100604,济南,36.67,116.98,21.37,1.97
20100605,济南,36.67,116.98,22.44,0.12
20100606,济南,36.67,116.98,23.14,0.0
20100607,济南,36.67,116.98,24.09,0.0
20100608,济南,36.67,116.98,22.96,0.0
20100609,济南,36.67,116.98,20.17,2.7
20100610,济南,36.67,116.98,18.73,3.81
20100611,济南,36.67,116.98,21.42,0.06
20100612,济南,36.67,116.98,23.89,0.0
20100613,济南,36.67,116.98,26.39,0.0
20100614,济南,36.67,116.98,27.8,0.0
20100615,济南,36.67,116.98,29.66,0.0
20100616,济南,36.67,116.98,29.48,0.0
20100617,济南,36.67,116.98,27.8,24.98
20100618,济南,36.67,116.98,23.84,11.63
20100619,济南,36.67,116.98,24.51,0.0
20100620,济南,36.67,116.98,26.7,0.0
20100621,济南,36.67,116.98,27.79,0.0
20100622,济南,36.67,116.98,28.76,3.19
20100623,济南,36.67,116.98,25.22,3.02
20100624,济南,36.67,116.98,25.84,0.36
20100625,济南,36.67,116.98,26.46,0.01
20100626,济南,36.67,116.98,27.26,0.0
20100627,济南,36.67,116.98,28.06,0.0
20100628,济南,36.67,116.98,29.46,0.0
20100629,济南,36.67,116.98,31.24,0.0
20100630,济南,36.67,116.98,30.76,12.38
20100701,济南,36.67,116.98,27.23,30.9
20100702,济南,36.67,116.98,26.97,0.03
20100703,济南,36.67,116.98,27.95,0.0
20100704,济南,36.67,116.98,30.1,0.0
20100705,济南,36.67,116.98,31.31,0.01
20100706,济南,36.67,116.98,31.72,0.0
20100707,济南,36.67,116.98,28.67,6.23
20100708,济南,36.67,116.98,29.34,5.24
20100709,济南,36.67,116.98,28.09,2.17
20100710,济南,36.67,116.98,25.76,7.72
20100711,济南,36.67,116.98,27.05,0.0
20100712,济南,36.67,116.98,28.24,0.0
20100713,济南,36.67,116.98,28.25,0.1
20100714,济南,36.67,116.98,28.0,4.57
20100715,济南,36.67,116.98,27.93,0.4
20100716,济南,36.67,116.98,27.58,0.0
20100717,济南,36.67,116.98,24.21,14.37
20100718,济南,36.67,116.98,26.25,1.64
20100719,济南,36.67,116.98,24.35,54.42
20100720,济南,36.67,116.98,23.57,4.71
20100721,济南,36.67,116.98,26.1,0.35
20100722,济南,36.67,116.98,28.16,0.01
20100723,济南,36.67,116.98,27.77,5.43
20100724,济南,36.67,116.98,28.09,0.85
20100725,济南,36.67,116.98,28.65,3.24
20100726,济南,36.67,116.98,28.64,5.88
20100727,济南,36.67,116.98,28.77,0.23
20100728,济南,36.67,116.98,28.9,0.0
20100729,济南,36.67,116.98,30.36,0.0
20100730,济南,36.67,116.98,31.88,0.0
20100731,济南,36.67,116.98,31.89,4.62
20100801,济南,36.67,116.98,27.9,7.37
20100802,济南,36.67,116.98,27.12,0.14
20100803,济南,36.67,116.98,30.21,0.28
20100804,济南,36.67,116.98,31.36,21.39
20100805,济南,36.67,116.98,25.63,5.23
20100806,济南,36.67,116.98,25.25,0.0
20100807,济南,36.67,116.98,25.21,10.33
20100808,济南,36.67,116.98,27.58,28.59
20100809,济南,36.67,116.98,27.29,18.1
20100810,济南,36.67,116.98,25.86,5.42
20100811,济南,36.67,116.98,27.27,13.66
20100812,济南,36.67,116.98,26.0,4.51
20100813,济南,36.67,116.98,27.52,16.47
20100814,济南,36.67,116.98,24.53,53.82
20100815,济南,36.67,116.98,24.59,0.0
20100816,济南,36.67,116.98,24.48,2.16
20100817,济南,36.67,116.98,24.52,2.36
20100818,济南,36.67,116.98,25.07,4.28
20100819,济南,36.67,116.98,27.25,67.62
20100820,济南,36.67,116.98,26.49,36.3
20100821,济南,36.67,116.98,26.84,17.99
20100822,济南,36.67,116.98,22.35,2.2
20100823,济南,36.67,116.98,19.9,10.7
20100824,济南,36.67,116.98,18.1,28.24
20100825,济南,36.67,116.98,19.07,6.24
20100826,济南,36.67,116.98,20.56,8.44
20100827,济南,36.67,116.98,21.15,2.58
20100828,济南,36.67,116.98,21.55,0.0
20100829,济南,36.67,116.98,22.93,0.0
20100830,济南,36.67,116.98,22.17,0.0
20100831,济南,36.67,116.98,23.53,0.23
20100901,济南,36.67,116.98,23.49,0.0
20100902,济南,36.67,116.98,21.92,0.24
20100903,济南,36.67,116.98,21.34,0.11
20100904,济南,36.67,116.98,22.83,1.25
20100905,济南,36.67,116.98,22.79,1.19
20100906,济南,36.67,116.98,21.85,13.16
20100907,济南,36.67,116.98,21.0,46.62
20100908,济南,36.67,116.98,19.6,6.23
20100909,济南,36.67,116.98,19.19,1.1
20100910,济南,36.67,116.98,21.2,9.59
20100911,济南,36.67,116.98,22.4,0.0
20100912,济南,36.67,116.98,23.11,0.0
20100913,济南,36.67,116.98,23.44,0.15
20100914,济南,36.67,116.98,23.52,0.0
20100915,济南,36.67,116.98,22.88,0.0
20100916,济南,36.67,116.98,22.92,0.01
20100917,济南,36.67,116.98,24.14,0.59
20100918,济南,36.67,116.98,22.42,0.76
20100919,济南,36.67,116.98,19.29,0.58
20100920,济南,36.67,116.98,23.09,0.79
20100921,济南,36.67,116.98,18.65,4.84
20100922,济南,36.67,116.98,14.0,0.02
20100923,济南,36.67,116.98,15.55,0.0
20100924,济南,36.67,116.98,14.05,0.07
20100925,济南,36.67,116.98,14.79,0.18
20100926,济南,36.67,116.98,16.7,0.0
20100927,济南,36.67,116.98,16.83,0.0
20100928,济南,36.67,116.98,12.67,0.0
20100929,济南,36.67,116.98,15.3,0.0
20100930,济南,36.67,116.98,16.58,0.0
20101001,济南,36.67,116.98,18.6,0.09
20101002,济南,36.67,116.98,17.02,0.07
20101003,济南,36.67,116.98,13.47,0.02
20101004,济南,36.67,116.98,13.48,0.0
20101005,济南,36.67,116.98,15.17,0.0
20101006,济南,36.67,116.98,16.13,0.0
20101007,济南,36.67,116.98,14.82,0.0
20101008,济南,36.67,116.98,15.33,0.0
20101009,济南,36.67,116.98,14.96,0.0
20101010,济南,36.67,116.98,16.23,0.0
20101011,济南,36.67,116.98,14.73,0.02
20101012,济南,36.67,116.98,11.92,0.0
20101013,济南,36.67,116.98,14.44,0.0
20101014,济南,36.67,116.98,14.2,0.07
20101015,济南,36.67,116.98,13.3,0.71
20101016,济南,36.67,116.98,13.58,0.0
20101017,济南,36.67,116.98,11.1,0.14
20101018,济南,36.67,116.98,12.99,1.32
20101019,济南,36.67,116.98,11.96,0.08
20101020,济南,36.67,116.98,11.86,0.01
20101021,济南,36.67,116.98,12.84,0.0
20101022,济南,36.67,116.98,13.28,0.0
20101023,济南,36.67,116.98,14.04,0.0
20101024,济南,36.67,116.98,13.02,1.08
20101025,济南,36.67,116.98,6.25,0.13
20101026,济南,36.67,116.98,3.34,0.0
20101027,济南,36.67,116.98,4.93,0.0
20101028,济南,36.67,116.98,7.26,0.0
20101029,济南,36.67,116.98,9.85,0.0
20101030,济南,36.67,116.98,10.09,0.0
20101031,济南,36.67,116.98,11.07,0.0
20100401,郑州,34.76,113.65,12.35,0.03
20100402,郑州,34.76,113.65,11.26,0.0
20100403,郑州,34.76,113.65,12.95,0.0
20100404,郑州,34.76,113.65,15.51,0.0
20100405,郑州,34.76,113.65,18.11,0.0
20100406,郑州,34.76,113.65,11.49,0.0
20100407,郑州,34.76,113.65,11.83,0.0
20100408,郑州,34.76,113.65,14.47,0.0
20100409,郑州,34.76,113.65,15.37,0.0
20100410,郑州,34.76,113.65,13.02,0.0
20100411,郑州,34.76,113.65,9.74,0.03
20100412,郑州,34.76,113.65,10.74,0.59
20100413,郑州,34.76,113.65,7.5,0.29
20100414,郑州,34.76,113.65,4.97,3.57
20100415,郑州,34.76,113.65,9.4,0.0
20100416,郑州,34.76,113.65,12.16,0.0
20100417,郑州,34.76,113.65,15.02,0.01
20100418,郑州,34.76,113.65,17.89,0.0
20100419,郑州,34.76,113.65,17.6,0.0
20100420,郑州,34.76,113.65,15.15,26.54
20100421,郑州,34.76,113.65,10.52,18.72
20100422,郑州,34.76,113.65,14.18,0.05
20100423,郑州,34.76,113.65,13.56,0.0
20100424,郑州,34.76,113.65,15.39,0.0
20100425,郑州,34.76,113.65,14.18,0.06
20100426,郑州,34.76,113.65,13.47,0.0
20100427,郑州,34.76,113.65,14.44,0.01
20100428,郑州,34.76,113.65,13.18,0.0
20100429,郑州,34.76,113.65,16.08,0.0
20100430,郑州,34.76,113.65,16.87,0.0
20100501,郑州,34.76,113.65,21.5,0.0
20100502,郑州,34.76,113.65,25.41,0.0
20100503,郑州,34.76,113.65,26.34,0.01
20100504,郑州,34.76,113.65,23.16,7.54
20100505,郑州,34.76,113.65,22.75,0.02
20100506,郑州,34.76,113.65,19.66,0.0
20100507,郑州,34.76,113.65,21.3,0.0
20100508,郑州,34.76,113.65,19.84,0.18
20100509,郑州,34.76,113.65,20.35,0.0
20100510,郑州,34.76,113.65,20.3,0.0
20100511,郑州,34.76,113.65,19.65,0.0
20100512,郑州,34.76,113.65,18.79,0.37
20100513,郑州,34.76,113.65,20.54,0.7
20100514,郑州,34.76,113.65,19.11,0.0
20100515,郑州,34.76,113.65,19.12,0.0
20100516,郑州,34.76,113.65,18.55,8.22
20100517,郑州,34.76,113.65,20.09,0.87
20100518,郑州,34.76,113.65,21.71,0.0
20100519,郑州,34.76,113.65,23.48,0.0
20100520,郑州,34.76,113.65,23.42,0.0
20100521,郑州,34.76,113.65,22.3,0.75
20100522,郑州,34.76,113.65,22.53,0.13
20100523,郑州,34.76,113.65,23.77,0.0
20100524,郑州,34.76,113.65,26.22,0.0
20100525,郑州,34.76,113.65,25.41,0.0
20100526,郑州,34.76,113.65,22.89,1.29
20100527,郑州,34.76,113.65,20.19,10.99
20100528,郑州,34.76,113.65,23.23,0.24
20100529,郑州,34.76,113.65,26.77,0.29
20100530,郑州,34.76,113.65,27.96,0.04
20100531,郑州,34.76,113.65,24.27,0.28
20100601,郑州,34.76,113.65,23.85,0.27
20100602,郑州,34.76,113.65,25.3,1.64
20100603,郑州,34.76,113.65,21.84,0.83
20100604,郑州,34.76,113.65,23.09,0.07
20100605,郑州,34.76,113.65,24.73,0.0
20100606,郑州,34.76,113.65,25.37,0.0
20100607,郑州,34.76,113.65,24.95,0.12
20100608,郑州,34.76,113.65,20.32,11.15
20100609,郑州,34.76,113.65,19.62,4.77
20100610,郑州,34.76,113.65,22.76,0.0
20100611,郑州,34.76,113.65,24.59,0.0
20100612,郑州,34.76,113.65,26.64,0.0
20100613,郑州,34.76,113.65,27.75,0.0
20100614,郑州,34.76,113.65,27.54,0.0
20100615,郑州,34.76,113.65,29.62,0.0
20100616,郑州,34.76,113.65,28.7,0.0
20100617,郑州,34.76,113.65,30.8,1.22
20100618,郑州,34.76,113.65,29.03,0.03
20100619,郑州,34.76,113.65,29.09,0.0
20100620,郑州,34.76,113.65,30.99,0.06
20100621,郑州,34.76,113.65,31.34,1.09
20100622,郑州,34.76,113.65,31.26,0.21
20100623,郑州,34.76,113.65,27.82,3.71
20100624,郑州,34.76,113.65,27.93,0.04
20100625,郑州,34.76,113.65,27.61,0.01
20100626,郑州,34.76,113.65,29.33,0.01
20100627,郑州,34.76,113.65,30.26,0.0
20100628,郑州,34.76,113.65,30.76,0.0
20100629,郑州,34.76,113.65,33.84,0.0
20100630,郑州,34.76,113.65,32.85,11.3
20100701,郑州,34.76,113.65,31.79,7.13
20100702,郑州,34.76,113.65,30.26,1.25
20100703,郑州,34.76,113.65,30.83,1.13
20100704,郑州,34.76,113.65,32.58,0.01
20100705,郑州,34.76,113.65,33.51,0.0
20100706,郑州,34.76,113.65,33.71,0.0
20100707,郑州,34.76,113.65,33.58,0.2
20100708,郑州,34.76,113.65,29.54,3.97
20100709,郑州,34.76,113.65,29.22,1.64
20100710,郑州,34.76,113.65,27.96,13.97
20100711,郑州,34.76,113.65,29.49,0.0
20100712,郑州,34.76,113.65,30.28,0.0
20100713,郑州,34.76,113.65,30.32,0.0
20100714,郑州,34.76,113.65,31.01,0.01
20100715,郑州,34.76,113.65,27.78,8.22
20100716,郑州,34.76,113.65,28.49,0.9
20100717,郑州,34.76,113.65,26.73,7.86
20100718,郑州,34.76,113.65,26.87,10.28
20100719,郑州,34.76,113.65,24.26,61.37
20100720,郑州,34.76,113.65,25.94,0.0
20100721,郑州,34.76,113.65,28.87,0.01
20100722,郑州,34.76,113.65,28.64,0.06
20100723,郑州,34.76,113.65,26.49,4.87
20100724,郑州,34.76,113.65,26.03,14.62
20100725,郑州,34.76,113.65,28.15,0.22
20100726,郑州,34.76,113.65,30.26,0.0
20100727,郑州,34.76,113.65,30.38,0.0
20100728,郑州,34.76,113.65,31.18,0.0
20100729,郑州,34.76,113.65,32.59,0.0
20100730,郑州,34.76,113.65,33.56,0.0
20100731,郑州,34.76,113.65,33.27,2.7
20100801,郑州,34.76,113.65,28.77,2.99
20100802,郑州,34.76,113.65,28.2,0.09
20100803,郑州,34.76,113.65,32.3,0.0
20100804,郑州,34.76,113.65,33.15,5.55
20100805,郑州,34.76,113.65,30.79,2.95
20100806,郑州,34.76,113.65,28.84,0.0
20100807,郑州,34.76,113.65,28.22,0.55
20100808,郑州,34.76,113.65,31.23,0.4
20100809,郑州,34.76,113.65,30.08,18.36
20100810,郑州,34.76,113.65,24.64,20.07
20100811,郑州,34.76,113.65,29.11,0.71
20100812,郑州,34.76,113.65,29.35,0.48
20100813,郑州,34.76,113.65,31.62,10.28
20100814,郑州,34.76,113.65,27.45,4.7
20100815,郑州,34.76,113.65,26.13,0.0
20100816,郑州,34.76,113.65,26.56,0.05
20100817,郑州,34.76,113.65,28.62,0.0
20100818,郑州,34.76,113.65,28.59,6.28
20100819,郑州,34.76,113.65,28.51,16.94
20100820,郑州,34.76,113.65,23.84,7.05
20100821,郑州,34.76,113.65,27.13,7.68
20100822,郑州,34.76,113.65,23.62,4.54
20100823,郑州,34.76,113.65,22.42,6.96
20100824,郑州,34.76,113.65,19.31,41.91
20100825,郑州,34.76,113.65,20.24,5.48
20100826,郑州,34.76,113.65,21.48,1.1
20100827,郑州,34.76,113.65,22.1,0.33
20100828,郑州,34.76,113.65,23.68,0.0
20100829,郑州,34.76,113.65,25.24,0.0
20100830,郑州,34.76,113.65,25.31,0.0
20100831,郑州,34.76,113.65,25.45,0.16
20100901,郑州,34.76,113.65,24.74,2.38
20100902,郑州,34.76,113.65,24.86,2.9
20100903,郑州,34.76,113.65,24.96,3.07
20100904,郑州,34.76,113.65,24.72,3.06
20100905,郑州,34.76,113.65,23.08,34.36
20100906,郑州,34.76,113.65,21.19,35.38
20100907,郑州,34.76,113.65,21.26,34.48
20100908,郑州,34.76,113.65,19.98,0.88
20100909,郑州,34.76,113.65,20.88,2.75
20100910,郑州,34.76,113.65,22.89,0.7
20100911,郑州,34.76,113.65,24.49,0.03
20100912,郑州,34.76,113.65,25.45,0.0
20100913,郑州,34.76,113.65,25.08,0.0
20100914,郑州,34.76,113.65,23.84,0.0
20100915,郑州,34.76,113.65,24.19,0.0
20100916,郑州,34.76,113.65,25.1,0.45
20100917,郑州,34.76,113.65,27.51,2.24
20100918,郑州,34.76,113.65,24.79,3.52
20100919,郑州,34.76,113.65,18.59,0.24
20100920,郑州,34.76,113.65,22.08,0.0
20100921,郑州,34.76,113.65,19.75,0.91
20100922,郑州,34.76,113.65,16.35,0.02
20100923,郑州,34.76,113.65,16.93,0.0
20100924,郑州,34.76,113.65,15.36,7.06
20100925,郑州,34.76,113.65,14.66,2.69
20100926,郑州,34.76,113.65,17.06,0.0
20100927,郑州,34.76,113.65,19.01,0.0
20100928,郑州,34.76,113.65,14.9,0.11
20100929,郑州,34.76,113.65,17.26,0.01
20100930,郑州,34.76,113.65,18.35,0.05
20101001,郑州,34.76,113.65,19.65,0.45
20101002,郑州,34.76,113.65,19.19,0.0
20101003,郑州,34.76,113.65,17.32,0.0
20101004,郑州,34.76,113.65,17.5,0.0
20101005,郑州,34.76,113.65,19.14,0.0
20101006,郑州,34.76,113.65,19.4,0.0
20101007,郑州,34.76,113.65,18.71,0.0
20101008,郑州,34.76,113.65,17.8,0.0
20101009,郑州,34.76,113.65,18.35,0.0
20101010,郑州,34.76,113.65,18.34,0.55
20101011,郑州,34.76,113.65,17.78,0.27
20101012,郑州,34.76,113.65,14.87,1.19
20101013,郑州,34.76,113.65,16.62,0.01
20101014,郑州,34.76,113.65,17.32,0.0
20101015,郑州,34.76,113.65,16.79,0.0
20101016,郑州,34.76,113.65,18.49,0.0
20101017,郑州,34.76,113.65,14.53,0.0
20101018,郑州,34.76,113.65,14.42,0.0
20101019,郑州,34.76,113.65,13.63,0.0
20101020,郑州,34.76,113.65,10.82,0.0
20101021,郑州,34.76,113.65,13.18,0.0
20101022,郑州,34.76,113.65,14.15,0.0
20101023,郑州,34.76,113.65,14.61,0.0
20101024,郑州,34.76,113.65,14.58,2.82
20101025,郑州,34.76,113.65,9.39,1.6
20101026,郑州,34.76,113.65,6.65,0.0
20101027,郑州,34.76,113.65,8.04,0.0
20101028,郑州,34.76,113.65,9.48,0.0
20101029,郑州,34.76,113.65,10.88,0.0
20101030,郑州,34.76,113.65,12.62,0.0
20101031,郑州,34.76,113.65,13.08,0.0
20110401,哈尔滨,45.75,126.63,-0.31,0.0
20110402,哈尔滨,45.75,126.63,0.42,0.0
20110403,哈尔滨,45.75,126.63,3.13,0.0
20110404,哈尔滨,45.75,126.63,6.48,0.0
20110405,哈尔滨,45.75,126.63,8.71,0.0
20110406,哈尔滨,45.75,126.63,6.69,0.93
20110407,哈尔滨,45.75,126.63,3.13,0.53
20110408,哈尔滨,45.75,126.63,5.09,0.0
20110409,哈尔滨,45.75,126.63,2.85,0.0
20110410,哈尔滨,45.75,126.63,0.87,0.0
20110411,哈尔滨,45.75,126.63,3.38,0.0
20110412,哈尔滨,45.75,126.63,7.75,0.0
20110413,哈尔滨,45.75,126.63,8.8,0.0
20110414,哈尔滨,45.75,126.63,12.98,0.14
20110415,哈尔滨,45.75,126.63,3.28,0.26
20110416,哈尔滨,45.75,126.63,4.77,0.02
20110417,哈尔滨,45.75,126.63,3.33,10.13
20110418,哈尔滨,45.75,126.63,6.42,0.34
20110419,哈尔滨,45.75,126.63,8.22,0.32
20110420,哈尔滨,45.75,126.63,4.78,2.64
20110421,哈尔滨,45.75,126.63,4.59,0.06
20110422,哈尔滨,45.75,126.63,3.91,0.36
20110423,哈尔滨,45.75,126.63,4.1,3.12
20110424,哈尔滨,45.75,126.63,4.17,3.66
20110425,哈尔滨,45.75,126.63,5.79,0.32
20110426,哈尔滨,45.75,126.63,4.19,0.18
20110427,哈尔滨,45.75,126.63,5.37,0.09
20110428,哈尔滨,45.75,126.63,7.44,0.03
20110429,哈尔滨,45.75,126.63,10.64,0.0
20110430,哈尔滨,45.75,126.63,9.92,7.09
20110501,哈尔滨,45.75,126.63,10.49,1.07
20110502,哈尔滨,45.75,126.63,10.94,0.72
20110503,哈尔滨,45.75,126.63,8.84,0.29
20110504,哈尔滨,45.75,126.63,11.63,0.0
20110505,哈尔滨,45.75,126.63,11.37,3.7
20110506,哈尔滨,45.75,126.63,9.84,4.17
20110507,哈尔滨,45.75,126.63,9.63,3.24
20110508,哈尔滨,45.75,126.63,12.87,0.0
20110509,哈尔滨,45.75,126.63,14.33,3.46
20110510,哈尔滨,45.75,126.63,12.8,0.0
20110511,哈尔滨,45.75,126.63,11.55,0.18
20110512,哈尔滨,45.75,126.63,14.37,0.37
20110513,哈尔滨,45.75,126.63,9.9,8.43
20110514,哈尔滨,45.75,126.63,7.4,4.61
20110515,哈尔滨,45.75,126.63,8.94,0.41
20110516,哈尔滨,45.75,126.63,12.48,0.0
20110517,哈尔滨,45.75,126.63,14.62,0.0
20110518,哈尔滨,45.75,126.63,15.05,2.8
20110519,哈尔滨,45.75,126.63,12.9,12.27
20110520,哈尔滨,45.75,126.63,10.89,5.34
20110521,哈尔滨,45.75,126.63,11.08,1.11
20110522,哈尔滨,45.75,126.63,11.46,1.02
20110523,哈尔滨,45.75,126.63,13.14,0.43
20110524,哈尔滨,45.75,126.63,16.29,0.0
20110525,哈尔滨,45.75,126.63,19.22,0.0
20110526,哈尔滨,45.75,126.63,21.33,0.0
20110527,哈尔滨,45.75,126.63,19.32,0.68
20110528,哈尔滨,45.75,126.63,19.78,1.52
20110529,哈尔滨,45.75,126.63,20.5,5.72
20110530,哈尔滨,45.75,126.63,16.78,19.92
20110531,哈尔滨,45.75,126.63,15.88,3.35
20110601,哈尔滨,45.75,126.63,12.3,1.49
20110602,哈尔滨,45.75,126.63,15.89,6.52
20110603,哈尔滨,45.75,126.63,15.34,14.08
20110604,哈尔滨,45.75,126.63,17.08,3.51
20110605,哈尔滨,45.75,126.63,19.33,0.03
20110606,哈尔滨,45.75,126.63,18.72,2.22
20110607,哈尔滨,45.75,126.63,19.65,3.03
20110608,哈尔滨,45.75,126.63,17.78,3.29
20110609,哈尔滨,45.75,126.63,16.46,6.83
20110610,哈尔滨,45.75,126.63,17.46,1.74
20110611,哈尔滨,45.75,126.63,19.75,0.24
20110612,哈尔滨,45.75,126.63,18.68,0.4
20110613,哈尔滨,45.75,126.63,18.32,0.1
20110614,哈尔滨,45.75,126.63,19.94,0.0
20110615,哈尔滨,45.75,126.63,21.52,0.0
20110616,哈尔滨,45.75,126.63,22.24,0.04
20110617,哈尔滨,45.75,126.63,21.98,0.01
20110618,哈尔滨,45.75,126.63,25.02,0.08
20110619,哈尔滨,45.75,126.63,25.36,0.04
20110620,哈尔滨,45.75,126.63,26.38,6.53
20110621,哈尔滨,45.75,126.63,24.21,2.72
20110622,哈尔滨,45.75,126.63,17.05,6.75
20110623,哈尔滨,45.75,126.63,18.37,2.42
20110624,哈尔滨,45.75,126.63,21.16,0.0
20110625,哈尔滨,45.75,126.63,22.3,0.0
20110626,哈尔滨,45.75,126.63,22.98,0.0
20110627,哈尔滨,45.75,126.63,18.32,0.82
20110628,哈尔滨,45.75,126.63,19.45,1.41
20110629,哈尔滨,45.75,126.63,25.48,0.01
20110630,哈尔滨,45.75,126.63,24.65,4.57
20110701,哈尔滨,45.75,126.63,23.54,6.75
20110702,哈尔滨,45.75,126.63,22.62,21.2
20110703,哈尔滨,45.75,126.63,20.93,1.96
20110704,哈尔滨,45.75,126.63,22.44,0.1
20110705,哈尔滨,45.75,126.63,24.57,0.01
20110706,哈尔滨,45.75,126.63,24.39,1.95
20110707,哈尔滨,45.75,126.63,23.56,14.1
20110708,哈尔滨,45.75,126.63,20.54,7.45
20110709,哈尔滨,45.75,126.63,19.82,18.91
20110710,哈尔滨,45.75,126.63,22.03,4.6
20110711,哈尔滨,45.75,126.63,23.81,4.26
20110712,哈尔滨,45.75,126.63,23.84,2.58
20110713,哈尔滨,45.75,126.63,24.19,2.88
20110714,哈尔滨,45.75,126.63,24.77,0.2
20110715,哈尔滨,45.75,126.63,24.25,0.15
20110716,哈尔滨,45.75,126.63,22.29,0.73
20110717,哈尔滨,45.75,126.63,22.98,0.85
20110718,哈尔滨,45.75,126.63,25.42,0.4
20110719,哈尔滨,45.75,126.63,26.22,0.05
20110720,哈尔滨,45.75,126.63,24.61,1.94
20110721,哈尔滨,45.75,126.63,25.32,2.23
20110722,哈尔滨,45.75,126.63,25.42,9.4
20110723,哈尔滨,45.75,126.63,25.51,0.44
20110724,哈尔滨,45.75,126.63,27.21,0.02
20110725,哈尔滨,45.75,126.63,26.65,0.0
20110726,哈尔滨,45.75,126.63,26.19,3.46
20110727,哈尔滨,45.75,126.63,25.36,7.6
20110728,哈尔滨,45.75,126.63,25.74,16.99
20110729,哈尔滨,45.75,126.63,24.86,2.18
20110730,哈尔滨,45.75,126.63,23.61,7.96
20110731,哈尔滨,45.75,126.63,22.27,13.92
20110801,哈尔滨,45.75,126.63,23.54,8.31
20110802,哈尔滨,45.75,126.63,23.88,0.66
20110803,哈尔滨,45.75,126.63,22.1,11.93
20110804,哈尔滨,45.75,126.63,22.62,6.34
20110805,哈尔滨,45.75,126.63,23.9,0.24
20110806,哈尔滨,45.75,126.63,24.62,0.47
20110807,哈尔滨,45.75,126.63,25.3,0.52
20110808,哈尔滨,45.75,126.63,24.72,1.78
20110809,哈尔滨,45.75,126.63,24.73,22.68
20110810,哈尔滨,45.75,126.63,24.55,0.35
20110811,哈尔滨,45.75,126.63,22.36,0.01
20110812,哈尔滨,45.75,126.63,23.93,0.19
20110813,哈尔滨,45.75,126.63,24.01,6.69
20110814,哈尔滨,45.75,126.63,22.17,0.06
20110815,哈尔滨,45.75,126.63,21.58,0.0
20110816,哈尔滨,45.75,126.63,20.85,1.08
20110817,哈尔滨,45.75,126.63,19.36,0.0
20110818,哈尔滨,45.75,126.63,19.73,1.36
20110819,哈尔滨,45.75,126.63,19.27,0.04
20110820,哈尔滨,45.75,126.63,20.72,0.73
20110821,哈尔滨,45.75,126.63,20.44,0.12
20110822,哈尔滨,45.75,126.63,19.26,0.02
20110823,哈尔滨,45.75,126.63,20.25,0.08
20110824,哈尔滨,45.75,126.63,20.73,0.04
20110825,哈尔滨,45.75,126.63,21.97,0.0
20110826,哈尔滨,45.75,126.63,23.65,0.0
20110827,哈尔滨,45.75,126.63,23.63,0.0
20110828,哈尔滨,45.75,126.63,22.75,0.37
20110829,哈尔滨,45.75,126.63,22.98,0.33
20110830,哈尔滨,45.75,126.63,22.95,7.95
20110831,哈尔滨,45.75,126.63,21.62,13.51
20110901,哈尔滨,45.75,126.63,15.91,0.0
20110902,哈尔滨,45.75,126.63,17.18,0.02
20110903,哈尔滨,45.75,126.63,15.08,0.1
20110904,哈尔滨,45.75,126.63,15.6,0.0
20110905,哈尔滨,45.75,126.63,16.75,0.0
20110906,哈尔滨,45.75,126.63,15.24,0.0
20110907,哈尔滨,45.75,126.63,18.42,0.28
20110908,哈尔滨,45.75,126.63,14.58,0.26
20110909,哈尔滨,45.75,126.63,13.03,0.17
20110910,哈尔滨,45.75,126.63,13.96,0.0
20110911,哈尔滨,45.75,126.63,15.35,0.0
20110912,哈尔滨,45.75,126.63,18.14,0.02
20110913,哈尔滨,45.75,126.63,20.46,1.67
20110914,哈尔滨,45.75,126.63,17.47,0.05
20110915,哈尔滨,45.75,126.63,12.52,5.47
20110916,哈尔滨,45.75,126.63,10.68,0.13
20110917,哈尔滨,45.75,126.63,8.46,0.0
20110918,哈尔滨,45.75,126.63,10.17,0.0
20110919,哈尔滨,45.75,126.63,12.17,0.0
20110920,哈尔滨,45.75,126.63,13.43,0.0
20110921,哈尔滨,45.75,126.63,14.06,0.0
20110922,哈尔滨,45.75,126.63,11.04,0.0
20110923,哈尔滨,45.75,126.63,12.95,0.0
20110924,哈尔滨,45.75,126.63,15.89,0.0
20110925,哈尔滨,45.75,126.63,14.88,0.0
20110926,哈尔滨,45.75,126.63,14.33,0.0
20110927,哈尔滨,45.75,126.63,17.28,2.31
20110928,哈尔滨,45.75,126.63,10.28,8.14
20110929,哈尔滨,45.75,126.63,4.71,6.11
20110930,哈尔滨,45.75,126.63,4.77,0.0
20111001,哈尔滨,45.75,126.63,3.64,0.17
20111002,哈尔滨,45.75,126.63,5.9,0.0
20111003,哈尔滨,45.75,126.63,9.0,0.0
20111004,哈尔滨,45.75,126.63,9.6,0.0
20111005,哈尔滨,45.75,126.63,10.71,2.39
20111006,哈尔滨,45.75,126.63,9.59,0.58
20111007,哈尔滨,45.75,126.63,8.68,0.0
20111008,哈尔滨,45.75,126.63,10.32,0.0
20111009,哈尔滨,45.75,126.63,11.21,1.98
20111010,哈尔滨,45.75,126.63,7.08,0.0
20111011,哈尔滨,45.75,126.63,8.02,0.0
20111012,哈尔滨,45.75,126.63,9.33,0.0
20111013,哈尔滨,45.75,126.63,11.51,0.0
20111014,哈尔滨,45.75,126.63,11.34,0.84
20111015,哈尔滨,45.75,126.63,10.55,1.89
20111016,哈尔滨,45.75,126.63,4.41,4.91
20111017,哈尔滨,45.75,126.63,-0.91,0.15
20111018,哈尔滨,45.75,126.63,3.13,0.0
20111019,哈尔滨,45.75,126.63,6.71,0.0
20111020,哈尔滨,45.75,126.63,10.05,0.01
20111021,哈尔滨,45.75,126.63,11.42,0.0
20111022,哈尔滨,45.75,126.63,9.56,0.0
20111023,哈尔滨,45.75,126.63,3.25,5.28
20111024,哈尔滨,45.75,126.63,1.05,0.0
20111025,哈尔滨,45.75,126.63,-0.5,0.0
20111026,哈尔滨,45.75,126.63,2.36,0.0
20111027,哈尔滨,45.75,126.63,3.95,0.41
20111028,哈尔滨,45.75,126.63,5.54,0.17
20111029,哈尔滨,45.75,126.63,5.14,0.0
20111030,哈尔滨,45.75,126.63,6.29,0.0
20111031,哈尔滨,45.75,126.63,7.77,0.04
20110401,长春,43.82,125.32,-0.2,0.0
20110402,长春,43.82,125.32,0.1,0.0
20110403,长春,43.82,125.32,3.65,0.0
20110404,长春,43.82,125.32,5.91,0.0
20110405,长春,43.82,125.32,7.65,0.0
20110406,长春,43.82,125.32,6.2,0.15
20110407,长春,43.82,125.32,4.67,3.57
20110408,长春,43.82,125.32,5.03,0.0
20110409,长春,43.82,125.32,4.84,0.0
20110410,长春,43.82,125.32,2.73,0.0
20110411,长春,43.82,125.32,3.62,0.0
20110412,长春,43.82,125.32,8.99,0.0
20110413,长春,43.82,125.32,11.82,0.0
20110414,长春,43.82,125.32,11.52,0.01
20110415,长春,43.82,125.32,3.4,0.01
20110416,长春,43.82,125.32,4.76,0.0
20110417,长春,43.82,125.32,4.62,1.76
20110418,长春,43.82,125.32,6.25,0.1
20110419,长春,43.82,125.32,8.24,0.0
20110420,长春,43.82,125.32,9.23,0.03
20110421,长春,43.82,125.32,6.39,0.17
20110422,长春,43.82,125.32,3.87,3.79
20110423,长春,43.82,125.32,3.58,0.68
20110424,长春,43.82,125.32,4.46,0.54
20110425,长春,43.82,125.32,7.72,0.0
20110426,长春,43.82,125.32,5.65,0.0
20110427,长春,43.82,125.32,4.4,0.03
20110428,长春,43.82,125.32,7.2,0.02
20110429,长春,43.82,125.32,10.76,0.22
20110430,长春,43.82,125.32,9.98,3.09
20110501,长春,43.82,125.32,9.78,1.12
20110502,长春,43.82,125.32,10.04,0.65
20110503,长春,43.82,125.32,9.1,2.13
20110504,长春,43.82,125.32,12.15,0.0
20110505,长春,43.82,125.32,9.93,2.32
20110506,长春,43.82,125.32,9.85,5.56
20110507,长春,43.82,125.32,9.24,3.95
20110508,长春,43.82,125.32,12.56,0.0
20110509,长春,43.82,125.32,14.15,3.09
20110510,长春,43.82,125.32,14.52,0.0
20110511,长春,43.82,125.32,16.08,0.0
20110512,长春,43.82,125.32,13.98,0.06
20110513,长春,43.82,125.32,9.46,4.23
20110514,长春,43.82,125.32,10.82,0.49
20110515,长春,43.82,125.32,8.59,2.49
20110516,长春,43.82,125.32,10.48,0.64
20110517,长春,43.82,125.32,14.39,0.0
20110518,长春,43.82,125.32,15.99,1.7
20110519,长春,43.82,125.32,13.32,10.59
20110520,长春,43.82,125.32,10.3,3.72
20110521,长春,43.82,125.32,10.07,3.45
20110522,长春,43.82,125.32,12.98,0.33
20110523,长春,43.82,125.32,14.89,0.15
20110524,长春,43.82,125.32,16.19,0.0
20110525,长春,43.82,125.32,19.18,0.0
20110526,长春,43.82,125.32,20.02,0.0
20110527,长春,43.82,125.32,18.6,0.29
20110528,长春,43.82,125.32,20.5,0.24
20110529,长春,43.82,125.32,20.8,2.48
20110530,长春,43.82,125.32,18.39,16.38
20110531,长春,43.82,125.32,15.07,15.05
20110601,长春,43.82,125.32,15.65,7.93
20110602,长春,43.82,125.32,16.61,3.24
20110603,长春,43.82,125.32,15.44,7.07
20110604,长春,43.82,125.32,16.6,1.51
20110605,长春,43.82,125.32,19.63,0.01
20110606,长春,43.82,125.32,20.53,0.68
20110607,长春,43.82,125.32,20.25,10.09
20110608,长春,43.82,125.32,17.29,8.1
20110609,长春,43.82,125.32,17.85,0.3
20110610,长春,43.82,125.32,19.33,0.04
20110611,长春,43.82,125.32,17.96,1.76
20110612,长春,43.82,125.32,19.04,1.26
20110613,长春,43.82,125.32,19.34,0.01
20110614,长春,43.82,125.32,21.48,0.62
20110615,长春,43.82,125.32,19.97,0.29
20110616,长春,43.82,125.32,18.49,0.48
20110617,长春,43.82,125.32,20.05,0.06
20110618,长春,43.82,125.32,21.68,0.0
20110619,长春,43.82,125.32,23.62,0.0
20110620,长春,43.82,125.32,24.24,0.11
20110621,长春,43.82,125.32,23.58,1.33
20110622,长春,43.82,125.32,22.15,11.35
20110623,长春,43.82,125.32,17.47,1.99
20110624,长春,43.82,125.32,19.47,0.01
20110625,长春,43.82,125.32,22.16,0.0
20110626,长春,43.82,125.32,20.74,0.93
20110627,长春,43.82,125.32,17.98,2.37
20110628,长春,43.82,125.32,22.79,0.25
20110629,长春,43.82,125.32,24.01,0.01
20110630,长春,43.82,125.32,23.74,2.65
20110701,长春,43.82,125.32,24.08,5.36
20110702,长春,43.82,125.32,23.69,4.18
20110703,长春,43.82,125.32,21.46,0.07
20110704,长春,43.82,125.32,23.63,0.01
20110705,长春,43.82,125.32,23.75,1.71
20110706,长春,43.82,125.32,25.4,1.38
20110707,长春,43.82,125.32,22.42,10.82
20110708,长春,43.82,125.32,19.54,21.96
20110709,长春,43.82,125.32,20.9,10.84
20110710,长春,43.82,125.32,22.69,1.37
20110711,长春,43.82,125.32,23.64,0.3
20110712,长春,43.82,125.32,23.92,0.35
20110713,长春,43.82,125.32,24.64,8.94
20110714,长春,43.82,125.32,24.8,0.6
20110715,长春,43.82,125.32,23.63,0.28
20110716,长春,43.82,125.32,23.55,0.6
20110717,长春,43.82,125.32,24.66,0.97
20110718,长春,43.82,125.32,25.59,2.7
20110719,长春,43.82,125.32,24.03,1.21
20110720,长春,43.82,125.32,23.77,6.27
20110721,长春,43.82,125.32,24.29,17.47
20110722,长春,43.82,125.32,23.7,1.49
20110723,长春,43.82,125.32,23.74,12.04
20110724,长春,43.82,125.32,25.24,0.37
20110725,长春,43.82,125.32,26.04,0.02
20110726,长春,43.82,125.32,24.5,3.85
20110727,长春,43.82,125.32,25.48,1.43
20110728,长春,43.82,125.32,25.51,2.59
20110729,长春,43.82,125.32,25.14,0.13
20110730,长春,43.82,125.32,23.28,13.33
20110731,长春,43.82,125.32,22.88,20.0
20110801,长春,43.82,125.32,24.25,2.29
20110802,长春,43.82,125.32,23.89,1.72
20110803,长春,43.82,125.32,21.67,10.93
20110804,长春,43.82,125.32,23.1,1.59
20110805,长春,43.82,125.32,24.0,0.47
20110806,长春,43.82,125.32,25.57,0.14
20110807,长春,43.82,125.32,24.53,2.2
20110808,长春,43.82,125.32,25.62,6.65
20110809,长春,43.82,125.32,24.03,19.25
20110810,长春,43.82,125.32,24.36,0.05
20110811,长春,43.82,125.32,23.69,0.0
20110812,长春,43.82,125.32,24.37,0.0
20110813,长春,43.82,125.32,25.53,7.63
20110814,长春,43.82,125.32,21.08,2.39
20110815,长春,43.82,125.32,20.94,3.14
20110816,长春,43.82,125.32,21.57,5.68
20110817,长春,43.82,125.32,19.17,0.0
20110818,长春,43.82,125.32,20.37,1.29
20110819,长春,43.82,125.32,20.11,0.0
20110820,长春,43.82,125.32,20.92,0.0
20110821,长春,43.82,125.32,21.22,0.71
20110822,长春,43.82,125.32,19.85,0.0
20110823,长春,43.82,125.32,19.51,0.0
20110824,长春,43.82,125.32,20.83,0.01
20110825,长春,43.82,125.32,21.53,0.0
20110826,长春,43.82,125.32,22.08,0.0
20110827,长春,43.82,125.32,23.8,0.94
20110828,长春,43.82,125.32,20.8,9.92
20110829,长春,43.82,125.32,22.45,2.14
20110830,长春,43.82,125.32,22.97,4.97
20110831,长春,43.82,125.32,22.35,8.79
20110901,长春,43.82,125.32,16.99,0.01
20110902,长春,43.82,125.32,18.32,0.0
20110903,长春,43.82,125.32,16.0,0.0
20110904,长春,43.82,125.32,17.15,0.0
20110905,长春,43.82,125.32,16.4,0.0
20110906,长春,43.82,125.32,16.27,0.0
20110907,长春,43.82,125.32,19.79,3.68
20110908,长春,43.82,125.32,14.89,0.01
20110909,长春,43.82,125.32,13.17,0.0
20110910,长春,43.82,125.32,14.39,0.0
20110911,长春,43.82,125.32,15.8,2.33
20110912,长春,43.82,125.32,18.33,0.0
20110913,长春,43.82,125.32,20.49,0.2
20110914,长春,43.82,125.32,20.63,0.88
20110915,长春,43.82,125.32,16.54,0.22
20110916,长春,43.82,125.32,12.47,0.21
20110917,长春,43.82,125.32,9.32,0.0
20110918,长春,43.82,125.32,10.54,0.0
20110919,长春,43.82,125.32,12.45,0.0
20110920,长春,43.82,125.32,14.52,0.0
20110921,长春,43.82,125.32,14.13,0.0
20110922,长春,43.82,125.32,12.42,0.0
20110923,长春,43.82,125.32,13.63,0.0
20110924,长春,43.82,125.32,16.04,0.0
20110925,长春,43.82,125.32,15.87,0.12
20110926,长春,43.82,125.32,17.03,1.65
20110927,长春,43.82,125.32,17.85,0.02
20110928,长春,43.82,125.32,15.62,2.04
20110929,长春,43.82,125.32,7.42,5.86
20110930,长春,43.82,125.32,5.68,0.0
20111001,长春,43.82,125.32,5.72,0.0
20111002,长春,43.82,125.32,5.92,0.0
20111003,长春,43.82,125.32,8.65,0.0
20111004,长春,43.82,125.32,10.71,0.0
20111005,长春,43.82,125.32,11.69,4.24
20111006,长春,43.82,125.32,9.07,0.07
20111007,长春,43.82,125.32,9.54,0.0
20111008,长春,43.82,125.32,12.04,0.0
20111009,长春,43.82,125.32,12.28,0.06
20111010,长春,43.82,125.32,7.47,0.01
20111011,长春,43.82,125.32,9.09,0.0
20111012,长春,43.82,125.32,10.05,0.0
20111013,长春,43.82,125.32,12.61,0.01
20111014,长春,43.82,125.32,11.34,1.35
20111015,长春,43.82,125.32,9.56,1.56
20111016,长春,43.82,125.32,6.25,2.37
20111017,长春,43.82,125.32,-1.04,0.0
20111018,长春,43.82,125.32,4.17,0.0
20111019,长春,43.82,125.32,9.72,0.02
20111020,长春,43.82,125.32,12.55,0.0
20111021,长春,43.82,125.32,12.29,0.0
20111022,长春,43.82,125.32,11.04,0.0
20111023,长春,43.82,125.32,4.04,7.33
20111024,长春,43.82,125.32,1.82,0.05
20111025,长春,43.82,125.32,0.65,0.0
20111026,长春,43.82,125.32,3.53,0.0
20111027,长春,43.82,125.32,6.36,1.93
20111028,长春,43.82,125.32,6.01,0.04
20111029,长春,43.82,125.32,6.36,0.0
20111030,长春,43.82,125.32,8.24,0.0
20111031,长春,43.82,125.32,11.01,0.01
20110401,沈阳,41.8,123.43,2.67,0.0
20110402,沈阳,41.8,123.43,1.85,0.0
20110403,沈阳,41.8,123.43,6.15,0.0
20110404,沈阳,41.8,123.43,6.87,0.0
20110405,沈阳,41.8,123.43,7.51,0.0
20110406,沈阳,41.8,123.43,6.93,0.03
20110407,沈阳,41.8,123.43,7.24,0.03
20110408,沈阳,41.8,123.43,6.27,0.0
20110409,沈阳,41.8,123.43,7.59,0.02
20110410,沈阳,41.8,123.43,5.99,0.02
20110411,沈阳,41.8,123.43,5.7,0.0
20110412,沈阳,41.8,123.43,10.43,0.0
20110413,沈阳,41.8,123.43,11.42,0.0
20110414,沈阳,41.8,123.43,12.07,0.0
20110415,沈阳,41.8,123.43,6.83,0.03
20110416,沈阳,41.8,123.43,7.06,0.0
20110417,沈阳,41.8,123.43,5.46,9.62
20110418,沈阳,41.8,123.43,6.42,0.9
20110419,沈阳,41.8,123.43,9.29,0.0
20110420,沈阳,41.8,123.43,11.04,0.0
20110421,沈阳,41.8,123.43,7.8,5.79
20110422,沈阳,41.8,123.43,7.34,0.46
20110423,沈阳,41.8,123.43,5.64,0.31
20110424,沈阳,41.8,123.43,6.17,0.52
20110425,沈阳,41.8,123.43,8.53,0.0
20110426,沈阳,41.8,123.43,10.06,0.0
20110427,沈阳,41.8,123.43,6.94,0.0
20110428,沈阳,41.8,123.43,8.68,0.0
20110429,沈阳,41.8,123.43,8.74,6.03
20110430,沈阳,41.8,123.43,11.96,1.69
20110501,沈阳,41.8,123.43,11.95,0.11
20110502,沈阳,41.8,123.43,13.25,0.0
20110503,沈阳,41.8,123.43,12.23,0.0
20110504,沈阳,41.8,123.43,13.67,0.02
20110505,沈阳,41.8,123.43,12.12,5.65
20110506,沈阳,41.8,123.43,10.69,1.15
20110507,沈阳,41.8,123.43,12.44,0.02
20110508,沈阳,41.8,123.43,15.5,0.91
20110509,沈阳,41.8,123.43,15.87,7.19
20110510,沈阳,41.8,123.43,17.87,0.0
20110511,沈阳,41.8,123.43,19.16,0.0
20110512,沈阳,41.8,123.43,15.37,0.0
20110513,沈阳,41.8,123.43,14.18,0.3
20110514,沈阳,41.8,123.43,13.79,0.0
20110515,沈阳,41.8,123.43,12.7,0.06
20110516,沈阳,41.8,123.43,13.57,0.03
20110517,沈阳,41.8,123.43,16.07,0.0
20110518,沈阳,41.8,123.43,17.5,2.54
20110519,沈阳,41.8,123.43,15.88,2.19
20110520,沈阳,41.8,123.43,15.15,0.18
20110521,沈阳,41.8,123.43,13.5,0.08
20110522,沈阳,41.8,123.43,15.99,0.0
20110523,沈阳,41.8,123.43,17.13,0.0
20110524,沈阳,41.8,123.43,18.54,0.0
20110525,沈阳,41.8,123.43,19.08,0.0
20110526,沈阳,41.8,123.43,19.71,0.01
20110527,沈阳,41.8,123.43,19.78,0.04
20110528,沈阳,41.8,123.43,20.97,0.0
20110529,沈阳,41.8,123.43,20.74,1.82
20110530,沈阳,41.8,123.43,20.17,7.73
20110531,沈阳,41.8,123.43,16.62,16.45
20110601,沈阳,41.8,123.43,18.78,0.07
20110602,沈阳,41.8,123.43,19.25,0.59
20110603,沈阳,41.8,123.43,18.36,10.32
20110604,沈阳,41.8,123.43,18.72,0.1
20110605,沈阳,41.8,123.43,21.13,0.0
20110606,沈阳,41.8,123.43,20.1,0.06
20110607,沈阳,41.8,123.43,21.31,1.12
20110608,沈阳,41.8,123.43,18.61,3.29
20110609,沈阳,41.8,123.43,21.17,0.01
20110610,沈阳,41.8,123.43,21.35,0.05
20110611,沈阳,41.8,123.43,18.2,15.44
20110612,沈阳,41.8,123.43,18.55,4.85
20110613,沈阳,41.8,123.43,21.78,0.0
20110614,沈阳,41.8,123.43,19.23,2.59
20110615,沈阳,41.8,123.43,19.7,3.29
20110616,沈阳,41.8,123.43,20.31,5.76
20110617,沈阳,41.8,123.43,20.88,0.39
20110618,沈阳,41.8,123.43,22.27,0.0
20110619,沈阳,41.8,123.43,23.46,0.0
20110620,沈阳,41.8,123.43,23.48,0.0
20110621,沈阳,41.8,123.43,25.27,0.0
20110622,沈阳,41.8,123.43,23.74,0.42
20110623,沈阳,41.8,123.43,20.03,6.61
20110624,沈阳,41.8,123.43,21.27,0.0
20110625,沈阳,41.8,123.43,23.03,0.02
20110626,沈阳,41.8,123.43,20.69,11.58
20110627,沈阳,41.8,123.43,20.65,2.48
20110628,沈阳,41.8,123.43,23.53,0.07
20110629,沈阳,41.8,123.43,23.57,0.03
20110630,沈阳,41.8,123.43,24.83,0.27
20110701,沈阳,41.8,123.43,25.35,3.51
20110702,沈阳,41.8,123.43,24.1,0.39
20110703,沈阳,41.8,123.43,23.76,0.0
20110704,沈阳,41.8,123.43,26.29,0.0
20110705,沈阳,41.8,123.43,25.33,0.11
20110706,沈阳,41.8,123.43,25.77,0.01
20110707,沈阳,41.8,123.43,24.1,6.19
20110708,沈阳,41.8,123.43,22.38,19.72
20110709,沈阳,41.8,123.43,23.34,0.1
20110710,沈阳,41.8,123.43,23.98,0.0
20110711,沈阳,41.8,123.43,23.63,0.0
20110712,沈阳,41.8,123.43,24.97,0.0
20110713,沈阳,41.8,123.43,26.13,1.68
20110714,沈阳,41.8,123.43,25.93,6.24
20110715,沈阳,41.8,123.43,25.91,2.49
20110716,沈阳,41.8,123.43,25.49,1.36
20110717,沈阳,41.8,123.43,25.71,0.05
20110718,沈阳,41.8,123.43,26.42,2.0
20110719,沈阳,41.8,123.43,24.77,2.68
20110720,沈阳,41.8,123.43,24.68,22.74
20110721,沈阳,41.8,123.43,24.57,1.54
20110722,沈阳,41.8,123.43,24.08,4.45
20110723,沈阳,41.8,123.43,24.75,0.14
20110724,沈阳,41.8,123.43,26.21,0.88
20110725,沈阳,41.8,123.43,25.73,3.19
20110726,沈阳,41.8,123.43,24.72,12.13
20110727,沈阳,41.8,123.43,25.74,0.23
20110728,沈阳,41.8,123.43,26.12,0.04
20110729,沈阳,41.8,123.43,26.27,0.07
20110730,沈阳,41.8,123.43,24.38,21.0
20110731,沈阳,41.8,123.43,25.62,3.71
20110801,沈阳,41.8,123.43,25.72,0.34
20110802,沈阳,41.8,123.43,25.68,1.47
20110803,沈阳,41.8,123.43,22.67,6.01
20110804,沈阳,41.8,123.43,23.91,0.01
20110805,沈阳,41.8,123.43,25.25,0.0
20110806,沈阳,41.8,123.43,25.43,0.14
20110807,沈阳,41.8,123.43,25.66,1.96
20110808,沈阳,41.8,123.43,25.91,20.26
20110809,沈阳,41.8,123.43,25.7,19.02
20110810,沈阳,41.8,123.43,24.45,0.16
20110811,沈阳,41.8,123.43,24.79,0.0
20110812,沈阳,41.8,123.43,25.78,0.0
20110813,沈阳,41.8,123.43,26.12,0.24
20110814,沈阳,41.8,123.43,24.74,2.63
20110815,沈阳,41.8,123.43,22.87,12.39
20110816,沈阳,41.8,123.43,22.58,16.13
20110817,沈阳,41.8,123.43,22.27,0.0
20110818,沈阳,41.8,123.43,23.84,0.0
20110819,沈阳,41.8,123.43,23.54,0.0
20110820,沈阳,41.8,123.43,24.58,0.0
20110821,沈阳,41.8,123.43,24.48,9.61
20110822,沈阳,41.8,123.43,23.13,3.5
20110823,沈阳,41.8,123.43,21.76,0.0
20110824,沈阳,41.8,123.43,23.22,0.0
20110825,沈阳,41.8,123.43,24.16,0.0
20110826,沈阳,41.8,123.43,24.3,0.0
20110827,沈阳,41.8,123.43,23.97,4.69
20110828,沈阳,41.8,123.43,23.12,26.68
20110829,沈阳,41.8,123.43,23.5,10.95
20110830,沈阳,41.8,123.43,24.0,7.47
20110831,沈阳,41.8,123.43,22.89,20.06
20110901,沈阳,41.8,123.43,18.77,2.57
20110902,沈阳,41.8,123.43,19.75,0.0
20110903,沈阳,41.8,123.43,17.89,0.0
20110904,沈阳,41.8,123.43,17.08,0.0
20110905,沈阳,41.8,123.43,17.65,0.0
20110906,沈阳,41.8,123.43,18.19,0.0
20110907,沈阳,41.8,123.43,19.19,7.71
20110908,沈阳,41.8,123.43,16.24,0.19
20110909,沈阳,41.8,123.43,15.62,0.0
20110910,沈阳,41.8,123.43,16.63,0.0
20110911,沈阳,41.8,123.43,17.42,0.13
20110912,沈阳,41.8,123.43,18.91,0.0
20110913,沈阳,41.8,123.43,20.86,0.01
20110914,沈阳,41.8,123.43,19.53,0.13
20110915,沈阳,41.8,123.43,19.22,0.44
20110916,沈阳,41.8,123.43,15.32,0.09
20110917,沈阳,41.8,123.43,10.93,0.07
20110918,沈阳,41.8,123.43,11.05,0.0
20110919,沈阳,41.8,123.43,13.6,0.0
20110920,沈阳,41.8,123.43,15.51,0.0
20110921,沈阳,41.8,123.43,16.58,0.0
20110922,沈阳,41.8,123.43,14.74,0.0
20110923,沈阳,41.8,123.43,15.05,0.0
20110924,沈阳,41.8,123.43,17.06,0.0
20110925,沈阳,41.8,123.43,18.37,0.0
20110926,沈阳,41.8,123.43,18.91,0.0
20110927,沈阳,41.8,123.43,17.86,0.0
20110928,沈阳,41.8,123.43,16.94,3.46
20110929,沈阳,41.8,123.43,10.62,7.78
20110930,沈阳,41.8,123.43,7.95,0.0
20111001,沈阳,41.8,123.43,8.61,0.0
20111002,沈阳,41.8,123.43,8.42,0.0
20111003,沈阳,41.8,123.43,10.04,0.0
20111004,沈阳,41.8,123.43,12.49,0.0
20111005,沈阳,41.8,123.43,13.21,3.43
20111006,沈阳,41.8,123.43,10.41,0.0
20111007,沈阳,41.8,123.43,12.24,0.0
20111008,沈阳,41.8,123.43,14.07,0.11
20111009,沈阳,41.8,123.43,14.0,1.71
20111010,沈阳,41.8,123.43,9.91,1.08
20111011,沈阳,41.8,123.43,11.71,0.0
20111012,沈阳,41.8,123.43,12.45,0.0
20111013,沈阳,41.8,123.43,14.01,6.8
20111014,沈阳,41.8,123.43,14.18,7.29
20111015,沈阳,41.8,123.43,12.16,1.01
20111016,沈阳,41.8,123.43,9.23,0.02
20111017,沈阳,41.8,123.43,3.17,0.0
20111018,沈阳,41.8,123.43,7.44,0.0
20111019,沈阳,41.8,123.43,11.67,0.0
20111020,沈阳,41.8,123.43,13.68,0.0
20111021,沈阳,41.8,123.43,13.41,0.0
20111022,沈阳,41.8,123.43,13.46,0.0
20111023,沈阳,41.8,123.43,6.28,2.5
20111024,沈阳,41.8,123.43,3.79,0.0
20111025,沈阳,41.8,123.43,3.27,0.0
20111026,沈阳,41.8,123.43,5.72,0.01
20111027,沈阳,41.8,123.43,8.35,3.11
20111028,沈阳,41.8,123.43,8.09,0.01
20111029,沈阳,41.8,123.43,8.78,0.0
20111030,沈阳,41.8,123.43,11.13,0.0
20111031,沈阳,41.8,123.43,12.25,0.0
20110401,呼和浩特,40.82,111.75,-1.67,1.07
20110402,呼和浩特,40.82,111.75,-1.63,0.0
20110403,呼和浩特,40.82,111.75,0.21,0.0
20110404,呼和浩特,40.82,111.75,2.37,0.0
20110405,呼和浩特,40.82,111.75,0.73,1.34
20110406,呼和浩特,40.82,111.75,3.03,0.09
20110407,呼和浩特,40.82,111.75,-0.21,0.0
20110408,呼和浩特,40.82,111.75,1.63,0.0
20110409,呼和浩特,40.82,111.75,2.51,0.0
20110410,呼和浩特,40.82,111.75,-0.22,0.0
20110411,呼和浩特,40.82,111.75,3.07,0.0
20110412,呼和浩特,40.82,111.75,8.13,0.0
20110413,呼和浩特,40.82,111.75,8.62,0.0
20110414,呼和浩特,40.82,111.75,9.28,0.0
20110415,呼和浩特,40.82,111.75,7.1,0.0
20110416,呼和浩特,40.82,111.75,8.71,0.0
20110417,呼和浩特,40.82,111.75,1.92,0.0
20110418,呼和浩特,40.82,111.75,5.34,0.0
20110419,呼和浩特,40.82,111.75,9.04,0.0
20110420,呼和浩特,40.82,111.75,8.46,0.14
20110421,呼和浩特,40.82,111.75,5.82,0.06
20110422,呼和浩特,40.82,111.75,2.21,0.21
20110423,呼和浩特,40.82,111.75,1.08,0.31
20110424,呼和浩特,40.82,111.75,5.98,0.01
20110425,呼和浩特,40.82,111.75,8.83,0.43
20110426,呼和浩特,40.82,111.75,2.83,0.02
20110427,呼和浩特,40.82,111.75,6.96,0.0
20110428,呼和浩特,40.82,111.75,11.24,0.01
20110429,呼和浩特,40.82,111.75,9.92,0.01
20110430,呼和浩特,40.82,111.75,3.38,0.03
20110501,呼和浩特,40.82,111.75,6.49,0.0
20110502,呼和浩特,40.82,111.75,6.29,0.0
20110503,呼和浩特,40.82,111.75,5.61,0.27
20110504,呼和浩特,40.82,111.75,6.77,2.61
20110505,呼和浩特,40.82,111.75,4.6,0.0
20110506,呼和浩特,40.82,111.75,6.13,0.0
20110507,呼和浩特,40.82,111.75,10.56,0.0
20110508,呼和浩特,40.82,111.75,8.62,2.97
20110509,呼和浩特,40.82,111.75,8.88,0.09
20110510,呼和浩特,40.82,111.75,11.87,0.2
20110511,呼和浩特,40.82,111.75,5.48,0.03
20110512,呼和浩特,40.82,111.75,3.99,0.0
20110513,呼和浩特,40.82,111.75,7.65,0.0
20110514,呼和浩特,40.82,111.75,10.07,0.0
20110515,呼和浩特,40.82,111.75,12.22,0.0
20110516,呼和浩特,40.82,111.75,14.09,0.0
20110517,呼和浩特,40.82,111.75,16.94,0.0
20110518,呼和浩特,40.82,111.75,11.58,0.35
20110519,呼和浩特,40.82,111.75,9.19,0.04
20110520,呼和浩特,40.82,111.75,7.87,0.0
20110521,呼和浩特,40.82,111.75,7.36,0.0
20110522,呼和浩特,40.82,111.75,11.86,0.0
20110523,呼和浩特,40.82,111.75,13.45,0.0
20110524,呼和浩特,40.82,111.75,15.2,0.01
20110525,呼和浩特,40.82,111.75,15.81,0.0
20110526,呼和浩特,40.82,111.75,14.1,0.0
20110527,呼和浩特,40.82,111.75,16.61,0.0
20110528,呼和浩特,40.82,111.75,16.57,0.0
20110529,呼和浩特,40.82,111.75,16.06,1.79
20110530,呼和浩特,40.82,111.75,14.0,0.28
20110531,呼和浩特,40.82,111.75,11.06,0.49
20110601,呼和浩特,40.82,111.75,15.35,0.0
20110602,呼和浩特,40.82,111.75,17.27,0.0
20110603,呼和浩特,40.82,111.75,15.98,0.0
20110604,呼和浩特,40.82,111.75,17.95,0.0
20110605,呼和浩特,40.82,111.75,19.12,0.49
20110606,呼和浩特,40.82,111.75,19.47,0.59
20110607,呼和浩特,40.82,111.75,20.15,2.88
20110608,呼和浩特,40.82,111.75,18.11,0.0
20110609,呼和浩特,40.82,111.75,19.07,0.01
20110610,呼和浩特,40.82,111.75,15.3,5.92
20110611,呼和浩特,40.82,111.75,14.06,0.05
20110612,呼和浩特,40.82,111.75,18.14,0.0
20110613,呼和浩特,40.82,111.75,19.8,0.28
20110614,呼和浩特,40.82,111.75,20.74,2.45
20110615,呼和浩特,40.82,111.75,21.28,0.53
20110616,呼和浩特,40.82,111.75,21.89,0.0
20110617,呼和浩特,40.82,111.75,21.67,0.24
20110618,呼和浩特,40.82,111.75,21.74,0.0
20110619,呼和浩特,40.82,111.75,21.6,0.0
20110620,呼和浩特,40.82,111.75,22.72,0.0
20110621,呼和浩特,40.82,111.75,22.26,2.66
20110622,呼和浩特,40.82,111.75,21.74,0.09
20110623,呼和浩特,40.82,111.75,19.01,3.32
20110624,呼和浩特,40.82,111.75,17.25,0.34
20110625,呼和浩特,40.82,111.75,17.54,0.0
20110626,呼和浩特,40.82,111.75,19.64,0.03
20110627,呼和浩特,40.82,111.75,17.19,2.01
20110628,呼和浩特,40.82,111.75,20.23,0.0
20110629,呼和浩特,40.82,111.75,20.6,6.4
20110630,呼和浩特,40.82,111.75,21.26,0.42
20110701,呼和浩特,40.82,111.75,20.51,0.16
20110702,呼和浩特,40.82,111.75,18.59,0.14
20110703,呼和浩特,40.82,111.75,21.21,0.0
20110704,呼和浩特,40.82,111.75,21.21,3.1
20110705,呼和浩特,40.82,111.75,21.6,0.21
20110706,呼和浩特,40.82,111.75,18.38,2.05
20110707,呼和浩特,40.82,111.75,14.27,0.0
20110708,呼和浩特,40.82,111.75,17.15,0.0
20110709,呼和浩特,40.82,111.75,21.26,0.62
20110710,呼和浩特,40.82,111.75,19.92,0.69
20110711,呼和浩特,40.82,111.75,19.38,2.5
20110712,呼和浩特,40.82,111.75,20.66,1.49
20110713,呼和浩特,40.82,111.75,22.09,0.11
20110714,呼和浩特,40.82,111.75,21.87,0.23
20110715,呼和浩特,40.82,111.75,22.38,0.95
20110716,呼和浩特,40.82,111.75,22.56,2.08
20110717,呼和浩特,40.82,111.75,20.52,1.09
20110718,呼和浩特,40.82,111.75,18.78,1.1
20110719,呼和浩特,40.82,111.75,19.04,1.71
20110720,呼和浩特,40.82,111.75,18.62,2.69
20110721,呼和浩特,40.82,111.75,21.3,0.71
20110722,呼和浩特,40.82,111.75,23.56,0.0
20110723,呼和浩特,40.82,111.75,23.58,2.17
20110724,呼和浩特,40.82,111.75,19.77,15.58
20110725,呼和浩特,40.82,111.75,21.53,0.0
20110726,呼和浩特,40.82,111.75,23.0,0.95
20110727,呼和浩特,40.82,111.75,21.6,0.02
20110728,呼和浩特,40.82,111.75,22.1,0.09
20110729,呼和浩特,40.82,111.75,16.92,8.01
20110730,呼和浩特,40.82,111.75,19.62,0.0
20110731,呼和浩特,40.82,111.75,22.68,0.0
20110801,呼和浩特,40.82,111.75,22.77,0.0
20110802,呼和浩特,40.82,111.75,22.48,0.0
20110803,呼和浩特,40.82,111.75,22.43,0.01
20110804,呼和浩特,40.82,111.75,23.97,0.16
20110805,呼和浩特,40.82,111.75,19.45,0.45
20110806,呼和浩特,40.82,111.75,20.97,0.1
20110807,呼和浩特,40.82,111.75,22.6,0.34
20110808,呼和浩特,40.82,111.75,24.91,0.81
20110809,呼和浩特,40.82,111.75,25.07,0.63
20110810,呼和浩特,40.82,111.75,23.62,0.0
20110811,呼和浩特,40.82,111.75,22.54,0.01
20110812,呼和浩特,40.82,111.75,24.02,0.0
20110813,呼和浩特,40.82,111.75,23.96,0.96
20110814,呼和浩特,40.82,111.75,19.53,9.82
20110815,呼和浩特,40.82,111.75,17.57,1.65
20110816,呼和浩特,40.82,111.75,19.4,0.01
20110817,呼和浩特,40.82,111.75,16.95,0.93
20110818,呼和浩特,40.82,111.75,18.72,0.0
20110819,呼和浩特,40.82,111.75,20.02,0.0
20110820,呼和浩特,40.82,111.75,19.85,0.0
20110821,呼和浩特,40.82,111.75,19.67,0.0
20110822,呼和浩特,40.82,111.75,18.13,0.21
20110823,呼和浩特,40.82,111.75,16.87,6.61
20110824,呼和浩特,40.82,111.75,15.87,5.05
20110825,呼和浩特,40.82,111.75,16.9,1.67
20110826,呼和浩特,40.82,111.75,15.19,0.83
20110827,呼和浩特,40.82,111.75,16.25,0.1
20110828,呼和浩特,40.82,111.75,18.97,0.0
20110829,呼和浩特,40.82,111.75,21.04,0.0
20110830,呼和浩特,40.82,111.75,21.28,0.09
20110831,呼和浩特,40.82,111.75,20.95,1.3
20110901,呼和浩特,40.82,111.75,17.47,0.18
20110902,呼和浩特,40.82,111.75,18.17,0.03
20110903,呼和浩特,40.82,111.75,14.81,1.98
20110904,呼和浩特,40.82,111.75,17.39,0.0
20110905,呼和浩特,40.82,111.75,17.83,0.0
20110906,呼和浩特,40.82,111.75,15.53,2.55
20110907,呼和浩特,40.82,111.75,11.62,0.09
20110908,呼和浩特,40.82,111.75,9.13,0.07
20110909,呼和浩特,40.82,111.75,6.25,0.32
20110910,呼和浩特,40.82,111.75,10.12,0.01
20110911,呼和浩特,40.82,111.75,11.93,1.86
20110912,呼和浩特,40.82,111.75,13.7,2.78
20110913,呼和浩特,40.82,111.75,15.27,1.69
20110914,呼和浩特,40.82,111.75,14.41,6.22
20110915,呼和浩特,40.82,111.75,12.68,0.83
20110916,呼和浩特,40.82,111.75,6.22,0.29
20110917,呼和浩特,40.82,111.75,4.41,0.0
20110918,呼和浩特,40.82,111.75,6.45,0.0
20110919,呼和浩特,40.82,111.75,7.25,0.0
20110920,呼和浩特,40.82,111.75,8.16,0.0
20110921,呼和浩特,40.82,111.75,9.48,0.0
20110922,呼和浩特,40.82,111.75,11.69,0.0
20110923,呼和浩特,40.82,111.75,12.39,0.0
20110924,呼和浩特,40.82,111.75,12.18,0.0
20110925,呼和浩特,40.82,111.75,12.4,0.07
20110926,呼和浩特,40.82,111.75,12.38,0.63
20110927,呼和浩特,40.82,111.75,11.86,1.39
20110928,呼和浩特,40.82,111.75,9.74,1.15
20110929,呼和浩特,40.82,111.75,5.76,0.0
20110930,呼和浩特,40.82,111.75,4.05,0.0
20111001,呼和浩特,40.82,111.75,3.39,0.0
20111002,呼和浩特,40.82,111.75,3.14,0.0
20111003,呼和浩特,40.82,111.75,5.58,0.0
20111004,呼和浩特,40.82,111.75,7.18,0.17
20111005,呼和浩特,40.82,111.75,6.83,0.14
20111006,呼和浩特,40.82,111.75,9.09,0.0
20111007,呼和浩特,40.82,111.75,10.76,0.0
20111008,呼和浩特,40.82,111.75,10.32,0.1
20111009,呼和浩特,40.82,111.75,10.48,0.0
20111010,呼和浩特,40.82,111.75,9.82,0.0
20111011,呼和浩特,40.82,111.75,10.86,0.26
20111012,呼和浩特,40.82,111.75,9.51,3.66
20111013,呼和浩特,40.82,111.75,3.37,0.35
20111014,呼和浩特,40.82,111.75,0.6,3.18
20111015,呼和浩特,40.82,111.75,3.35,0.06
20111016,呼和浩特,40.82,111.75,3.59,0.01
20111017,呼和浩特,40.82,111.75,5.27,0.0
20111018,呼和浩特,40.82,111.75,7.39,0.0
20111019,呼和浩特,40.82,111.75,7.03,0.01
20111020,呼和浩特,40.82,111.75,7.55,0.07
20111021,呼和浩特,40.82,111.75,7.88,0.0
20111022,呼和浩特,40.82,111.75,7.05,2.15
20111023,呼和浩特,40.82,111.75,-0.88,1.76
20111024,呼和浩特,40.82,111.75,-1.71,0.0
20111025,呼和浩特,40.82,111.75,1.08,0.45
20111026,呼和浩特,40.82,111.75,0.58,1.54
20111027,呼和浩特,40.82,111.75,1.36,0.0
20111028,呼和浩特,40.82,111.75,2.01,0.0
20111029,呼和浩特,40.82,111.75,2.74,0.0
20111030,呼和浩特,40.82,111.75,3.26,0.0
20111031,呼和浩特,40.82,111.75,4.45,0.21
20110401,济南,36.67,116.98,8.94,0.06
20110402,济南,36.67,116.98,2.81,3.19
20110403,济南,36.67,116.98,5.87,0.0
20110404,济南,36.67,116.98,9.45,0.0
20110405,济南,36.67,116.98,9.33,0.03
20110406,济南,36.67,116.98,8.32,0.68
20110407,济南,36.67,116.98,10.33,0.0
20110408,济南,36.67,116.98,10.32,0.0
20110409,济南,36.67,116.98,14.5,0.0
20110410,济南,36.67,116.98,8.11,0.0
20110411,济南,36.67,116.98,9.17,0.0
20110412,济南,36.67,116.98,12.28,0.0
20110413,济南,36.67,116.98,16.48,0.0
20110414,济南,36.67,116.98,17.14,0.0
20110415,济南,36.67,116.98,15.16,0.0
20110416,济南,36.67,116.98,13.82,0.0
20110417,济南,36.67,116.98,13.56,0.0
20110418,济南,36.67,116.98,9.85,0.0
20110419,济南,36.67,116.98,12.64,0.0
20110420,济南,36.67,116.98,16.73,0.56
20110421,济南,36.67,116.98,12.9,9.72
20110422,济南,36.67,116.98,11.5,1.59
20110423,济南,36.67,116.98,11.28,0.28
20110424,济南,36.67,116.98,11.88,0.0
20110425,济南,36.67,116.98,16.0,0.0
20110426,济南,36.67,116.98,16.01,0.0
20110427,济南,36.67,116.98,13.94,0.0
20110428,济南,36.67,116.98,16.8,0.0
20110429,济南,36.67,116.98,20.51,1.24
20110430,济南,36.67,116.98,18.34,0.65
20110501,济南,36.67,116.98,16.62,0.0
20110502,济南,36.67,116.98,15.19,0.0
20110503,济南,36.67,116.98,16.88,0.0
20110504,济南,36.67,116.98,18.73,0.0
20110505,济南,36.67,116.98,19.17,0.0
20110506,济南,36.67,116.98,20.47,0.01
20110507,济南,36.67,116.98,20.57,1.87
20110508,济南,36.67,116.98,19.05,39.5
20110509,济南,36.67,116.98,17.24,4.29
20110510,济南,36.67,116.98,13.86,19.25
20110511,济南,36.67,116.98,17.19,0.02
20110512,济南,36.67,116.98,16.55,0.0
20110513,济南,36.67,116.98,17.38,0.0
20110514,济南,36.67,116.98,19.21,0.0
20110515,济南,36.67,116.98,20.95,0.03
20110516,济南,36.67,116.98,20.44,1.04
20110517,济南,36.67,116.98,22.95,7.8
20110518,济南,36.67,116.98,24.45,0.44
20110519,济南,36.67,116.98,20.68,1.28
20110520,济南,36.67,116.98,16.04,4.45
20110521,济南,36.67,116.98,15.19,1.56
20110522,济南,36.67,116.98,14.77,0.0
20110523,济南,36.67,116.98,16.43,0.0
20110524,济南,36.67,116.98,17.32,0.0
20110525,济南,36.67,116.98,19.64,0.0
20110526,济南,36.67,116.98,19.37,0.0
20110527,济南,36.67,116.98,20.55,0.01
20110528,济南,36.67,116.98,22.35,0.0
20110529,济南,36.67,116.98,21.58,0.0
20110530,济南,36.67,116.98,22.17,0.0
20110531,济南,36.67,116.98,23.43,0.0
20110601,济南,36.67,116.98,22.79,0.34
20110602,济南,36.67,116.98,25.24,0.0
20110603,济南,36.67,116.98,26.76,0.0
20110604,济南,36.67,116.98,26.3,0.0
20110605,济南,36.67,116.98,26.33,0.0
20110606,济南,36.67,116.98,26.06,2.04
20110607,济南,36.67,116.98,26.67,0.02
20110608,济南,36.67,116.98,27.47,0.07
20110609,济南,36.67,116.98,25.94,0.01
20110610,济南,36.67,116.98,24.88,0.03
20110611,济南,36.67,116.98,25.94,0.08
20110612,济南,36.67,116.98,25.15,0.05
20110613,济南,36.67,116.98,26.67,0.0
20110614,济南,36.67,116.98,25.55,0.0
20110615,济南,36.67,116.98,25.57,0.0
20110616,济南,36.67,116.98,25.59,0.0
20110617,济南,36.67,116.98,25.21,0.08
20110618,济南,36.67,116.98,25.99,4.29
20110619,济南,36.67,116.98,26.5,0.0
20110620,济南,36.67,116.98,26.34,0.0
20110621,济南,36.67,116.98,27.56,0.0
20110622,济南,36.67,116.98,27.04,15.73
20110623,济南,36.67,116.98,25.28,14.25
20110624,济南,36.67,116.98,23.86,1.42
20110625,济南,36.67,116.98,23.2,0.09
20110626,济南,36.67,116.98,21.62,3.22
20110627,济南,36.67,116.98,25.65,0.3
20110628,济南,36.67,116.98,26.57,2.4
20110629,济南,36.67,116.98,28.53,0.0
20110630,济南,36.67,116.98,30.55,0.0
20110701,济南,36.67,116.98,28.77,4.17
20110702,济南,36.67,116.98,27.46,50.65
20110703,济南,36.67,116.98,24.14,11.8
20110704,济南,36.67,116.98,24.51,0.0
20110705,济南,36.67,116.98,24.62,0.04
20110706,济南,36.67,116.98,25.72,1.64
20110707,济南,36.67,116.98,24.88,1.62
20110708,济南,36.67,116.98,26.22,0.0
20110709,济南,36.67,116.98,28.96,0.0
20110710,济南,36.67,116.98,28.82,5.16
20110711,济南,36.67,116.98,27.46,7.0
20110712,济南,36.67,116.98,25.92,0.04
20110713,济南,36.67,116.98,25.84,0.0
20110714,济南,36.67,116.98,27.53,0.38
20110715,济南,36.67,116.98,27.53,0.5
20110716,济南,36.67,116.98,26.98,0.32
20110717,济南,36.67,116.98,26.64,0.13
20110718,济南,36.67,116.98,25.09,2.44
20110719,济南,36.67,116.98,24.1,3.58
20110720,济南,36.67,116.98,26.36,1.0
20110721,济南,36.67,116.98,27.83,0.42
20110722,济南,36.67,116.98,28.95,0.02
20110723,济南,36.67,116.98,30.58,0.0
20110724,济南,36.67,116.98,29.21,13.48
20110725,济南,36.67,116.98,28.46,14.31
20110726,济南,36.67,116.98,29.46,5.84
20110727,济南,36.67,116.98,26.45,19.1
20110728,济南,36.67,116.98,27.99,0.11
20110729,济南,36.67,116.98,27.92,10.93
20110730,济南,36.67,116.98,25.4,9.05
20110731,济南,36.67,116.98,25.95,0.0
20110801,济南,36.67,116.98,24.47,0.15
20110802,济南,36.67,116.98,21.48,8.84
20110803,济南,36.67,116.98,22.85,7.61
20110804,济南,36.67,116.98,25.15,0.0
20110805,济南,36.67,116.98,24.98,3.73
20110806,济南,36.67,116.98,24.18,27.84
20110807,济南,36.67,116.98,25.37,3.88
20110808,济南,36.67,116.98,26.03,0.29
20110809,济南,36.67,116.98,27.1,0.2
20110810,济南,36.67,116.98,27.29,11.75
20110811,济南,36.67,116.98,26.09,27.43
20110812,济南,36.67,116.98,25.69,8.67
20110813,济南,36.67,116.98,26.41,0.22
20110814,济南,36.67,116.98,28.07,3.24
20110815,济南,36.67,116.98,28.28,15.53
20110816,济南,36.67,116.98,25.32,3.39
20110817,济南,36.67,116.98,23.68,1.99
20110818,济南,36.67,116.98,20.75,13.24
20110819,济南,36.67,116.98,19.37,42.56
20110820,济南,36.67,116.98,21.31,10.93
20110821,济南,36.67,116.98,22.4,0.08
20110822,济南,36.67,116.98,23.06,0.03
20110823,济南,36.67,116.98,23.75,0.0
20110824,济南,36.67,116.98,23.99,0.27
20110825,济南,36.67,116.98,23.38,0.35
20110826,济南,36.67,116.98,23.62,1.64
20110827,济南,36.67,116.98,22.85,6.09
20110828,济南,36.67,116.98,23.48,2.11
20110829,济南,36.67,116.98,24.35,3.53
20110830,济南,36.67,116.98,25.47,0.3
20110831,济南,36.67,116.98,25.41,0.0
20110901,济南,36.67,116.98,23.54,0.04
20110902,济南,36.67,116.98,21.51,0.0
20110903,济南,36.67,116.98,22.58,0.09
20110904,济南,36.67,116.98,22.61,0.73
20110905,济南,36.67,116.98,23.24,0.01
20110906,济南,36.67,116.98,21.64,0.07
20110907,济南,36.67,116.98,18.44,3.96
20110908,济南,36.67,116.98,19.02,0.04
20110909,济南,36.67,116.98,20.41,2.02
20110910,济南,36.67,116.98,19.77,2.16
20110911,济南,36.67,116.98,16.92,8.16
20110912,济南,36.67,116.98,18.86,20.77
20110913,济南,36.67,116.98,20.14,14.47
20110914,济南,36.67,116.98,18.97,42.2
20110915,济南,36.67,116.98,19.52,12.17
20110916,济南,36.67,116.98,19.54,1.31
20110917,济南,36.67,116.98,15.2,21.35
20110918,济南,36.67,116.98,12.25,3.05
20110919,济南,36.67,116.98,12.71,0.15
20110920,济南,36.67,116.98,15.13,0.0
20110921,济南,36.67,116.98,15.81,0.0
20110922,济南,36.67,116.98,17.18,0.0
20110923,济南,36.67,116.98,19.14,0.0
20110924,济南,36.67,116.98,17.8,0.0
20110925,济南,36.67,116.98,17.8,0.0
20110926,济南,36.67,116.98,17.35,0.0
20110927,济南,36.67,116.98,18.69,2.38
20110928,济南,36.67,116.98,16.4,19.79
20110929,济南,36.67,116.98,16.01,0.0
20110930,济南,36.67,116.98,15.76,0.0
20111001,济南,36.67,116.98,14.58,0.03
20111002,济南,36.67,116.98,13.05,0.0
20111003,济南,36.67,116.98,12.39,0.0
20111004,济南,36.67,116.98,12.1,0.01
20111005,济南,36.67,116.98,14.62,0.0
20111006,济南,36.67,116.98,15.23,0.0
20111007,济南,36.67,116.98,16.46,0.0
20111008,济南,36.67,116.98,17.05,0.0
20111009,济南,36.67,116.98,16.83,0.11
20111010,济南,36.67,116.98,16.01,1.12
20111011,济南,36.67,116.98,16.72,0.56
20111012,济南,36.67,116.98,15.6,0.74
20111013,济南,36.67,116.98,14.15,0.35
20111014,济南,36.67,116.98,13.11,0.3
20111015,济南,36.67,116.98,11.52,0.16
20111016,济南,36.67,116.98,13.74,0.0
20111017,济南,36.67,116.98,13.48,0.0
20111018,济南,36.67,116.98,14.05,0.0
20111019,济南,36.67,116.98,14.88,0.0
20111020,济南,36.67,116.98,14.45,0.0
20111021,济南,36.67,116.98,15.76,0.0
20111022,济南,36.67,116.98,14.59,0.36
20111023,济南,36.67,116.98,12.86,11.01
20111024,济南,36.67,116.98,7.66,0.35
20111025,济南,36.67,116.98,8.19,0.0
20111026,济南,36.67,116.98,7.42,0.63
20111027,济南,36.67,116.98,9.88,0.02
20111028,济南,36.67,116.98,10.95,0.0
20111029,济南,36.67,116.98,10.76,0.0
20111030,济南,36.67,116.98,10.95,0.0
20111031,济南,36.67,116.98,10.98,0.0
20110401,郑州,34.76,113.65,14.93,0.2
20110402,郑州,34.76,113.65,4.23,6.5
20110403,郑州,34.76,113.65,7.6,0.0
20110404,郑州,34.76,113.65,9.31,0.0
20110405,郑州,34.76,113.65,11.63,0.57
20110406,郑州,34.76,113.65,13.47,0.17
20110407,郑州,34.76,113.65,13.32,0.0
20110408,郑州,34.76,113.65,13.87,0.0
20110409,郑州,34.76,113.65,17.6,0.0
20110410,郑州,34.76,113.65,12.94,0.0
20110411,郑州,34.76,113.65,12.79,0.0
20110412,郑州,34.76,113.65,15.93,0.0
20110413,郑州,34.76,113.65,19.4,0.0
20110414,郑州,34.76,113.65,21.6,0.0
20110415,郑州,34.76,113.65,22.26,0.0
20110416,郑州,34.76,113.65,17.21,0.0
20110417,郑州,34.76,113.65,18.41,0.0
20110418,郑州,34.76,113.65,15.05,0.0
20110419,郑州,34.76,113.65,15.9,0.0
20110420,郑州,34.76,113.65,17.91,4.41
20110421,郑州,34.76,113.65,18.47,1.63
20110422,郑州,34.76,113.65,17.05,0.01
20110423,郑州,34.76,113.65,18.14,0.0
20110424,郑州,34.76,113.65,17.51,0.0
20110425,郑州,34.76,113.65,22.49,0.0
20110426,郑州,34.76,113.65,24.13,0.0
20110427,郑州,34.76,113.65,19.12,0.0
20110428,郑州,34.76,113.65,20.64,0.0
20110429,郑州,34.76,113.65,26.17,0.1
20110430,郑州,34.76,113.65,23.86,0.0
20110501,郑州,34.76,113.65,19.07,0.0
20110502,郑州,34.76,113.65,16.34,0.15
20110503,郑州,34.76,113.65,19.29,0.0
20110504,郑州,34.76,113.65,20.25,0.0
20110505,郑州,34.76,113.65,22.97,0.0
20110506,郑州,34.76,113.65,23.68,0.0
20110507,郑州,34.76,113.65,24.18,0.26
20110508,郑州,34.76,113.65,22.73,3.75
20110509,郑州,34.76,113.65,19.85,2.97
20110510,郑州,34.76,113.65,15.23,24.86
20110511,郑州,34.76,113.65,20.47,0.0
20110512,郑州,34.76,113.65,20.85,0.0
20110513,郑州,34.76,113.65,20.31,0.0
20110514,郑州,34.76,113.65,23.07,0.0
20110515,郑州,34.76,113.65,23.91,0.0
20110516,郑州,34.76,113.65,22.96,0.0
20110517,郑州,34.76,113.65,25.61,0.02
20110518,郑州,34.76,113.65,29.49,0.0
20110519,郑州,34.76,113.65,24.02,0.39
20110520,郑州,34.76,113.65,19.07,4.83
20110521,郑州,34.76,113.65,15.57,5.14
20110522,郑州,34.76,113.65,16.36,0.29
20110523,郑州,34.76,113.65,18.21,0.0
20110524,郑州,34.76,113.65,17.85,0.0
20110525,郑州,34.76,113.65,20.81,0.0
20110526,郑州,34.76,113.65,22.8,0.0
20110527,郑州,34.76,113.65,24.08,0.59
20110528,郑州,34.76,113.65,25.62,0.0
20110529,郑州,34.76,113.65,23.43,0.02
20110530,郑州,34.76,113.65,25.06,0.0
20110531,郑州,34.76,113.65,27.16,0.0
20110601,郑州,34.76,113.65,26.09,0.0
20110602,郑州,34.76,113.65,27.49,0.0
20110603,郑州,34.76,113.65,28.96,0.0
20110604,郑州,34.76,113.65,29.02,0.0
20110605,郑州,34.76,113.65,28.69,0.0
20110606,郑州,34.76,113.65,28.65,0.09
20110607,郑州,34.76,113.65,31.13,3.09
20110608,郑州,34.76,113.65,32.62,0.01
20110609,郑州,34.76,113.65,28.87,0.01
20110610,郑州,34.76,113.65,29.02,0.01
20110611,郑州,34.76,113.65,30.67,0.1
20110612,郑州,34.76,113.65,29.02,0.0
20110613,郑州,34.76,113.65,29.1,0.0
20110614,郑州,34.76,113.65,27.59,0.01
20110615,郑州,34.76,113.65,28.35,0.0
20110616,郑州,34.76,113.65,28.24,0.02
20110617,郑州,34.76,113.65,25.94,0.72
20110618,郑州,34.76,113.65,26.34,0.07
20110619,郑州,34.76,113.65,29.92,0.0
20110620,郑州,34.76,113.65,29.14,0.0
20110621,郑州,34.76,113.65,28.64,0.0
20110622,郑州,34.76,113.65,29.31,1.24
20110623,郑州,34.76,113.65,29.08,4.47
20110624,郑州,34.76,113.65,26.98,1.72
20110625,郑州,34.76,113.65,23.53,1.23
20110626,郑州,34.76,113.65,26.86,0.0
20110627,郑州,34.76,113.65,27.94,1.9
20110628,郑州,34.76,113.65,30.38,0.62
20110629,郑州,34.76,113.65,30.88,0.02
20110630,郑州,34.76,113.65,33.45,0.0
20110701,郑州,34.76,113.65,32.96,0.09
20110702,郑州,34.76,113.65,32.53,11.69
20110703,郑州,34.76,113.65,27.14,10.26
20110704,郑州,34.76,113.65,27.49,1.41
20110705,郑州,34.76,113.65,30.34,0.27
20110706,郑州,34.76,113.65,28.18,6.56
20110707,郑州,34.76,113.65,28.67,0.01
20110708,郑州,34.76,113.65,30.28,0.0
20110709,郑州,34.76,113.65,31.27,0.0
20110710,郑州,34.76,113.65,32.15,0.23
20110711,郑州,34.76,113.65,31.71,0.04
20110712,郑州,34.76,113.65,30.85,3.85
20110713,郑州,34.76,113.65,29.27,0.0
20110714,郑州,34.76,113.65,29.51,0.0
20110715,郑州,34.76,113.65,30.57,0.0
20110716,郑州,34.76,113.65,29.62,0.0
20110717,郑州,34.76,113.65,29.27,0.0
20110718,郑州,34.76,113.65,28.9,0.07
20110719,郑州,34.76,113.65,27.93,1.06
20110720,郑州,34.76,113.65,28.82,2.47
20110721,郑州,34.76,113.65,29.89,8.81
20110722,郑州,34.76,113.65,30.66,4.6
20110723,郑州,34.76,113.65,31.84,1.24
20110724,郑州,34.76,113.65,31.27,4.67
20110725,郑州,34.76,113.65,32.92,0.18
20110726,郑州,34.76,113.65,32.26,16.39
20110727,郑州,34.76,113.65,30.33,1.41
20110728,郑州,34.76,113.65,31.36,0.04
20110729,郑州,34.76,113.65,30.37,15.17
20110730,郑州,34.76,113.65,28.69,0.31
20110731,郑州,34.76,113.65,28.42,6.33
20110801,郑州,34.76,113.65,21.92,15.89
20110802,郑州,34.76,113.65,20.76,25.91
20110803,郑州,34.76,113.65,24.59,3.08
20110804,郑州,34.76,113.65,25.37,0.0
20110805,郑州,34.76,113.65,25.21,8.36
20110806,郑州,34.76,113.65,26.06,8.1
20110807,郑州,34.76,113.65,25.96,0.31
20110808,郑州,34.76,113.65,28.6,0.02
20110809,郑州,34.76,113.65,30.41,0.36
20110810,郑州,34.76,113.65,29.43,2.48
20110811,郑州,34.76,113.65,28.39,0.45
20110812,郑州,34.76,113.65,29.61,0.0
20110813,郑州,34.76,113.65,30.82,0.0
20110814,郑州,34.76,113.65,32.11,0.0
20110815,郑州,34.76,113.65,32.67,2.74
20110816,郑州,34.76,113.65,29.53,4.81
20110817,郑州,34.76,113.65,26.64,0.65
20110818,郑州,34.76,113.65,23.14,5.89
20110819,郑州,34.76,113.65,22.22,6.74
20110820,郑州,34.76,113.65,21.75,12.43
20110821,郑州,34.76,113.65,21.5,33.13
20110822,郑州,34.76,113.65,22.97,0.1
20110823,郑州,34.76,113.65,24.26,0.0
20110824,郑州,34.76,113.65,25.38,0.0
20110825,郑州,34.76,113.65,25.49,0.49
20110826,郑州,34.76,113.65,24.87,0.1
20110827,郑州,34.76,113.65,24.9,0.34
20110828,郑州,34.76,113.65,26.09,0.24
20110829,郑州,34.76,113.65,27.3,0.0
20110830,郑州,34.76,113.65,27.87,0.0
20110831,郑州,34.76,113.65,28.02,0.0
20110901,郑州,34.76,113.65,27.3,0.01
20110902,郑州,34.76,113.65,24.78,0.02
20110903,郑州,34.76,113.65,24.96,4.85
20110904,郑州,34.76,113.65,21.73,2.34
20110905,郑州,34.76,113.65,21.63,9.9
20110906,郑州,34.76,113.65,19.51,7.4
20110907,郑州,34.76,113.65,18.4,8.2
20110908,郑州,34.76,113.65,19.03,0.02
20110909,郑州,34.76,113.65,21.6,0.03
20110910,郑州,34.76,113.65,20.4,1.99
20110911,郑州,34.76,113.65,15.15,26.87
20110912,郑州,34.76,113.65,18.39,24.34
20110913,郑州,34.76,113.65,18.89,20.04
20110914,郑州,34.76,113.65,19.47,45.25
20110915,郑州,34.76,113.65,21.44,12.46
20110916,郑州,34.76,113.65,21.41,5.39
20110917,郑州,34.76,113.65,14.41,21.03
20110918,郑州,34.76,113.65,12.34,12.78
20110919,郑州,34.76,113.65,14.2,0.37
20110920,郑州,34.76,113.65,16.41,0.0
20110921,郑州,34.76,113.65,17.32,0.0
20110922,郑州,34.76,113.65,19.35,0.0
20110923,郑州,34.76,113.65,19.6,0.0
20110924,郑州,34.76,113.65,19.99,0.0
20110925,郑州,34.76,113.65,20.59,0.0
20110926,郑州,34.76,113.65,19.79,0.0
20110927,郑州,34.76,113.65,18.85,15.83
20110928,郑州,34.76,113.65,17.45,15.46
20110929,郑州,34.76,113.65,18.76,0.12
20110930,郑州,34.76,113.65,18.1,0.0
20111001,郑州,34.76,113.65,16.04,0.0
20111002,郑州,34.76,113.65,13.8,0.0
20111003,郑州,34.76,113.65,14.43,0.0
20111004,郑州,34.76,113.65,15.21,0.0
20111005,郑州,34.76,113.65,17.24,0.0
20111006,郑州,34.76,113.65,17.24,0.0
20111007,郑州,34.76,113.65,17.95,0.0
20111008,郑州,34.76,113.65,18.7,0.0
20111009,郑州,34.76,113.65,17.33,2.52
20111010,郑州,34.76,113.65,17.61,4.24
20111011,郑州,34.76,113.65,17.14,7.08
20111012,郑州,34.76,113.65,16.41,4.35
20111013,郑州,34.76,113.65,17.06,0.01
20111014,郑州,34.76,113.65,15.44,0.0
20111015,郑州,34.76,113.65,14.32,0.0
20111016,郑州,34.76,113.65,15.53,0.0
20111017,郑州,34.76,113.65,16.36,0.0
20111018,郑州,34.76,113.65,15.72,0.0
20111019,郑州,34.76,113.65,15.69,0.0
20111020,郑州,34.76,113.65,15.99,0.0
20111021,郑州,34.76,113.65,16.08,0.0
20111022,郑州,34.76,113.65,15.46,9.42
20111023,郑州,34.76,113.65,14.23,15.09
20111024,郑州,34.76,113.65,9.82,0.05
20111025,郑州,34.76,113.65,8.17,0.0
20111026,郑州,34.76,113.65,9.49,0.58
20111027,郑州,34.76,113.65,11.07,0.0
20111028,郑州,34.76,113.65,12.19,0.0
20111029,郑州,34.76,113.65,11.27,0.0
20111030,郑州,34.76,113.65,11.76,0.0
20111031,郑州,34.76,113.65,14.03,0.0
20120401,哈尔滨,45.75,126.63,-3.62,0.0
20120402,哈尔滨,45.75,126.63,-1.7,0.0
20120403,哈尔滨,45.75,126.63,0.02,0.0
20120404,哈尔滨,45.75,126.63,-0.08,0.0
20120405,哈尔滨,45.75,126.63,-2.54,0.0
20120406,哈尔滨,45.75,126.63,-2.38,0.0
20120407,哈尔滨,45.75,126.63,1.13,0.0
20120408,哈尔滨,45.75,126.63,1.44,0.22
20120409,哈尔滨,45.75,126.63,5.02,0.0
20120410,哈尔滨,45.75,126.63,8.54,0.18
20120411,哈尔滨,45.75,126.63,3.67,0.0
20120412,哈尔滨,45.75,126.63,3.09,5.01
20120413,哈尔滨,45.75,126.63,9.72,0.0
20120414,哈尔滨,45.75,126.63,5.34,0.92
20120415,哈尔滨,45.75,126.63,5.24,0.39
20120416,哈尔滨,45.75,126.63,3.5,0.0
20120417,哈尔滨,45.75,126.63,7.62,0.0
20120418,哈尔滨,45.75,126.63,12.83,0.0
20120419,哈尔滨,45.75,126.63,14.7,0.03
20120420,哈尔滨,45.75,126.63,12.46,4.13
20120421,哈尔滨,45.75,126.63,12.94,0.07
20120422,哈尔滨,45.75,126.63,8.87,2.23
20120423,哈尔滨,45.75,126.63,9.87,0.18
20120424,哈尔滨,45.75,126.63,11.56,0.57
20120425,哈尔滨,45.75,126.63,6.13,14.3
20120426,哈尔滨,45.75,126.63,7.36,0.11
20120427,哈尔滨,45.75,126.63,8.32,3.75
20120428,哈尔滨,45.75,126.63,7.78,0.19
20120429,哈尔滨,45.75,126.63,8.47,0.0
20120430,哈尔滨,45.75,126.63,9.96,2.29
20120501,哈尔滨,45.75,126.63,10.76,0.0
20120502,哈尔滨,45.75,126.63,11.28,0.0
20120503,哈尔滨,45.75,126.63,15.38,0.0
20120504,哈尔滨,45.75,126.63,13.2,0.1
20120505,哈尔滨,45.75,126.63,11.0,2.03
20120506,哈尔滨,45.75,126.63,8.9,3.09
20120507,哈尔滨,45.75,126.63,10.81,0.26
20120508,哈尔滨,45.75,126.63,11.17,0.04
20120509,哈尔滨,45.75,126.63,12.06,0.01
20120510,哈尔滨,45.75,126.63,12.63,0.0
20120511,哈尔滨,45.75,126.63,15.18,0.0
20120512,哈尔滨,45.75,126.63,17.37,3.97
20120513,哈尔滨,45.75,126.63,16.12,0.23
20120514,哈尔滨,45.75,126.63,14.02,3.87
20120515,哈尔滨,45.75,126.63,11.69,1.31
20120516,哈尔滨,45.75,126.63,12.42,0.6
20120517,哈尔滨,45.75,126.63,15.01,0.0
20120518,哈尔滨,45.75,126.63,18.36,0.0
20120519,哈尔滨,45.75,126.63,19.44,0.0
20120520,哈尔滨,45.75,126.63,19.9,0.0
20120521,哈尔滨,45.75,126.63,22.2,0.0
20120522,哈尔滨,45.75,126.63,22.6,1.28
20120523,哈尔滨,45.75,126.63,17.28,1.85
20120524,哈尔滨,45.75,126.63,14.82,0.0
20120525,哈尔滨,45.75,126.63,14.51,0.04
20120526,哈尔滨,45.75,126.63,15.42,0.96
20120527,哈尔滨,45.75,126.63,16.18,1.03
20120528,哈尔滨,45.75,126.63,15.45,6.67
20120529,哈尔滨,45.75,126.63,18.36,0.01
20120530,哈尔滨,45.75,126.63,17.01,3.86
20120531,哈尔滨,45.75,126.63,16.27,3.49
20120601,哈尔滨,45.75,126.63,18.4,0.16
20120602,哈尔滨,45.75,126.63,20.02,2.54
20120603,哈尔滨,45.75,126.63,18.79,1.77
20120604,哈尔滨,45.75,126.63,15.86,11.7
20120605,哈尔滨,45.75,126.63,17.69,4.38
20120606,哈尔滨,45.75,126.63,20.83,6.88
20120607,哈尔滨,45.75,126.63,20.78,6.13
20120608,哈尔滨,45.75,126.63,21.8,2.26
20120609,哈尔滨,45.75,126.63,22.68,7.32
20120610,哈尔滨,45.75,126.63,18.63,13.45
20120611,哈尔滨,45.75,126.63,16.65,12.55
20120612,哈尔滨,45.75,126.63,18.94,0.51
20120613,哈尔滨,45.75,126.63,18.22,2.1
20120614,哈尔滨,45.75,126.63,19.1,3.59
20120615,哈尔滨,45.75,126.63,18.43,11.83
20120616,哈尔滨,45.75,126.63,18.08,6.65
20120617,哈尔滨,45.75,126.63,19.36,11.1
20120618,哈尔滨,45.75,126.63,20.22,10.37
20120619,哈尔滨,45.75,126.63,21.93,0.39
20120620,哈尔滨,45.75,126.63,22.26,2.24
20120621,哈尔滨,45.75,126.63,21.75,0.15
20120622,哈尔滨,45.75,126.63,22.41,0.0
20120623,哈尔滨,45.75,126.63,22.73,1.52
20120624,哈尔滨,45.75,126.63,23.84,0.54
20120625,哈尔滨,45.75,126.63,25.34,0.1
20120626,哈尔滨,45.75,126.63,25.43,4.47
20120627,哈尔滨,45.75,126.63,26.27,0.0
20120628,哈尔滨,45.75,126.63,26.42,0.06
20120629,哈尔滨,45.75,126.63,23.17,14.34
20120630,哈尔滨,45.75,126.63,22.45,7.67
20120701,哈尔滨,45.75,126.63,23.81,21.43
20120702,哈尔滨,45.75,126.63,22.07,0.38
20120703,哈尔滨,45.75,126.63,20.89,4.88
20120704,哈尔滨,45.75,126.63,21.65,3.29
20120705,哈尔滨,45.75,126.63,23.93,0.11
20120706,哈尔滨,45.75,126.63,25.04,0.32
20120707,哈尔滨,45.75,126.63,26.65,0.17
20120708,哈尔滨,45.75,126.63,27.34,0.13
20120709,哈尔滨,45.75,126.63,25.55,10.12
20120710,哈尔滨,45.75,126.63,25.03,2.22
20120711,哈尔滨,45.75,126.63,23.01,0.53
20120712,哈尔滨,45.75,126.63,22.21,0.54
20120713,哈尔滨,45.75,126.63,22.21,0.03
20120714,哈尔滨,45.75,126.63,23.45,0.0
20120715,哈尔滨,45.75,126.63,25.64,0.2
20120716,哈尔滨,45.75,126.63,26.61,0.18
20120717,哈尔滨,45.75,126.63,27.29,0.0
20120718,哈尔滨,45.75,126.63,26.86,2.21
20120719,哈尔滨,45.75,126.63,25.06,2.82
20120720,哈尔滨,45.75,126.63,21.37,7.66
20120721,哈尔滨,45.75,126.63,24.15,0.63
20120722,哈尔滨,45.75,126.63,23.86,17.47
20120723,哈尔滨,45.75,126.63,23.64,7.27
20120724,哈尔滨,45.75,126.63,24.45,0.0
20120725,哈尔滨,45.75,126.63,25.81,0.04
20120726,哈尔滨,45.75,126.63,26.12,11.47
20120727,哈尔滨,45.75,126.63,23.78,1.12
20120728,哈尔滨,45.75,126.63,24.88,12.08
20120729,哈尔滨,45.75,126.63,23.08,56.06
20120730,哈尔滨,45.75,126.63,19.86,4.61
20120731,哈尔滨,45.75,126.63,18.94,0.96
20120801,哈尔滨,45.75,126.63,19.76,0.02
20120802,哈尔滨,45.75,126.63,19.43,10.17
20120803,哈尔滨,45.75,126.63,21.28,1.01
20120804,哈尔滨,45.75,126.63,22.17,0.03
20120805,哈尔滨,45.75,126.63,23.42,0.15
20120806,哈尔滨,45.75,126.63,24.68,0.0
20120807,哈尔滨,45.75,126.63,25.1,0.0
20120808,哈尔滨,45.75,126.63,24.89,25.03
20120809,哈尔滨,45.75,126.63,21.58,0.44
20120810,哈尔滨,45.75,126.63,20.23,2.32
20120811,哈尔滨,45.75,126.63,17.55,0.06
20120812,哈尔滨,45.75,126.63,18.2,0.01
20120813,哈尔滨,45.75,126.63,18.8,0.01
20120814,哈尔滨,45.75,126.63,20.44,0.0
20120815,哈尔滨,45.75,126.63,21.7,0.04
20120816,哈尔滨,45.75,126.63,21.37,0.0
20120817,哈尔滨,45.75,126.63,22.49,0.82
20120818,哈尔滨,45.75,126.63,22.72,1.99
20120819,哈尔滨,45.75,126.63,22.31,0.25
20120820,哈尔滨,45.75,126.63,22.49,0.8
20120821,哈尔滨,45.75,126.63,17.37,0.22
20120822,哈尔滨,45.75,126.63,16.85,0.02
20120823,哈尔滨,45.75,126.63,18.74,0.2
20120824,哈尔滨,45.75,126.63,21.3,0.02
20120825,哈尔滨,45.75,126.63,22.89,0.02
20120826,哈尔滨,45.75,126.63,23.09,0.01
20120827,哈尔滨,45.75,126.63,22.13,2.13
20120828,哈尔滨,45.75,126.63,22.22,16.96
20120829,哈尔滨,45.75,126.63,18.51,86.55
20120830,哈尔滨,45.75,126.63,17.77,0.01
20120831,哈尔滨,45.75,126.63,18.69,0.0
20120901,哈尔滨,45.75,126.63,20.13,0.0
20120902,哈尔滨,45.75,126.63,22.14,1.45
20120903,哈尔滨,45.75,126.63,18.89,4.63
20120904,哈尔滨,45.75,126.63,13.11,15.3
20120905,哈尔滨,45.75,126.63,14.98,0.09
20120906,哈尔滨,45.75,126.63,15.92,0.02
20120907,哈尔滨,45.75,126.63,17.41,0.0
20120908,哈尔滨,45.75,126.63,17.22,1.57
20120909,哈尔滨,45.75,126.63,16.49,1.3
20120910,哈尔滨,45.75,126.63,18.13,0.76
20120911,哈尔滨,45.75,126.63,18.0,1.26
20120912,哈尔滨,45.75,126.63,16.26,11.21
20120913,哈尔滨,45.75,126.63,12.79,0.28
20120914,哈尔滨,45.75,126.63,12.66,0.06
20120915,哈尔滨,45.75,126.63,14.91,0.0
20120916,哈尔滨,45.75,126.63,15.83,0.0
20120917,哈尔滨,45.75,126.63,15.27,0.0
20120918,哈尔滨,45.75,126.63,14.2,1.44
20120919,哈尔滨,45.75,126.63,14.95,0.0
20120920,哈尔滨,45.75,126.63,16.32,0.0
20120921,哈尔滨,45.75,126.63,16.82,0.14
20120922,哈尔滨,45.75,126.63,16.63,6.08
20120923,哈尔滨,45.75,126.63,14.82,2.32
20120924,哈尔滨,45.75,126.63,11.64,0.0
20120925,哈尔滨,45.75,126.63,12.57,0.7
20120926,哈尔滨,45.75,126.63,15.32,7.51
20120927,哈尔滨,45.75,126.63,13.56,2.11
20120928,哈尔滨,45.75,126.63,13.6,17.6
20120929,哈尔滨,45.75,126.63,11.36,7.68
20120930,哈尔滨,45.75,126.63,9.41,0.0
20121001,哈尔滨,45.75,126.63,11.29,0.0
20121002,哈尔滨,45.75,126.63,11.98,0.0
20121003,哈尔滨,45.75,126.63,11.47,0.52
20121004,哈尔滨,45.75,126.63,9.82,5.29
20121005,哈尔滨,45.75,126.63,9.13,0.73
20121006,哈尔滨,45.75,126.63,8.2,0.0
20121007,哈尔滨,45.75,126.63,9.63,0.0
20121008,哈尔滨,45.75,126.63,11.46,0.0
20121009,哈尔滨,45.75,126.63,13.23,9.39
20121010,哈尔滨,45.75,126.63,6.09,0.79
20121011,哈尔滨,45.75,126.63,4.63,0.15
20121012,哈尔滨,45.75,126.63,4.36,0.06
20121013,哈尔滨,45.75,126.63,3.87,4.97
20121014,哈尔滨,45.75,126.63,2.78,0.47
20121015,哈尔滨,45.75,126.63,4.41,0.05
20121016,哈尔滨,45.75,126.63,5.66,10.7
20121017,哈尔滨,45.75,126.63,2.5,0.43
20121018,哈尔滨,45.75,126.63,0.58,0.0
20121019,哈尔滨,45.75,126.63,1.31,0.0
20121020,哈尔滨,45.75,126.63,0.04,0.01
20121021,哈尔滨,45.75,126.63,-0.59,0.01
20121022,哈尔滨,45.75,126.63,-0.23,0.03
20121023,哈尔滨,45.75,126.63,0.52,0.0
20121024,哈尔滨,45.75,126.63,0.58,0.83
20121025,哈尔滨,45.75,126.63,2.52,0.47
20121026,哈尔滨,45.75,126.63,7.06,0.0
20121027,哈尔滨,45.75,126.63,9.05,5.19
20121028,哈尔滨,45.75,126.63,1.45,0.21
20121029,哈尔滨,45.75,126.63,-2.99,0.0
20121030,哈尔滨,45.75,126.63,-3.33,0.0
20121031,哈尔滨,45.75,126.63,-2.51,0.0
20120401,长春,43.82,125.32,-3.28,0.0
20120402,长春,43.82,125.32,-0.45,0.0
20120403,长春,43.82,125.32,-0.2,0.0
20120404,长春,43.82,125.32,1.32,0.1
20120405,长春,43.82,125.32,-0.94,0.2
20120406,长春,43.82,125.32,-2.51,0.0
20120407,长春,43.82,125.32,2.6,0.0
20120408,长春,43.82,125.32,4.36,0.0
20120409,长春,43.82,125.32,7.38,0.0
20120410,长春,43.82,125.32,11.27,1.94
20120411,长春,43.82,125.32,4.22,0.0
20120412,长春,43.82,125.32,4.46,0.21
20120413,长春,43.82,125.32,10.52,0.0
20120414,长春,43.82,125.32,9.21,0.07
20120415,长春,43.82,125.32,7.68,0.02
20120416,长春,43.82,125.32,4.43,0.0
20120417,长春,43.82,125.32,9.62,0.0
20120418,长春,43.82,125.32,12.73,0.0
20120419,长春,43.82,125.32,12.8,0.09
20120420,长春,43.82,125.32,12.09,2.75
20120421,长春,43.82,125.32,12.25,0.3
20120422,长春,43.82,125.32,9.18,4.48
20120423,长春,43.82,125.32,12.54,0.21
20120424,长春,43.82,125.32,16.19,0.1
20120425,长春,43.82,125.32,6.23,32.96
20120426,长春,43.82,125.32,7.09,0.03
20120427,长春,43.82,125.32,8.72,6.85
20120428,长春,43.82,125.32,7.01,0.0
20120429,长春,43.82,125.32,9.65,0.0
20120430,长春,43.82,125.32,15.08,1.7
20120501,长春,43.82,125.32,12.85,0.01
20120502,长春,43.82,125.32,10.73,0.02
20120503,长春,43.82,125.32,15.95,0.0
20120504,长春,43.82,125.32,14.86,0.0
20120505,长春,43.82,125.32,11.53,0.21
20120506,长春,43.82,125.32,12.32,0.13
20120507,长春,43.82,125.32,14.67,0.0
20120508,长春,43.82,125.32,13.75,0.03
20120509,长春,43.82,125.32,14.1,0.0
20120510,长春,43.82,125.32,14.31,0.0
20120511,长春,43.82,125.32,16.04,0.0
20120512,长春,43.82,125.32,15.54,3.82
20120513,长春,43.82,125.32,16.33,0.26
20120514,长春,43.82,125.32,13.7,5.56
20120515,长春,43.82,125.32,12.04,0.06
20120516,长春,43.82,125.32,11.94,1.48
20120517,长春,43.82,125.32,14.33,0.0
20120518,长春,43.82,125.32,17.75,0.0
20120519,长春,43.82,125.32,16.85,0.06
20120520,长春,43.82,125.32,20.12,0.0
20120521,长春,43.82,125.32,22.47,0.0
20120522,长春,43.82,125.32,21.03,4.01
20120523,长春,43.82,125.32,17.13,5.74
20120524,长春,43.82,125.32,15.47,0.0
20120525,长春,43.82,125.32,15.43,0.0
20120526,长春,43.82,125.32,14.64,3.99
20120527,长春,43.82,125.32,16.49,0.2
20120528,长春,43.82,125.32,19.45,0.16
20120529,长春,43.82,125.32,19.97,0.01
20120530,长春,43.82,125.32,18.67,2.82
20120531,长春,43.82,125.32,16.2,3.6
20120601,长春,43.82,125.32,18.67,0.0
20120602,长春,43.82,125.32,17.73,1.32
20120603,长春,43.82,125.32,17.17,2.18
20120604,长春,43.82,125.32,16.82,30.86
20120605,长春,43.82,125.32,16.55,5.86
20120606,长春,43.82,125.32,20.36,3.73
20120607,长春,43.82,125.32,21.71,1.48
20120608,长春,43.82,125.32,21.61,1.1
20120609,长春,43.82,125.32,21.92,0.78
20120610,长春,43.82,125.32,17.49,15.05
20120611,长春,43.82,125.32,17.31,4.79
20120612,长春,43.82,125.32,18.04,0.49
20120613,长春,43.82,125.32,17.23,2.09
20120614,长春,43.82,125.32,17.24,9.87
20120615,长春,43.82,125.32,17.86,5.8
20120616,长春,43.82,125.32,17.49,7.27
20120617,长春,43.82,125.32,19.4,7.91
20120618,长春,43.82,125.32,19.41,3.28
20120619,长春,43.82,125.32,20.47,0.13
20120620,长春,43.82,125.32,21.97,1.9
20120621,长春,43.82,125.32,20.84,0.79
20120622,长春,43.82,125.32,22.63,0.98
20120623,长春,43.82,125.32,21.48,9.35
20120624,长春,43.82,125.32,23.12,0.06
20120625,长春,43.82,125.32,24.78,0.03
20120626,长春,43.82,125.32,22.31,4.29
20120627,长春,43.82,125.32,25.0,0.3
20120628,长春,43.82,125.32,24.59,4.41
20120629,长春,43.82,125.32,20.77,17.74
20120630,长春,43.82,125.32,22.55,2.21
20120701,长春,43.82,125.32,23.92,6.13
20120702,长春,43.82,125.32,21.37,8.01
20120703,长春,43.82,125.32,19.32,23.48
20120704,长春,43.82,125.32,20.64,1.86
20120705,长春,43.82,125.32,22.92,0.03
20120706,长春,43.82,125.32,24.07,0.02
20120707,长春,43.82,125.32,25.54,0.0
20120708,长春,43.82,125.32,25.87,0.4
20120709,长春,43.82,125.32,24.59,0.34
20120710,长春,43.82,125.32,24.35,4.44
20120711,长春,43.82,125.32,20.68,19.75
20120712,长春,43.82,125.32,19.94,2.29
20120713,长春,43.82,125.32,20.64,0.15
20120714,长春,43.82,125.32,21.72,0.0
20120715,长春,43.82,125.32,23.41,0.0
20120716,长春,43.82,125.32,25.08,0.0
20120717,长春,43.82,125.32,25.3,0.0
20120718,长春,43.82,125.32,24.93,2.95
20120719,长春,43.82,125.32,24.22,3.01
20120720,长春,43.82,125.32,23.09,0.33
20120721,长春,43.82,125.32,25.52,0.43
20120722,长春,43.82,125.32,23.7,17.7
20120723,长春,43.82,125.32,23.81,3.03
20120724,长春,43.82,125.32,22.99,0.0
20120725,长春,43.82,125.32,24.73,1.15
20120726,长春,43.82,125.32,25.47,9.48
20120727,长春,43.82,125.32,24.43,0.78
20120728,长春,43.82,125.32,24.46,11.36
20120729,长春,43.82,125.32,24.29,28.04
20120730,长春,43.82,125.32,20.71,2.07
20120731,长春,43.82,125.32,19.69,0.27
20120801,长春,43.82,125.32,20.66,0.05
20120802,长春,43.82,125.32,21.51,14.48
20120803,长春,43.82,125.32,21.95,0.82
20120804,长春,43.82,125.32,22.29,19.39
20120805,长春,43.82,125.32,22.71,0.04
20120806,长春,43.82,125.32,24.22,0.0
20120807,长春,43.82,125.32,24.92,0.0
20120808,长春,43.82,125.32,25.29,7.85
20120809,长春,43.82,125.32,23.01,14.76
20120810,长春,43.82,125.32,22.47,1.07
20120811,长春,43.82,125.32,18.27,1.73
20120812,长春,43.82,125.32,19.29,1.29
20120813,长春,43.82,125.32,19.79,0.0
20120814,长春,43.82,125.32,21.07,0.02
20120815,长春,43.82,125.32,21.25,2.11
20120816,长春,43.82,125.32,22.74,0.0
20120817,长春,43.82,125.32,23.02,0.0
20120818,长春,43.82,125.32,22.5,4.63
20120819,长春,43.82,125.32,23.17,3.29
20120820,长春,43.82,125.32,23.28,0.03
20120821,长春,43.82,125.32,17.29,1.15
20120822,长春,43.82,125.32,16.05,0.01
20120823,长春,43.82,125.32,18.77,0.0
20120824,长春,43.82,125.32,21.51,0.01
20120825,长春,43.82,125.32,23.29,0.04
20120826,长春,43.82,125.32,22.8,0.34
20120827,长春,43.82,125.32,22.14,3.09
20120828,长春,43.82,125.32,22.92,34.65
20120829,长春,43.82,125.32,19.38,56.67
20120830,长春,43.82,125.32,21.4,0.0
20120831,长春,43.82,125.32,22.71,0.0
20120901,长春,43.82,125.32,22.26,0.01
20120902,长春,43.82,125.32,22.89,1.55
20120903,长春,43.82,125.32,19.7,3.69
20120904,长春,43.82,125.32,14.24,9.23
20120905,长春,43.82,125.32,15.14,0.18
20120906,长春,43.82,125.32,17.41,0.01
20120907,长春,43.82,125.32,18.23,0.13
20120908,长春,43.82,125.32,15.52,2.38
20120909,长春,43.82,125.32,16.55,0.05
20120910,长春,43.82,125.32,18.04,0.0
20120911,长春,43.82,125.32,18.9,0.18
20120912,长春,43.82,125.32,15.54,6.9
20120913,长春,43.82,125.32,12.47,0.93
20120914,长春,43.82,125.32,13.61,0.0
20120915,长春,43.82,125.32,15.44,0.0
20120916,长春,43.82,125.32,15.68,0.0
20120917,长春,43.82,125.32,15.35,0.0
20120918,长春,43.82,125.32,15.42,0.88
20120919,长春,43.82,125.32,15.29,0.0
20120920,长春,43.82,125.32,17.48,0.0
20120921,长春,43.82,125.32,18.1,0.08
20120922,长春,43.82,125.32,17.89,1.45
20120923,长春,43.82,125.32,16.81,1.5
20120924,长春,43.82,125.32,12.8,0.0
20120925,长春,43.82,125.32,14.66,0.28
20120926,长春,43.82,125.32,16.87,1.43
20120927,长春,43.82,125.32,15.41,1.08
20120928,长春,43.82,125.32,14.17,24.7
20120929,长春,43.82,125.32,12.14,13.27
20120930,长春,43.82,125.32,9.91,0.0
20121001,长春,43.82,125.32,11.68,0.0
20121002,长春,43.82,125.32,12.22,0.0
20121003,长春,43.82,125.32,12.83,1.22
20121004,长春,43.82,125.32,11.62,0.32
20121005,长春,43.82,125.32,9.79,0.01
20121006,长春,43.82,125.32,10.18,0.0
20121007,长春,43.82,125.32,11.07,0.0
20121008,长春,43.82,125.32,13.35,0.0
20121009,长春,43.82,125.32,12.93,7.31
20121010,长春,43.82,125.32,7.19,0.09
20121011,长春,43.82,125.32,6.27,0.04
20121012,长春,43.82,125.32,9.02,0.53
20121013,长春,43.82,125.32,8.57,1.46
20121014,长春,43.82,125.32,4.8,0.01
20121015,长春,43.82,125.32,5.12,0.0
20121016,长春,43.82,125.32,8.55,6.19
20121017,长春,43.82,125.32,2.31,0.03
20121018,长春,43.82,125.32,1.96,0.01
20121019,长春,43.82,125.32,3.93,0.0
20121020,长春,43.82,125.32,1.86,0.0
20121021,长春,43.82,125.32,-0.29,2.13
20121022,长春,43.82,125.32,-0.81,8.52
20121023,长春,43.82,125.32,0.2,0.0
20121024,长春,43.82,125.32,3.61,0.73
20121025,长春,43.82,125.32,4.4,0.01
20121026,长春,43.82,125.32,9.0,0.0
20121027,长春,43.82,125.32,9.13,3.97
20121028,长春,43.82,125.32,1.79,0.13
20121029,长春,43.82,125.32,-2.61,0.26
20121030,长春,43.82,125.32,-2.87,0.0
20121031,长春,43.82,125.32,-2.23,0.0
20120401,沈阳,41.8,123.43,-0.35,0.0
20120402,沈阳,41.8,123.43,0.73,1.49
20120403,沈阳,41.8,123.43,2.24,0.0
20120404,沈阳,41.8,123.43,3.96,0.0
20120405,沈阳,41.8,123.43,2.27,0.01
20120406,沈阳,41.8,123.43,0.59,0.0
20120407,沈阳,41.8,123.43,4.82,0.0
20120408,沈阳,41.8,123.43,6.66,0.0
20120409,沈阳,41.8,123.43,9.37,0.0
20120410,沈阳,41.8,123.43,10.76,2.03
20120411,沈阳,41.8,123.43,6.84,0.0
20120412,沈阳,41.8,123.43,8.76,0.0
20120413,沈阳,41.8,123.43,10.8,0.0
20120414,沈阳,41.8,123.43,11.58,0.0
20120415,沈阳,41.8,123.43,8.92,0.2
20120416,沈阳,41.8,123.43,6.65,0.0
20120417,沈阳,41.8,123.43,10.64,0.0
20120418,沈阳,41.8,123.43,13.1,0.0
20120419,沈阳,41.8,123.43,11.79,1.15
20120420,沈阳,41.8,123.43,12.21,0.82
20120421,沈阳,41.8,123.43,10.39,3.92
20120422,沈阳,41.8,123.43,10.09,2.24
20120423,沈阳,41.8,123.43,13.62,0.06
20120424,沈阳,41.8,123.43,15.57,5.77
20120425,沈阳,41.8,123.43,7.47,51.24
20120426,沈阳,41.8,123.43,8.76,0.0
20120427,沈阳,41.8,123.43,10.76,3.55
20120428,沈阳,41.8,123.43,9.25,0.0
20120429,沈阳,41.8,123.43,13.29,0.0
20120430,沈阳,41.8,123.43,16.62,3.03
20120501,沈阳,41.8,123.43,16.22,1.0
20120502,沈阳,41.8,123.43,13.96,0.89
20120503,沈阳,41.8,123.43,18.24,0.0
20120504,沈阳,41.8,123.43,17.75,0.0
20120505,沈阳,41.8,123.43,14.29,0.0
20120506,沈阳,41.8,123.43,14.85,0.0
20120507,沈阳,41.8,123.43,15.93,0.01
20120508,沈阳,41.8,123.43,16.33,0.0
20120509,沈阳,41.8,123.43,18.07,0.0
20120510,沈阳,41.8,123.43,18.05,0.0
20120511,沈阳,41.8,123.43,17.21,0.0
20120512,沈阳,41.8,123.43,15.89,1.28
20120513,沈阳,41.8,123.43,16.89,2.94
20120514,沈阳,41.8,123.43,15.41,4.9
20120515,沈阳,41.8,123.43,14.16,0.21
20120516,沈阳,41.8,123.43,13.67,4.58
20120517,沈阳,41.8,123.43,15.18,0.01
20120518,沈阳,41.8,123.43,17.79,0.0
20120519,沈阳,41.8,123.43,19.46,0.0
20120520,沈阳,41.8,123.43,20.47,0.0
20120521,沈阳,41.8,123.43,20.61,0.0
20120522,沈阳,41.8,123.43,19.92,0.37
20120523,沈阳,41.8,123.43,19.08,0.1
20120524,沈阳,41.8,123.43,17.24,0.0
20120525,沈阳,41.8,123.43,18.6,0.0
20120526,沈阳,41.8,123.43,18.38,0.0
20120527,沈阳,41.8,123.43,18.84,0.0
20120528,沈阳,41.8,123.43,21.97,0.0
20120529,沈阳,41.8,123.43,21.62,0.05
20120530,沈阳,41.8,123.43,17.44,13.57
20120531,沈阳,41.8,123.43,17.46,7.45
20120601,沈阳,41.8,123.43,18.16,4.27
20120602,沈阳,41.8,123.43,17.82,4.79
20120603,沈阳,41.8,123.43,17.77,14.26
20120604,沈阳,41.8,123.43,19.75,5.01
20120605,沈阳,41.8,123.43,20.73,0.2
20120606,沈阳,41.8,123.43,20.94,0.91
20120607,沈阳,41.8,123.43,21.55,0.0
20120608,沈阳,41.8,123.43,21.39,1.38
20120609,沈阳,41.8,123.43,21.14,2.9
20120610,沈阳,41.8,123.43,17.94,9.63
20120611,沈阳,41.8,123.43,18.66,1.17
20120612,沈阳,41.8,123.43,17.56,16.13
20120613,沈阳,41.8,123.43,18.91,6.95
20120614,沈阳,41.8,123.43,17.59,28.53
20120615,沈阳,41.8,123.43,20.11,11.57
20120616,沈阳,41.8,123.43,19.25,3.79
20120617,沈阳,41.8,123.43,20.21,1.51
20120618,沈阳,41.8,123.43,22.09,2.52
20120619,沈阳,41.8,123.43,22.87,0.0
20120620,沈阳,41.8,123.43,24.68,0.0
20120621,沈阳,41.8,123.43,23.57,1.61
20120622,沈阳,41.8,123.43,22.79,1.2
20120623,沈阳,41.8,123.43,21.33,0.37
20120624,沈阳,41.8,123.43,23.55,0.01
20120625,沈阳,41.8,123.43,23.82,0.03
20120626,沈阳,41.8,123.43,24.78,2.5
20120627,沈阳,41.8,123.43,24.48,0.02
20120628,沈阳,41.8,123.43,22.35,0.0
20120629,沈阳,41.8,123.43,20.16,18.48
20120630,沈阳,41.8,123.43,23.89,0.21
20120701,沈阳,41.8,123.43,24.31,1.68
20120702,沈阳,41.8,123.43,24.13,2.18
20120703,沈阳,41.8,123.43,22.51,4.13
20120704,沈阳,41.8,123.43,23.47,0.13
20120705,沈阳,41.8,123.43,25.06,0.6
20120706,沈阳,41.8,123.43,26.38,1.06
20120707,沈阳,41.8,123.43,27.27,0.23
20120708,沈阳,41.8,123.43,26.82,0.0
20120709,沈阳,41.8,123.43,26.41,0.76
20120710,沈阳,41.8,123.43,22.24,39.99
20120711,沈阳,41.8,123.43,21.26,10.76
20120712,沈阳,41.8,123.43,22.12,1.8
20120713,沈阳,41.8,123.43,22.81,0.02
20120714,沈阳,41.8,123.43,23.12,0.0
20120715,沈阳,41.8,123.43,23.88,0.0
20120716,沈阳,41.8,123.43,25.09,0.0
20120717,沈阳,41.8,123.43,24.85,0.0
20120718,沈阳,41.8,123.43,23.97,0.35
20120719,沈阳,41.8,123.43,26.84,0.05
20120720,沈阳,41.8,123.43,27.26,0.14
20120721,沈阳,41.8,123.43,26.56,0.91
20120722,沈阳,41.8,123.43,24.19,38.34
20120723,沈阳,41.8,123.43,24.85,0.64
20120724,沈阳,41.8,123.43,24.61,0.02
20120725,沈阳,41.8,123.43,25.78,1.67
20120726,沈阳,41.8,123.43,26.11,2.73
20120727,沈阳,41.8,123.43,26.19,0.1
20120728,沈阳,41.8,123.43,25.16,3.91
20120729,沈阳,41.8,123.43,27.03,2.02
20120730,沈阳,41.8,123.43,23.02,0.01
20120731,沈阳,41.8,123.43,22.17,7.12
20120801,沈阳,41.8,123.43,23.17,9.59
20120802,沈阳,41.8,123.43,24.21,14.97
20120803,沈阳,41.8,123.43,24.45,28.89
20120804,沈阳,41.8,123.43,25.17,43.79
20120805,沈阳,41.8,123.43,25.0,3.46
20120806,沈阳,41.8,123.43,25.35,0.0
20120807,沈阳,41.8,123.43,25.8,0.0
20120808,沈阳,41.8,123.43,25.86,4.67
20120809,沈阳,41.8,123.43,25.06,15.36
20120810,沈阳,41.8,123.43,25.1,4.18
20120811,沈阳,41.8,123.43,22.18,1.39
20120812,沈阳,41.8,123.43,19.56,3.77
20120813,沈阳,41.8,123.43,22.36,0.0
20120814,沈阳,41.8,123.43,21.87,5.4
20120815,沈阳,41.8,123.43,22.32,0.13
20120816,沈阳,41.8,123.43,23.34,0.0
20120817,沈阳,41.8,123.43,22.68,0.0
20120818,沈阳,41.8,123.43,23.13,5.52
20120819,沈阳,41.8,123.43,23.95,1.42
20120820,沈阳,41.8,123.43,23.63,0.48
20120821,沈阳,41.8,123.43,17.89,0.82
20120822,沈阳,41.8,123.43,17.56,0.0
20120823,沈阳,41.8,123.43,18.44,0.0
20120824,沈阳,41.8,123.43,21.16,0.0
20120825,沈阳,41.8,123.43,22.48,0.0
20120826,沈阳,41.8,123.43,21.43,0.0
20120827,沈阳,41.8,123.43,22.47,1.53
20120828,沈阳,41.8,123.43,23.47,38.59
20120829,沈阳,41.8,123.43,23.93,13.68
20120830,沈阳,41.8,123.43,23.3,0.02
20120831,沈阳,41.8,123.43,24.69,0.0
20120901,沈阳,41.8,123.43,25.16,0.0
20120902,沈阳,41.8,123.43,24.19,0.66
20120903,沈阳,41.8,123.43,17.86,25.77
20120904,沈阳,41.8,123.43,16.71,1.34
20120905,沈阳,41.8,123.43,16.67,0.0
20120906,沈阳,41.8,123.43,19.68,0.0
20120907,沈阳,41.8,123.43,18.6,1.95
20120908,沈阳,41.8,123.43,17.98,2.13
20120909,沈阳,41.8,123.43,19.11,0.0
20120910,沈阳,41.8,123.43,20.68,0.0
20120911,沈阳,41.8,123.43,21.02,0.56
20120912,沈阳,41.8,123.43,16.9,10.7
20120913,沈阳,41.8,123.43,14.63,0.0
20120914,沈阳,41.8,123.43,15.81,0.0
20120915,沈阳,41.8,123.43,17.44,0.0
20120916,沈阳,41.8,123.43,17.32,0.0
20120917,沈阳,41.8,123.43,17.82,0.0
20120918,沈阳,41.8,123.43,17.09,0.0
20120919,沈阳,41.8,123.43,17.38,0.0
20120920,沈阳,41.8,123.43,18.3,0.0
20120921,沈阳,41.8,123.43,19.81,0.0
20120922,沈阳,41.8,123.43,18.41,0.0
20120923,沈阳,41.8,123.43,17.42,0.1
20120924,沈阳,41.8,123.43,16.5,0.0
20120925,沈阳,41.8,123.43,16.95,0.05
20120926,沈阳,41.8,123.43,18.17,1.0
20120927,沈阳,41.8,123.43,17.61,12.86
20120928,沈阳,41.8,123.43,10.65,11.82
20120929,沈阳,41.8,123.43,10.56,1.64
20120930,沈阳,41.8,123.43,10.6,0.0
20121001,沈阳,41.8,123.43,12.22,0.0
20121002,沈阳,41.8,123.43,14.54,0.0
20121003,沈阳,41.8,123.43,15.08,6.41
20121004,沈阳,41.8,123.43,13.4,0.05
20121005,沈阳,41.8,123.43,11.94,0.0
20121006,沈阳,41.8,123.43,11.88,0.0
20121007,沈阳,41.8,123.43,13.59,0.0
20121008,沈阳,41.8,123.43,14.88,0.0
20121009,沈阳,41.8,123.43,13.6,14.92
20121010,沈阳,41.8,123.43,8.68,0.0
20121011,沈阳,41.8,123.43,10.69,0.01
20121012,沈阳,41.8,123.43,13.97,0.01
20121013,沈阳,41.8,123.43,10.34,0.08
20121014,沈阳,41.8,123.43,6.26,0.01
20121015,沈阳,41.8,123.43,7.55,0.0
20121016,沈阳,41.8,123.43,10.98,16.93
20121017,沈阳,41.8,123.43,5.03,0.0
20121018,沈阳,41.8,123.43,5.44,0.0
20121019,沈阳,41.8,123.43,8.42,0.0
20121020,沈阳,41.8,123.43,6.08,0.0
20121021,沈阳,41.8,123.43,2.88,3.33
20121022,沈阳,41.8,123.43,0.49,14.98
20121023,沈阳,41.8,123.43,3.37,0.0
20121024,沈阳,41.8,123.43,8.72,0.0
20121025,沈阳,41.8,123.43,7.74,0.0
20121026,沈阳,41.8,123.43,11.51,0.04
20121027,沈阳,41.8,123.43,10.62,8.84
20121028,沈阳,41.8,123.43,3.25,0.0
20121029,沈阳,41.8,123.43,0.63,0.05
20121030,沈阳,41.8,123.43,-0.82,0.0
20121031,沈阳,41.8,123.43,-1.21,0.0
20120401,呼和浩特,40.82,111.75,3.98,0.0
20120402,呼和浩特,40.82,111.75,-1.61,0.0
20120403,呼和浩特,40.82,111.75,0.58,0.0
20120404,呼和浩特,40.82,111.75,1.04,0.0
20120405,呼和浩特,40.82,111.75,1.36,0.0
20120406,呼和浩特,40.82,111.75,4.49,0.0
20120407,呼和浩特,40.82,111.75,6.31,0.0
20120408,呼和浩特,40.82,111.75,5.97,0.0
20120409,呼和浩特,40.82,111.75,7.8,0.0
20120410,呼和浩特,40.82,111.75,5.82,0.0
20120411,呼和浩特,40.82,111.75,0.73,0.07
20120412,呼和浩特,40.82,111.75,5.14,0.01
20120413,呼和浩特,40.82,111.75,7.38,0.0
20120414,呼和浩特,40.82,111.75,8.74,0.0
20120415,呼和浩特,40.82,111.75,4.83,0.0
20120416,呼和浩特,40.82,111.75,6.49,0.0
20120417,呼和浩特,40.82,111.75,9.52,0.0
20120418,呼和浩特,40.82,111.75,9.75,0.01
20120419,呼和浩特,40.82,111.75,7.51,0.0
20120420,呼和浩特,40.82,111.75,8.03,0.0
20120421,呼和浩特,40.82,111.75,10.29,0.0
20120422,呼和浩特,40.82,111.75,11.91,0.0
20120423,呼和浩特,40.82,111.75,10.34,6.7
20120424,呼和浩特,40.82,111.75,5.64,0.13
20120425,呼和浩特,40.82,111.75,2.38,0.0
20120426,呼和浩特,40.82,111.75,7.53,0.0
20120427,呼和浩特,40.82,111.75,3.51,0.0
20120428,呼和浩特,40.82,111.75,8.92,0.0
20120429,呼和浩特,40.82,111.75,12.9,0.0
20120430,呼和浩特,40.82,111.75,12.31,0.07
20120501,呼和浩特,40.82,111.75,12.35,0.09
20120502,呼和浩特,40.82,111.75,12.76,0.0
20120503,呼和浩特,40.82,111.75,17.25,0.0
20120504,呼和浩特,40.82,111.75,16.94,0.0
20120505,呼和浩特,40.82,111.75,16.56,0.0
20120506,呼和浩特,40.82,111.75,18.69,0.0
20120507,呼和浩特,40.82,111.75,19.11,0.01
20120508,呼和浩特,40.82,111.75,17.91,0.0
20120509,呼和浩特,40.82,111.75,16.1,6.58
20120510,呼和浩特,40.82,111.75,16.74,5.78
20120511,呼和浩特,40.82,111.75,15.83,6.53
20120512,呼和浩特,40.82,111.75,9.1,1.53
20120513,呼和浩特,40.82,111.75,7.18,0.0
20120514,呼和浩特,40.82,111.75,5.83,0.0
20120515,呼和浩特,40.82,111.75,9.11,0.0
20120516,呼和浩特,40.82,111.75,9.98,0.0
20120517,呼和浩特,40.82,111.75,14.22,0.0
20120518,呼和浩特,40.82,111.75,15.23,0.06
20120519,呼和浩特,40.82,111.75,18.0,0.49
20120520,呼和浩特,40.82,111.75,19.26,0.18
20120521,呼和浩特,40.82,111.75,12.3,5.96
20120522,呼和浩特,40.82,111.75,10.11,0.0
20120523,呼和浩特,40.82,111.75,11.18,0.0
20120524,呼和浩特,40.82,111.75,13.13,0.0
20120525,呼和浩特,40.82,111.75,12.81,0.0
20120526,呼和浩特,40.82,111.75,16.31,0.0
20120527,呼和浩特,40.82,111.75,18.35,0.0
20120528,呼和浩特,40.82,111.75,18.21,3.15
20120529,呼和浩特,40.82,111.75,11.41,5.08
20120530,呼和浩特,40.82,111.75,11.18,0.0
20120531,呼和浩特,40.82,111.75,11.37,6.93
20120601,呼和浩特,40.82,111.75,13.16,0.0
20120602,呼和浩特,40.82,111.75,14.52,0.09
20120603,呼和浩特,40.82,111.75,14.57,1.41
20120604,呼和浩特,40.82,111.75,18.21,0.0
20120605,呼和浩特,40.82,111.75,18.93,0.15
20120606,呼和浩特,40.82,111.75,15.81,2.95
20120607,呼和浩特,40.82,111.75,16.24,0.81
20120608,呼和浩特,40.82,111.75,18.37,4.53
20120609,呼和浩特,40.82,111.75,15.82,0.99
20120610,呼和浩特,40.82,111.75,11.22,0.0
20120611,呼和浩特,40.82,111.75,13.51,0.0
20120612,呼和浩特,40.82,111.75,15.5,0.03
20120613,呼和浩特,40.82,111.75,12.62,2.89
20120614,呼和浩特,40.82,111.75,11.91,0.21
20120615,呼和浩特,40.82,111.75,14.88,0.0
20120616,呼和浩特,40.82,111.75,18.47,0.0
20120617,呼和浩特,40.82,111.75,21.34,0.0
20120618,呼和浩特,40.82,111.75,23.28,0.0
20120619,呼和浩特,40.82,111.75,19.14,0.21
20120620,呼和浩特,40.82,111.75,18.86,1.28
20120621,呼和浩特,40.82,111.75,17.74,1.69
20120622,呼和浩特,40.82,111.75,20.98,1.75
20120623,呼和浩特,40.82,111.75,20.22,2.05
20120624,呼和浩特,40.82,111.75,18.36,4.02
20120625,呼和浩特,40.82,111.75,19.02,9.93
20120626,呼和浩特,40.82,111.75,18.39,3.51
20120627,呼和浩特,40.82,111.75,17.14,24.38
20120628,呼和浩特,40.82,111.75,16.05,11.97
20120629,呼和浩特,40.82,111.75,17.97,0.04
20120630,呼和浩特,40.82,111.75,20.34,0.0
20120701,呼和浩特,40.82,111.75,21.2,0.0
20120702,呼和浩特,40.82,111.75,21.54,0.0
20120703,呼和浩特,40.82,111.75,22.03,0.58
20120704,呼和浩特,40.82,111.75,21.44,1.08
20120705,呼和浩特,40.82,111.75,22.33,0.16
20120706,呼和浩特,40.82,111.75,23.45,1.46
20120707,呼和浩特,40.82,111.75,20.85,1.02
20120708,呼和浩特,40.82,111.75,21.3,0.94
20120709,呼和浩特,40.82,111.75,21.33,0.02
20120710,呼和浩特,40.82,111.75,22.24,13.78
20120711,呼和浩特,40.82,111.75,21.18,0.0
20120712,呼和浩特,40.82,111.75,19.75,0.36
20120713,呼和浩特,40.82,111.75,19.53,7.05
20120714,呼和浩特,40.82,111.75,18.24,6.14
20120715,呼和浩特,40.82,111.75,20.71,0.09
20120716,呼和浩特,40.82,111.75,21.34,0.0
20120717,呼和浩特,40.82,111.75,21.2,0.16
20120718,呼和浩特,40.82,111.75,20.11,1.44
20120719,呼和浩特,40.82,111.75,20.65,0.38
20120720,呼和浩特,40.82,111.75,21.43,9.38
20120721,呼和浩特,40.82,111.75,16.61,21.2
20120722,呼和浩特,40.82,111.75,18.34,0.0
20120723,呼和浩特,40.82,111.75,18.85,0.0
20120724,呼和浩特,40.82,111.75,20.38,2.25
20120725,呼和浩特,40.82,111.75,19.23,58.37
20120726,呼和浩特,40.82,111.75,20.74,5.15
20120727,呼和浩特,40.82,111.75,19.17,27.92
20120728,呼和浩特,40.82,111.75,20.71,14.15
20120729,呼和浩特,40.82,111.75,18.57,0.0
20120730,呼和浩特,40.82,111.75,15.85,10.15
20120731,呼和浩特,40.82,111.75,18.85,1.66
20120801,呼和浩特,40.82,111.75,18.95,10.36
20120802,呼和浩特,40.82,111.75,19.19,5.7
20120803,呼和浩特,40.82,111.75,20.2,3.89
20120804,呼和浩特,40.82,111.75,21.16,0.01
20120805,呼和浩特,40.82,111.75,19.97,2.18
20120806,呼和浩特,40.82,111.75,19.57,1.48
20120807,呼和浩特,40.82,111.75,19.4,3.15
20120808,呼和浩特,40.82,111.75,19.89,0.08
20120809,呼和浩特,40.82,111.75,20.3,0.0
20120810,呼和浩特,40.82,111.75,19.19,3.91
20120811,呼和浩特,40.82,111.75,16.7,7.55
20120812,呼和浩特,40.82,111.75,17.95,0.0
20120813,呼和浩特,40.82,111.75,17.27,0.25
20120814,呼和浩特,40.82,111.75,16.49,9.16
20120815,呼和浩特,40.82,111.75,16.14,0.0
20120816,呼和浩特,40.82,111.75,16.46,0.0
20120817,呼和浩特,40.82,111.75,17.89,2.1
20120818,呼和浩特,40.82,111.75,17.1,0.4
20120819,呼和浩特,40.82,111.75,17.64,0.55
20120820,呼和浩特,40.82,111.75,13.43,0.08
20120821,呼和浩特,40.82,111.75,10.99,0.0
20120822,呼和浩特,40.82,111.75,12.91,0.0
20120823,呼和浩特,40.82,111.75,14.64,0.0
20120824,呼和浩特,40.82,111.75,15.9,0.04
20120825,呼和浩特,40.82,111.75,16.51,0.51
20120826,呼和浩特,40.82,111.75,18.5,0.38
20120827,呼和浩特,40.82,111.75,17.57,1.86
20120828,呼和浩特,40.82,111.75,18.84,0.0
20120829,呼和浩特,40.82,111.75,19.68,0.0
20120830,呼和浩特,40.82,111.75,19.58,0.01
20120831,呼和浩特,40.82,111.75,16.42,2.56
20120901,呼和浩特,40.82,111.75,11.33,26.5
20120902,呼和浩特,40.82,111.75,10.92,0.93
20120903,呼和浩特,40.82,111.75,8.8,0.0
20120904,呼和浩特,40.82,111.75,10.01,0.0
20120905,呼和浩特,40.82,111.75,12.64,0.0
20120906,呼和浩特,40.82,111.75,14.16,0.0
20120907,呼和浩特,40.82,111.75,15.69,0.0
20120908,呼和浩特,40.82,111.75,16.85,0.0
20120909,呼和浩特,40.82,111.75,16.0,0.0
20120910,呼和浩特,40.82,111.75,12.25,1.25
20120911,呼和浩特,40.82,111.75,10.69,1.56
20120912,呼和浩特,40.82,111.75,7.27,0.07
20120913,呼和浩特,40.82,111.75,7.33,1.87
20120914,呼和浩特,40.82,111.75,9.82,0.0
20120915,呼和浩特,40.82,111.75,10.89,0.0
20120916,呼和浩特,40.82,111.75,9.65,0.0
20120917,呼和浩特,40.82,111.75,11.66,0.15
20120918,呼和浩特,40.82,111.75,12.63,0.08
20120919,呼和浩特,40.82,111.75,13.42,0.07
20120920,呼和浩特,40.82,111.75,13.03,0.48
20120921,呼和浩特,40.82,111.75,11.59,3.15
20120922,呼和浩特,40.82,111.75,13.49,0.01
20120923,呼和浩特,40.82,111.75,11.07,0.0
20120924,呼和浩特,40.82,111.75,11.92,5.6
20120925,呼和浩特,40.82,111.75,10.26,8.11
20120926,呼和浩特,40.82,111.75,8.8,6.67
20120927,呼和浩特,40.82,111.75,5.13,0.13
20120928,呼和浩特,40.82,111.75,4.03,0.0
20120929,呼和浩特,40.82,111.75,6.46,0.0
20120930,呼和浩特,40.82,111.75,8.66,0.0
20121001,呼和浩特,40.82,111.75,9.58,0.0
20121002,呼和浩特,40.82,111.75,9.58,0.0
20121003,呼和浩特,40.82,111.75,6.96,0.0
20121004,呼和浩特,40.82,111.75,4.56,2.04
20121005,呼和浩特,40.82,111.75,7.52,1.26
20121006,呼和浩特,40.82,111.75,8.28,0.0
20121007,呼和浩特,40.82,111.75,8.07,0.0
20121008,呼和浩特,40.82,111.75,8.45,3.13
20121009,呼和浩特,40.82,111.75,2.76,0.0
20121010,呼和浩特,40.82,111.75,3.94,0.0
20121011,呼和浩特,40.82,111.75,5.8,0.0
20121012,呼和浩特,40.82,111.75,5.95,0.0
20121013,呼和浩特,40.82,111.75,1.17,0.0
20121014,呼和浩特,40.82,111.75,5.68,0.03
20121015,呼和浩特,40.82,111.75,7.07,7.94
20121016,呼和浩特,40.82,111.75,-0.72,0.71
20121017,呼和浩特,40.82,111.75,-0.06,0.0
20121018,呼和浩特,40.82,111.75,1.82,0.0
20121019,呼和浩特,40.82,111.75,3.28,0.0
20121020,呼和浩特,40.82,111.75,5.02,0.14
20121021,呼和浩特,40.82,111.75,0.81,12.75
20121022,呼和浩特,40.82,111.75,-1.12,0.0
20121023,呼和浩特,40.82,111.75,1.57,0.0
20121024,呼和浩特,40.82,111.75,3.41,0.0
20121025,呼和浩特,40.82,111.75,5.06,0.0
20121026,呼和浩特,40.82,111.75,3.37,0.07
20121027,呼和浩特,40.82,111.75,1.52,0.0
20121028,呼和浩特,40.82,111.75,2.6,0.0
20121029,呼和浩特,40.82,111.75,-2.55,0.0
20121030,呼和浩特,40.82,111.75,-2.32,0.0
20121031,呼和浩特,40.82,111.75,-1.16,0.0
20120401,济南,36.67,116.98,11.17,0.0
20120402,济南,36.67,116.98,5.63,0.73
20120403,济南,36.67,116.98,6.79,0.0
20120404,济南,36.67,116.98,10.52,0.0
20120405,济南,36.67,116.98,9.55,0.0
20120406,济南,36.67,116.98,13.47,0.0
20120407,济南,36.67,116.98,13.91,0.0
20120408,济南,36.67,116.98,14.84,0.0
20120409,济南,36.67,116.98,16.46,0.26
20120410,济南,36.67,116.98,14.17,5.96
20120411,济南,36.67,116.98,11.25,0.15
20120412,济南,36.67,116.98,9.13,9.34
20120413,济南,36.67,116.98,12.81,0.0
20120414,济南,36.67,116.98,15.49,0.0
20120415,济南,36.67,116.98,15.94,0.0
20120416,济南,36.67,116.98,13.72,0.0
20120417,济南,36.67,116.98,15.17,0.0
20120418,济南,36.67,116.98,16.22,0.03
20120419,济南,36.67,116.98,16.89,0.0
20120420,济南,36.67,116.98,14.81,0.09
20120421,济南,36.67,116.98,15.17,0.23
20120422,济南,36.67,116.98,17.75,0.0
20120423,济南,36.67,116.98,21.88,0.0
20120424,济南,36.67,116.98,18.58,39.5
20120425,济南,36.67,116.98,14.06,0.22
20120426,济南,36.67,116.98,15.83,0.0
20120427,济南,36.67,116.98,19.49,0.0
20120428,济南,36.67,116.98,17.72,0.0
20120429,济南,36.67,116.98,17.99,0.0
20120430,济南,36.67,116.98,19.87,0.0
20120501,济南,36.67,116.98,21.17,0.0
20120502,济南,36.67,116.98,22.19,0.0
20120503,济南,36.67,116.98,22.48,0.0
20120504,济南,36.67,116.98,23.26,0.0
20120505,济南,36.67,116.98,21.7,0.0
20120506,济南,36.67,116.98,22.31,0.0
20120507,济南,36.67,116.98,22.74,0.0
20120508,济南,36.67,116.98,22.64,0.0
20120509,济南,36.67,116.98,22.97,0.0
20120510,济南,36.67,116.98,22.62,0.0
20120511,济南,36.67,116.98,21.82,0.03
20120512,济南,36.67,116.98,18.69,0.82
20120513,济南,36.67,116.98,20.21,0.0
20120514,济南,36.67,116.98,20.45,0.0
20120515,济南,36.67,116.98,18.77,0.0
20120516,济南,36.67,116.98,18.91,0.0
20120517,济南,36.67,116.98,21.57,0.0
20120518,济南,36.67,116.98,22.3,0.0
20120519,济南,36.67,116.98,24.4,0.0
20120520,济南,36.67,116.98,22.39,1.03
20120521,济南,36.67,116.98,20.76,0.0
20120522,济南,36.67,116.98,19.88,0.0
20120523,济南,36.67,116.98,21.75,0.0
20120524,济南,36.67,116.98,22.43,5.15
20120525,济南,36.67,116.98,23.29,0.0
20120526,济南,36.67,116.98,23.36,0.0
20120527,济南,36.67,116.98,24.77,0.0
20120528,济南,36.67,116.98,25.21,0.0
20120529,济南,36.67,116.98,20.25,0.64
20120530,济南,36.67,116.98,21.55,0.01
20120531,济南,36.67,116.98,22.46,0.0
20120601,济南,36.67,116.98,21.51,0.18
20120602,济南,36.67,116.98,22.99,0.02
20120603,济南,36.67,116.98,24.36,0.04
20120604,济南,36.67,116.98,25.11,0.02
20120605,济南,36.67,116.98,25.94,0.0
20120606,济南,36.67,116.98,25.8,0.11
20120607,济南,36.67,116.98,25.1,0.88
20120608,济南,36.67,116.98,25.45,1.68
20120609,济南,36.67,116.98,27.43,0.25
20120610,济南,36.67,116.98,23.18,6.44
20120611,济南,36.67,116.98,23.18,0.0
20120612,济南,36.67,116.98,25.65,0.0
20120613,济南,36.67,116.98,28.49,0.17
20120614,济南,36.67,116.98,24.4,1.48
20120615,济南,36.67,116.98,23.7,0.0
20120616,济南,36.67,116.98,26.41,0.0
20120617,济南,36.67,116.98,27.01,0.0
20120618,济南,36.67,116.98,27.76,0.0
20120619,济南,36.67,116.98,27.78,0.0
20120620,济南,36.67,116.98,28.64,0.0
20120621,济南,36.67,116.98,29.27,1.87
20120622,济南,36.67,116.98,29.43,0.03
20120623,济南,36.67,116.98,28.91,4.29
20120624,济南,36.67,116.98,28.26,0.09
20120625,济南,36.67,116.98,27.32,0.07
20120626,济南,36.67,116.98,24.69,8.67
20120627,济南,36.67,116.98,24.83,0.0
20120628,济南,36.67,116.98,25.44,1.44
20120629,济南,36.67,116.98,23.53,15.82
20120630,济南,36.67,116.98,24.97,0.19
20120701,济南,36.67,116.98,28.06,0.0
20120702,济南,36.67,116.98,28.16,0.0
20120703,济南,36.67,116.98,29.49,0.0
20120704,济南,36.67,116.98,26.82,12.08
20120705,济南,36.67,116.98,23.18,13.73
20120706,济南,36.67,116.98,26.91,0.01
20120707,济南,36.67,116.98,27.18,41.13
20120708,济南,36.67,116.98,26.99,26.59
20120709,济南,36.67,116.98,27.9,31.35
20120710,济南,36.67,116.98,27.11,8.91
20120711,济南,36.67,116.98,27.44,0.0
20120712,济南,36.67,116.98,28.69,1.39
20120713,济南,36.67,116.98,25.5,0.02
20120714,济南,36.67,116.98,23.94,0.05
20120715,济南,36.67,116.98,23.42,0.01
20120716,济南,36.67,116.98,26.2,0.0
20120717,济南,36.67,116.98,26.76,0.0
20120718,济南,36.67,116.98,27.47,0.0
20120719,济南,36.67,116.98,27.61,0.0
20120720,济南,36.67,116.98,28.14,0.05
20120721,济南,36.67,116.98,29.24,3.98
20120722,济南,36.67,116.98,26.98,12.59
20120723,济南,36.67,116.98,26.79,1.39
20120724,济南,36.67,116.98,28.44,4.02
20120725,济南,36.67,116.98,29.26,0.9
20120726,济南,36.67,116.98,29.64,15.71
20120727,济南,36.67,116.98,29.72,4.23
20120728,济南,36.67,116.98,30.34,0.24
20120729,济南,36.67,116.98,31.14,1.1
20120730,济南,36.67,116.98,29.58,19.71
20120731,济南,36.67,116.98,28.0,26.6
20120801,济南,36.67,116.98,25.1,14.16
20120802,济南,36.67,116.98,25.15,0.75
20120803,济南,36.67,116.98,26.12,18.2
20120804,济南,36.67,116.98,26.3,19.89
20120805,济南,36.67,116.98,25.56,4.39
20120806,济南,36.67,116.98,26.3,0.0
20120807,济南,36.67,116.98,26.99,0.0
20120808,济南,36.67,116.98,27.39,0.07
20120809,济南,36.67,116.98,26.74,1.04
20120810,济南,36.67,116.98,26.81,0.67
20120811,济南,36.67,116.98,27.5,0.14
20120812,济南,36.67,116.98,26.32,9.96
20120813,济南,36.67,116.98,22.58,6.21
20120814,济南,36.67,116.98,20.52,9.87
20120815,济南,36.67,116.98,21.43,0.32
20120816,济南,36.67,116.98,23.25,0.0
20120817,济南,36.67,116.98,24.62,0.0
20120818,济南,36.67,116.98,24.75,27.05
20120819,济南,36.67,116.98,25.14,2.53
20120820,济南,36.67,116.98,24.97,0.49
20120821,济南,36.67,116.98,21.5,7.07
20120822,济南,36.67,116.98,21.08,0.0
20120823,济南,36.67,116.98,21.62,0.0
20120824,济南,36.67,116.98,22.02,0.0
20120825,济南,36.67,116.98,24.2,0.06
20120826,济南,36.67,116.98,23.66,5.5
20120827,济南,36.67,116.98,23.57,1.53
20120828,济南,36.67,116.98,24.12,0.03
20120829,济南,36.67,116.98,26.23,0.0
20120830,济南,36.67,116.98,26.72,4.14
20120831,济南,36.67,116.98,25.88,0.03
20120901,济南,36.67,116.98,26.01,0.13
20120902,济南,36.67,116.98,22.07,17.88
20120903,济南,36.67,116.98,19.54,0.22
20120904,济南,36.67,116.98,18.5,0.02
20120905,济南,36.67,116.98,20.04,0.26
20120906,济南,36.67,116.98,21.12,1.31
20120907,济南,36.67,116.98,21.32,11.59
20120908,济南,36.67,116.98,20.73,0.12
20120909,济南,36.67,116.98,21.55,0.03
20120910,济南,36.67,116.98,21.95,0.37
20120911,济南,36.67,116.98,20.24,6.45
20120912,济南,36.67,116.98,17.94,0.03
20120913,济南,36.67,116.98,17.08,0.0
20120914,济南,36.67,116.98,17.11,0.0
20120915,济南,36.67,116.98,18.11,0.0
20120916,济南,36.67,116.98,18.47,0.0
20120917,济南,36.67,116.98,18.43,0.0
20120918,济南,36.67,116.98,19.61,0.0
20120919,济南,36.67,116.98,19.99,1.61
20120920,济南,36.67,116.98,20.56,0.02
20120921,济南,36.67,116.98,20.42,0.69
20120922,济南,36.67,116.98,20.03,1.77
20120923,济南,36.67,116.98,20.06,0.0
20120924,济南,36.67,116.98,20.16,0.0
20120925,济南,36.67,116.98,20.97,1.29
20120926,济南,36.67,116.98,19.57,4.26
20120927,济南,36.67,116.98,19.73,4.03
20120928,济南,36.67,116.98,14.03,0.0
20120929,济南,36.67,116.98,13.67,0.0
20120930,济南,36.67,116.98,16.77,0.0
20121001,济南,36.67,116.98,17.95,0.0
20121002,济南,36.67,116.98,17.43,0.0
20121003,济南,36.67,116.98,17.86,0.0
20121004,济南,36.67,116.98,17.47,0.0
20121005,济南,36.67,116.98,17.74,0.12
20121006,济南,36.67,116.98,17.31,0.0
20121007,济南,36.67,116.98,17.65,0.0
20121008,济南,36.67,116.98,17.9,0.0
20121009,济南,36.67,116.98,16.96,0.0
20121010,济南,36.67,116.98,12.88,0.0
20121011,济南,36.67,116.98,14.82,0.0
20121012,济南,36.67,116.98,16.58,0.0
20121013,济南,36.67,116.98,16.3,0.0
20121014,济南,36.67,116.98,16.16,0.0
20121015,济南,36.67,116.98,17.28,0.14
20121016,济南,36.67,116.98,13.31,4.43
20121017,济南,36.67,116.98,9.6,0.0
20121018,济南,36.67,116.98,11.81,0.0
20121019,济南,36.67,116.98,13.88,0.0
20121020,济南,36.67,116.98,15.71,0.0
20121021,济南,36.67,116.98,16.58,5.25
20121022,济南,36.67,116.98,11.08,0.38
20121023,济南,36.67,116.98,11.95,0.0
20121024,济南,36.67,116.98,13.35,0.0
20121025,济南,36.67,116.98,13.97,0.0
20121026,济南,36.67,116.98,14.44,2.79
20121027,济南,36.67,116.98,13.66,0.0
20121028,济南,36.67,116.98,13.73,0.01
20121029,济南,36.67,116.98,13.33,0.34
20121030,济南,36.67,116.98,8.55,0.07
20121031,济南,36.67,116.98,6.77,0.0
20120401,郑州,34.76,113.65,13.87,0.0
20120402,郑州,34.76,113.65,8.67,0.14
20120403,郑州,34.76,113.65,10.81,0.0
20120404,郑州,34.76,113.65,15.48,0.0
20120405,郑州,34.76,113.65,14.97,0.0
20120406,郑州,34.76,113.65,15.94,0.0
20120407,郑州,34.76,113.65,17.87,0.0
20120408,郑州,34.76,113.65,18.57,0.0
20120409,郑州,34.76,113.65,16.29,0.65
20120410,郑州,34.76,113.65,17.01,0.01
20120411,郑州,34.76,113.65,15.35,0.01
20120412,郑州,34.76,113.65,13.55,2.16
20120413,郑州,34.76,113.65,16.71,0.0
20120414,郑州,34.76,113.65,17.63,0.0
20120415,郑州,34.76,113.65,16.64,0.0
20120416,郑州,34.76,113.65,16.08,0.0
20120417,郑州,34.76,113.65,17.07,0.0
20120418,郑州,34.76,113.65,18.33,0.0
20120419,郑州,34.76,113.65,20.0,3.67
20120420,郑州,34.76,113.65,16.1,0.93
20120421,郑州,34.76,113.65,17.11,0.02
20120422,郑州,34.76,113.65,19.68,0.0
20120423,郑州,34.76,113.65,22.0,1.0
20120424,郑州,34.76,113.65,19.13,36.06
20120425,郑州,34.76,113.65,16.12,0.0
20120426,郑州,34.76,113.65,17.99,0.0
20120427,郑州,34.76,113.65,21.36,0.0
20120428,郑州,34.76,113.65,18.72,0.0
20120429,郑州,34.76,113.65,17.5,0.0
20120430,郑州,34.76,113.65,19.51,0.05
20120501,郑州,34.76,113.65,21.02,0.02
20120502,郑州,34.76,113.65,22.29,0.0
20120503,郑州,34.76,113.65,23.15,0.0
20120504,郑州,34.76,113.65,23.53,0.0
20120505,郑州,34.76,113.65,23.96,0.0
20120506,郑州,34.76,113.65,24.95,0.0
20120507,郑州,34.76,113.65,23.91,1.22
20120508,郑州,34.76,113.65,24.14,0.01
20120509,郑州,34.76,113.65,24.72,0.1
20120510,郑州,34.76,113.65,25.4,0.0
20120511,郑州,34.76,113.65,22.93,0.21
20120512,郑州,34.76,113.65,20.54,9.17
20120513,郑州,34.76,113.65,20.0,0.0
20120514,郑州,34.76,113.65,21.61,0.0
20120515,郑州,34.76,113.65,22.41,0.0
20120516,郑州,34.76,113.65,23.6,0.0
20120517,郑州,34.76,113.65,23.98,0.0
20120518,郑州,34.76,113.65,24.05,0.0
20120519,郑州,34.76,113.65,24.88,0.0
20120520,郑州,34.76,113.65,23.98,0.0
20120521,郑州,34.76,113.65,22.37,0.01
20120522,郑州,34.76,113.65,20.7,0.69
20120523,郑州,34.76,113.65,21.32,0.01
20120524,郑州,34.76,113.65,22.47,0.0
20120525,郑州,34.76,113.65,22.99,0.0
20120526,郑州,34.76,113.65,24.79,0.0
20120527,郑州,34.76,113.65,25.44,0.0
20120528,郑州,34.76,113.65,25.4,0.0
20120529,郑州,34.76,113.65,20.75,1.18
20120530,郑州,34.76,113.65,22.49,0.0
20120531,郑州,34.76,113.65,22.74,0.0
20120601,郑州,34.76,113.65,24.4,0.39
20120602,郑州,34.76,113.65,25.35,0.0
20120603,郑州,34.76,113.65,24.99,0.0
20120604,郑州,34.76,113.65,26.36,0.0
20120605,郑州,34.76,113.65,26.99,0.0
20120606,郑州,34.76,113.65,26.69,0.12
20120607,郑州,34.76,113.65,27.65,0.0
20120608,郑州,34.76,113.65,29.37,0.0
20120609,郑州,34.76,113.65,30.57,0.0
20120610,郑州,34.76,113.65,27.77,0.01
20120611,郑州,34.76,113.65,28.12,0.0
20120612,郑州,34.76,113.65,30.43,0.0
20120613,郑州,34.76,113.65,32.6,0.0
20120614,郑州,34.76,113.65,28.45,0.0
20120615,郑州,34.76,113.65,27.61,0.0
20120616,郑州,34.76,113.65,28.78,0.0
20120617,郑州,34.76,113.65,28.25,0.0
20120618,郑州,34.76,113.65,29.37,0.0
20120619,郑州,34.76,113.65,29.64,0.0
20120620,郑州,34.76,113.65,30.16,0.0
20120621,郑州,34.76,113.65,30.6,0.0
20120622,郑州,34.76,113.65,31.28,0.0
20120623,郑州,34.76,113.65,31.63,0.86
20120624,郑州,34.76,113.65,30.13,1.62
20120625,郑州,34.76,113.65,26.29,2.48
20120626,郑州,34.76,113.65,27.91,3.21
20120627,郑州,34.76,113.65,25.78,0.12
20120628,郑州,34.76,113.65,26.36,1.79
20120629,郑州,34.76,113.65,24.99,3.78
20120630,郑州,34.76,113.65,28.08,0.46
20120701,郑州,34.76,113.65,29.91,0.0
20120702,郑州,34.76,113.65,29.52,0.77
20120703,郑州,34.76,113.65,31.04,0.0
20120704,郑州,34.76,113.65,26.71,40.0
20120705,郑州,34.76,113.65,26.73,2.4
20120706,郑州,34.76,113.65,28.43,0.0
20120707,郑州,34.76,113.65,28.05,11.59
20120708,郑州,34.76,113.65,27.55,19.51
20120709,郑州,34.76,113.65,27.73,15.42
20120710,郑州,34.76,113.65,29.9,0.55
20120711,郑州,34.76,113.65,32.25,0.0
20120712,郑州,34.76,113.65,32.33,0.0
20120713,郑州,34.76,113.65,28.33,4.0
20120714,郑州,34.76,113.65,25.89,0.64
20120715,郑州,34.76,113.65,27.14,0.0
20120716,郑州,34.76,113.65,28.22,0.0
20120717,郑州,34.76,113.65,28.68,0.0
20120718,郑州,34.76,113.65,29.0,0.0
20120719,郑州,34.76,113.65,29.76,0.0
20120720,郑州,34.76,113.65,30.59,0.03
20120721,郑州,34.76,113.65,31.15,2.04
20120722,郑州,34.76,113.65,27.81,0.51
20120723,郑州,34.76,113.65,29.45,0.0
20120724,郑州,34.76,113.65,28.77,3.09
20120725,郑州,34.76,113.65,29.43,2.99
20120726,郑州,34.76,113.65,32.77,0.08
20120727,郑州,34.76,113.65,32.51,0.0
20120728,郑州,34.76,113.65,33.14,0.04
20120729,郑州,34.76,113.65,33.12,0.0
20120730,郑州,34.76,113.65,32.4,9.67
20120731,郑州,34.76,113.65,26.82,28.34
20120801,郑州,34.76,113.65,23.56,1.68
20120802,郑州,34.76,113.65,26.82,0.26
20120803,郑州,34.76,113.65,27.65,0.09
20120804,郑州,34.76,113.65,27.64,8.76
20120805,郑州,34.76,113.65,27.66,17.68
20120806,郑州,34.76,113.65,27.78,0.16
20120807,郑州,34.76,113.65,29.18,0.0
20120808,郑州,34.76,113.65,30.01,0.0
20120809,郑州,34.76,113.65,28.7,1.39
20120810,郑州,34.76,113.65,28.37,1.29
20120811,郑州,34.76,113.65,29.39,0.0
20120812,郑州,34.76,113.65,28.36,4.11
20120813,郑州,34.76,113.65,24.67,6.02
20120814,郑州,34.76,113.65,24.77,0.84
20120815,郑州,34.76,113.65,26.6,0.0
20120816,郑州,34.76,113.65,26.14,0.0
20120817,郑州,34.76,113.65,27.62,0.0
20120818,郑州,34.76,113.65,27.51,2.98
20120819,郑州,34.76,113.65,27.03,0.27
20120820,郑州,34.76,113.65,24.5,47.09
20120821,郑州,34.76,113.65,23.85,7.9
20120822,郑州,34.76,113.65,22.74,0.0
20120823,郑州,34.76,113.65,22.37,0.0
20120824,郑州,34.76,113.65,23.51,0.0
20120825,郑州,34.76,113.65,24.44,0.21
20120826,郑州,34.76,113.65,25.55,1.4
20120827,郑州,34.76,113.65,24.36,21.96
20120828,郑州,34.76,113.65,25.69,0.0
20120829,郑州,34.76,113.65,28.24,0.0
20120830,郑州,34.76,113.65,27.56,0.0
20120831,郑州,34.76,113.65,24.99,4.36
20120901,郑州,34.76,113.65,26.42,15.24
20120902,郑州,34.76,113.65,25.09,2.77
20120903,郑州,34.76,113.65,23.76,0.08
20120904,郑州,34.76,113.65,22.15,0.0
20120905,郑州,34.76,113.65,23.81,0.61
20120906,郑州,34.76,113.65,23.78,0.45
20120907,郑州,34.76,113.65,24.24,0.05
20120908,郑州,34.76,113.65,20.89,1.47
20120909,郑州,34.76,113.65,23.25,0.0
20120910,郑州,34.76,113.65,22.17,0.69
20120911,郑州,34.76,113.65,20.13,26.06
20120912,郑州,34.76,113.65,19.87,0.0
20120913,郑州,34.76,113.65,18.96,0.0
20120914,郑州,34.76,113.65,19.7,0.0
20120915,郑州,34.76,113.65,19.19,0.0
20120916,郑州,34.76,113.65,19.88,0.0
20120917,郑州,34.76,113.65,21.14,0.0
20120918,郑州,34.76,113.65,22.58,0.0
20120919,郑州,34.76,113.65,23.54,1.77
20120920,郑州,34.76,113.65,21.05,0.01
20120921,郑州,34.76,113.65,22.58,0.33
20120922,郑州,34.76,113.65,22.87,0.0
20120923,郑州,34.76,113.65,22.76,0.0
20120924,郑州,34.76,113.65,21.69,0.0
20120925,郑州,34.76,113.65,21.57,22.4
20120926,郑州,34.76,113.65,19.98,6.62
20120927,郑州,34.76,113.65,21.4,0.05
20120928,郑州,34.76,113.65,16.76,0.0
20120929,郑州,34.76,113.65,18.06,0.0
20120930,郑州,34.76,113.65,19.07,0.0
20121001,郑州,34.76,113.65,19.37,0.0
20121002,郑州,34.76,113.65,19.73,0.0
20121003,郑州,34.76,113.65,20.39,0.0
20121004,郑州,34.76,113.65,18.02,0.2
20121005,郑州,34.76,113.65,18.9,1.63
20121006,郑州,34.76,113.65,18.15,0.0
20121007,郑州,34.76,113.65,18.99,0.0
20121008,郑州,34.76,113.65,19.4,0.0
20121009,郑州,34.76,113.65,19.34,0.0
20121010,郑州,34.76,113.65,16.29,0.0
20121011,郑州,34.76,113.65,17.53,0.0
20121012,郑州,34.76,113.65,18.93,0.0
20121013,郑州,34.76,113.65,17.64,0.0
20121014,郑州,34.76,113.65,16.44,0.01
20121015,郑州,34.76,113.65,17.69,1.65
20121016,郑州,34.76,113.65,16.21,6.31
20121017,郑州,34.76,113.65,12.67,0.0
20121018,郑州,34.76,113.65,14.88,0.0
20121019,郑州,34.76,113.65,16.55,0.0
20121020,郑州,34.76,113.65,17.86,0.0
20121021,郑州,34.76,113.65,16.46,2.84
20121022,郑州,34.76,113.65,13.0,0.0
20121023,郑州,34.76,113.65,14.11,0.05
20121024,郑州,34.76,113.65,15.49,0.01
20121025,郑州,34.76,113.65,14.91,0.0
20121026,郑州,34.76,113.65,15.2,0.16
20121027,郑州,34.76,113.65,16.07,0.0
20121028,郑州,34.76,113.65,15.19,0.22
20121029,郑州,34.76,113.65,14.87,2.28
20121030,郑州,34.76,113.65,11.92,0.0
20121031,郑州,34.76,113.65,10.9,0.0
20130401,哈尔滨,45.75,126.63,-1.85,0.0
20130402,哈尔滨,45.75,126.63,2.11,0.0
20130403,哈尔滨,45.75,126.63,1.43,0.0
20130404,哈尔滨,45.75,126.63,0.4,0.0
20130405,哈尔滨,45.75,126.63,-0.92,2.26
20130406,哈尔滨,45.75,126.63,-0.87,0.0
20130407,哈尔滨,45.75,126.63,-0.8,0.0
20130408,哈尔滨,45.75,126.63,0.35,0.05
20130409,哈尔滨,45.75,126.63,-0.96,0.05
20130410,哈尔滨,45.75,126.63,-1.05,0.42
20130411,哈尔滨,45.75,126.63,-0.52,0.39
20130412,哈尔滨,45.75,126.63,3.15,0.03
20130413,哈尔滨,45.75,126.63,2.18,0.04
20130414,哈尔滨,45.75,126.63,-0.85,1.71
20130415,哈尔滨,45.75,126.63,0.79,0.13
20130416,哈尔滨,45.75,126.63,0.83,0.0
20130417,哈尔滨,45.75,126.63,0.84,0.0
20130418,哈尔滨,45.75,126.63,0.37,0.31
20130419,哈尔滨,45.75,126.63,1.91,0.02
20130420,哈尔滨,45.75,126.63,2.09,0.01
20130421,哈尔滨,45.75,126.63,4.95,0.0
20130422,哈尔滨,45.75,126.63,8.53,0.04
20130423,哈尔滨,45.75,126.63,8.24,0.04
20130424,哈尔滨,45.75,126.63,7.11,0.26
20130425,哈尔滨,45.75,126.63,6.52,2.69
20130426,哈尔滨,45.75,126.63,8.07,0.04
20130427,哈尔滨,45.75,126.63,10.37,0.0
20130428,哈尔滨,45.75,126.63,13.22,0.0
20130429,哈尔滨,45.75,126.63,8.85,5.77
20130430,哈尔滨,45.75,126.63,8.67,0.28
20130501,哈尔滨,45.75,126.63,7.86,0.53
20130502,哈尔滨,45.75,126.63,8.79,0.09
20130503,哈尔滨,45.75,126.63,11.87,0.0
20130504,哈尔滨,45.75,126.63,13.76,0.0
20130505,哈尔滨,45.75,126.63,14.52,0.0
20130506,哈尔滨,45.75,126.63,12.3,0.0
20130507,哈尔滨,45.75,126.63,16.98,0.0
20130508,哈尔滨,45.75,126.63,21.26,0.0
20130509,哈尔滨,45.75,126.63,18.79,0.36
20130510,哈尔滨,45.75,126.63,12.97,21.15
20130511,哈尔滨,45.75,126.63,13.11,10.97
20130512,哈尔滨,45.75,126.63,9.85,6.58
20130513,哈尔滨,45.75,126.63,12.79,0.01
20130514,哈尔滨,45.75,126.63,12.49,9.85
20130515,哈尔滨,45.75,126.63,13.87,0.02
20130516,哈尔滨,45.75,126.63,16.51,0.0
20130517,哈尔滨,45.75,126.63,16.9,0.95
20130518,哈尔滨,45.75,126.63,18.91,0.07
20130519,哈尔滨,45.75,126.63,17.14,3.47
20130520,哈尔滨,45.75,126.63,11.58,5.28
20130521,哈尔滨,45.75,126.63,12.3,0.26
20130522,哈尔滨,45.75,126.63,16.32,0.03
20130523,哈尔滨,45.75,126.63,19.77,0.0
20130524,哈尔滨,45.75,126.63,18.32,0.74
20130525,哈尔滨,45.75,126.63,18.32,0.0
20130526,哈尔滨,45.75,126.63,22.46,0.07
20130527,哈尔滨,45.75,126.63,21.37,0.23
20130528,哈尔滨,45.75,126.63,18.07,6.14
20130529,哈尔滨,45.75,126.63,16.78,0.51
20130530,哈尔滨,45.75,126.63,18.57,0.0
20130531,哈尔滨,45.75,126.63,22.87,0.02
20130601,哈尔滨,45.75,126.63,19.06,0.16
20130602,哈尔滨,45.75,126.63,17.09,0.0
20130603,哈尔滨,45.75,126.63,16.97,15.32
20130604,哈尔滨,45.75,126.63,16.19,1.83
20130605,哈尔滨,45.75,126.63,17.72,0.02
20130606,哈尔滨,45.75,126.63,20.57,0.3
20130607,哈尔滨,45.75,126.63,20.49,3.28
20130608,哈尔滨,45.75,126.63,23.19,0.36
20130609,哈尔滨,45.75,126.63,20.88,0.08
20130610,哈尔滨,45.75,126.63,18.3,0.09
20130611,哈尔滨,45.75,126.63,19.01,1.84
20130612,哈尔滨,45.75,126.63,18.1,3.29
20130613,哈尔滨,45.75,126.63,21.03,0.01
20130614,哈尔滨,45.75,126.63,23.38,0.0
20130615,哈尔滨,45.75,126.63,20.73,2.06
20130616,哈尔滨,45.75,126.63,21.9,0.61
20130617,哈尔滨,45.75,126.63,21.74,5.29
20130618,哈尔滨,45.75,126.63,21.57,0.38
20130619,哈尔滨,45.75,126.63,20.59,1.21
20130620,哈尔滨,45.75,126.63,20.33,3.18
20130621,哈尔滨,45.75,126.63,20.52,4.39
20130622,哈尔滨,45.75,126.63,22.55,0.01
20130623,哈尔滨,45.75,126.63,24.27,0.01
20130624,哈尔滨,45.75,126.63,25.05,0.05
20130625,哈尔滨,45.75,126.63,25.04,0.55
20130626,哈尔滨,45.75,126.63,22.5,5.61
20130627,哈尔滨,45.75,126.63,20.58,7.15
20130628,哈尔滨,45.75,126.63,18.35,8.5
20130629,哈尔滨,45.75,126.63,19.08,4.76
20130630,哈尔滨,45.75,126.63,21.93,36.03
20130701,哈尔滨,45.75,126.63,22.11,12.48
20130702,哈尔滨,45.75,126.63,20.47,40.71
20130703,哈尔滨,45.75,126.63,20.17,24.63
20130704,哈尔滨,45.75,126.63,21.12,13.14
20130705,哈尔滨,45.75,126.63,22.08,0.62
20130706,哈尔滨,45.75,126.63,22.89,0.12
20130707,哈尔滨,45.75,126.63,24.95,4.26
20130708,哈尔滨,45.75,126.63,21.87,16.48
20130709,哈尔滨,45.75,126.63,20.42,3.77
20130710,哈尔滨,45.75,126.63,22.54,0.73
20130711,哈尔滨,45.75,126.63,22.43,0.0
20130712,哈尔滨,45.75,126.63,21.05,0.0
20130713,哈尔滨,45.75,126.63,22.19,0.0
20130714,哈尔滨,45.75,126.63,22.81,0.0
20130715,哈尔滨,45.75,126.63,23.56,1.59
20130716,哈尔滨,45.75,126.63,22.52,34.34
20130717,哈尔滨,45.75,126.63,23.38,0.03
20130718,哈尔滨,45.75,126.63,22.92,0.01
20130719,哈尔滨,45.75,126.63,23.28,8.39
20130720,哈尔滨,45.75,126.63,22.73,4.11
20130721,哈尔滨,45.75,126.63,23.17,1.93
20130722,哈尔滨,45.75,126.63,23.82,0.96
20130723,哈尔滨,45.75,126.63,24.41,0.38
20130724,哈尔滨,45.75,126.63,21.8,9.59
20130725,哈尔滨,45.75,126.63,20.89,3.03
20130726,哈尔滨,45.75,126.63,23.01,1.16
20130727,哈尔滨,45.75,126.63,24.11,2.17
20130728,哈尔滨,45.75,126.63,23.12,13.88
20130729,哈尔滨,45.75,126.63,23.79,0.89
20130730,哈尔滨,45.75,126.63,24.7,4.08
20130731,哈尔滨,45.75,126.63,25.25,0.85
20130801,哈尔滨,45.75,126.63,25.28,0.02
20130802,哈尔滨,45.75,126.63,25.68,2.18
20130803,哈尔滨,45.75,126.63,25.69,1.66
20130804,哈尔滨,45.75,126.63,25.47,4.23
20130805,哈尔滨,45.75,126.63,23.29,9.23
20130806,哈尔滨,45.75,126.63,24.55,5.28
20130807,哈尔滨,45.75,126.63,25.08,17.26
20130808,哈尔滨,45.75,126.63,24.85,5.11
20130809,哈尔滨,45.75,126.63,24.4,3.83
20130810,哈尔滨,45.75,126.63,22.5,1.5
20130811,哈尔滨,45.75,126.63,24.58,0.01
20130812,哈尔滨,45.75,126.63,24.75,18.31
20130813,哈尔滨,45.75,126.63,25.56,4.82
20130814,哈尔滨,45.75,126.63,24.96,5.27
20130815,哈尔滨,45.75,126.63,24.0,1.79
20130816,哈尔滨,45.75,126.63,21.65,7.39
20130817,哈尔滨,45.75,126.63,20.64,7.53
20130818,哈尔滨,45.75,126.63,20.32,1.76
20130819,哈尔滨,45.75,126.63,18.93,1.58
20130820,哈尔滨,45.75,126.63,19.84,0.05
20130821,哈尔滨,45.75,126.63,20.53,1.7
20130822,哈尔滨,45.75,126.63,20.94,6.83
20130823,哈尔滨,45.75,126.63,19.37,0.44
20130824,哈尔滨,45.75,126.63,20.52,0.23
20130825,哈尔滨,45.75,126.63,18.77,0.98
20130826,哈尔滨,45.75,126.63,17.55,0.26
20130827,哈尔滨,45.75,126.63,17.29,0.57
20130828,哈尔滨,45.75,126.63,16.25,2.34
20130829,哈尔滨,45.75,126.63,14.28,8.58
20130830,哈尔滨,45.75,126.63,14.08,2.31
20130831,哈尔滨,45.75,126.63,11.98,2.67
20130901,哈尔滨,45.75,126.63,13.52,0.64
20130902,哈尔滨,45.75,126.63,14.07,2.27
20130903,哈尔滨,45.75,126.63,15.03,0.48
20130904,哈尔滨,45.75,126.63,16.65,0.2
20130905,哈尔滨,45.75,126.63,17.81,0.0
20130906,哈尔滨,45.75,126.63,18.32,0.59
20130907,哈尔滨,45.75,126.63,16.04,5.39
20130908,哈尔滨,45.75,126.63,17.3,0.03
20130909,哈尔滨,45.75,126.63,17.84,0.07
20130910,哈尔滨,45.75,126.63,16.0,2.47
20130911,哈尔滨,45.75,126.63,14.67,0.0
20130912,哈尔滨,45.75,126.63,17.88,0.03
20130913,哈尔滨,45.75,126.63,18.9,0.76
20130914,哈尔滨,45.75,126.63,17.47,0.66
20130915,哈尔滨,45.75,126.63,10.64,0.0
20130916,哈尔滨,45.75,126.63,12.02,0.0
20130917,哈尔滨,45.75,126.63,11.28,0.0
20130918,哈尔滨,45.75,126.63,13.06,0.04
20130919,哈尔滨,45.75,126.63,15.47,12.45
20130920,哈尔滨,45.75,126.63,12.93,0.0
20130921,哈尔滨,45.75,126.63,12.7,0.0
20130922,哈尔滨,45.75,126.63,15.83,0.0
20130923,哈尔滨,45.75,126.63,13.16,6.68
20130924,哈尔滨,45.75,126.63,8.33,0.0
20130925,哈尔滨,45.75,126.63,7.84,0.0
20130926,哈尔滨,45.75,126.63,8.61,0.0
20130927,哈尔滨,45.75,126.63,14.19,0.0
20130928,哈尔滨,45.75,126.63,13.59,0.02
20130929,哈尔滨,45.75,126.63,10.7,0.0
20130930,哈尔滨,45.75,126.63,11.14,0.0
20131001,哈尔滨,45.75,126.63,10.98,8.66
20131002,哈尔滨,45.75,126.63,6.52,0.21
20131003,哈尔滨,45.75,126.63,1.29,0.0
20131004,哈尔滨,45.75,126.63,7.21,0.0
20131005,哈尔滨,45.75,126.63,8.01,0.0
20131006,哈尔滨,45.75,126.63,12.35,0.0
20131007,哈尔滨,45.75,126.63,9.75,0.23
20131008,哈尔滨,45.75,126.63,5.98,0.0
20131009,哈尔滨,45.75,126.63,9.72,0.0
20131010,哈尔滨,45.75,126.63,11.22,5.47
20131011,哈尔滨,45.75,126.63,3.67,2.85
20131012,哈尔滨,45.75,126.63,4.98,0.01
20131013,哈尔滨,45.75,126.63,6.97,0.01
20131014,哈尔滨,45.75,126.63,3.18,1.28
20131015,哈尔滨,45.75,126.63,-0.27,0.0
20131016,哈尔滨,45.75,126.63,1.22,0.0
20131017,哈尔滨,45.75,126.63,2.04,0.0
20131018,哈尔滨,45.75,126.63,5.98,0.0
20131019,哈尔滨,45.75,126.63,8.6,0.01
20131020,哈尔滨,45.75,126.63,8.34,0.0
20131021,哈尔滨,45.75,126.63,6.63,0.0
20131022,哈尔滨,45.75,126.63,6.55,0.01
20131023,哈尔滨,45.75,126.63,7.35,4.31
20131024,哈尔滨,45.75,126.63,3.94,18.83
20131025,哈尔滨,45.75,126.63,2.69,4.33
20131026,哈尔滨,45.75,126.63,1.54,0.06
20131027,哈尔滨,45.75,126.63,3.43,0.0
20131028,哈尔滨,45.75,126.63,4.26,0.04
20131029,哈尔滨,45.75,126.63,-1.1,0.01
20131030,哈尔滨,45.75,126.63,0.02,0.0
20131031,哈尔滨,45.75,126.63,2.72,0.01
20130401,长春,43.82,125.32,1.03,0.25
20130402,长春,43.82,125.32,2.75,0.0
20130403,长春,43.82,125.32,1.51,0.0
20130404,长春,43.82,125.32,-0.83,2.16
20130405,长春,43.82,125.32,-0.91,7.83
20130406,长春,43.82,125.32,-2.16,0.01
20130407,长春,43.82,125.32,-1.47,0.0
20130408,长春,43.82,125.32,-0.67,3.47
20130409,长春,43.82,125.32,-0.79,0.12
20130410,长春,43.82,125.32,-0.03,0.1
20130411,长春,43.82,125.32,-0.42,2.04
20130412,长春,43.82,125.32,3.6,0.09
20130413,长春,43.82,125.32,1.52,2.8
20130414,长春,43.82,125.32,-0.56,0.11
20130415,长春,43.82,125.32,1.46,0.0
20130416,长春,43.82,125.32,2.0,0.0
20130417,长春,43.82,125.32,0.73,0.0
20130418,长春,43.82,125.32,0.62,0.05
20130419,长春,43.82,125.32,1.8,0.0
20130420,长春,43.82,125.32,3.21,0.0
20130421,长春,43.82,125.32,4.39,0.0
20130422,长春,43.82,125.32,8.96,0.0
20130423,长春,43.82,125.32,4.47,6.7
20130424,长春,43.82,125.32,7.01,0.36
20130425,长春,43.82,125.32,5.19,6.17
20130426,长春,43.82,125.32,6.74,1.28
20130427,长春,43.82,125.32,10.47,0.0
20130428,长春,43.82,125.32,13.8,0.08
20130429,长春,43.82,125.32,9.74,11.52
20130430,长春,43.82,125.32,8.72,0.14
20130501,长春,43.82,125.32,7.87,0.03
20130502,长春,43.82,125.32,8.15,0.05
20130503,长春,43.82,125.32,11.11,0.02
20130504,长春,43.82,125.32,13.57,0.0
20130505,长春,43.82,125.32,16.11,0.04
20130506,长春,43.82,125.32,14.15,0.0
20130507,长春,43.82,125.32,17.91,0.0
20130508,长春,43.82,125.32,19.66,0.0
20130509,长春,43.82,125.32,17.19,0.13
20130510,长春,43.82,125.32,12.12,12.95
20130511,长春,43.82,125.32,12.16,1.63
20130512,长春,43.82,125.32,13.47,0.33
20130513,长春,43.82,125.32,16.04,0.01
20130514,长春,43.82,125.32,15.49,4.23
20130515,长春,43.82,125.32,14.14,0.06
20130516,长春,43.82,125.32,16.52,0.0
20130517,长春,43.82,125.32,16.99,0.0
20130518,长春,43.82,125.32,17.48,0.0
20130519,长春,43.82,125.32,16.31,9.63
20130520,长春,43.82,125.32,9.91,11.14
20130521,长春,43.82,125.32,13.39,0.01
20130522,长春,43.82,125.32,16.81,0.0
20130523,长春,43.82,125.32,20.24,0.0
20130524,长春,43.82,125.32,17.86,0.5
20130525,长春,43.82,125.32,19.32,0.0
20130526,长春,43.82,125.32,22.06,0.0
20130527,长春,43.82,125.32,20.15,0.01
20130528,长春,43.82,125.32,19.57,2.24
20130529,长春,43.82,125.32,17.8,0.83
20130530,长春,43.82,125.32,19.85,0.0
20130531,长春,43.82,125.32,22.43,0.0
20130601,长春,43.82,125.32,18.63,0.03
20130602,长春,43.82,125.32,18.07,0.02
20130603,长春,43.82,125.32,17.2,6.54
20130604,长春,43.82,125.32,16.0,0.75
20130605,长春,43.82,125.32,19.64,0.47
20130606,长春,43.82,125.32,21.31,0.48
20130607,长春,43.82,125.32,20.27,0.52
20130608,长春,43.82,125.32,23.14,0.01
20130609,长春,43.82,125.32,21.68,0.0
20130610,长春,43.82,125.32,19.34,0.0
20130611,长春,43.82,125.32,18.05,5.89
20130612,长春,43.82,125.32,17.84,9.54
20130613,长春,43.82,125.32,20.87,0.0
20130614,长春,43.82,125.32,23.0,0.0
20130615,长春,43.82,125.32,21.55,0.2
20130616,长春,43.82,125.32,20.14,4.7
20130617,长春,43.82,125.32,21.93,1.56
20130618,长春,43.82,125.32,19.17,3.75
20130619,长春,43.82,125.32,21.91,3.56
20130620,长春,43.82,125.32,21.0,3.98
20130621,长春,43.82,125.32,21.44,2.28
20130622,长春,43.82,125.32,21.92,11.35
20130623,长春,43.82,125.32,23.04,4.8
20130624,长春,43.82,125.32,22.53,4.95
20130625,长春,43.82,125.32,21.45,4.76
20130626,长春,43.82,125.32,20.49,16.32
20130627,长春,43.82,125.32,20.32,32.49
20130628,长春,43.82,125.32,21.9,15.67
20130629,长春,43.82,125.32,20.51,8.65
20130630,长春,43.82,125.32,22.11,16.15
20130701,长春,43.82,125.32,21.76,3.48
20130702,长春,43.82,125.32,19.28,42.51
20130703,长春,43.82,125.32,20.29,16.91
20130704,长春,43.82,125.32,21.58,7.05
20130705,长春,43.82,125.32,23.03,0.69
20130706,长春,43.82,125.32,24.4,0.01
20130707,长春,43.82,125.32,24.82,0.57
20130708,长春,43.82,125.32,21.42,4.46
20130709,长春,43.82,125.32,21.77,1.04
20130710,长春,43.82,125.32,22.78,0.54
20130711,长春,43.82,125.32,23.2,0.0
20130712,长春,43.82,125.32,22.18,1.42
20130713,长春,43.82,125.32,22.09,1.03
20130714,长春,43.82,125.32,24.01,1.59
20130715,长春,43.82,125.32,23.86,12.18
20130716,长春,43.82,125.32,22.58,24.92
20130717,长春,43.82,125.32,23.21,0.0
20130718,长春,43.82,125.32,22.63,0.0
20130719,长春,43.82,125.32,22.08,15.37
20130720,长春,43.82,125.32,22.39,2.93
20130721,长春,43.82,125.32,23.13,0.01
20130722,长春,43.82,125.32,23.65,0.01
20130723,长春,43.82,125.32,24.06,4.71
20130724,长春,43.82,125.32,21.11,8.07
20130725,长春,43.82,125.32,22.03,7.05
20130726,长春,43.82,125.32,23.12,0.11
20130727,长春,43.82,125.32,23.98,1.71
20130728,长春,43.82,125.32,22.42,20.33
20130729,长春,43.82,125.32,24.48,0.36
20130730,长春,43.82,125.32,22.81,0.35
20130731,长春,43.82,125.32,24.05,0.0
20130801,长春,43.82,125.32,25.54,0.06
20130802,长春,43.82,125.32,25.76,0.29
20130803,长春,43.82,125.32,25.71,0.63
20130804,长春,43.82,125.32,24.98,3.13
20130805,长春,43.82,125.32,23.24,2.48
20130806,长春,43.82,125.32,24.69,0.27
20130807,长春,43.82,125.32,26.12,1.54
20130808,长春,43.82,125.32,25.62,8.3
20130809,长春,43.82,125.32,25.46,0.37
20130810,长春,43.82,125.32,24.85,0.25
20130811,长春,43.82,125.32,24.99,0.22
20130812,长春,43.82,125.32,25.66,9.18
20130813,长春,43.82,125.32,25.82,1.24
20130814,长春,43.82,125.32,25.52,19.24
20130815,长春,43.82,125.32,24.7,27.69
20130816,长春,43.82,125.32,22.15,32.7
20130817,长春,43.82,125.32,22.5,1.75
20130818,长春,43.82,125.32,21.05,3.75
20130819,长春,43.82,125.32,20.63,4.08
20130820,长春,43.82,125.32,20.14,0.0
20130821,长春,43.82,125.32,20.54,1.33
20130822,长春,43.82,125.32,21.78,0.7
20130823,长春,43.82,125.32,20.25,0.01
20130824,长春,43.82,125.32,21.09,0.01
20130825,长春,43.82,125.32,21.05,0.29
20130826,长春,43.82,125.32,17.38,10.32
20130827,长春,43.82,125.32,18.29,0.53
20130828,长春,43.82,125.32,17.32,15.49
20130829,长春,43.82,125.32,15.7,17.05
20130830,长春,43.82,125.32,15.21,0.04
20130831,长春,43.82,125.32,14.7,0.79
20130901,长春,43.82,125.32,13.48,1.32
20130902,长春,43.82,125.32,13.3,10.22
20130903,长春,43.82,125.32,14.88,0.06
20130904,长春,43.82,125.32,15.7,0.0
20130905,长春,43.82,125.32,16.54,0.0
20130906,长春,43.82,125.32,17.3,5.25
20130907,长春,43.82,125.32,16.08,1.28
20130908,长春,43.82,125.32,17.32,0.03
20130909,长春,43.82,125.32,18.67,0.05
20130910,长春,43.82,125.32,17.08,2.15
20130911,长春,43.82,125.32,16.11,0.0
20130912,长春,43.82,125.32,18.54,0.0
20130913,长春,43.82,125.32,19.12,0.18
20130914,长春,43.82,125.32,17.88,0.82
20130915,长春,43.82,125.32,10.93,0.0
20130916,长春,43.82,125.32,13.12,0.0
20130917,长春,43.82,125.32,13.13,0.01
20130918,长春,43.82,125.32,13.95,0.0
20130919,长春,43.82,125.32,18.28,2.27
20130920,长春,43.82,125.32,16.2,0.03
20130921,长春,43.82,125.32,14.99,0.0
20130922,长春,43.82,125.32,17.72,0.0
20130923,长春,43.82,125.32,13.31,11.46
20130924,长春,43.82,125.32,9.1,0.0
20130925,长春,43.82,125.32,8.98,0.0
20130926,长春,43.82,125.32,9.67,0.0
20130927,长春,43.82,125.32,14.33,0.0
20130928,长春,43.82,125.32,16.34,0.01
20130929,长春,43.82,125.32,14.02,0.1
20130930,长春,43.82,125.32,13.42,0.0
20131001,长春,43.82,125.32,11.88,12.94
20131002,长春,43.82,125.32,7.27,0.03
20131003,长春,43.82,125.32,3.09,0.0
20131004,长春,43.82,125.32,11.1,0.0
20131005,长春,43.82,125.32,11.9,0.04
20131006,长春,43.82,125.32,15.13,0.01
20131007,长春,43.82,125.32,10.4,0.1
20131008,长春,43.82,125.32,7.04,0.0
20131009,长春,43.82,125.32,11.4,0.0
20131010,长春,43.82,125.32,12.82,13.23
20131011,长春,43.82,125.32,5.19,5.98
20131012,长春,43.82,125.32,6.18,0.0
20131013,长春,43.82,125.32,9.54,0.03
20131014,长春,43.82,125.32,3.58,1.25
20131015,长春,43.82,125.32,0.27,0.0
20131016,长春,43.82,125.32,1.49,0.0
20131017,长春,43.82,125.32,3.28,0.0
20131018,长春,43.82,125.32,7.63,0.0
20131019,长春,43.82,125.32,8.31,0.47
20131020,长春,43.82,125.32,8.18,0.1
20131021,长春,43.82,125.32,7.75,0.0
20131022,长春,43.82,125.32,7.74,0.0
20131023,长春,43.82,125.32,6.69,4.83
20131024,长春,43.82,125.32,2.33,2.1
20131025,长春,43.82,125.32,2.07,3.74
20131026,长春,43.82,125.32,3.62,0.0
20131027,长春,43.82,125.32,5.46,0.0
20131028,长春,43.82,125.32,6.57,0.05
20131029,长春,43.82,125.32,0.51,4.29
20131030,长春,43.82,125.32,0.26,0.0
20131031,长春,43.82,125.32,2.88,0.0
20130401,沈阳,41.8,123.43,0.08,14.56
20130402,沈阳,41.8,123.43,2.65,0.0
20130403,沈阳,41.8,123.43,3.8,0.0
20130404,沈阳,41.8,123.43,3.77,0.74
20130405,沈阳,41.8,123.43,0.62,5.28
20130406,沈阳,41.8,123.43,0.06,0.0
20130407,沈阳,41.8,123.43,1.9,0.0
20130408,沈阳,41.8,123.43,2.46,6.14
20130409,沈阳,41.8,123.43,0.78,0.01
20130410,沈阳,41.8,123.43,1.91,0.02
20130411,沈阳,41.8,123.43,1.54,0.01
20130412,沈阳,41.8,123.43,5.55,0.0
20130413,沈阳,41.8,123.43,3.78,0.86
20130414,沈阳,41.8,123.43,2.58,0.0
20130415,沈阳,41.8,123.43,4.84,0.0
20130416,沈阳,41.8,123.43,4.35,0.01
20130417,沈阳,41.8,123.43,3.01,0.73
20130418,沈阳,41.8,123.43,2.83,0.0
20130419,沈阳,41.8,123.43,4.13,0.0
20130420,沈阳,41.8,123.43,5.13,0.0
20130421,沈阳,41.8,123.43,6.64,0.0
20130422,沈阳,41.8,123.43,9.17,0.01
20130423,沈阳,41.8,123.43,8.8,6.07
20130424,沈阳,41.8,123.43,9.76,0.05
20130425,沈阳,41.8,123.43,6.77,0.96
20130426,沈阳,41.8,123.43,9.2,0.0
20130427,沈阳,41.8,123.43,12.71,0.0
20130428,沈阳,41.8,123.43,12.64,7.2
20130429,沈阳,41.8,123.43,10.32,2.81
20130430,沈阳,41.8,123.43,10.67,0.96
20130501,沈阳,41.8,123.43,10.9,0.41
20130502,沈阳,41.8,123.43,10.65,0.17
20130503,沈阳,41.8,123.43,12.23,0.0
20130504,沈阳,41.8,123.43,14.43,0.0
20130505,沈阳,41.8,123.43,17.11,0.0
20130506,沈阳,41.8,123.43,17.81,0.0
20130507,沈阳,41.8,123.43,18.44,0.0
20130508,沈阳,41.8,123.43,17.98,0.0
20130509,沈阳,41.8,123.43,15.42,1.49
20130510,沈阳,41.8,123.43,13.85,6.09
20130511,沈阳,41.8,123.43,15.12,0.01
20130512,沈阳,41.8,123.43,16.4,0.0
20130513,沈阳,41.8,123.43,18.42,0.32
20130514,沈阳,41.8,123.43,16.21,2.07
20130515,沈阳,41.8,123.43,15.84,0.02
20130516,沈阳,41.8,123.43,18.95,0.0
20130517,沈阳,41.8,123.43,17.66,0.0
20130518,沈阳,41.8,123.43,16.0,0.0
20130519,沈阳,41.8,123.43,14.6,7.27
20130520,沈阳,41.8,123.43,15.32,0.0
20130521,沈阳,41.8,123.43,16.84,0.0
20130522,沈阳,41.8,123.43,19.04,0.0
20130523,沈阳,41.8,123.43,20.98,0.0
20130524,沈阳,41.8,123.43,18.67,0.03
20130525,沈阳,41.8,123.43,21.78,0.0
20130526,沈阳,41.8,123.43,20.93,0.0
20130527,沈阳,41.8,123.43,19.23,0.02
20130528,沈阳,41.8,123.43,20.35,0.86
20130529,沈阳,41.8,123.43,19.8,0.17
20130530,沈阳,41.8,123.43,21.56,0.0
20130531,沈阳,41.8,123.43,21.76,0.0
20130601,沈阳,41.8,123.43,19.99,0.0
20130602,沈阳,41.8,123.43,20.8,0.23
20130603,沈阳,41.8,123.43,20.04,5.07
20130604,沈阳,41.8,123.43,19.51,0.02
20130605,沈阳,41.8,123.43,17.96,1.15
20130606,沈阳,41.8,123.43,20.64,0.0
20130607,沈阳,41.8,123.43,21.43,0.0
20130608,沈阳,41.8,123.43,22.18,0.0
20130609,沈阳,41.8,123.43,21.19,0.0
20130610,沈阳,41.8,123.43,21.14,0.01
20130611,沈阳,41.8,123.43,17.23,10.32
20130612,沈阳,41.8,123.43,18.75,1.77
20130613,沈阳,41.8,123.43,21.35,0.0
20130614,沈阳,41.8,123.43,22.57,0.0
20130615,沈阳,41.8,123.43,22.06,0.0
20130616,沈阳,41.8,123.43,21.14,4.68
20130617,沈阳,41.8,123.43,22.94,0.08
20130618,沈阳,41.8,123.43,21.69,5.9
20130619,沈阳,41.8,123.43,24.38,1.24
20130620,沈阳,41.8,123.43,24.14,0.04
20130621,沈阳,41.8,123.43,25.01,0.0
20130622,沈阳,41.8,123.43,26.15,1.53
20130623,沈阳,41.8,123.43,24.36,0.81
20130624,沈阳,41.8,123.43,23.56,0.23
20130625,沈阳,41.8,123.43,21.74,8.56
20130626,沈阳,41.8,123.43,22.31,6.62
20130627,沈阳,41.8,123.43,23.48,17.24
20130628,沈阳,41.8,123.43,24.12,3.47
20130629,沈阳,41.8,123.43,22.74,1.51
20130630,沈阳,41.8,123.43,23.55,0.26
20130701,沈阳,41.8,123.43,22.8,11.52
20130702,沈阳,41.8,123.43,22.73,57.55
20130703,沈阳,41.8,123.43,23.98,0.21
20130704,沈阳,41.8,123.43,24.77,0.11
20130705,沈阳,41.8,123.43,25.83,0.0
20130706,沈阳,41.8,123.43,25.73,0.0
20130707,沈阳,41.8,123.43,25.38,0.1
20130708,沈阳,41.8,123.43,25.61,0.67
20130709,沈阳,41.8,123.43,24.56,21.66
20130710,沈阳,41.8,123.43,24.19,0.13
20130711,沈阳,41.8,123.43,26.29,0.08
20130712,沈阳,41.8,123.43,26.95,0.49
20130713,沈阳,41.8,123.43,25.98,3.03
20130714,沈阳,41.8,123.43,25.54,0.08
20130715,沈阳,41.8,123.43,24.69,30.45
20130716,沈阳,41.8,123.43,24.21,42.03
20130717,沈阳,41.8,123.43,24.38,0.0
20130718,沈阳,41.8,123.43,23.54,0.02
20130719,沈阳,41.8,123.43,23.43,24.21
20130720,沈阳,41.8,123.43,23.2,0.41
20130721,沈阳,41.8,123.43,25.04,0.01
20130722,沈阳,41.8,123.43,24.77,0.04
20130723,沈阳,41.8,123.43,24.01,3.95
20130724,沈阳,41.8,123.43,23.76,0.99
20130725,沈阳,41.8,123.43,24.73,0.0
20130726,沈阳,41.8,123.43,26.4,0.0
20130727,沈阳,41.8,123.43,25.81,0.39
20130728,沈阳,41.8,123.43,25.21,12.48
20130729,沈阳,41.8,123.43,26.52,0.29
20130730,沈阳,41.8,123.43,25.96,1.59
20130731,沈阳,41.8,123.43,26.03,0.0
20130801,沈阳,41.8,123.43,26.74,0.0
20130802,沈阳,41.8,123.43,26.29,0.05
20130803,沈阳,41.8,123.43,26.01,2.73
20130804,沈阳,41.8,123.43,26.08,9.34
20130805,沈阳,41.8,123.43,25.69,5.09
20130806,沈阳,41.8,123.43,26.62,0.06
20130807,沈阳,41.8,123.43,27.69,6.54
20130808,沈阳,41.8,123.43,26.71,4.0
20130809,沈阳,41.8,123.43,27.02,2.14
20130810,沈阳,41.8,123.43,27.59,1.54
20130811,沈阳,41.8,123.43,27.26,0.34
20130812,沈阳,41.8,123.43,25.99,25.1
20130813,沈阳,41.8,123.43,26.38,0.43
20130814,沈阳,41.8,123.43,26.87,1.92
20130815,沈阳,41.8,123.43,27.63,11.18
20130816,沈阳,41.8,123.43,26.14,56.79
20130817,沈阳,41.8,123.43,25.69,11.36
20130818,沈阳,41.8,123.43,22.93,0.36
20130819,沈阳,41.8,123.43,22.85,0.05
20130820,沈阳,41.8,123.43,22.47,0.0
20130821,沈阳,41.8,123.43,23.11,0.04
20130822,沈阳,41.8,123.43,22.75,0.09
20130823,沈阳,41.8,123.43,23.77,0.0
20130824,沈阳,41.8,123.43,24.16,0.0
20130825,沈阳,41.8,123.43,24.15,0.53
20130826,沈阳,41.8,123.43,19.64,2.05
20130827,沈阳,41.8,123.43,20.79,0.01
20130828,沈阳,41.8,123.43,19.71,17.3
20130829,沈阳,41.8,123.43,19.82,1.74
20130830,沈阳,41.8,123.43,17.06,0.0
20130831,沈阳,41.8,123.43,16.71,0.01
20130901,沈阳,41.8,123.43,16.8,1.34
20130902,沈阳,41.8,123.43,16.89,9.16
20130903,沈阳,41.8,123.43,16.62,0.04
20130904,沈阳,41.8,123.43,18.15,0.0
20130905,沈阳,41.8,123.43,17.85,0.67
20130906,沈阳,41.8,123.43,18.4,11.98
20130907,沈阳,41.8,123.43,18.26,0.17
20130908,沈阳,41.8,123.43,19.37,0.0
20130909,沈阳,41.8,123.43,19.71,0.4
20130910,沈阳,41.8,123.43,19.14,3.67
20130911,沈阳,41.8,123.43,18.41,0.01
20130912,沈阳,41.8,123.43,20.49,0.0
20130913,沈阳,41.8,123.43,21.4,0.0
20130914,沈阳,41.8,123.43,21.1,0.36
20130915,沈阳,41.8,123.43,15.43,0.0
20130916,沈阳,41.8,123.43,17.02,0.02
20130917,沈阳,41.8,123.43,17.05,5.24
20130918,沈阳,41.8,123.43,19.21,0.01
20130919,沈阳,41.8,123.43,21.45,0.04
20130920,沈阳,41.8,123.43,20.06,0.0
20130921,沈阳,41.8,123.43,19.35,0.0
20130922,沈阳,41.8,123.43,20.15,0.02
20130923,沈阳,41.8,123.43,15.15,26.37
20130924,沈阳,41.8,123.43,10.78,0.0
20130925,沈阳,41.8,123.43,11.21,0.0
20130926,沈阳,41.8,123.43,11.78,0.0
20130927,沈阳,41.8,123.43,16.15,0.0
20130928,沈阳,41.8,123.43,17.53,0.0
20130929,沈阳,41.8,123.43,16.42,0.0
20130930,沈阳,41.8,123.43,16.04,0.0
20131001,沈阳,41.8,123.43,13.36,9.7
20131002,沈阳,41.8,123.43,9.66,0.0
20131003,沈阳,41.8,123.43,6.96,0.15
20131004,沈阳,41.8,123.43,14.46,0.0
20131005,沈阳,41.8,123.43,16.14,0.0
20131006,沈阳,41.8,123.43,16.82,0.0
20131007,沈阳,41.8,123.43,12.79,0.0
20131008,沈阳,41.8,123.43,10.27,0.0
20131009,沈阳,41.8,123.43,14.18,0.0
20131010,沈阳,41.8,123.43,15.25,26.15
20131011,沈阳,41.8,123.43,11.13,1.09
20131012,沈阳,41.8,123.43,10.94,0.01
20131013,沈阳,41.8,123.43,11.95,1.72
20131014,沈阳,41.8,123.43,5.81,5.58
20131015,沈阳,41.8,123.43,1.89,0.0
20131016,沈阳,41.8,123.43,4.43,0.0
20131017,沈阳,41.8,123.43,6.66,0.0
20131018,沈阳,41.8,123.43,10.96,0.0
20131019,沈阳,41.8,123.43,11.48,1.65
20131020,沈阳,41.8,123.43,10.22,6.0
20131021,沈阳,41.8,123.43,7.64,0.01
20131022,沈阳,41.8,123.43,9.36,0.63
20131023,沈阳,41.8,123.43,5.46,15.0
20131024,沈阳,41.8,123.43,2.77,0.1
20131025,沈阳,41.8,123.43,4.68,0.03
20131026,沈阳,41.8,123.43,5.24,0.0
20131027,沈阳,41.8,123.43,8.04,0.0
20131028,沈阳,41.8,123.43,8.77,10.61
20131029,沈阳,41.8,123.43,4.34,0.8
20131030,沈阳,41.8,123.43,3.67,0.04
20131031,沈阳,41.8,123.43,5.21,0.0
20130401,呼和浩特,40.82,111.75,-0.9,0.0
20130402,呼和浩特,40.82,111.75,3.49,0.0
20130403,呼和浩特,40.82,111.75,5.55,0.0
20130404,呼和浩特,40.82,111.75,4.41,0.3
20130405,呼和浩特,40.82,111.75,-3.98,0.03
20130406,呼和浩特,40.82,111.75,-0.87,0.0
20130407,呼和浩特,40.82,111.75,-1.36,0.18
20130408,呼和浩特,40.82,111.75,-5.59,0.02
20130409,呼和浩特,40.82,111.75,-5.22,0.0
20130410,呼和浩特,40.82,111.75,-3.66,0.0
20130411,呼和浩特,40.82,111.75,0.74,0.0
20130412,呼和浩特,40.82,111.75,6.41,0.0
20130413,呼和浩特,40.82,111.75,3.8,0.03
20130414,呼和浩特,40.82,111.75,6.37,0.0
20130415,呼和浩特,40.82,111.75,11.61,0.0
20130416,呼和浩特,40.82,111.75,8.01,0.0
20130417,呼和浩特,40.82,111.75,4.37,0.0
20130418,呼和浩特,40.82,111.75,-0.4,0.33
20130419,呼和浩特,40.82,111.75,-0.13,0.92
20130420,呼和浩特,40.82,111.75,3.61,0.0
20130421,呼和浩特,40.82,111.75,5.76,0.0
20130422,呼和浩特,40.82,111.75,7.8,0.0
20130423,呼和浩特,40.82,111.75,5.39,0.01
20130424,呼和浩特,40.82,111.75,4.43,0.0
20130425,呼和浩特,40.82,111.75,5.52,0.0
20130426,呼和浩特,40.82,111.75,11.84,0.0
20130427,呼和浩特,40.82,111.75,15.05,0.0
20130428,呼和浩特,40.82,111.75,8.4,0.0
20130429,呼和浩特,40.82,111.75,9.58,0.0
20130430,呼和浩特,40.82,111.75,11.77,0.0
20130501,呼和浩特,40.82,111.75,13.23,0.0
20130502,呼和浩特,40.82,111.75,13.31,0.0
20130503,呼和浩特,40.82,111.75,13.23,0.0
20130504,呼和浩特,40.82,111.75,15.37,0.0
20130505,呼和浩特,40.82,111.75,17.05,0.0
20130506,呼和浩特,40.82,111.75,15.71,0.01
20130507,呼和浩特,40.82,111.75,14.18,0.5
20130508,呼和浩特,40.82,111.75,11.37,3.08
20130509,呼和浩特,40.82,111.75,8.33,0.01
20130510,呼和浩特,40.82,111.75,11.6,0.0
20130511,呼和浩特,40.82,111.75,15.1,0.0
20130512,呼和浩特,40.82,111.75,17.69,0.0
20130513,呼和浩特,40.82,111.75,13.86,0.0
20130514,呼和浩特,40.82,111.75,12.53,0.0
20130515,呼和浩特,40.82,111.75,14.26,0.05
20130516,呼和浩特,40.82,111.75,12.36,2.0
20130517,呼和浩特,40.82,111.75,15.03,0.05
20130518,呼和浩特,40.82,111.75,15.31,0.0
20130519,呼和浩特,40.82,111.75,7.09,0.0
20130520,呼和浩特,40.82,111.75,13.52,0.0
20130521,呼和浩特,40.82,111.75,16.52,0.0
20130522,呼和浩特,40.82,111.75,20.61,0.0
20130523,呼和浩特,40.82,111.75,19.04,0.11
20130524,呼和浩特,40.82,111.75,13.79,0.49
20130525,呼和浩特,40.82,111.75,17.21,0.0
20130526,呼和浩特,40.82,111.75,18.76,1.43
20130527,呼和浩特,40.82,111.75,16.96,0.32
20130528,呼和浩特,40.82,111.75,11.76,0.8
20130529,呼和浩特,40.82,111.75,13.11,0.0
20130530,呼和浩特,40.82,111.75,16.59,0.0
20130531,呼和浩特,40.82,111.75,17.87,0.0
20130601,呼和浩特,40.82,111.75,16.44,0.21
20130602,呼和浩特,40.82,111.75,17.77,0.0
20130603,呼和浩特,40.82,111.75,20.27,0.0
20130604,呼和浩特,40.82,111.75,21.42,5.16
20130605,呼和浩特,40.82,111.75,20.79,7.49
20130606,呼和浩特,40.82,111.75,15.85,9.79
20130607,呼和浩特,40.82,111.75,20.44,0.01
20130608,呼和浩特,40.82,111.75,16.19,6.73
20130609,呼和浩特,40.82,111.75,13.59,0.61
20130610,呼和浩特,40.82,111.75,13.86,0.29
20130611,呼和浩特,40.82,111.75,14.1,0.0
20130612,呼和浩特,40.82,111.75,17.63,0.0
20130613,呼和浩特,40.82,111.75,17.32,2.59
20130614,呼和浩特,40.82,111.75,17.85,0.56
20130615,呼和浩特,40.82,111.75,19.25,11.42
20130616,呼和浩特,40.82,111.75,18.68,3.89
20130617,呼和浩特,40.82,111.75,19.57,0.0
20130618,呼和浩特,40.82,111.75,18.41,0.0
20130619,呼和浩特,40.82,111.75,20.12,0.02
20130620,呼和浩特,40.82,111.75,17.22,1.67
20130621,呼和浩特,40.82,111.75,18.01,3.15
20130622,呼和浩特,40.82,111.75,17.8,0.27
20130623,呼和浩特,40.82,111.75,18.69,5.12
20130624,呼和浩特,40.82,111.75,20.93,4.03
20130625,呼和浩特,40.82,111.75,20.59,0.44
20130626,呼和浩特,40.82,111.75,19.45,0.25
20130627,呼和浩特,40.82,111.75,21.73,0.06
20130628,呼和浩特,40.82,111.75,17.77,4.16
20130629,呼和浩特,40.82,111.75,21.48,5.47
20130630,呼和浩特,40.82,111.75,20.4,22.44
20130701,呼和浩特,40.82,111.75,17.14,17.3
20130702,呼和浩特,40.82,111.75,21.26,0.0
20130703,呼和浩特,40.82,111.75,23.29,0.01
20130704,呼和浩特,40.82,111.75,23.0,0.06
20130705,呼和浩特,40.82,111.75,21.63,0.0
20130706,呼和浩特,40.82,111.75,22.68,0.02
20130707,呼和浩特,40.82,111.75,20.91,27.51
20130708,呼和浩特,40.82,111.75,19.07,0.75
20130709,呼和浩特,40.82,111.75,19.31,0.69
20130710,呼和浩特,40.82,111.75,17.4,2.35
20130711,呼和浩特,40.82,111.75,20.21,2.41
20130712,呼和浩特,40.82,111.75,22.16,0.03
20130713,呼和浩特,40.82,111.75,22.88,0.0
20130714,呼和浩特,40.82,111.75,20.68,16.2
20130715,呼和浩特,40.82,111.75,19.64,19.07
20130716,呼和浩特,40.82,111.75,18.65,0.0
20130717,呼和浩特,40.82,111.75,18.06,2.2
20130718,呼和浩特,40.82,111.75,20.28,5.39
20130719,呼和浩特,40.82,111.75,20.37,0.25
20130720,呼和浩特,40.82,111.75,20.79,0.01
20130721,呼和浩特,40.82,111.75,20.26,8.62
20130722,呼和浩特,40.82,111.75,19.63,21.24
20130723,呼和浩特,40.82,111.75,20.25,0.36
20130724,呼和浩特,40.82,111.75,21.14,0.0
20130725,呼和浩特,40.82,111.75,22.18,0.09
20130726,呼和浩特,40.82,111.75,21.33,2.47
20130727,呼和浩特,40.82,111.75,20.44,2.47
20130728,呼和浩特,40.82,111.75,21.16,1.39
20130729,呼和浩特,40.82,111.75,20.76,5.44
20130730,呼和浩特,40.82,111.75,20.1,3.34
20130731,呼和浩特,40.82,111.75,18.3,2.59
20130801,呼和浩特,40.82,111.75,19.62,0.63
20130802,呼和浩特,40.82,111.75,19.88,2.38
20130803,呼和浩特,40.82,111.75,20.79,2.54
20130804,呼和浩特,40.82,111.75,19.26,7.49
20130805,呼和浩特,40.82,111.75,20.86,11.13
20130806,呼和浩特,40.82,111.75,20.96,1.16
20130807,呼和浩特,40.82,111.75,18.06,0.37
20130808,呼和浩特,40.82,111.75,19.59,10.51
20130809,呼和浩特,40.82,111.75,19.79,4.05
20130810,呼和浩特,40.82,111.75,21.01,0.04
20130811,呼和浩特,40.82,111.75,19.95,20.27
20130812,呼和浩特,40.82,111.75,20.21,0.06
20130813,呼和浩特,40.82,111.75,20.79,0.41
20130814,呼和浩特,40.82,111.75,22.13,0.24
20130815,呼和浩特,40.82,111.75,22.63,0.14
20130816,呼和浩特,40.82,111.75,21.56,0.03
20130817,呼和浩特,40.82,111.75,18.49,0.0
20130818,呼和浩特,40.82,111.75,18.35,0.0
20130819,呼和浩特,40.82,111.75,18.9,0.43
20130820,呼和浩特,40.82,111.75,16.42,15.7
20130821,呼和浩特,40.82,111.75,19.49,1.02
20130822,呼和浩特,40.82,111.75,17.27,0.72
20130823,呼和浩特,40.82,111.75,18.2,0.0
20130824,呼和浩特,40.82,111.75,18.93,0.0
20130825,呼和浩特,40.82,111.75,19.82,0.01
20130826,呼和浩特,40.82,111.75,19.74,0.0
20130827,呼和浩特,40.82,111.75,17.59,23.34
20130828,呼和浩特,40.82,111.75,17.9,2.27
20130829,呼和浩特,40.82,111.75,11.06,1.22
20130830,呼和浩特,40.82,111.75,11.38,0.0
20130831,呼和浩特,40.82,111.75,14.11,0.0
20130901,呼和浩特,40.82,111.75,15.64,1.33
20130902,呼和浩特,40.82,111.75,16.44,0.0
20130903,呼和浩特,40.82,111.75,14.78,7.33
20130904,呼和浩特,40.82,111.75,10.62,2.11
20130905,呼和浩特,40.82,111.75,12.0,0.04
20130906,呼和浩特,40.82,111.75,12.31,0.0
20130907,呼和浩特,40.82,111.75,14.96,0.0
20130908,呼和浩特,40.82,111.75,12.84,1.12
20130909,呼和浩特,40.82,111.75,13.14,3.49
20130910,呼和浩特,40.82,111.75,12.39,0.1
20130911,呼和浩特,40.82,111.75,13.45,0.01
20130912,呼和浩特,40.82,111.75,14.11,1.15
20130913,呼和浩特,40.82,111.75,15.63,0.19
20130914,呼和浩特,40.82,111.75,13.47,0.0
20130915,呼和浩特,40.82,111.75,15.1,0.0
20130916,呼和浩特,40.82,111.75,14.99,1.06
20130917,呼和浩特,40.82,111.75,17.02,4.25
20130918,呼和浩特,40.82,111.75,14.47,44.76
20130919,呼和浩特,40.82,111.75,14.22,1.5
20130920,呼和浩特,40.82,111.75,12.12,0.06
20130921,呼和浩特,40.82,111.75,13.06,0.0
20130922,呼和浩特,40.82,111.75,12.27,0.51
20130923,呼和浩特,40.82,111.75,4.92,0.0
20130924,呼和浩特,40.82,111.75,4.05,0.0
20130925,呼和浩特,40.82,111.75,5.78,0.0
20130926,呼和浩特,40.82,111.75,7.25,0.0
20130927,呼和浩特,40.82,111.75,8.94,0.0
20130928,呼和浩特,40.82,111.75,10.93,0.0
20130929,呼和浩特,40.82,111.75,11.5,0.0
20130930,呼和浩特,40.82,111.75,11.04,2.15
20131001,呼和浩特,40.82,111.75,8.49,0.19
20131002,呼和浩特,40.82,111.75,8.25,0.0
20131003,呼和浩特,40.82,111.75,9.15,0.0
20131004,呼和浩特,40.82,111.75,10.63,0.0
20131005,呼和浩特,40.82,111.75,12.36,3.24
20131006,呼和浩特,40.82,111.75,11.0,0.69
20131007,呼和浩特,40.82,111.75,6.98,1.38
20131008,呼和浩特,40.82,111.75,7.92,0.0
20131009,呼和浩特,40.82,111.75,9.7,0.01
20131010,呼和浩特,40.82,111.75,4.62,0.02
20131011,呼和浩特,40.82,111.75,8.47,0.0
20131012,呼和浩特,40.82,111.75,9.75,0.06
20131013,呼和浩特,40.82,111.75,8.83,0.0
20131014,呼和浩特,40.82,111.75,1.52,0.0
20131015,呼和浩特,40.82,111.75,1.46,0.0
20131016,呼和浩特,40.82,111.75,3.81,0.0
20131017,呼和浩特,40.82,111.75,4.82,0.0
20131018,呼和浩特,40.82,111.75,3.87,0.0
20131019,呼和浩特,40.82,111.75,-0.29,0.0
20131020,呼和浩特,40.82,111.75,1.44,0.0
20131021,呼和浩特,40.82,111.75,3.13,0.0
20131022,呼和浩特,40.82,111.75,-1.72,0.0
20131023,呼和浩特,40.82,111.75,-2.93,0.0
20131024,呼和浩特,40.82,111.75,-1.66,0.0
20131025,呼和浩特,40.82,111.75,0.79,0.0
20131026,呼和浩特,40.82,111.75,2.53,0.0
20131027,呼和浩特,40.82,111.75,2.95,0.0
20131028,呼和浩特,40.82,111.75,0.44,0.0
20131029,呼和浩特,40.82,111.75,0.07,0.0
20131030,呼和浩特,40.82,111.75,1.94,0.0
20131031,呼和浩特,40.82,111.75,2.63,0.02
20130401,济南,36.67,116.98,10.86,1.79
20130402,济南,36.67,116.98,9.24,0.0
20130403,济南,36.67,116.98,11.72,0.0
20130404,济南,36.67,116.98,13.68,0.0
20130405,济南,36.67,116.98,6.91,1.26
20130406,济南,36.67,116.98,5.89,0.01
20130407,济南,36.67,116.98,9.9,0.0
20130408,济南,36.67,116.98,7.98,0.0
20130409,济南,36.67,116.98,6.08,0.0
20130410,济南,36.67,116.98,6.96,0.0
20130411,济南,36.67,116.98,8.12,0.0
20130412,济南,36.67,116.98,12.63,0.0
20130413,济南,36.67,116.98,17.86,0.0
20130414,济南,36.67,116.98,14.95,0.0
20130415,济南,36.67,116.98,18.87,0.0
20130416,济南,36.67,116.98,13.0,0.0
20130417,济南,36.67,116.98,12.16,0.0
20130418,济南,36.67,116.98,7.71,0.0
20130419,济南,36.67,116.98,4.82,9.51
20130420,济南,36.67,116.98,4.13,0.2
20130421,济南,36.67,116.98,8.04,0.0
20130422,济南,36.67,116.98,9.38,1.38
20130423,济南,36.67,116.98,11.01,0.0
20130424,济南,36.67,116.98,14.73,0.0
20130425,济南,36.67,116.98,14.28,0.01
20130426,济南,36.67,116.98,16.72,0.0
20130427,济南,36.67,116.98,20.12,0.0
20130428,济南,36.67,116.98,20.39,0.15
20130429,济南,36.67,116.98,17.8,0.01
20130430,济南,36.67,116.98,18.16,0.0
20130501,济南,36.67,116.98,16.72,0.0
20130502,济南,36.67,116.98,15.57,1.55
20130503,济南,36.67,116.98,15.89,0.57
20130504,济南,36.67,116.98,16.95,0.0
20130505,济南,36.67,116.98,19.31,0.0
20130506,济南,36.67,116.98,21.14,0.0
20130507,济南,36.67,116.98,20.16,0.3
20130508,济南,36.67,116.98,15.11,23.43
20130509,济南,36.67,116.98,16.12,1.14
20130510,济南,36.67,116.98,19.87,0.0
20130511,济南,36.67,116.98,21.82,0.0
20130512,济南,36.67,116.98,24.05,0.0
20130513,济南,36.67,116.98,25.11,0.0
20130514,济南,36.67,116.98,23.09,0.0
20130515,济南,36.67,116.98,21.44,0.0
20130516,济南,36.67,116.98,19.12,0.0
20130517,济南,36.67,116.98,19.36,5.26
20130518,济南,36.67,116.98,17.92,10.38
20130519,济南,36.67,116.98,21.04,0.73
20130520,济南,36.67,116.98,20.56,0.05
20130521,济南,36.67,116.98,25.38,0.02
20130522,济南,36.67,116.98,26.7,0.02
20130523,济南,36.67,116.98,25.82,0.0
20130524,济南,36.67,116.98,24.83,0.1
20130525,济南,36.67,116.98,24.02,9.62
20130526,济南,36.67,116.98,19.92,44.42
20130527,济南,36.67,116.98,18.45,3.91
20130528,济南,36.67,116.98,20.09,0.63
20130529,济南,36.67,116.98,19.47,0.41
20130530,济南,36.67,116.98,20.53,0.0
20130531,济南,36.67,116.98,18.49,0.0
20130601,济南,36.67,116.98,22.23,0.0
20130602,济南,36.67,116.98,23.53,0.05
20130603,济南,36.67,116.98,25.44,0.02
20130604,济南,36.67,116.98,26.59,0.0
20130605,济南,36.67,116.98,24.81,0.0
20130606,济南,36.67,116.98,25.92,0.01
20130607,济南,36.67,116.98,24.99,2.37
20130608,济南,36.67,116.98,24.99,0.04
20130609,济南,36.67,116.98,23.77,5.09
20130610,济南,36.67,116.98,17.94,20.61
20130611,济南,36.67,116.98,17.64,3.06
20130612,济南,36.67,116.98,21.58,0.0
20130613,济南,36.67,116.98,23.59,0.0
20130614,济南,36.67,116.98,23.43,0.0
20130615,济南,36.67,116.98,24.88,0.0
20130616,济南,36.67,116.98,28.29,0.0
20130617,济南,36.67,116.98,28.98,8.42
20130618,济南,36.67,116.98,23.59,5.65
20130619,济南,36.67,116.98,26.06,0.01
20130620,济南,36.67,116.98,27.3,0.06
20130621,济南,36.67,116.98,23.3,0.76
20130622,济南,36.67,116.98,23.22,4.42
20130623,济南,36.67,116.98,23.41,3.25
20130624,济南,36.67,116.98,25.64,0.01
20130625,济南,36.67,116.98,27.57,0.01
20130626,济南,36.67,116.98,25.49,0.01
20130627,济南,36.67,116.98,29.04,0.0
20130628,济南,36.67,116.98,29.58,0.0
20130629,济南,36.67,116.98,28.56,0.0
20130630,济南,36.67,116.98,27.89,0.46
20130701,济南,36.67,116.98,28.37,11.45
20130702,济南,36.67,116.98,28.61,3.21
20130703,济南,36.67,116.98,28.9,2.91
20130704,济南,36.67,116.98,26.63,22.42
20130705,济南,36.67,116.98,27.82,0.19
20130706,济南,36.67,116.98,29.44,0.0
20130707,济南,36.67,116.98,29.38,0.0
20130708,济南,36.67,116.98,30.33,1.21
20130709,济南,36.67,116.98,28.33,55.96
20130710,济南,36.67,116.98,27.49,10.04
20130711,济南,36.67,116.98,24.73,9.14
20130712,济南,36.67,116.98,24.94,10.98
20130713,济南,36.67,116.98,25.38,29.71
20130714,济南,36.67,116.98,27.3,5.02
20130715,济南,36.67,116.98,26.91,13.12
20130716,济南,36.67,116.98,26.66,24.35
20130717,济南,36.67,116.98,26.12,0.16
20130718,济南,36.67,116.98,25.2,24.9
20130719,济南,36.67,116.98,25.1,22.21
20130720,济南,36.67,116.98,24.64,15.13
20130721,济南,36.67,116.98,24.25,0.01
20130722,济南,36.67,116.98,24.62,3.26
20130723,济南,36.67,116.98,23.44,48.36
20130724,济南,36.67,116.98,26.63,0.21
20130725,济南,36.67,116.98,27.37,4.7
20130726,济南,36.67,116.98,26.91,13.6
20130727,济南,36.67,116.98,28.65,9.12
20130728,济南,36.67,116.98,28.58,3.1
20130729,济南,36.67,116.98,27.89,22.63
20130730,济南,36.67,116.98,27.3,8.24
20130731,济南,36.67,116.98,27.61,0.05
20130801,济南,36.67,116.98,26.79,4.62
20130802,济南,36.67,116.98,26.46,5.39
20130803,济南,36.67,116.98,26.62,1.43
20130804,济南,36.67,116.98,27.75,1.25
20130805,济南,36.67,116.98,27.82,0.18
20130806,济南,36.67,116.98,29.6,0.08
20130807,济南,36.67,116.98,29.68,3.63
20130808,济南,36.67,116.98,27.47,0.7
20130809,济南,36.67,116.98,27.01,0.02
20130810,济南,36.67,116.98,28.73,0.31
20130811,济南,36.67,116.98,29.18,20.71
20130812,济南,36.67,116.98,27.73,25.0
20130813,济南,36.67,116.98,28.22,6.0
20130814,济南,36.67,116.98,27.97,0.05
20130815,济南,36.67,116.98,29.25,0.0
20130816,济南,36.67,116.98,29.13,0.0
20130817,济南,36.67,116.98,28.17,0.0
20130818,济南,36.67,116.98,25.22,0.0
20130819,济南,36.67,116.98,23.64,0.0
20130820,济南,36.67,116.98,24.18,0.0
20130821,济南,36.67,116.98,25.08,0.0
20130822,济南,36.67,116.98,25.76,0.0
20130823,济南,36.67,116.98,25.08,0.32
20130824,济南,36.67,116.98,24.65,0.06
20130825,济南,36.67,116.98,25.85,0.01
20130826,济南,36.67,116.98,25.23,0.0
20130827,济南,36.67,116.98,25.75,0.0
20130828,济南,36.67,116.98,24.72,20.41
20130829,济南,36.67,116.98,23.68,0.72
20130830,济南,36.67,116.98,19.17,0.22
20130831,济南,36.67,116.98,20.43,0.0
20130901,济南,36.67,116.98,21.47,0.0
20130902,济南,36.67,116.98,22.02,0.0
20130903,济南,36.67,116.98,22.61,0.0
20130904,济南,36.67,116.98,21.19,2.08
20130905,济南,36.67,116.98,20.16,3.06
20130906,济南,36.67,116.98,20.81,0.0
20130907,济南,36.67,116.98,21.93,0.0
20130908,济南,36.67,116.98,22.05,2.03
20130909,济南,36.67,116.98,20.82,3.17
20130910,济南,36.67,116.98,21.4,0.01
20130911,济南,36.67,116.98,22.34,0.0
20130912,济南,36.67,116.98,21.77,0.0
20130913,济南,36.67,116.98,22.33,0.0
20130914,济南,36.67,116.98,23.98,0.0
20130915,济南,36.67,116.98,24.0,3.52
20130916,济南,36.67,116.98,23.96,0.03
20130917,济南,36.67,116.98,24.17,0.0
20130918,济南,36.67,116.98,22.96,0.0
20130919,济南,36.67,116.98,23.23,0.0
20130920,济南,36.67,116.98,23.7,0.2
20130921,济南,36.67,116.98,21.9,4.81
20130922,济南,36.67,116.98,21.88,0.35
20130923,济南,36.67,116.98,18.5,2.39
20130924,济南,36.67,116.98,15.0,0.01
20130925,济南,36.67,116.98,15.04,0.0
20130926,济南,36.67,116.98,16.84,0.0
20130927,济南,36.67,116.98,15.96,0.0
20130928,济南,36.67,116.98,17.39,0.0
20130929,济南,36.67,116.98,18.84,0.0
20130930,济南,36.67,116.98,19.67,0.0
20131001,济南,36.67,116.98,19.34,0.01
20131002,济南,36.67,116.98,16.18,0.0
20131003,济南,36.67,116.98,16.11,0.0
20131004,济南,36.67,116.98,17.8,0.0
20131005,济南,36.67,116.98,18.44,0.0
20131006,济南,36.67,116.98,18.66,0.0
20131007,济南,36.67,116.98,18.73,0.0
20131008,济南,36.67,116.98,16.4,0.0
20131009,济南,36.67,116.98,18.64,0.0
20131010,济南,36.67,116.98,18.53,0.0
20131011,济南,36.67,116.98,17.43,0.0
20131012,济南,36.67,116.98,19.87,0.0
20131013,济南,36.67,116.98,18.89,0.0
20131014,济南,36.67,116.98,11.99,14.15
20131015,济南,36.67,116.98,8.7,0.0
20131016,济南,36.67,116.98,10.07,0.0
20131017,济南,36.67,116.98,11.9,0.0
20131018,济南,36.67,116.98,12.45,0.0
20131019,济南,36.67,116.98,13.58,0.0
20131020,济南,36.67,116.98,10.74,0.0
20131021,济南,36.67,116.98,11.68,0.0
20131022,济南,36.67,116.98,12.53,0.0
20131023,济南,36.67,116.98,10.76,0.0
20131024,济南,36.67,116.98,7.37,0.0
20131025,济南,36.67,116.98,8.01,0.0
20131026,济南,36.67,116.98,10.14,0.0
20131027,济南,36.67,116.98,10.56,0.0
20131028,济南,36.67,116.98,13.09,0.34
20131029,济南,36.67,116.98,11.83,0.04
20131030,济南,36.67,116.98,9.99,0.0
20131031,济南,36.67,116.98,8.82,0.7
20130401,郑州,34.76,113.65,15.53,0.03
20130402,郑州,34.76,113.65,12.47,0.26
20130403,郑州,34.76,113.65,15.13,0.49
20130404,郑州,34.76,113.65,15.27,0.0
20130405,郑州,34.76,113.65,12.8,6.67
20130406,郑州,34.76,113.65,10.43,0.0
20130407,郑州,34.76,113.65,12.55,0.0
20130408,郑州,34.76,113.65,12.59,0.0
20130409,郑州,34.76,113.65,9.49,0.0
20130410,郑州,34.76,113.65,10.03,0.0
20130411,郑州,34.76,113.65,13.77,0.0
20130412,郑州,34.76,113.65,17.97,0.0
20130413,郑州,34.76,113.65,22.0,0.0
20130414,郑州,34.76,113.65,20.83,0.0
20130415,郑州,34.76,113.65,24.35,0.0
20130416,郑州,34.76,113.65,19.95,0.0
20130417,郑州,34.76,113.65,17.14,0.0
20130418,郑州,34.76,113.65,13.1,0.01
20130419,郑州,34.76,113.65,5.64,10.09
20130420,郑州,34.76,113.65,6.0,0.0
20130421,郑州,34.76,113.65,10.28,0.0
20130422,郑州,34.76,113.65,9.42,7.96
20130423,郑州,34.76,113.65,13.46,0.0
20130424,郑州,34.76,113.65,18.88,0.0
20130425,郑州,34.76,113.65,18.61,0.0
20130426,郑州,34.76,113.65,20.12,0.0
20130427,郑州,34.76,113.65,21.3,0.0
20130428,郑州,34.76,113.65,23.24,0.07
20130429,郑州,34.76,113.65,19.36,0.01
20130430,郑州,34.76,113.65,21.54,0.0
20130501,郑州,34.76,113.65,22.2,0.0
20130502,郑州,34.76,113.65,21.44,0.0
20130503,郑州,34.76,113.65,20.63,0.0
20130504,郑州,34.76,113.65,19.9,0.0
20130505,郑州,34.76,113.65,22.06,0.04
20130506,郑州,34.76,113.65,22.51,1.11
20130507,郑州,34.76,113.65,19.89,6.62
20130508,郑州,34.76,113.65,19.04,3.38
20130509,郑州,34.76,113.65,21.7,0.0
20130510,郑州,34.76,113.65,22.82,0.0
20130511,郑州,34.76,113.65,25.72,0.0
20130512,郑州,34.76,113.65,27.58,0.0
20130513,郑州,34.76,113.65,28.1,0.0
20130514,郑州,34.76,113.65,26.33,0.0
20130515,郑州,34.76,113.65,24.51,0.0
20130516,郑州,34.76,113.65,21.72,0.0
20130517,郑州,34.76,113.65,21.78,3.14
20130518,郑州,34.76,113.65,22.44,1.68
20130519,郑州,34.76,113.65,26.3,0.0
20130520,郑州,34.76,113.65,24.45,0.0
20130521,郑州,34.76,113.65,28.96,0.0
20130522,郑州,34.76,113.65,28.01,2.19
20130523,郑州,34.76,113.65,27.32,0.68
20130524,郑州,34.76,113.65,24.55,3.72
20130525,郑州,34.76,113.65,22.31,28.69
20130526,郑州,34.76,113.65,20.27,52.35
20130527,郑州,34.76,113.65,22.82,0.05
20130528,郑州,34.76,113.65,21.89,3.47
20130529,郑州,34.76,113.65,20.64,0.98
20130530,郑州,34.76,113.65,21.23,0.08
20130531,郑州,34.76,113.65,20.69,0.05
20130601,郑州,34.76,113.65,23.35,0.0
20130602,郑州,34.76,113.65,24.91,0.01
20130603,郑州,34.76,113.65,27.33,0.02
20130604,郑州,34.76,113.65,28.31,0.0
20130605,郑州,34.76,113.65,26.04,0.0
20130606,郑州,34.76,113.65,27.69,0.09
20130607,郑州,34.76,113.65,26.79,1.73
20130608,郑州,34.76,113.65,26.19,0.1
20130609,郑州,34.76,113.65,22.03,4.31
20130610,郑州,34.76,113.65,18.95,5.39
20130611,郑州,34.76,113.65,21.33,0.39
20130612,郑州,34.76,113.65,24.06,0.0
20130613,郑州,34.76,113.65,24.93,0.0
20130614,郑州,34.76,113.65,25.37,0.0
20130615,郑州,34.76,113.65,28.29,0.0
20130616,郑州,34.76,113.65,30.97,0.0
20130617,郑州,34.76,113.65,31.47,0.0
20130618,郑州,34.76,113.65,29.14,0.04
20130619,郑州,34.76,113.65,28.41,0.24
20130620,郑州,34.76,113.65,28.88,0.01
20130621,郑州,34.76,113.65,26.85,0.25
20130622,郑州,34.76,113.65,27.4,0.22
20130623,郑州,34.76,113.65,26.36,0.14
20130624,郑州,34.76,113.65,28.38,0.45
20130625,郑州,34.76,113.65,29.83,0.02
20130626,郑州,34.76,113.65,27.57,7.97
20130627,郑州,34.76,113.65,30.35,0.03
20130628,郑州,34.76,113.65,30.28,0.0
20130629,郑州,34.76,113.65,30.15,0.0
20130630,郑州,34.76,113.65,29.35,0.05
20130701,郑州,34.76,113.65,31.63,6.67
20130702,郑州,34.76,113.65,29.95,5.63
20130703,郑州,34.76,113.65,28.89,18.15
20130704,郑州,34.76,113.65,28.35,15.78
20130705,郑州,34.76,113.65,29.89,0.07
20130706,郑州,34.76,113.65,31.26,0.0
20130707,郑州,34.76,113.65,31.61,0.0
20130708,郑州,34.76,113.65,31.59,6.79
20130709,郑州,34.76,113.65,30.55,19.97
20130710,郑州,34.76,113.65,28.81,1.96
20130711,郑州,34.76,113.65,26.26,0.48
20130712,郑州,34.76,113.65,26.89,4.6
20130713,郑州,34.76,113.65,27.56,1.88
20130714,郑州,34.76,113.65,28.34,0.3
20130715,郑州,34.76,113.65,29.16,1.39
20130716,郑州,34.76,113.65,31.23,0.17
20130717,郑州,34.76,113.65,29.48,0.55
20130718,郑州,34.76,113.65,26.37,25.1
20130719,郑州,34.76,113.65,25.57,1.97
20130720,郑州,34.76,113.65,27.57,0.4
20130721,郑州,34.76,113.65,28.39,0.01
20130722,郑州,34.76,113.65,26.38,3.6
20130723,郑州,34.76,113.65,26.89,8.81
20130724,郑州,34.76,113.65,30.3,0.11
20130725,郑州,34.76,113.65,31.24,0.93
20130726,郑州,34.76,113.65,32.79,0.19
20130727,郑州,34.76,113.65,32.53,0.04
20130728,郑州,34.76,113.65,33.36,0.0
20130729,郑州,34.76,113.65,31.81,5.36
20130730,郑州,34.76,113.65,31.74,0.0
20130731,郑州,34.76,113.65,32.27,3.66
20130801,郑州,34.76,113.65,30.26,6.45
20130802,郑州,34.76,113.65,29.11,1.37
20130803,郑州,34.76,113.65,30.12,0.24
20130804,郑州,34.76,113.65,31.82,0.0
20130805,郑州,34.76,113.65,32.51,0.0
20130806,郑州,34.76,113.65,33.84,0.0
20130807,郑州,34.76,113.65,32.51,18.1
20130808,郑州,34.76,113.65,29.61,2.96
20130809,郑州,34.76,113.65,30.72,0.96
20130810,郑州,34.76,113.65,32.87,0.36
20130811,郑州,34.76,113.65,31.68,11.47
20130812,郑州,34.76,113.65,30.0,4.91
20130813,郑州,34.76,113.65,30.88,0.26
20130814,郑州,34.76,113.65,32.54,0.0
20130815,郑州,34.76,113.65,33.53,0.0
20130816,郑州,34.76,113.65,34.1,0.0
20130817,郑州,34.76,113.65,33.3,0.0
20130818,郑州,34.76,113.65,30.93,0.0
20130819,郑州,34.76,113.65,28.42,0.0
20130820,郑州,34.76,113.65,28.48,0.0
20130821,郑州,34.76,113.65,29.42,0.0
20130822,郑州,34.76,113.65,29.52,0.0
20130823,郑州,34.76,113.65,29.43,1.08
20130824,郑州,34.76,113.65,27.58,7.64
20130825,郑州,34.76,113.65,27.49,0.62
20130826,郑州,34.76,113.65,28.54,0.0
20130827,郑州,34.76,113.65,28.41,0.01
20130828,郑州,34.76,113.65,29.08,0.81
20130829,郑州,34.76,113.65,30.36,0.0
20130830,郑州,34.76,113.65,25.03,0.0
20130831,郑州,34.76,113.65,24.14,0.0
20130901,郑州,34.76,113.65,24.72,0.0
20130902,郑州,34.76,113.65,24.43,0.0
20130903,郑州,34.76,113.65,25.52,0.0
20130904,郑州,34.76,113.65,26.16,0.0
20130905,郑州,34.76,113.65,24.06,0.0
20130906,郑州,34.76,113.65,25.01,0.0
20130907,郑州,34.76,113.65,25.29,0.0
20130908,郑州,34.76,113.65,21.38,7.79
20130909,郑州,34.76,113.65,21.84,0.7
20130910,郑州,34.76,113.65,24.03,0.0
20130911,郑州,34.76,113.65,24.72,0.01
20130912,郑州,34.76,113.65,24.01,0.06
20130913,郑州,34.76,113.65,25.28,0.0
20130914,郑州,34.76,113.65,27.72,0.0
20130915,郑州,34.76,113.65,27.07,0.0
20130916,郑州,34.76,113.65,27.99,0.0
20130917,郑州,34.76,113.65,28.04,5.21
20130918,郑州,34.76,113.65,25.08,0.0
20130919,郑州,34.76,113.65,25.46,0.0
20130920,郑州,34.76,113.65,26.92,0.9
20130921,郑州,34.76,113.65,22.76,0.57
20130922,郑州,34.76,113.65,23.24,0.04
20130923,郑州,34.76,113.65,21.14,1.75
20130924,郑州,34.76,113.65,18.28,0.1
20130925,郑州,34.76,113.65,18.78,0.01
20130926,郑州,34.76,113.65,19.77,0.0
20130927,郑州,34.76,113.65,18.02,0.0
20130928,郑州,34.76,113.65,20.33,0.0
20130929,郑州,34.76,113.65,21.05,0.0
20130930,郑州,34.76,113.65,21.23,0.0
20131001,郑州,34.76,113.65,22.58,0.0
20131002,郑州,34.76,113.65,20.75,0.0
20131003,郑州,34.76,113.65,21.15,0.0
20131004,郑州,34.76,113.65,20.63,0.0
20131005,郑州,34.76,113.65,20.19,0.0
20131006,郑州,34.76,113.65,20.59,0.0
20131007,郑州,34.76,113.65,21.06,0.0
20131008,郑州,34.76,113.65,20.5,0.0
20131009,郑州,34.76,113.65,21.86,0.0
20131010,郑州,34.76,113.65,23.26,0.0
20131011,郑州,34.76,113.65,21.9,0.0
20131012,郑州,34.76,113.65,22.63,0.0
20131013,郑州,34.76,113.65,20.58,0.0
20131014,郑州,34.76,113.65,15.14,7.57
20131015,郑州,34.76,113.65,12.37,0.0
20131016,郑州,34.76,113.65,11.51,0.01
20131017,郑州,34.76,113.65,13.57,0.0
20131018,郑州,34.76,113.65,14.45,0.0
20131019,郑州,34.76,113.65,15.55,0.0
20131020,郑州,34.76,113.65,13.74,0.0
20131021,郑州,34.76,113.65,15.22,0.0
20131022,郑州,34.76,113.65,16.15,0.0
20131023,郑州,34.76,113.65,15.38,0.0
20131024,郑州,34.76,113.65,11.55,0.0
20131025,郑州,34.76,113.65,10.81,0.0
20131026,郑州,34.76,113.65,11.9,0.0
20131027,郑州,34.76,113.65,12.95,0.0
20131028,郑州,34.76,113.65,16.68,0.0
20131029,郑州,34.76,113.65,14.85,0.54
20131030,郑州,34.76,113.65,11.76,6.79
20131031,郑州,34.76,113.65,11.12,11.98
20140401,哈尔滨,45.75,126.63,4.09,0.01
20140402,哈尔滨,45.75,126.63,1.7,0.15
20140403,哈尔滨,45.75,126.63,-0.45,0.05
20140404,哈尔滨,45.75,126.63,0.8,0.54
20140405,哈尔滨,45.75,126.63,0.48,0.0
20140406,哈尔滨,45.75,126.63,4.12,0.0
20140407,哈尔滨,45.75,126.63,7.34,0.0
20140408,哈尔滨,45.75,126.63,10.3,0.0
20140409,哈尔滨,45.75,126.63,4.75,0.09
20140410,哈尔滨,45.75,126.63,5.59,0.0
20140411,哈尔滨,45.75,126.63,8.93,0.0
20140412,哈尔滨,45.75,126.63,11.04,0.0
20140413,哈尔滨,45.75,126.63,11.66,0.0
20140414,哈尔滨,45.75,126.63,13.89,0.0
20140415,哈尔滨,45.75,126.63,5.75,0.0
20140416,哈尔滨,45.75,126.63,5.29,0.0
20140417,哈尔滨,45.75,126.63,5.72,0.0
20140418,哈尔滨,45.75,126.63,6.73,0.0
20140419,哈尔滨,45.75,126.63,9.48,0.0
20140420,哈尔滨,45.75,126.63,6.92,4.61
20140421,哈尔滨,45.75,126.63,9.01,0.05
20140422,哈尔滨,45.75,126.63,12.17,0.0
20140423,哈尔滨,45.75,126.63,13.48,0.0
20140424,哈尔滨,45.75,126.63,15.79,0.04
20140425,哈尔滨,45.75,126.63,16.45,0.0
20140426,哈尔滨,45.75,126.63,11.23,0.74
20140427,哈尔滨,45.75,126.63,10.1,0.02
20140428,哈尔滨,45.75,126.63,13.11,0.0
20140429,哈尔滨,45.75,126.63,14.97,0.0
20140430,哈尔滨,45.75,126.63,16.67,0.0
20140501,哈尔滨,45.75,126.63,15.96,0.0
20140502,哈尔滨,45.75,126.63,6.7,13.89
20140503,哈尔滨,45.75,126.63,7.45,0.8
20140504,哈尔滨,45.75,126.63,4.99,4.78
20140505,哈尔滨,45.75,126.63,4.4,6.69
20140506,哈尔滨,45.75,126.63,6.36,4.05
20140507,哈尔滨,45.75,126.63,8.95,0.99
20140508,哈尔滨,45.75,126.63,6.69,1.36
20140509,哈尔滨,45.75,126.63,13.14,0.0
20140510,哈尔滨,45.75,126.63,12.81,0.05
20140511,哈尔滨,45.75,126.63,13.9,3.64
20140512,哈尔滨,45.75,126.63,11.26,13.62
20140513,哈尔滨,45.75,126.63,11.03,2.62
20140514,哈尔滨,45.75,126.63,11.86,2.26
20140515,哈尔滨,45.75,126.63,10.41,7.35
20140516,哈尔滨,45.75,126.63,11.59,0.09
20140517,哈尔滨,45.75,126.63,13.55,0.24
20140518,哈尔滨,45.75,126.63,13.27,2.85
20140519,哈尔滨,45.75,126.63,14.42,2.73
20140520,哈尔滨,45.75,126.63,12.75,10.25
20140521,哈尔滨,45.75,126.63,14.22,1.68
20140522,哈尔滨,45.75,126.63,16.65,0.05
20140523,哈尔滨,45.75,126.63,17.97,0.11
20140524,哈尔滨,45.75,126.63,17.6,0.07
20140525,哈尔滨,45.75,126.63,16.69,7.83
20140526,哈尔滨,45.75,126.63,14.78,1.38
20140527,哈尔滨,45.75,126.63,16.27,3.52
20140528,哈尔滨,45.75,126.63,16.57,1.24
20140529,哈尔滨,45.75,126.63,16.22,0.0
20140530,哈尔滨,45.75,126.63,19.0,0.0
20140531,哈尔滨,45.75,126.63,24.35,0.0
20140601,哈尔滨,45.75,126.63,26.54,0.0
20140602,哈尔滨,45.75,126.63,26.34,0.35
20140603,哈尔滨,45.75,126.63,24.23,0.23
20140604,哈尔滨,45.75,126.63,25.12,0.01
20140605,哈尔滨,45.75,126.63,23.44,4.71
20140606,哈尔滨,45.75,126.63,21.18,0.23
20140607,哈尔滨,45.75,126.63,19.29,11.78
20140608,哈尔滨,45.75,126.63,20.22,4.7
20140609,哈尔滨,45.75,126.63,18.13,1.96
20140610,哈尔滨,45.75,126.63,19.5,2.23
20140611,哈尔滨,45.75,126.63,19.71,3.26
20140612,哈尔滨,45.75,126.63,20.37,0.19
20140613,哈尔滨,45.75,126.63,21.34,0.12
20140614,哈尔滨,45.75,126.63,23.07,0.65
20140615,哈尔滨,45.75,126.63,21.99,0.79
20140616,哈尔滨,45.75,126.63,21.72,0.06
20140617,哈尔滨,45.75,126.63,18.9,0.35
20140618,哈尔滨,45.75,126.63,19.02,0.5
20140619,哈尔滨,45.75,126.63,20.27,0.05
20140620,哈尔滨,45.75,126.63,21.8,0.06
20140621,哈尔滨,45.75,126.63,23.15,0.33
20140622,哈尔滨,45.75,126.63,24.94,0.01
20140623,哈尔滨,45.75,126.63,25.91,1.34
20140624,哈尔滨,45.75,126.63,24.45,3.72
20140625,哈尔滨,45.75,126.63,25.05,5.19
20140626,哈尔滨,45.75,126.63,21.9,16.17
20140627,哈尔滨,45.75,126.63,20.83,8.76
20140628,哈尔滨,45.75,126.63,23.03,0.74
20140629,哈尔滨,45.75,126.63,24.9,0.0
20140630,哈尔滨,45.75,126.63,25.72,0.02
20140701,哈尔滨,45.75,126.63,25.51,0.02
20140702,哈尔滨,45.75,126.63,25.95,0.11
20140703,哈尔滨,45.75,126.63,25.9,3.78
20140704,哈尔滨,45.75,126.63,25.28,1.43
20140705,哈尔滨,45.75,126.63,25.15,2.46
20140706,哈尔滨,45.75,126.63,23.37,4.14
20140707,哈尔滨,45.75,126.63,23.39,0.01
20140708,哈尔滨,45.75,126.63,22.23,14.07
20140709,哈尔滨,45.75,126.63,21.09,1.86
20140710,哈尔滨,45.75,126.63,20.88,2.94
20140711,哈尔滨,45.75,126.63,21.0,5.51
20140712,哈尔滨,45.75,126.63,19.81,4.84
20140713,哈尔滨,45.75,126.63,20.09,13.75
20140714,哈尔滨,45.75,126.63,20.84,1.28
20140715,哈尔滨,45.75,126.63,22.52,10.23
20140716,哈尔滨,45.75,126.63,21.46,7.03
20140717,哈尔滨,45.75,126.63,20.5,6.88
20140718,哈尔滨,45.75,126.63,21.65,4.39
20140719,哈尔滨,45.75,126.63,23.33,1.13
20140720,哈尔滨,45.75,126.63,25.5,12.9
20140721,哈尔滨,45.75,126.63,23.95,4.79
20140722,哈尔滨,45.75,126.63,23.0,0.01
20140723,哈尔滨,45.75,126.63,21.62,8.23
20140724,哈尔滨,45.75,126.63,18.78,0.11
20140725,哈尔滨,45.75,126.63,20.11,0.0
20140726,哈尔滨,45.75,126.63,21.43,0.0
20140727,哈尔滨,45.75,126.63,22.18,0.0
20140728,哈尔滨,45.75,126.63,24.16,0.23
20140729,哈尔滨,45.75,126.63,24.91,0.36
20140730,哈尔滨,45.75,126.63,23.88,2.39
20140731,哈尔滨,45.75,126.63,24.86,0.07
20140801,哈尔滨,45.75,126.63,26.34,0.13
20140802,哈尔滨,45.75,126.63,21.04,10.22
20140803,哈尔滨,45.75,126.63,21.45,0.12
20140804,哈尔滨,45.75,126.63,22.1,0.0
20140805,哈尔滨,45.75,126.63,21.77,6.03
20140806,哈尔滨,45.75,126.63,19.53,2.64
20140807,哈尔滨,45.75,126.63,19.94,0.0
20140808,哈尔滨,45.75,126.63,20.89,0.0
20140809,哈尔滨,45.75,126.63,22.22,0.0
20140810,哈尔滨,45.75,126.63,22.22,0.0
20140811,哈尔滨,45.75,126.63,21.53,0.63
20140812,哈尔滨,45.75,126.63,20.49,0.55
20140813,哈尔滨,45.75,126.63,21.41,0.85
20140814,哈尔滨,45.75,126.63,22.38,1.35
20140815,哈尔滨,45.75,126.63,20.55,14.31
20140816,哈尔滨,45.75,126.63,20.45,4.22
20140817,哈尔滨,45.75,126.63,21.02,4.01
20140818,哈尔滨,45.75,126.63,21.48,0.22
20140819,哈尔滨,45.75,126.63,22.33,0.35
20140820,哈尔滨,45.75,126.63,22.99,11.11
20140821,哈尔滨,45.75,126.63,22.75,2.71
20140822,哈尔滨,45.75,126.63,22.87,0.95
20140823,哈尔滨,45.75,126.63,22.71,2.03
20140824,哈尔滨,45.75,126.63,23.21,2.03
20140825,哈尔滨,45.75,126.63,22.15,3.62
20140826,哈尔滨,45.75,126.63,19.05,6.74
20140827,哈尔滨,45.75,126.63,20.41,2.07
20140828,哈尔滨,45.75,126.63,21.51,5.51
20140829,哈尔滨,45.75,126.63,21.67,2.95
20140830,哈尔滨,45.75,126.63,21.64,0.25
20140831,哈尔滨,45.75,126.63,21.82,2.76
20140901,哈尔滨,45.75,126.63,21.58,1.59
20140902,哈尔滨,45.75,126.63,20.82,3.32
20140903,哈尔滨,45.75,126.63,15.96,6.99
20140904,哈尔滨,45.75,126.63,17.03,0.68
20140905,哈尔滨,45.75,126.63,18.21,4.6
20140906,哈尔滨,45.75,126.63,20.84,0.0
20140907,哈尔滨,45.75,126.63,21.6,0.12
20140908,哈尔滨,45.75,126.63,17.37,5.59
20140909,哈尔滨,45.75,126.63,15.59,0.65
20140910,哈尔滨,45.75,126.63,13.74,0.54
20140911,哈尔滨,45.75,126.63,15.06,0.01
20140912,哈尔滨,45.75,126.63,17.1,0.0
20140913,哈尔滨,45.75,126.63,18.22,0.0
20140914,哈尔滨,45.75,126.63,14.82,4.9
20140915,哈尔滨,45.75,126.63,12.0,0.0
20140916,哈尔滨,45.75,126.63,11.29,0.0
20140917,哈尔滨,45.75,126.63,14.2,0.0
20140918,哈尔滨,45.75,126.63,14.41,0.0
20140919,哈尔滨,45.75,126.63,15.86,0.05
20140920,哈尔滨,45.75,126.63,15.47,0.0
20140921,哈尔滨,45.75,126.63,17.11,0.0
20140922,哈尔滨,45.75,126.63,16.8,0.31
20140923,哈尔滨,45.75,126.63,14.09,4.54
20140924,哈尔滨,45.75,126.63,12.32,0.02
20140925,哈尔滨,45.75,126.63,12.15,0.0
20140926,哈尔滨,45.75,126.63,14.52,0.94
20140927,哈尔滨,45.75,126.63,12.45,3.52
20140928,哈尔滨,45.75,126.63,12.21,2.03
20140929,哈尔滨,45.75,126.63,3.73,4.15
20140930,哈尔滨,45.75,126.63,4.53,0.0
20141001,哈尔滨,45.75,126.63,5.48,0.01
20141002,哈尔滨,45.75,126.63,6.83,0.01
20141003,哈尔滨,45.75,126.63,7.01,0.02
20141004,哈尔滨,45.75,126.63,7.18,0.0
20141005,哈尔滨,45.75,126.63,7.92,0.0
20141006,哈尔滨,45.75,126.63,8.09,0.0
20141007,哈尔滨,45.75,126.63,9.1,0.0
20141008,哈尔滨,45.75,126.63,9.01,6.4
20141009,哈尔滨,45.75,126.63,6.92,2.21
20141010,哈尔滨,45.75,126.63,7.0,0.04
20141011,哈尔滨,45.75,126.63,11.4,3.14
20141012,哈尔滨,45.75,126.63,6.07,0.95
20141013,哈尔滨,45.75,126.63,2.9,0.0
20141014,哈尔滨,45.75,126.63,3.99,0.0
20141015,哈尔滨,45.75,126.63,8.0,0.4
20141016,哈尔滨,45.75,126.63,3.92,0.0
20141017,哈尔滨,45.75,126.63,4.66,0.0
20141018,哈尔滨,45.75,126.63,8.56,0.0
20141019,哈尔滨,45.75,126.63,13.2,0.02
20141020,哈尔滨,45.75,126.63,0.64,0.0
20141021,哈尔滨,45.75,126.63,-2.95,0.0
20141022,哈尔滨,45.75,126.63,-0.04,0.0
20141023,哈尔滨,45.75,126.63,5.27,0.0
20141024,哈尔滨,45.75,126.63,6.84,2.97
20141025,哈尔滨,45.75,126.63,4.59,0.87
20141026,哈尔滨,45.75,126.63,0.8,1.48
20141027,哈尔滨,45.75,126.63,-3.71,0.0
20141028,哈尔滨,45.75,126.63,-1.19,0.0
20141029,哈尔滨,45.75,126.63,1.48,0.04
20141030,哈尔滨,45.75,126.63,0.5,0.8
20141031,哈尔滨,45.75,126.63,1.1,0.08
20140401,长春,43.82,125.32,7.92,0.91
20140402,长春,43.82,125.32,4.42,1.81
20140403,长春,43.82,125.32,-0.07,0.03
20140404,长春,43.82,125.32,0.24,0.57
20140405,长春,43.82,125.32,0.23,0.01
20140406,长春,43.82,125.32,4.65,0.0
20140407,长春,43.82,125.32,8.38,0.0
20140408,长春,43.82,125.32,11.47,0.0
20140409,长春,43.82,125.32,5.45,0.01
20140410,长春,43.82,125.32,6.44,0.0
20140411,长春,43.82,125.32,9.9,0.0
20140412,长春,43.82,125.32,11.26,0.0
20140413,长春,43.82,125.32,12.02,0.0
20140414,长春,43.82,125.32,14.32,0.0
20140415,长春,43.82,125.32,7.63,0.0
20140416,长春,43.82,125.32,7.91,0.0
20140417,长春,43.82,125.32,5.71,0.0
20140418,长春,43.82,125.32,6.56,0.01
20140419,长春,43.82,125.32,8.44,0.08
20140420,长春,43.82,125.32,9.19,0.48
20140421,长春,43.82,125.32,10.23,0.0
20140422,长春,43.82,125.32,12.87,0.0
20140423,长春,43.82,125.32,14.62,0.64
20140424,长春,43.82,125.32,15.33,0.01
20140425,长春,43.82,125.32,15.6,0.0
20140426,长春,43.82,125.32,12.23,0.95
20140427,长春,43.82,125.32,10.83,0.01
20140428,长春,43.82,125.32,12.15,0.0
20140429,长春,43.82,125.32,15.57,0.0
20140430,长春,43.82,125.32,16.62,0.0
20140501,长春,43.82,125.32,18.02,0.0
20140502,长春,43.82,125.32,7.81,11.5
20140503,长春,43.82,125.32,7.87,0.77
20140504,长春,43.82,125.32,6.53,8.66
20140505,长春,43.82,125.32,4.26,3.78
20140506,长春,43.82,125.32,8.67,0.0
20140507,长春,43.82,125.32,11.01,0.11
20140508,长春,43.82,125.32,9.13,0.23
20140509,长春,43.82,125.32,13.49,0.0
20140510,长春,43.82,125.32,15.56,0.0
20140511,长春,43.82,125.32,13.42,9.62
20140512,长春,43.82,125.32,11.23,17.62
20140513,长春,43.82,125.32,15.03,1.77
20140514,长春,43.82,125.32,13.82,1.31
20140515,长春,43.82,125.32,11.61,4.22
20140516,长春,43.82,125.32,11.27,0.88
20140517,长春,43.82,125.32,14.28,0.11
20140518,长春,43.82,125.32,13.84,1.14
20140519,长春,43.82,125.32,12.84,14.02
20140520,长春,43.82,125.32,14.59,3.82
20140521,长春,43.82,125.32,15.61,2.07
20140522,长春,43.82,125.32,17.57,0.0
20140523,长春,43.82,125.32,19.91,0.45
20140524,长春,43.82,125.32,18.33,3.0
20140525,长春,43.82,125.32,16.43,4.08
20140526,长春,43.82,125.32,13.0,1.69
20140527,长春,43.82,125.32,16.88,0.02
20140528,长春,43.82,125.32,18.98,0.13
20140529,长春,43.82,125.32,19.04,0.02
20140530,长春,43.82,125.32,20.03,0.0
20140531,长春,43.82,125.32,23.62,0.0
20140601,长春,43.82,125.32,24.38,0.02
20140602,长春,43.82,125.32,23.33,1.48
20140603,长春,43.82,125.32,23.02,1.78
20140604,长春,43.82,125.32,23.57,0.43
20140605,长春,43.82,125.32,22.01,1.3
20140606,长春,43.82,125.32,19.44,8.3
20140607,长春,43.82,125.32,16.43,17.57
20140608,长春,43.82,125.32,18.66,13.52
20140609,长春,43.82,125.32,19.62,3.08
20140610,长春,43.82,125.32,18.67,5.06
20140611,长春,43.82,125.32,18.38,7.57
20140612,长春,43.82,125.32,19.39,1.49
20140613,长春,43.82,125.32,19.98,0.0
20140614,长春,43.82,125.32,21.94,0.64
20140615,长春,43.82,125.32,22.78,0.26
20140616,长春,43.82,125.32,22.42,0.02
20140617,长春,43.82,125.32,20.7,3.54
20140618,长春,43.82,125.32,19.31,9.82
20140619,长春,43.82,125.32,19.89,1.51
20140620,长春,43.82,125.32,21.4,0.05
20140621,长春,43.82,125.32,23.05,0.29
20140622,长春,43.82,125.32,23.0,0.03
20140623,长春,43.82,125.32,23.81,0.95
20140624,长春,43.82,125.32,23.92,0.31
20140625,长春,43.82,125.32,24.81,0.71
20140626,长春,43.82,125.32,20.7,11.11
20140627,长春,43.82,125.32,20.26,10.67
20140628,长春,43.82,125.32,20.85,2.93
20140629,长春,43.82,125.32,23.88,0.02
20140630,长春,43.82,125.32,24.61,0.01
20140701,长春,43.82,125.32,24.63,0.08
20140702,长春,43.82,125.32,25.04,0.07
20140703,长春,43.82,125.32,23.41,0.18
20140704,长春,43.82,125.32,24.96,0.1
20140705,长春,43.82,125.32,26.17,0.06
20140706,长春,43.82,125.32,24.45,4.12
20140707,长春,43.82,125.32,24.92,0.08
20140708,长春,43.82,125.32,23.16,6.85
20140709,长春,43.82,125.32,23.67,0.02
20140710,长春,43.82,125.32,21.24,2.94
20140711,长春,43.82,125.32,21.31,1.56
20140712,长春,43.82,125.32,20.98,3.03
20140713,长春,43.82,125.32,21.35,5.15
20140714,长春,43.82,125.32,22.61,1.74
20140715,长春,43.82,125.32,23.21,33.08
20140716,长春,43.82,125.32,22.77,17.92
20140717,长春,43.82,125.32,20.87,15.65
20140718,长春,43.82,125.32,22.73,9.73
20140719,长春,43.82,125.32,24.19,0.44
20140720,长春,43.82,125.32,26.17,1.79
20140721,长春,43.82,125.32,23.18,12.19
20140722,长春,43.82,125.32,22.9,0.01
20140723,长春,43.82,125.32,23.11,0.82
20140724,长春,43.82,125.32,20.79,0.0
20140725,长春,43.82,125.32,19.53,0.0
20140726,长春,43.82,125.32,20.53,1.73
20140727,长春,43.82,125.32,21.89,0.02
20140728,长春,43.82,125.32,23.47,0.0
20140729,长春,43.82,125.32,23.79,0.0
20140730,长春,43.82,125.32,22.86,0.09
20140731,长春,43.82,125.32,24.63,0.02
20140801,长春,43.82,125.32,26.15,0.04
20140802,长春,43.82,125.32,25.81,2.65
20140803,长春,43.82,125.32,24.27,0.23
20140804,长春,43.82,125.32,22.53,0.04
20140805,长春,43.82,125.32,23.42,0.2
20140806,长春,43.82,125.32,21.28,3.94
20140807,长春,43.82,125.32,20.72,0.03
20140808,长春,43.82,125.32,21.29,0.0
20140809,长春,43.82,125.32,23.27,0.01
20140810,长春,43.82,125.32,23.93,0.3
20140811,长春,43.82,125.32,21.69,0.15
20140812,长春,43.82,125.32,21.3,0.04
20140813,长春,43.82,125.32,22.48,0.06
20140814,长春,43.82,125.32,21.8,1.24
20140815,长春,43.82,125.32,20.61,14.6
20140816,长春,43.82,125.32,21.31,0.19
20140817,长春,43.82,125.32,22.11,0.94
20140818,长春,43.82,125.32,21.58,1.56
20140819,长春,43.82,125.32,22.87,0.35
20140820,长春,43.82,125.32,23.49,0.82
20140821,长春,43.82,125.32,24.2,0.06
20140822,长春,43.82,125.32,23.67,0.99
20140823,长春,43.82,125.32,23.86,2.82
20140824,长春,43.82,125.32,22.81,8.99
20140825,长春,43.82,125.32,20.73,15.69
20140826,长春,43.82,125.32,20.26,2.12
20140827,长春,43.82,125.32,20.99,0.18
20140828,长春,43.82,125.32,21.81,0.21
20140829,长春,43.82,125.32,22.01,0.27
20140830,长春,43.82,125.32,21.88,6.96
20140831,长春,43.82,125.32,21.95,1.53
20140901,长春,43.82,125.32,22.15,3.82
20140902,长春,43.82,125.32,20.13,8.04
20140903,长春,43.82,125.32,15.96,5.76
20140904,长春,43.82,125.32,16.27,6.74
20140905,长春,43.82,125.32,17.88,0.27
20140906,长春,43.82,125.32,20.17,0.0
20140907,长春,43.82,125.32,20.72,2.62
20140908,长春,43.82,125.32,16.82,7.07
20140909,长春,43.82,125.32,13.82,0.0
20140910,长春,43.82,125.32,15.21,0.01
20140911,长春,43.82,125.32,14.84,0.0
20140912,长春,43.82,125.32,16.46,0.0
20140913,长春,43.82,125.32,18.03,0.0
20140914,长春,43.82,125.32,14.75,3.45
20140915,长春,43.82,125.32,12.18,0.0
20140916,长春,43.82,125.32,13.4,0.0
20140917,长春,43.82,125.32,15.86,0.0
20140918,长春,43.82,125.32,15.9,0.0
20140919,长春,43.82,125.32,16.92,0.0
20140920,长春,43.82,125.32,16.43,0.08
20140921,长春,43.82,125.32,15.75,0.17
20140922,长春,43.82,125.32,16.82,0.0
20140923,长春,43.82,125.32,13.92,6.37
20140924,长春,43.82,125.32,12.22,3.58
20140925,长春,43.82,125.32,12.85,0.0
20140926,长春,43.82,125.32,15.53,1.58
20140927,长春,43.82,125.32,13.49,2.49
20140928,长春,43.82,125.32,13.52,0.02
20140929,长春,43.82,125.32,3.32,9.86
20140930,长春,43.82,125.32,4.87,0.0
20141001,长春,43.82,125.32,3.29,3.14
20141002,长春,43.82,125.32,4.56,3.08
20141003,长春,43.82,125.32,7.66,0.0
20141004,长春,43.82,125.32,8.71,0.0
20141005,长春,43.82,125.32,9.85,0.02
20141006,长春,43.82,125.32,8.63,0.0
20141007,长春,43.82,125.32,10.27,0.0
20141008,长春,43.82,125.32,12.67,0.31
20141009,长春,43.82,125.32,11.21,0.07
20141010,长春,43.82,125.32,10.03,0.0
20141011,长春,43.82,125.32,15.05,0.16
20141012,长春,43.82,125.32,7.82,0.62
20141013,长春,43.82,125.32,3.7,0.0
20141014,长春,43.82,125.32,4.32,0.0
20141015,长春,43.82,125.32,8.88,1.63
20141016,长春,43.82,125.32,5.28,0.0
20141017,长春,43.82,125.32,8.54,0.0
20141018,长春,43.82,125.32,11.14,0.0
20141019,长春,43.82,125.32,15.25,0.54
20141020,长春,43.82,125.32,4.29,0.19
20141021,长春,43.82,125.32,-1.48,0.1
20141022,长春,43.82,125.32,1.14,0.0
20141023,长春,43.82,125.32,8.64,0.0
20141024,长春,43.82,125.32,14.13,0.19
20141025,长春,43.82,125.32,11.37,3.51
20141026,长春,43.82,125.32,2.22,0.03
20141027,长春,43.82,125.32,-2.26,0.0
20141028,长春,43.82,125.32,0.62,0.0
20141029,长春,43.82,125.32,3.91,0.0
20141030,长春,43.82,125.32,4.65,0.69
20141031,长春,43.82,125.32,2.11,0.36
20140401,沈阳,41.8,123.43,11.38,0.0
20140402,沈阳,41.8,123.43,7.82,0.0
20140403,沈阳,41.8,123.43,3.27,0.0
20140404,沈阳,41.8,123.43,3.84,0.03
20140405,沈阳,41.8,123.43,2.87,0.0
20140406,沈阳,41.8,123.43,8.32,0.0
20140407,沈阳,41.8,123.43,11.1,0.0
20140408,沈阳,41.8,123.43,12.05,0.0
20140409,沈阳,41.8,123.43,9.27,0.0
20140410,沈阳,41.8,123.43,8.16,0.0
20140411,沈阳,41.8,123.43,11.28,0.0
20140412,沈阳,41.8,123.43,13.06,0.0
20140413,沈阳,41.8,123.43,13.8,0.0
20140414,沈阳,41.8,123.43,14.11,0.0
20140415,沈阳,41.8,123.43,11.23,0.0
20140416,沈阳,41.8,123.43,12.56,0.0
20140417,沈阳,41.8,123.43,9.93,0.0
20140418,沈阳,41.8,123.43,10.54,0.0
20140419,沈阳,41.8,123.43,10.31,0.05
20140420,沈阳,41.8,123.43,11.4,0.0
20140421,沈阳,41.8,123.43,12.45,0.0
20140422,沈阳,41.8,123.43,14.91,0.0
20140423,沈阳,41.8,123.43,15.92,0.69
20140424,沈阳,41.8,123.43,15.55,0.0
20140425,沈阳,41.8,123.43,16.49,0.0
20140426,沈阳,41.8,123.43,14.85,0.16
20140427,沈阳,41.8,123.43,13.65,0.0
20140428,沈阳,41.8,123.43,14.45,0.0
20140429,沈阳,41.8,123.43,16.07,0.0
20140430,沈阳,41.8,123.43,17.16,0.0
20140501,沈阳,41.8,123.43,18.68,0.0
20140502,沈阳,41.8,123.43,8.88,7.94
20140503,沈阳,41.8,123.43,11.78,7.67
20140504,沈阳,41.8,123.43,8.01,0.95
20140505,沈阳,41.8,123.43,8.98,0.21
20140506,沈阳,41.8,123.43,11.43,0.04
20140507,沈阳,41.8,123.43,11.45,2.42
20140508,沈阳,41.8,123.43,12.3,0.0
20140509,沈阳,41.8,123.43,13.86,0.26
20140510,沈阳,41.8,123.43,16.21,0.0
20140511,沈阳,41.8,123.43,12.9,19.57
20140512,沈阳,41.8,123.43,13.45,3.87
20140513,沈阳,41.8,123.43,17.08,0.0
20140514,沈阳,41.8,123.43,16.4,0.38
20140515,沈阳,41.8,123.43,14.68,0.09
20140516,沈阳,41.8,123.43,16.45,0.15
20140517,沈阳,41.8,123.43,18.14,0.0
20140518,沈阳,41.8,123.43,19.43,0.16
20140519,沈阳,41.8,123.43,16.9,5.51
20140520,沈阳,41.8,123.43,16.77,12.64
20140521,沈阳,41.8,123.43,18.88,3.19
20140522,沈阳,41.8,123.43,19.75,0.58
20140523,沈阳,41.8,123.43,22.67,0.0
20140524,沈阳,41.8,123.43,18.51,1.31
20140525,沈阳,41.8,123.43,18.08,5.83
20140526,沈阳,41.8,123.43,18.91,0.01
20140527,沈阳,41.8,123.43,21.84,0.0
20140528,沈阳,41.8,123.43,22.1,0.0
20140529,沈阳,41.8,123.43,22.88,0.0
20140530,沈阳,41.8,123.43,23.92,0.0
20140531,沈阳,41.8,123.43,24.98,0.0
20140601,沈阳,41.8,123.43,22.79,0.09
20140602,沈阳,41.8,123.43,21.72,7.2
20140603,沈阳,41.8,123.43,24.47,0.05
20140604,沈阳,41.8,123.43,25.11,0.0
20140605,沈阳,41.8,123.43,24.66,0.98
20140606,沈阳,41.8,123.43,21.21,7.87
20140607,沈阳,41.8,123.43,19.46,17.43
20140608,沈阳,41.8,123.43,18.52,2.56
20140609,沈阳,41.8,123.43,19.54,2.18
20140610,沈阳,41.8,123.43,19.29,1.07
20140611,沈阳,41.8,123.43,19.49,3.89
20140612,沈阳,41.8,123.43,21.56,1.19
20140613,沈阳,41.8,123.43,22.27,0.0
20140614,沈阳,41.8,123.43,24.16,0.0
20140615,沈阳,41.8,123.43,25.92,0.11
20140616,沈阳,41.8,123.43,23.84,1.02
20140617,沈阳,41.8,123.43,22.32,24.16
20140618,沈阳,41.8,123.43,21.76,15.5
20140619,沈阳,41.8,123.43,21.77,0.41
20140620,沈阳,41.8,123.43,20.91,1.85
20140621,沈阳,41.8,123.43,22.45,3.59
20140622,沈阳,41.8,123.43,22.62,7.86
20140623,沈阳,41.8,123.43,23.57,1.93
20140624,沈阳,41.8,123.43,24.69,0.0
20140625,沈阳,41.8,123.43,24.36,0.0
20140626,沈阳,41.8,123.43,22.74,8.99
20140627,沈阳,41.8,123.43,21.48,8.61
20140628,沈阳,41.8,123.43,21.38,3.73
20140629,沈阳,41.8,123.43,24.72,0.01
20140630,沈阳,41.8,123.43,25.8,0.0
20140701,沈阳,41.8,123.43,25.49,0.42
20140702,沈阳,41.8,123.43,24.47,0.48
20140703,沈阳,41.8,123.43,23.82,1.98
20140704,沈阳,41.8,123.43,25.7,0.0
20140705,沈阳,41.8,123.43,26.39,0.0
20140706,沈阳,41.8,123.43,25.97,0.03
20140707,沈阳,41.8,123.43,25.46,0.52
20140708,沈阳,41.8,123.43,23.32,8.55
20140709,沈阳,41.8,123.43,25.41,0.12
20140710,沈阳,41.8,123.43,24.37,0.12
20140711,沈阳,41.8,123.43,24.07,5.01
20140712,沈阳,41.8,123.43,24.33,0.27
20140713,沈阳,41.8,123.43,25.59,0.32
20140714,沈阳,41.8,123.43,26.73,0.03
20140715,沈阳,41.8,123.43,25.45,1.36
20140716,沈阳,41.8,123.43,25.21,4.07
20140717,沈阳,41.8,123.43,25.15,5.15
20140718,沈阳,41.8,123.43,26.87,2.01
20140719,沈阳,41.8,123.43,27.72,0.12
20140720,沈阳,41.8,123.43,28.54,0.12
20140721,沈阳,41.8,123.43,23.76,46.13
20140722,沈阳,41.8,123.43,24.84,0.01
20140723,沈阳,41.8,123.43,25.55,0.0
20140724,沈阳,41.8,123.43,23.69,0.0
20140725,沈阳,41.8,123.43,21.98,0.43
20140726,沈阳,41.8,123.43,22.76,0.47
20140727,沈阳,41.8,123.43,24.11,0.02
20140728,沈阳,41.8,123.43,24.82,0.0
20140729,沈阳,41.8,123.43,24.58,0.0
20140730,沈阳,41.8,123.43,23.18,0.02
20140731,沈阳,41.8,123.43,26.2,0.04
20140801,沈阳,41.8,123.43,28.08,0.02
20140802,沈阳,41.8,123.43,29.61,0.04
20140803,沈阳,41.8,123.43,28.69,0.18
20140804,沈阳,41.8,123.43,25.96,0.0
20140805,沈阳,41.8,123.43,25.2,0.0
20140806,沈阳,41.8,123.43,25.01,0.05
20140807,沈阳,41.8,123.43,24.4,0.0
20140808,沈阳,41.8,123.43,24.78,0.0
20140809,沈阳,41.8,123.43,26.27,0.0
20140810,沈阳,41.8,123.43,23.6,0.21
20140811,沈阳,41.8,123.43,24.23,2.58
20140812,沈阳,41.8,123.43,24.01,0.0
20140813,沈阳,41.8,123.43,24.37,0.57
20140814,沈阳,41.8,123.43,22.47,3.02
20140815,沈阳,41.8,123.43,24.38,1.51
20140816,沈阳,41.8,123.43,24.7,3.51
20140817,沈阳,41.8,123.43,24.08,1.97
20140818,沈阳,41.8,123.43,22.7,3.35
20140819,沈阳,41.8,123.43,24.62,0.29
20140820,沈阳,41.8,123.43,26.11,0.0
20140821,沈阳,41.8,123.43,25.21,0.12
20140822,沈阳,41.8,123.43,26.64,0.02
20140823,沈阳,41.8,123.43,25.24,0.96
20140824,沈阳,41.8,123.43,23.77,13.92
20140825,沈阳,41.8,123.43,20.48,6.5
20140826,沈阳,41.8,123.43,22.67,0.05
20140827,沈阳,41.8,123.43,23.97,0.0
20140828,沈阳,41.8,123.43,23.74,0.0
20140829,沈阳,41.8,123.43,22.69,0.93
20140830,沈阳,41.8,123.43,24.49,0.0
20140831,沈阳,41.8,123.43,24.1,0.04
20140901,沈阳,41.8,123.43,24.46,1.04
20140902,沈阳,41.8,123.43,21.66,5.51
20140903,沈阳,41.8,123.43,19.36,1.58
20140904,沈阳,41.8,123.43,19.95,0.14
20140905,沈阳,41.8,123.43,20.67,0.01
20140906,沈阳,41.8,123.43,23.28,0.0
20140907,沈阳,41.8,123.43,22.81,1.85
20140908,沈阳,41.8,123.43,19.94,3.78
20140909,沈阳,41.8,123.43,17.4,0.0
20140910,沈阳,41.8,123.43,19.9,0.0
20140911,沈阳,41.8,123.43,20.57,0.0
20140912,沈阳,41.8,123.43,19.74,0.0
20140913,沈阳,41.8,123.43,20.79,0.0
20140914,沈阳,41.8,123.43,17.79,0.25
20140915,沈阳,41.8,123.43,15.57,0.0
20140916,沈阳,41.8,123.43,15.83,0.0
20140917,沈阳,41.8,123.43,19.23,0.0
20140918,沈阳,41.8,123.43,19.65,0.0
20140919,沈阳,41.8,123.43,19.17,0.0
20140920,沈阳,41.8,123.43,16.89,1.72
20140921,沈阳,41.8,123.43,17.67,0.08
20140922,沈阳,41.8,123.43,19.48,0.0
20140923,沈阳,41.8,123.43,16.15,5.93
20140924,沈阳,41.8,123.43,14.74,1.77
20140925,沈阳,41.8,123.43,14.5,0.0
20140926,沈阳,41.8,123.43,16.09,3.1
20140927,沈阳,41.8,123.43,15.8,0.23
20140928,沈阳,41.8,123.43,15.88,0.0
20140929,沈阳,41.8,123.43,7.94,1.7
20140930,沈阳,41.8,123.43,6.7,0.0
20141001,沈阳,41.8,123.43,9.32,6.51
20141002,沈阳,41.8,123.43,6.64,11.88
20141003,沈阳,41.8,123.43,9.22,0.0
20141004,沈阳,41.8,123.43,12.16,0.18
20141005,沈阳,41.8,123.43,13.01,0.06
20141006,沈阳,41.8,123.43,11.45,0.0
20141007,沈阳,41.8,123.43,13.36,0.0
20141008,沈阳,41.8,123.43,14.83,0.0
20141009,沈阳,41.8,123.43,15.92,0.0
20141010,沈阳,41.8,123.43,15.21,0.0
20141011,沈阳,41.8,123.43,16.61,0.0
20141012,沈阳,41.8,123.43,10.87,0.06
20141013,沈阳,41.8,123.43,6.66,0.0
20141014,沈阳,41.8,123.43,6.69,0.0
20141015,沈阳,41.8,123.43,11.67,3.14
20141016,沈阳,41.8,123.43,8.24,0.07
20141017,沈阳,41.8,123.43,12.73,0.0
20141018,沈阳,41.8,123.43,14.0,0.0
20141019,沈阳,41.8,123.43,15.64,0.0
20141020,沈阳,41.8,123.43,9.97,0.05
20141021,沈阳,41.8,123.43,3.65,0.01
20141022,沈阳,41.8,123.43,4.81,0.0
20141023,沈阳,41.8,123.43,12.06,0.0
20141024,沈阳,41.8,123.43,16.23,0.0
20141025,沈阳,41.8,123.43,15.87,0.15
20141026,沈阳,41.8,123.43,5.54,0.01
20141027,沈阳,41.8,123.43,1.2,0.0
20141028,沈阳,41.8,123.43,4.34,0.0
20141029,沈阳,41.8,123.43,8.0,0.0
20141030,沈阳,41.8,123.43,9.57,0.0
20141031,沈阳,41.8,123.43,7.34,0.07
20140401,呼和浩特,40.82,111.75,7.03,0.0
20140402,呼和浩特,40.82,111.75,6.08,0.0
20140403,呼和浩特,40.82,111.75,2.4,0.0
20140404,呼和浩特,40.82,111.75,5.56,0.0
20140405,呼和浩特,40.82,111.75,3.89,0.0
20140406,呼和浩特,40.82,111.75,7.71,0.0
20140407,呼和浩特,40.82,111.75,10.83,0.0
20140408,呼和浩特,40.82,111.75,11.67,0.0
20140409,呼和浩特,40.82,111.75,10.16,0.0
20140410,呼和浩特,40.82,111.75,9.67,0.35
20140411,呼和浩特,40.82,111.75,9.42,0.0
20140412,呼和浩特,40.82,111.75,11.33,0.0
20140413,呼和浩特,40.82,111.75,11.92,0.0
20140414,呼和浩特,40.82,111.75,13.44,0.0
20140415,呼和浩特,40.82,111.75,9.84,0.03
20140416,呼和浩特,40.82,111.75,7.54,6.9
20140417,呼和浩特,40.82,111.75,8.82,1.81
20140418,呼和浩特,40.82,111.75,7.55,1.44
20140419,呼和浩特,40.82,111.75,7.01,0.38
20140420,呼和浩特,40.82,111.75,5.8,0.09
20140421,呼和浩特,40.82,111.75,7.42,0.0
20140422,呼和浩特,40.82,111.75,8.9,0.0
20140423,呼和浩特,40.82,111.75,10.37,0.0
20140424,呼和浩特,40.82,111.75,10.59,1.67
20140425,呼和浩特,40.82,111.75,1.95,5.75
20140426,呼和浩特,40.82,111.75,4.84,0.0
20140427,呼和浩特,40.82,111.75,8.98,0.0
20140428,呼和浩特,40.82,111.75,10.16,0.0
20140429,呼和浩特,40.82,111.75,13.19,0.0
20140430,呼和浩特,40.82,111.75,14.38,0.0
20140501,呼和浩特,40.82,111.75,4.47,1.65
20140502,呼和浩特,40.82,111.75,4.89,0.0
20140503,呼和浩特,40.82,111.75,1.7,0.06
20140504,呼和浩特,40.82,111.75,0.61,0.08
20140505,呼和浩特,40.82,111.75,7.28,0.0
20140506,呼和浩特,40.82,111.75,9.41,0.0
20140507,呼和浩特,40.82,111.75,10.0,0.0
20140508,呼和浩特,40.82,111.75,11.77,4.26
20140509,呼和浩特,40.82,111.75,8.15,21.63
20140510,呼和浩特,40.82,111.75,8.04,0.21
20140511,呼和浩特,40.82,111.75,7.12,1.95
20140512,呼和浩特,40.82,111.75,12.13,0.0
20140513,呼和浩特,40.82,111.75,8.32,0.0
20140514,呼和浩特,40.82,111.75,7.95,0.0
20140515,呼和浩特,40.82,111.75,12.29,0.0
20140516,呼和浩特,40.82,111.75,13.55,0.0
20140517,呼和浩特,40.82,111.75,13.76,0.26
20140518,呼和浩特,40.82,111.75,14.26,0.02
20140519,呼和浩特,40.82,111.75,14.18,0.0
20140520,呼和浩特,40.82,111.75,17.15,0.0
20140521,呼和浩特,40.82,111.75,18.22,0.0
20140522,呼和浩特,40.82,111.75,18.48,0.0
20140523,呼和浩特,40.82,111.75,15.15,6.75
20140524,呼和浩特,40.82,111.75,14.33,0.74
20140525,呼和浩特,40.82,111.75,10.86,0.0
20140526,呼和浩特,40.82,111.75,15.69,0.0
20140527,呼和浩特,40.82,111.75,14.86,0.0
20140528,呼和浩特,40.82,111.75,19.04,0.0
20140529,呼和浩特,40.82,111.75,22.64,0.0
20140530,呼和浩特,40.82,111.75,23.57,0.0
20140531,呼和浩特,40.82,111.75,18.75,0.0
20140601,呼和浩特,40.82,111.75,18.03,0.0
20140602,呼和浩特,40.82,111.75,19.77,0.0
20140603,呼和浩特,40.82,111.75,19.07,0.76
20140604,呼和浩特,40.82,111.75,15.57,9.47
20140605,呼和浩特,40.82,111.75,16.49,0.73
20140606,呼和浩特,40.82,111.75,12.68,15.46
20140607,呼和浩特,40.82,111.75,16.33,2.89
20140608,呼和浩特,40.82,111.75,15.01,0.27
20140609,呼和浩特,40.82,111.75,13.49,0.0
20140610,呼和浩特,40.82,111.75,15.21,0.01
20140611,呼和浩特,40.82,111.75,16.72,0.0
20140612,呼和浩特,40.82,111.75,18.19,0.0
20140613,呼和浩特,40.82,111.75,20.21,0.35
20140614,呼和浩特,40.82,111.75,20.78,0.42
20140615,呼和浩特,40.82,111.75,19.59,0.78
20140616,呼和浩特,40.82,111.75,19.06,0.0
20140617,呼和浩特,40.82,111.75,17.65,2.3
20140618,呼和浩特,40.82,111.75,16.9,0.0
20140619,呼和浩特,40.82,111.75,16.42,0.46
20140620,呼和浩特,40.82,111.75,16.9,1.14
20140621,呼和浩特,40.82,111.75,16.96,0.76
20140622,呼和浩特,40.82,111.75,16.64,0.55
20140623,呼和浩特,40.82,111.75,19.35,0.0
20140624,呼和浩特,40.82,111.75,18.85,0.68
20140625,呼和浩特,40.82,111.75,20.23,4.1
20140626,呼和浩特,40.82,111.75,19.47,0.0
20140627,呼和浩特,40.82,111.75,19.01,0.0
20140628,呼和浩特,40.82,111.75,21.07,0.0
20140629,呼和浩特,40.82,111.75,16.9,2.05
20140630,呼和浩特,40.82,111.75,16.75,10.29
20140701,呼和浩特,40.82,111.75,17.37,4.25
20140702,呼和浩特,40.82,111.75,20.08,14.25
20140703,呼和浩特,40.82,111.75,21.2,0.01
20140704,呼和浩特,40.82,111.75,22.38,0.0
20140705,呼和浩特,40.82,111.75,21.2,0.0
20140706,呼和浩特,40.82,111.75,23.36,2.7
20140707,呼和浩特,40.82,111.75,20.92,13.71
20140708,呼和浩特,40.82,111.75,18.42,0.08
20140709,呼和浩特,40.82,111.75,19.68,0.0
20140710,呼和浩特,40.82,111.75,18.95,16.13
20140711,呼和浩特,40.82,111.75,18.58,0.16
20140712,呼和浩特,40.82,111.75,18.67,0.08
20140713,呼和浩特,40.82,111.75,20.3,0.0
20140714,呼和浩特,40.82,111.75,20.43,0.66
20140715,呼和浩特,40.82,111.75,20.78,4.79
20140716,呼和浩特,40.82,111.75,21.99,0.8
20140717,呼和浩特,40.82,111.75,23.9,0.26
20140718,呼和浩特,40.82,111.75,24.75,0.0
20140719,呼和浩特,40.82,111.75,23.75,0.0
20140720,呼和浩特,40.82,111.75,22.06,8.88
20140721,呼和浩特,40.82,111.75,18.92,0.42
20140722,呼和浩特,40.82,111.75,18.2,1.13
20140723,呼和浩特,40.82,111.75,17.92,1.41
20140724,呼和浩特,40.82,111.75,21.42,0.21
20140725,呼和浩特,40.82,111.75,23.07,0.39
20140726,呼和浩特,40.82,111.75,23.36,0.02
20140727,呼和浩特,40.82,111.75,22.74,0.69
20140728,呼和浩特,40.82,111.75,23.36,1.12
20140729,呼和浩特,40.82,111.75,19.61,5.1
20140730,呼和浩特,40.82,111.75,22.5,0.0
20140731,呼和浩特,40.82,111.75,22.94,9.82
20140801,呼和浩特,40.82,111.75,23.6,0.02
20140802,呼和浩特,40.82,111.75,22.72,6.24
20140803,呼和浩特,40.82,111.75,19.3,4.88
20140804,呼和浩特,40.82,111.75,18.07,3.03
20140805,呼和浩特,40.82,111.75,18.86,0.0
20140806,呼和浩特,40.82,111.75,18.45,0.0
20140807,呼和浩特,40.82,111.75,19.45,0.0
20140808,呼和浩特,40.82,111.75,18.2,0.96
20140809,呼和浩特,40.82,111.75,16.54,4.24
20140810,呼和浩特,40.82,111.75,17.44,0.0
20140811,呼和浩特,40.82,111.75,18.78,0.13
20140812,呼和浩特,40.82,111.75,16.11,3.58
20140813,呼和浩特,40.82,111.75,16.68,0.5
20140814,呼和浩特,40.82,111.75,17.01,1.47
20140815,呼和浩特,40.82,111.75,17.33,4.78
20140816,呼和浩特,40.82,111.75,18.91,0.02
20140817,呼和浩特,40.82,111.75,19.87,0.48
20140818,呼和浩特,40.82,111.75,20.19,0.01
20140819,呼和浩特,40.82,111.75,21.39,0.0
20140820,呼和浩特,40.82,111.75,21.04,0.0
20140821,呼和浩特,40.82,111.75,21.36,0.38
20140822,呼和浩特,40.82,111.75,16.25,11.27
20140823,呼和浩特,40.82,111.75,16.42,0.0
20140824,呼和浩特,40.82,111.75,13.82,0.11
20140825,呼和浩特,40.82,111.75,16.18,0.0
20140826,呼和浩特,40.82,111.75,17.53,0.0
20140827,呼和浩特,40.82,111.75,16.11,0.87
20140828,呼和浩特,40.82,111.75,16.82,1.03
20140829,呼和浩特,40.82,111.75,19.22,0.0
20140830,呼和浩特,40.82,111.75,16.09,2.46
20140831,呼和浩特,40.82,111.75,19.05,1.41
20140901,呼和浩特,40.82,111.75,14.8,11.55
20140902,呼和浩特,40.82,111.75,14.59,0.09
20140903,呼和浩特,40.82,111.75,15.05,0.0
20140904,呼和浩特,40.82,111.75,16.9,0.0
20140905,呼和浩特,40.82,111.75,18.57,0.0
20140906,呼和浩特,40.82,111.75,14.83,4.23
20140907,呼和浩特,40.82,111.75,15.54,0.1
20140908,呼和浩特,40.82,111.75,14.09,0.0
20140909,呼和浩特,40.82,111.75,15.37,2.28
20140910,呼和浩特,40.82,111.75,16.98,0.05
20140911,呼和浩特,40.82,111.75,14.17,11.59
20140912,呼和浩特,40.82,111.75,15.26,0.33
20140913,呼和浩特,40.82,111.75,14.69,1.42
20140914,呼和浩特,40.82,111.75,10.87,0.0
20140915,呼和浩特,40.82,111.75,10.91,0.0
20140916,呼和浩特,40.82,111.75,9.69,2.59
20140917,呼和浩特,40.82,111.75,12.9,0.18
20140918,呼和浩特,40.82,111.75,12.1,14.33
20140919,呼和浩特,40.82,111.75,13.0,0.02
20140920,呼和浩特,40.82,111.75,13.9,0.0
20140921,呼和浩特,40.82,111.75,15.05,0.1
20140922,呼和浩特,40.82,111.75,11.22,7.32
20140923,呼和浩特,40.82,111.75,9.58,3.53
20140924,呼和浩特,40.82,111.75,10.52,0.0
20140925,呼和浩特,40.82,111.75,11.22,4.94
20140926,呼和浩特,40.82,111.75,10.64,3.08
20140927,呼和浩特,40.82,111.75,9.95,0.01
20140928,呼和浩特,40.82,111.75,12.63,4.24
20140929,呼和浩特,40.82,111.75,6.77,0.0
20140930,呼和浩特,40.82,111.75,9.56,1.73
20141001,呼和浩特,40.82,111.75,9.77,1.82
20141002,呼和浩特,40.82,111.75,7.6,0.12
20141003,呼和浩特,40.82,111.75,9.83,1.25
20141004,呼和浩特,40.82,111.75,6.93,0.06
20141005,呼和浩特,40.82,111.75,5.03,0.0
20141006,呼和浩特,40.82,111.75,7.34,0.0
20141007,呼和浩特,40.82,111.75,10.3,0.0
20141008,呼和浩特,40.82,111.75,11.33,0.0
20141009,呼和浩特,40.82,111.75,13.48,0.0
20141010,呼和浩特,40.82,111.75,11.96,3.05
20141011,呼和浩特,40.82,111.75,4.35,8.66
20141012,呼和浩特,40.82,111.75,0.79,0.0
20141013,呼和浩特,40.82,111.75,2.0,0.0
20141014,呼和浩特,40.82,111.75,3.85,0.0
20141015,呼和浩特,40.82,111.75,2.62,0.0
20141016,呼和浩特,40.82,111.75,3.85,0.0
20141017,呼和浩特,40.82,111.75,6.58,0.0
20141018,呼和浩特,40.82,111.75,7.45,0.05
20141019,呼和浩特,40.82,111.75,8.16,0.02
20141020,呼和浩特,40.82,111.75,8.44,0.0
20141021,呼和浩特,40.82,111.75,8.43,0.0
20141022,呼和浩特,40.82,111.75,7.67,0.0
20141023,呼和浩特,40.82,111.75,6.73,0.0
20141024,呼和浩特,40.82,111.75,8.4,0.0
20141025,呼和浩特,40.82,111.75,9.4,0.0
20141026,呼和浩特,40.82,111.75,3.05,0.0
20141027,呼和浩特,40.82,111.75,3.39,0.02
20141028,呼和浩特,40.82,111.75,5.0,0.98
20141029,呼和浩特,40.82,111.75,6.41,5.73
20141030,呼和浩特,40.82,111.75,6.36,3.01
20141031,呼和浩特,40.82,111.75,4.19,2.55
20140401,济南,36.67,116.98,15.45,0.0
20140402,济南,36.67,116.98,15.51,0.01
20140403,济南,36.67,116.98,11.86,0.01
20140404,济南,36.67,116.98,12.89,0.0
20140405,济南,36.67,116.98,10.36,0.0
20140406,济南,36.67,116.98,11.05,0.0
20140407,济南,36.67,116.98,14.19,0.0
20140408,济南,36.67,116.98,16.53,0.0
20140409,济南,36.67,116.98,18.97,0.0
20140410,济南,36.67,116.98,15.27,0.0
20140411,济南,36.67,116.98,13.4,5.14
20140412,济南,36.67,116.98,13.54,0.65
20140413,济南,36.67,116.98,16.53,0.0
20140414,济南,36.67,116.98,17.83,0.0
20140415,济南,36.67,116.98,17.83,0.12
20140416,济南,36.67,116.98,18.09,0.01
20140417,济南,36.67,116.98,16.11,3.97
20140418,济南,36.67,116.98,17.18,1.44
20140419,济南,36.67,116.98,14.22,0.89
20140420,济南,36.67,116.98,15.4,0.01
20140421,济南,36.67,116.98,16.55,2.5
20140422,济南,36.67,116.98,17.85,0.29
20140423,济南,36.67,116.98,17.34,0.0
20140424,济南,36.67,116.98,18.6,0.0
20140425,济南,36.67,116.98,17.82,18.82
20140426,济南,36.67,116.98,15.19,7.62
20140427,济南,36.67,116.98,13.91,1.08
20140428,济南,36.67,116.98,14.81,0.07
20140429,济南,36.67,116.98,17.74,0.0
20140430,济南,36.67,116.98,18.69,0.0
20140501,济南,36.67,116.98,21.9,0.0
20140502,济南,36.67,116.98,15.89,0.91
20140503,济南,36.67,116.98,16.95,0.0
20140504,济南,36.67,116.98,12.81,0.0
20140505,济南,36.67,116.98,14.42,0.0
20140506,济南,36.67,116.98,19.18,0.0
20140507,济南,36.67,116.98,19.86,0.02
20140508,济南,36.67,116.98,19.26,0.0
20140509,济南,36.67,116.98,20.74,0.0
20140510,济南,36.67,116.98,16.97,44.82
20140511,济南,36.67,116.98,14.43,9.26
20140512,济南,36.67,116.98,19.1,0.0
20140513,济南,36.67,116.98,20.48,0.0
20140514,济南,36.67,116.98,17.37,0.0
20140515,济南,36.67,116.98,19.08,0.0
20140516,济南,36.67,116.98,20.72,0.0
20140517,济南,36.67,116.98,21.87,0.0
20140518,济南,36.67,116.98,22.6,0.0
20140519,济南,36.67,116.98,21.26,0.01
20140520,济南,36.67,116.98,24.35,0.0
20140521,济南,36.67,116.98,25.48,0.0
20140522,济南,36.67,116.98,25.88,0.0
20140523,济南,36.67,116.98,26.19,0.03
20140524,济南,36.67,116.98,23.55,5.01
20140525,济南,36.67,116.98,23.62,0.02
20140526,济南,36.67,116.98,23.66,0.0
20140527,济南,36.67,116.98,25.27,0.0
20140528,济南,36.67,116.98,26.68,0.0
20140529,济南,36.67,116.98,29.3,0.0
20140530,济南,36.67,116.98,29.95,0.0
20140531,济南,36.67,116.98,28.53,1.44
20140601,济南,36.67,116.98,21.96,8.95
20140602,济南,36.67,116.98,19.75,0.35
20140603,济南,36.67,116.98,21.96,0.0
20140604,济南,36.67,116.98,23.82,0.0
20140605,济南,36.67,116.98,25.53,0.0
20140606,济南,36.67,116.98,26.98,8.7
20140607,济南,36.67,116.98,23.23,4.04
20140608,济南,36.67,116.98,25.08,0.01
20140609,济南,36.67,116.98,24.38,4.44
20140610,济南,36.67,116.98,25.36,0.74
20140611,济南,36.67,116.98,23.37,4.44
20140612,济南,36.67,116.98,25.63,0.0
20140613,济南,36.67,116.98,25.01,0.0
20140614,济南,36.67,116.98,26.29,0.01
20140615,济南,36.67,116.98,23.79,0.43
20140616,济南,36.67,116.98,22.25,2.77
20140617,济南,36.67,116.98,23.8,0.03
20140618,济南,36.67,116.98,25.54,2.7
20140619,济南,36.67,116.98,23.32,18.48
20140620,济南,36.67,116.98,21.98,20.69
20140621,济南,36.67,116.98,22.76,0.24
20140622,济南,36.67,116.98,24.45,2.63
20140623,济南,36.67,116.98,24.62,2.98
20140624,济南,36.67,116.98,26.86,0.17
20140625,济南,36.67,116.98,24.53,5.54
20140626,济南,36.67,116.98,26.19,0.01
20140627,济南,36.67,116.98,27.01,0.0
20140628,济南,36.67,116.98,27.74,0.0
20140629,济南,36.67,116.98,26.14,0.57
20140630,济南,36.67,116.98,25.46,1.22
20140701,济南,36.67,116.98,27.11,3.1
20140702,济南,36.67,116.98,24.68,16.81
20140703,济南,36.67,116.98,26.14,3.48
20140704,济南,36.67,116.98,26.37,6.2
20140705,济南,36.67,116.98,26.31,1.79
20140706,济南,36.67,116.98,27.23,0.0
20140707,济南,36.67,116.98,27.97,0.0
20140708,济南,36.67,116.98,28.71,0.85
20140709,济南,36.67,116.98,28.2,0.12
20140710,济南,36.67,116.98,25.17,0.57
20140711,济南,36.67,116.98,28.07,0.01
20140712,济南,36.67,116.98,26.74,3.96
20140713,济南,36.67,116.98,27.83,0.08
20140714,济南,36.67,116.98,28.15,12.21
20140715,济南,36.67,116.98,26.73,0.31
20140716,济南,36.67,116.98,28.84,0.04
20140717,济南,36.67,116.98,29.61,0.08
20140718,济南,36.67,116.98,29.97,0.01
20140719,济南,36.67,116.98,30.36,8.88
20140720,济南,36.67,116.98,31.2,2.28
20140721,济南,36.67,116.98,32.57,3.39
20140722,济南,36.67,116.98,28.95,9.58
20140723,济南,36.67,116.98,26.7,1.21
20140724,济南,36.67,116.98,25.75,3.03
20140725,济南,36.67,116.98,23.16,1.61
20140726,济南,36.67,116.98,25.67,0.0
20140727,济南,36.67,116.98,27.46,0.0
20140728,济南,36.67,116.98,27.57,0.0
20140729,济南,36.67,116.98,28.0,1.05
20140730,济南,36.67,116.98,26.74,12.54
20140731,济南,36.67,116.98,27.33,2.57
20140801,济南,36.67,116.98,28.63,2.27
20140802,济南,36.67,116.98,29.8,0.0
20140803,济南,36.67,116.98,30.85,0.0
20140804,济南,36.67,116.98,31.06,0.33
20140805,济南,36.67,116.98,24.75,16.4
20140806,济南,36.67,116.98,24.5,1.25
20140807,济南,36.67,116.98,23.97,5.01
20140808,济南,36.67,116.98,24.44,2.47
20140809,济南,36.67,116.98,23.48,1.57
20140810,济南,36.67,116.98,24.79,0.0
20140811,济南,36.67,116.98,27.13,0.97
20140812,济南,36.67,116.98,27.02,0.53
20140813,济南,36.67,116.98,24.37,20.01
20140814,济南,36.67,116.98,24.27,0.77
20140815,济南,36.67,116.98,25.23,0.0
20140816,济南,36.67,116.98,25.98,3.88
20140817,济南,36.67,116.98,22.73,9.68
20140818,济南,36.67,116.98,21.22,10.63
20140819,济南,36.67,116.98,24.0,0.04
20140820,济南,36.67,116.98,25.05,0.0
20140821,济南,36.67,116.98,25.75,0.02
20140822,济南,36.67,116.98,26.28,0.0
20140823,济南,36.67,116.98,26.4,2.36
20140824,济南,36.67,116.98,25.28,1.43
20140825,济南,36.67,116.98,25.53,0.0
20140826,济南,36.67,116.98,25.57,0.0
20140827,济南,36.67,116.98,23.95,12.84
20140828,济南,36.67,116.98,24.44,1.92
20140829,济南,36.67,116.98,24.56,0.0
20140830,济南,36.67,116.98,23.7,3.58
20140831,济南,36.67,116.98,23.83,0.92
20140901,济南,36.67,116.98,24.59,0.17
20140902,济南,36.67,116.98,22.67,9.88
20140903,济南,36.67,116.98,21.07,7.88
20140904,济南,36.67,116.98,21.67,0.0
20140905,济南,36.67,116.98,23.5,0.0
20140906,济南,36.67,116.98,23.67,0.0
20140907,济南,36.67,116.98,23.3,0.15
20140908,济南,36.67,116.98,24.33,0.29
20140909,济南,36.67,116.98,24.61,1.81
20140910,济南,36.67,116.98,24.8,0.01
20140911,济南,36.67,116.98,22.23,2.62
20140912,济南,36.67,116.98,18.93,5.13
20140913,济南,36.67,116.98,21.38,0.04
20140914,济南,36.67,116.98,20.35,20.4
20140915,济南,36.67,116.98,18.47,7.53
20140916,济南,36.67,116.98,16.1,18.45
20140917,济南,36.67,116.98,15.48,17.08
20140918,济南,36.67,116.98,16.47,0.51
20140919,济南,36.67,116.98,17.67,0.0
20140920,济南,36.67,116.98,20.21,0.0
20140921,济南,36.67,116.98,22.22,0.0
20140922,济南,36.67,116.98,22.33,0.0
20140923,济南,36.67,116.98,21.83,0.01
20140924,济南,36.67,116.98,20.13,0.9
20140925,济南,36.67,116.98,20.5,0.16
20140926,济南,36.67,116.98,21.75,0.28
20140927,济南,36.67,116.98,22.97,1.18
20140928,济南,36.67,116.98,19.41,20.15
20140929,济南,36.67,116.98,18.25,0.94
20140930,济南,36.67,116.98,14.28,0.0
20141001,济南,36.67,116.98,16.18,0.69
20141002,济南,36.67,116.98,16.61,0.0
20141003,济南,36.67,116.98,17.62,0.0
20141004,济南,36.67,116.98,16.94,0.19
20141005,济南,36.67,116.98,15.3,0.01
20141006,济南,36.67,116.98,13.84,0.0
20141007,济南,36.67,116.98,15.3,0.0
20141008,济南,36.67,116.98,17.12,0.0
20141009,济南,36.67,116.98,17.47,0.0
20141010,济南,36.67,116.98,17.7,0.0
20141011,济南,36.67,116.98,17.92,0.0
20141012,济南,36.67,116.98,13.44,0.0
20141013,济南,36.67,116.98,10.58,0.0
20141014,济南,36.67,116.98,12.36,0.0
20141015,济南,36.67,116.98,13.94,0.0
20141016,济南,36.67,116.98,13.57,0.0
20141017,济南,36.67,116.98,15.78,0.0
20141018,济南,36.67,116.98,17.18,0.0
20141019,济南,36.67,116.98,15.11,4.32
20141020,济南,36.67,116.98,15.13,1.43
20141021,济南,36.67,116.98,12.74,1.13
20141022,济南,36.67,116.98,12.68,0.0
20141023,济南,36.67,116.98,16.35,0.21
20141024,济南,36.67,116.98,17.96,0.0
20141025,济南,36.67,116.98,18.4,0.0
20141026,济南,36.67,116.98,14.82,0.0
20141027,济南,36.67,116.98,9.71,0.0
20141028,济南,36.67,116.98,10.56,0.0
20141029,济南,36.67,116.98,13.87,0.08
20141030,济南,36.67,116.98,13.95,2.33
20141031,济南,36.67,116.98,14.11,0.53
20140401,郑州,34.76,113.65,18.24,0.0
20140402,郑州,34.76,113.65,18.15,0.44
20140403,郑州,34.76,113.65,15.07,0.77
20140404,郑州,34.76,113.65,17.18,0.16
20140405,郑州,34.76,113.65,14.9,0.0
20140406,郑州,34.76,113.65,12.86,0.0
20140407,郑州,34.76,113.65,15.91,0.0
20140408,郑州,34.76,113.65,18.57,0.0
20140409,郑州,34.76,113.65,20.89,0.0
20140410,郑州,34.76,113.65,19.24,0.04
20140411,郑州,34.76,113.65,13.43,12.02
20140412,郑州,34.76,113.65,14.82,0.0
20140413,郑州,34.76,113.65,17.48,0.0
20140414,郑州,34.76,113.65,18.47,0.0
20140415,郑州,34.76,113.65,15.71,16.4
20140416,郑州,34.76,113.65,16.68,1.04
20140417,郑州,34.76,113.65,18.91,0.02
20140418,郑州,34.76,113.65,16.12,19.25
20140419,郑州,34.76,113.65,15.62,0.36
20140420,郑州,34.76,113.65,15.8,1.81
20140421,郑州,34.76,113.65,17.07,1.64
20140422,郑州,34.76,113.65,18.83,0.0
20140423,郑州,34.76,113.65,16.69,0.0
20140424,郑州,34.76,113.65,19.15,0.43
20140425,郑州,34.76,113.65,16.47,12.64
20140426,郑州,34.76,113.65,15.54,0.07
20140427,郑州,34.76,113.65,17.75,0.0
20140428,郑州,34.76,113.65,17.79,0.0
20140429,郑州,34.76,113.65,19.5,0.0
20140430,郑州,34.76,113.65,21.88,0.0
20140501,郑州,34.76,113.65,23.02,1.62
20140502,郑州,34.76,113.65,18.21,1.21
20140503,郑州,34.76,113.65,18.49,0.0
20140504,郑州,34.76,113.65,17.57,0.0
20140505,郑州,34.76,113.65,17.61,0.0
20140506,郑州,34.76,113.65,21.42,0.0
20140507,郑州,34.76,113.65,24.61,0.0
20140508,郑州,34.76,113.65,22.09,0.39
20140509,郑州,34.76,113.65,23.59,0.0
20140510,郑州,34.76,113.65,16.69,22.33
20140511,郑州,34.76,113.65,19.04,0.0
20140512,郑州,34.76,113.65,22.42,0.0
20140513,郑州,34.76,113.65,22.37,0.41
20140514,郑州,34.76,113.65,20.7,0.0
20140515,郑州,34.76,113.65,20.73,0.0
20140516,郑州,34.76,113.65,20.87,0.01
20140517,郑州,34.76,113.65,21.52,0.0
20140518,郑州,34.76,113.65,24.25,0.0
20140519,郑州,34.76,113.65,24.72,0.01
20140520,郑州,34.76,113.65,26.8,0.0
20140521,郑州,34.76,113.65,26.31,0.0
20140522,郑州,34.76,113.65,27.33,0.0
20140523,郑州,34.76,113.65,25.55,6.29
20140524,郑州,34.76,113.65,26.19,19.79
20140525,郑州,34.76,113.65,26.18,0.0
20140526,郑州,34.76,113.65,25.91,0.0
20140527,郑州,34.76,113.65,27.71,0.0
20140528,郑州,34.76,113.65,28.72,0.0
20140529,郑州,34.76,113.65,31.06,0.0
20140530,郑州,34.76,113.65,29.16,0.0
20140531,郑州,34.76,113.65,26.5,4.1
20140601,郑州,34.76,113.65,26.12,1.19
20140602,郑州,34.76,113.65,24.35,0.1
20140603,郑州,34.76,113.65,24.87,0.0
20140604,郑州,34.76,113.65,27.13,0.0
20140605,郑州,34.76,113.65,28.14,0.0
20140606,郑州,34.76,113.65,29.48,0.76
20140607,郑州,34.76,113.65,27.01,0.0
20140608,郑州,34.76,113.65,29.03,0.0
20140609,郑州,34.76,113.65,28.87,0.0
20140610,郑州,34.76,113.65,27.98,0.04
20140611,郑州,34.76,113.65,27.25,0.0
20140612,郑州,34.76,113.65,28.01,0.01
20140613,郑州,34.76,113.65,28.65,0.23
20140614,郑州,34.76,113.65,26.46,0.03
20140615,郑州,34.76,113.65,23.62,0.39
20140616,郑州,34.76,113.65,25.66,0.14
20140617,郑州,34.76,113.65,28.12,0.48
20140618,郑州,34.76,113.65,28.81,7.16
20140619,郑州,34.76,113.65,25.73,17.3
20140620,郑州,34.76,113.65,23.01,1.79
20140621,郑州,34.76,113.65,26.22,0.0
20140622,郑州,34.76,113.65,28.15,0.46
20140623,郑州,34.76,113.65,27.32,0.02
20140624,郑州,34.76,113.65,29.1,0.55
20140625,郑州,34.76,113.65,25.82,1.33
20140626,郑州,34.76,113.65,27.12,0.0
20140627,郑州,34.76,113.65,29.97,0.88
20140628,郑州,34.76,113.65,29.62,3.78
20140629,郑州,34.76,113.65,26.65,2.74
20140630,郑州,34.76,113.65,29.09,0.24
20140701,郑州,34.76,113.65,28.99,0.39
20140702,郑州,34.76,113.65,29.58,0.0
20140703,郑州,34.76,113.65,29.17,8.78
20140704,郑州,34.76,113.65,28.4,7.68
20140705,郑州,34.76,113.65,28.27,0.16
20140706,郑州,34.76,113.65,30.24,0.0
20140707,郑州,34.76,113.65,30.77,0.0
20140708,郑州,34.76,113.65,31.03,0.04
20140709,郑州,34.76,113.65,29.34,1.42
20140710,郑州,34.76,113.65,25.59,5.9
20140711,郑州,34.76,113.65,30.72,0.07
20140712,郑州,34.76,113.65,28.58,0.98
20140713,郑州,34.76,113.65,31.1,0.0
20140714,郑州,34.76,113.65,31.66,0.33
20140715,郑州,34.76,113.65,30.81,0.12
20140716,郑州,34.76,113.65,31.81,0.0
20140717,郑州,34.76,113.65,32.25,0.01
20140718,郑州,34.76,113.65,31.37,0.19
20140719,郑州,34.76,113.65,29.39,1.27
20140720,郑州,34.76,113.65,32.58,0.3
20140721,郑州,34.76,113.65,35.91,2.55
20140722,郑州,34.76,113.65,32.32,3.09
20140723,郑州,34.76,113.65,28.74,0.66
20140724,郑州,34.76,113.65,29.87,0.01
20140725,郑州,34.76,113.65,28.71,0.0
20140726,郑州,34.76,113.65,29.51,0.0
20140727,郑州,34.76,113.65,29.24,0.0
20140728,郑州,34.76,113.65,30.73,0.0
20140729,郑州,34.76,113.65,29.61,20.05
20140730,郑州,34.76,113.65,29.82,4.16
20140731,郑州,34.76,113.65,29.49,0.01
20140801,郑州,34.76,113.65,30.2,0.08
20140802,郑州,34.76,113.65,31.42,0.07
20140803,郑州,34.76,113.65,32.75,0.0
20140804,郑州,34.76,113.65,33.91,1.38
20140805,郑州,34.76,113.65,28.26,0.39
20140806,郑州,34.76,113.65,25.89,8.34
20140807,郑州,34.76,113.65,21.86,13.14
20140808,郑州,34.76,113.65,24.07,6.79
20140809,郑州,34.76,113.65,22.13,8.96
20140810,郑州,34.76,113.65,25.9,0.0
20140811,郑州,34.76,113.65,28.47,0.63
20140812,郑州,34.76,113.65,27.95,0.71
20140813,郑州,34.76,113.65,27.25,2.38
20140814,郑州,34.76,113.65,26.64,0.02
20140815,郑州,34.76,113.65,28.74,0.0
20140816,郑州,34.76,113.65,28.19,1.35
20140817,郑州,34.76,113.65,26.53,2.51
20140818,郑州,34.76,113.65,24.9,1.42
20140819,郑州,34.76,113.65,26.61,0.0
20140820,郑州,34.76,113.65,27.26,0.0
20140821,郑州,34.76,113.65,28.55,0.0
20140822,郑州,34.76,113.65,29.33,0.0
20140823,郑州,34.76,113.65,27.75,0.66
20140824,郑州,34.76,113.65,27.8,0.0
20140825,郑州,34.76,113.65,28.97,0.02
20140826,郑州,34.76,113.65,28.2,1.6
20140827,郑州,34.76,113.65,26.26,1.63
20140828,郑州,34.76,113.65,25.2,0.0
20140829,郑州,34.76,113.65,25.63,0.0
20140830,郑州,34.76,113.65,22.38,24.73
20140831,郑州,34.76,113.65,24.72,0.72
20140901,郑州,34.76,113.65,24.64,2.93
20140902,郑州,34.76,113.65,25.04,2.57
20140903,郑州,34.76,113.65,23.96,0.01
20140904,郑州,34.76,113.65,25.18,0.0
20140905,郑州,34.76,113.65,25.64,0.0
20140906,郑州,34.76,113.65,25.61,0.01
20140907,郑州,34.76,113.65,24.16,2.81
20140908,郑州,34.76,113.65,25.05,3.59
20140909,郑州,34.76,113.65,23.68,2.07
20140910,郑州,34.76,113.65,25.16,0.36
20140911,郑州,34.76,113.65,21.02,21.04
20140912,郑州,34.76,113.65,18.28,6.1
20140913,郑州,34.76,113.65,21.03,0.54
20140914,郑州,34.76,113.65,19.47,44.15
20140915,郑州,34.76,113.65,16.13,20.12
20140916,郑州,34.76,113.65,16.28,53.17
20140917,郑州,34.76,113.65,16.46,22.94
20140918,郑州,34.76,113.65,17.04,3.09
20140919,郑州,34.76,113.65,19.4,0.0
20140920,郑州,34.76,113.65,21.44,0.0
20140921,郑州,34.76,113.65,22.2,0.0
20140922,郑州,34.76,113.65,21.83,0.0
20140923,郑州,34.76,113.65,21.59,0.0
20140924,郑州,34.76,113.65,20.65,0.0
20140925,郑州,34.76,113.65,21.39,0.06
20140926,郑州,34.76,113.65,23.47,0.0
20140927,郑州,34.76,113.65,22.76,14.02
20140928,郑州,34.76,113.65,18.84,31.41
20140929,郑州,34.76,113.65,20.34,0.0
20140930,郑州,34.76,113.65,16.8,0.01
20141001,郑州,34.76,113.65,15.72,2.54
20141002,郑州,34.76,113.65,19.41,0.0
20141003,郑州,34.76,113.65,19.45,0.0
20141004,郑州,34.76,113.65,19.78,0.0
20141005,郑州,34.76,113.65,17.78,0.0
20141006,郑州,34.76,113.65,15.73,0.0
20141007,郑州,34.76,113.65,16.74,0.0
20141008,郑州,34.76,113.65,18.07,0.0
20141009,郑州,34.76,113.65,19.2,0.0
20141010,郑州,34.76,113.65,17.77,0.0
20141011,郑州,34.76,113.65,18.14,0.0
20141012,郑州,34.76,113.65,14.72,0.0
20141013,郑州,34.76,113.65,12.94,0.0
20141014,郑州,34.76,113.65,14.05,0.0
20141015,郑州,34.76,113.65,16.46,0.0
20141016,郑州,34.76,113.65,15.67,0.0
20141017,郑州,34.76,113.65,17.07,0.0
20141018,郑州,34.76,113.65,18.14,1.02
20141019,郑州,34.76,113.65,17.35,4.11
20141020,郑州,34.76,113.65,15.79,10.44
20141021,郑州,34.76,113.65,15.95,0.7
20141022,郑州,34.76,113.65,16.25,0.0
20141023,郑州,34.76,113.65,18.0,0.0
20141024,郑州,34.76,113.65,18.08,0.0
20141025,郑州,34.76,113.65,18.44,0.0
20141026,郑州,34.76,113.65,17.5,0.0
20141027,郑州,34.76,113.65,12.24,0.0
20141028,郑州,34.76,113.65,11.41,0.33
20141029,郑州,34.76,113.65,12.69,0.21
20141030,郑州,34.76,113.65,14.63,0.15
20141031,郑州,34.76,113.65,15.27,0.25
20150401,哈尔滨,45.75,126.63,3.67,0.0
20150402,哈尔滨,45.75,126.63,1.48,3.13
20150403,哈尔滨,45.75,126.63,3.8,0.79
20150404,哈尔滨,45.75,126.63,-0.29,1.24
20150405,哈尔滨,45.75,126.63,0.04,3.03
20150406,哈尔滨,45.75,126.63,-3.76,0.2
20150407,哈尔滨,45.75,126.63,-1.97,0.0
20150408,哈尔滨,45.75,126.63,1.85,0.0
20150409,哈尔滨,45.75,126.63,2.28,0.65
20150410,哈尔滨,45.75,126.63,1.2,0.0
20150411,哈尔滨,45.75,126.63,0.91,0.26
20150412,哈尔滨,45.75,126.63,2.12,0.0
20150413,哈尔滨,45.75,126.63,6.45,0.0
20150414,哈尔滨,45.75,126.63,8.68,0.0
20150415,哈尔滨,45.75,126.63,12.18,0.0
20150416,哈尔滨,45.75,126.63,7.67,0.73
20150417,哈尔滨,45.75,126.63,5.83,0.0
20150418,哈尔滨,45.75,126.63,6.6,0.0
20150419,哈尔滨,45.75,126.63,7.83,0.03
20150420,哈尔滨,45.75,126.63,6.65,0.0
20150421,哈尔滨,45.75,126.63,6.07,0.0
20150422,哈尔滨,45.75,126.63,10.46,0.0
20150423,哈尔滨,45.75,126.63,10.17,0.8
20150424,哈尔滨,45.75,126.63,8.42,0.11
20150425,哈尔滨,45.75,126.63,14.45,0.0
20150426,哈尔滨,45.75,126.63,19.49,0.0
20150427,哈尔滨,45.75,126.63,16.55,4.18
20150428,哈尔滨,45.75,126.63,16.12,1.34
20150429,哈尔滨,45.75,126.63,19.26,0.0
20150430,哈尔滨,45.75,126.63,16.08,0.0
20150501,哈尔滨,45.75,126.63,17.2,0.56
20150502,哈尔滨,45.75,126.63,11.67,0.11
20150503,哈尔滨,45.75,126.63,13.35,0.07
20150504,哈尔滨,45.75,126.63,8.75,0.01
20150505,哈尔滨,45.75,126.63,10.2,2.32
20150506,哈尔滨,45.75,126.63,6.18,2.98
20150507,哈尔滨,45.75,126.63,7.7,3.4
20150508,哈尔滨,45.75,126.63,5.83,3.94
20150509,哈尔滨,45.75,126.63,8.12,0.2
20150510,哈尔滨,45.75,126.63,12.39,0.0
20150511,哈尔滨,45.75,126.63,9.96,6.11
20150512,哈尔滨,45.75,126.63,9.55,19.07
20150513,哈尔滨,45.75,126.63,10.43,1.36
20150514,哈尔滨,45.75,126.63,11.55,1.43
20150515,哈尔滨,45.75,126.63,10.07,0.0
20150516,哈尔滨,45.75,126.63,8.11,0.21
20150517,哈尔滨,45.75,126.63,12.84,1.33
20150518,哈尔滨,45.75,126.63,11.06,10.86
20150519,哈尔滨,45.75,126.63,11.5,2.1
20150520,哈尔滨,45.75,126.63,15.75,0.09
20150521,哈尔滨,45.75,126.63,16.69,0.01
20150522,哈尔滨,45.75,126.63,17.4,0.0
20150523,哈尔滨,45.75,126.63,19.75,0.0
20150524,哈尔滨,45.75,126.63,22.09,0.0
20150525,哈尔滨,45.75,126.63,17.49,3.69
20150526,哈尔滨,45.75,126.63,16.86,0.16
20150527,哈尔滨,45.75,126.63,19.76,0.1
20150528,哈尔滨,45.75,126.63,19.15,20.63
20150529,哈尔滨,45.75,126.63,18.74,1.38
20150530,哈尔滨,45.75,126.63,15.5,0.03
20150531,哈尔滨,45.75,126.63,18.13,13.39
20150601,哈尔滨,45.75,126.63,17.35,0.33
20150602,哈尔滨,45.75,126.63,13.57,8.28
20150603,哈尔滨,45.75,126.63,16.7,0.22
20150604,哈尔滨,45.75,126.63,19.7,0.01
20150605,哈尔滨,45.75,126.63,15.82,0.55
20150606,哈尔滨,45.75,126.63,15.27,3.85
20150607,哈尔滨,45.75,126.63,15.49,14.61
20150608,哈尔滨,45.75,126.63,16.93,1.41
20150609,哈尔滨,45.75,126.63,17.33,1.13
20150610,哈尔滨,45.75,126.63,20.54,0.3
20150611,哈尔滨,45.75,126.63,20.64,18.66
20150612,哈尔滨,45.75,126.63,18.31,1.07
20150613,哈尔滨,45.75,126.63,20.45,0.65
20150614,哈尔滨,45.75,126.63,22.06,0.35
20150615,哈尔滨,45.75,126.63,24.25,0.07
20150616,哈尔滨,45.75,126.63,25.27,0.0
20150617,哈尔滨,45.75,126.63,25.9,3.38
20150618,哈尔滨,45.75,126.63,24.59,0.71
20150619,哈尔滨,45.75,126.63,23.56,0.44
20150620,哈尔滨,45.75,126.63,24.89,0.0
20150621,哈尔滨,45.75,126.63,26.11,0.01
20150622,哈尔滨,45.75,126.63,26.95,1.95
20150623,哈尔滨,45.75,126.63,26.1,0.3
20150624,哈尔滨,45.75,126.63,26.03,0.39
20150625,哈尔滨,45.75,126.63,22.89,3.6
20150626,哈尔滨,45.75,126.63,23.81,0.95
20150627,哈尔滨,45.75,126.63,24.8,0.99
20150628,哈尔滨,45.75,126.63,24.66,6.81
20150629,哈尔滨,45.75,126.63,18.34,9.14
20150630,哈尔滨,45.75,126.63,20.06,0.39
20150701,哈尔滨,45.75,126.63,18.15,3.01
20150702,哈尔滨,45.75,126.63,16.73,2.8
20150703,哈尔滨,45.75,126.63,19.76,0.31
20150704,哈尔滨,45.75,126.63,22.07,0.02
20150705,哈尔滨,45.75,126.63,22.98,0.02
20150706,哈尔滨,45.75,126.63,24.36,0.04
20150707,哈尔滨,45.75,126.63,25.11,0.01
20150708,哈尔滨,45.75,126.63,25.05,0.09
20150709,哈尔滨,45.75,126.63,26.33,0.0
20150710,哈尔滨,45.75,126.63,29.1,0.0
20150711,哈尔滨,45.75,126.63,26.46,9.97
20150712,哈尔滨,45.75,126.63,24.48,1.99
20150713,哈尔滨,45.75,126.63,23.33,1.49
20150714,哈尔滨,45.75,126.63,22.0,0.85
20150715,哈尔滨,45.75,126.63,21.36,0.03
20150716,哈尔滨,45.75,126.63,21.63,0.0
20150717,哈尔滨,45.75,126.63,20.8,0.0
20150718,哈尔滨,45.75,126.63,23.95,0.0
20150719,哈尔滨,45.75,126.63,25.67,0.0
20150720,哈尔滨,45.75,126.63,26.74,0.6
20150721,哈尔滨,45.75,126.63,23.73,13.24
20150722,哈尔滨,45.75,126.63,25.25,7.29
20150723,哈尔滨,45.75,126.63,25.31,2.18
20150724,哈尔滨,45.75,126.63,23.84,5.62
20150725,哈尔滨,45.75,126.63,24.84,6.95
20150726,哈尔滨,45.75,126.63,25.1,5.38
20150727,哈尔滨,45.75,126.63,22.94,0.02
20150728,哈尔滨,45.75,126.63,22.52,0.0
20150729,哈尔滨,45.75,126.63,23.57,0.82
20150730,哈尔滨,45.75,126.63,23.36,0.01
20150731,哈尔滨,45.75,126.63,24.96,0.0
20150801,哈尔滨,45.75,126.63,25.73,0.0
20150802,哈尔滨,45.75,126.63,24.57,10.79
20150803,哈尔滨,45.75,126.63,25.22,2.65
20150804,哈尔滨,45.75,126.63,25.56,0.0
20150805,哈尔滨,45.75,126.63,25.99,0.01
20150806,哈尔滨,45.75,126.63,26.33,0.59
20150807,哈尔滨,45.75,126.63,24.78,0.66
20150808,哈尔滨,45.75,126.63,24.35,11.92
20150809,哈尔滨,45.75,126.63,22.23,13.0
20150810,哈尔滨,45.75,126.63,21.75,1.16
20150811,哈尔滨,45.75,126.63,22.99,5.56
20150812,哈尔滨,45.75,126.63,23.9,0.99
20150813,哈尔滨,45.75,126.63,24.87,0.0
20150814,哈尔滨,45.75,126.63,25.32,0.0
20150815,哈尔滨,45.75,126.63,22.74,10.77
20150816,哈尔滨,45.75,126.63,22.44,7.31
20150817,哈尔滨,45.75,126.63,22.53,11.47
20150818,哈尔滨,45.75,126.63,22.37,3.29
20150819,哈尔滨,45.75,126.63,20.9,6.97
20150820,哈尔滨,45.75,126.63,19.24,2.73
20150821,哈尔滨,45.75,126.63,19.5,4.88
20150822,哈尔滨,45.75,126.63,19.24,1.88
20150823,哈尔滨,45.75,126.63,20.03,3.08
20150824,哈尔滨,45.75,126.63,20.8,0.63
20150825,哈尔滨,45.75,126.63,21.14,0.02
20150826,哈尔滨,45.75,126.63,19.77,0.01
20150827,哈尔滨,45.75,126.63,17.94,10.93
20150828,哈尔滨,45.75,126.63,17.56,2.87
20150829,哈尔滨,45.75,126.63,18.57,4.1
20150830,哈尔滨,45.75,126.63,19.49,2.83
20150831,哈尔滨,45.75,126.63,20.22,1.11
20150901,哈尔滨,45.75,126.63,21.05,0.13
20150902,哈尔滨,45.75,126.63,20.42,1.34
20150903,哈尔滨,45.75,126.63,18.03,0.04
20150904,哈尔滨,45.75,126.63,15.58,0.0
20150905,哈尔滨,45.75,126.63,15.03,0.0
20150906,哈尔滨,45.75,126.63,16.43,0.0
20150907,哈尔滨,45.75,126.63,16.55,0.55
20150908,哈尔滨,45.75,126.63,19.39,0.39
20150909,哈尔滨,45.75,126.63,15.77,1.83
20150910,哈尔滨,45.75,126.63,14.32,0.0
20150911,哈尔滨,45.75,126.63,14.36,0.0
20150912,哈尔滨,45.75,126.63,12.08,0.03
20150913,哈尔滨,45.75,126.63,13.86,0.0
20150914,哈尔滨,45.75,126.63,18.33,0.0
20150915,哈尔滨,45.75,126.63,20.39,0.01
20150916,哈尔滨,45.75,126.63,21.18,0.0
20150917,哈尔滨,45.75,126.63,21.16,0.0
20150918,哈尔滨,45.75,126.63,20.73,0.04
20150919,哈尔滨,45.75,126.63,16.49,2.86
20150920,哈尔滨,45.75,126.63,15.6,0.18
20150921,哈尔滨,45.75,126.63,17.15,0.07
20150922,哈尔滨,45.75,126.63,18.98,6.58
20150923,哈尔滨,45.75,126.63,11.46,3.92
20150924,哈尔滨,45.75,126.63,11.51,0.26
20150925,哈尔滨,45.75,126.63,11.82,7.65
20150926,哈尔滨,45.75,126.63,10.66,0.7
20150927,哈尔滨,45.75,126.63,10.13,0.02
20150928,哈尔滨,45.75,126.63,9.84,0.01
20150929,哈尔滨,45.75,126.63,9.69,0.0
20150930,哈尔滨,45.75,126.63,12.27,0.14
20151001,哈尔滨,45.75,126.63,7.73,11.65
20151002,哈尔滨,45.75,126.63,6.42,0.93
20151003,哈尔滨,45.75,126.63,5.6,0.01
20151004,哈尔滨,45.75,126.63,7.66,0.0
20151005,哈尔滨,45.75,126.63,11.9,0.02
20151006,哈尔滨,45.75,126.63,14.89,0.06
20151007,哈尔滨,45.75,126.63,16.25,0.02
20151008,哈尔滨,45.75,126.63,10.72,3.01
20151009,哈尔滨,45.75,126.63,6.61,0.4
20151010,哈尔滨,45.75,126.63,5.53,4.67
20151011,哈尔滨,45.75,126.63,5.26,4.18
20151012,哈尔滨,45.75,126.63,3.85,0.02
20151013,哈尔滨,45.75,126.63,2.0,0.0
20151014,哈尔滨,45.75,126.63,7.0,0.0
20151015,哈尔滨,45.75,126.63,9.81,0.0
20151016,哈尔滨,45.75,126.63,13.24,0.02
20151017,哈尔滨,45.75,126.63,9.54,1.82
20151018,哈尔滨,45.75,126.63,3.43,0.0
20151019,哈尔滨,45.75,126.63,3.55,0.02
20151020,哈尔滨,45.75,126.63,1.12,0.0
20151021,哈尔滨,45.75,126.63,2.11,0.0
20151022,哈尔滨,45.75,126.63,5.08,0.0
20151023,哈尔滨,45.75,126.63,7.29,0.0
20151024,哈尔滨,45.75,126.63,-0.68,0.0
20151025,哈尔滨,45.75,126.63,-0.26,0.0
20151026,哈尔滨,45.75,126.63,3.69,4.13
20151027,哈尔滨,45.75,126.63,-0.38,0.01
20151028,哈尔滨,45.75,126.63,-2.77,0.01
20151029,哈尔滨,45.75,126.63,-3.37,0.0
20151030,哈尔滨,45.75,126.63,-2.46,0.0
20151031,哈尔滨,45.75,126.63,-1.3,0.0
20150401,长春,43.82,125.32,3.95,0.06
20150402,长春,43.82,125.32,2.66,17.16
20150403,长春,43.82,125.32,4.35,1.39
20150404,长春,43.82,125.32,5.05,0.23
20150405,长春,43.82,125.32,2.35,0.96
20150406,长春,43.82,125.32,-2.55,0.02
20150407,长春,43.82,125.32,-1.84,0.0
20150408,长春,43.82,125.32,3.19,0.0
20150409,长春,43.82,125.32,5.51,1.54
20150410,长春,43.82,125.32,4.46,0.79
20150411,长春,43.82,125.32,3.9,0.53
20150412,长春,43.82,125.32,2.66,0.0
20150413,长春,43.82,125.32,6.11,0.0
20150414,长春,43.82,125.32,9.88,0.0
20150415,长春,43.82,125.32,13.76,0.03
20150416,长春,43.82,125.32,8.04,0.8
20150417,长春,43.82,125.32,7.41,0.0
20150418,长春,43.82,125.32,9.1,0.0
20150419,长春,43.82,125.32,9.15,0.01
20150420,长春,43.82,125.32,7.18,0.0
20150421,长春,43.82,125.32,7.91,0.0
20150422,长春,43.82,125.32,10.55,0.0
20150423,长春,43.82,125.32,11.81,0.14
20150424,长春,43.82,125.32,9.71,0.28
20150425,长春,43.82,125.32,15.12,0.0
20150426,长春,43.82,125.32,20.23,0.0
20150427,长春,43.82,125.32,21.05,0.0
20150428,长春,43.82,125.32,18.69,0.0
20150429,长春,43.82,125.32,20.02,0.0
20150430,长春,43.82,125.32,18.91,0.0
20150501,长春,43.82,125.32,20.4,0.01
20150502,长春,43.82,125.32,12.31,3.69
20150503,长春,43.82,125.32,13.8,0.17
20150504,长春,43.82,125.32,10.47,0.0
20150505,长春,43.82,125.32,11.49,0.3
20150506,长春,43.82,125.32,8.8,0.0
20150507,长春,43.82,125.32,9.97,1.26
20150508,长春,43.82,125.32,8.01,0.11
20150509,长春,43.82,125.32,7.11,0.12
20150510,长春,43.82,125.32,12.26,0.0
20150511,长春,43.82,125.32,12.31,5.56
20150512,长春,43.82,125.32,9.76,26.62
20150513,长春,43.82,125.32,12.35,7.75
20150514,长春,43.82,125.32,13.33,5.43
20150515,长春,43.82,125.32,12.38,0.0
20150516,长春,43.82,125.32,13.25,0.0
20150517,长春,43.82,125.32,12.45,33.2
20150518,长春,43.82,125.32,11.93,5.49
20150519,长春,43.82,125.32,10.42,2.64
20150520,长春,43.82,125.32,13.94,0.71
20150521,长春,43.82,125.32,16.68,0.0
20150522,长春,43.82,125.32,18.69,0.0
20150523,长春,43.82,125.32,19.86,0.0
20150524,长春,43.82,125.32,21.83,0.0
20150525,长春,43.82,125.32,22.43,0.45
20150526,长春,43.82,125.32,17.43,4.02
20150527,长春,43.82,125.32,21.43,0.1
20150528,长春,43.82,125.32,21.12,2.62
20150529,长春,43.82,125.32,17.19,3.78
20150530,长春,43.82,125.32,15.93,0.0
20150531,长春,43.82,125.32,21.57,2.77
20150601,长春,43.82,125.32,19.92,3.67
20150602,长春,43.82,125.32,14.82,9.07
20150603,长春,43.82,125.32,17.29,0.04
20150604,长春,43.82,125.32,21.35,0.0
20150605,长春,43.82,125.32,16.83,1.1
20150606,长春,43.82,125.32,15.35,21.14
20150607,长春,43.82,125.32,17.86,8.67
20150608,长春,43.82,125.32,16.83,1.43
20150609,长春,43.82,125.32,18.31,1.76
20150610,长春,43.82,125.32,17.76,3.44
20150611,长春,43.82,125.32,19.94,3.8
20150612,长春,43.82,125.32,17.52,3.93
20150613,长春,43.82,125.32,19.33,0.27
20150614,长春,43.82,125.32,22.32,0.01
20150615,长春,43.82,125.32,23.71,0.0
20150616,长春,43.82,125.32,24.78,0.0
20150617,长春,43.82,125.32,25.04,2.56
20150618,长春,43.82,125.32,20.46,2.4
20150619,长春,43.82,125.32,21.58,1.19
20150620,长春,43.82,125.32,23.88,0.0
20150621,长春,43.82,125.32,25.54,0.0
20150622,长春,43.82,125.32,25.36,0.0
20150623,长春,43.82,125.32,24.75,0.0
20150624,长春,43.82,125.32,25.21,0.03
20150625,长春,43.82,125.32,21.42,4.6
20150626,长春,43.82,125.32,23.21,0.98
20150627,长春,43.82,125.32,24.97,0.26
20150628,长春,43.82,125.32,25.67,1.65
20150629,长春,43.82,125.32,18.14,17.46
20150630,长春,43.82,125.32,19.09,0.17
20150701,长春,43.82,125.32,15.85,8.58
20150702,长春,43.82,125.32,17.01,9.6
20150703,长春,43.82,125.32,17.9,2.09
20150704,长春,43.82,125.32,20.65,0.11
20150705,长春,43.82,125.32,23.02,0.01
20150706,长春,43.82,125.32,23.05,0.0
20150707,长春,43.82,125.32,24.55,0.0
20150708,长春,43.82,125.32,26.87,0.0
20150709,长春,43.82,125.32,27.9,0.0
20150710,长春,43.82,125.32,27.76,0.13
20150711,长春,43.82,125.32,26.81,2.6
20150712,长春,43.82,125.32,25.07,1.19
20150713,长春,43.82,125.32,24.11,0.21
20150714,长春,43.82,125.32,23.58,0.07
20150715,长春,43.82,125.32,22.43,0.03
20150716,长春,43.82,125.32,22.22,0.0
20150717,长春,43.82,125.32,21.66,0.0
20150718,长春,43.82,125.32,25.05,0.0
20150719,长春,43.82,125.32,26.81,0.28
20150720,长春,43.82,125.32,27.2,0.3
20150721,长春,43.82,125.32,26.0,0.68
20150722,长春,43.82,125.32,25.93,2.33
20150723,长春,43.82,125.32,25.59,3.64
20150724,长春,43.82,125.32,24.97,6.15
20150725,长春,43.82,125.32,24.78,8.37
20150726,长春,43.82,125.32,25.67,0.74
20150727,长春,43.82,125.32,24.97,0.01
20150728,长春,43.82,125.32,23.77,5.29
20150729,长春,43.82,125.32,24.2,7.7
20150730,长春,43.82,125.32,23.24,0.14
20150731,长春,43.82,125.32,23.99,0.4
20150801,长春,43.82,125.32,25.62,1.55
20150802,长春,43.82,125.32,25.02,4.03
20150803,长春,43.82,125.32,27.35,1.11
20150804,长春,43.82,125.32,25.49,1.92
20150805,长春,43.82,125.32,26.5,0.01
20150806,长春,43.82,125.32,24.75,4.13
20150807,长春,43.82,125.32,23.93,2.2
20150808,长春,43.82,125.32,24.84,3.37
20150809,长春,43.82,125.32,24.68,2.45
20150810,长春,43.82,125.32,23.37,1.04
20150811,长春,43.82,125.32,23.78,0.3
20150812,长春,43.82,125.32,24.37,0.14
20150813,长春,43.82,125.32,25.35,0.0
20150814,长春,43.82,125.32,26.47,0.02
20150815,长春,43.82,125.32,24.02,9.28
20150816,长春,43.82,125.32,24.1,1.15
20150817,长春,43.82,125.32,25.12,0.88
20150818,长春,43.82,125.32,23.29,4.2
20150819,长春,43.82,125.32,23.12,7.38
20150820,长春,43.82,125.32,20.67,11.48
20150821,长春,43.82,125.32,18.87,18.58
20150822,长春,43.82,125.32,19.31,1.03
20150823,长春,43.82,125.32,20.14,0.51
20150824,长春,43.82,125.32,21.61,0.2
20150825,长春,43.82,125.32,21.05,0.0
20150826,长春,43.82,125.32,19.46,0.06
20150827,长春,43.82,125.32,16.73,22.2
20150828,长春,43.82,125.32,17.25,4.92
20150829,长春,43.82,125.32,18.42,2.83
20150830,长春,43.82,125.32,19.8,1.8
20150831,长春,43.82,125.32,20.32,0.58
20150901,长春,43.82,125.32,21.02,1.62
20150902,长春,43.82,125.32,20.57,4.87
20150903,长春,43.82,125.32,18.02,0.58
20150904,长春,43.82,125.32,17.64,0.0
20150905,长春,43.82,125.32,15.37,0.0
20150906,长春,43.82,125.32,15.67,0.0
20150907,长春,43.82,125.32,16.51,0.01
20150908,长春,43.82,125.32,19.98,0.0
20150909,长春,43.82,125.32,16.85,0.57
20150910,长春,43.82,125.32,15.66,0.08
20150911,长春,43.82,125.32,14.31,0.02
20150912,长春,43.82,125.32,13.32,0.0
20150913,长春,43.82,125.32,15.14,0.0
20150914,长春,43.82,125.32,19.94,0.0
20150915,长春,43.82,125.32,21.15,0.0
20150916,长春,43.82,125.32,22.2,0.01
20150917,长春,43.82,125.32,21.45,0.0
20150918,长春,43.82,125.32,18.64,3.31
20150919,长春,43.82,125.32,17.13,13.54
20150920,长春,43.82,125.32,16.11,0.0
20150921,长春,43.82,125.32,16.9,1.12
20150922,长春,43.82,125.32,19.83,0.03
20150923,长春,43.82,125.32,13.39,12.73
20150924,长春,43.82,125.32,12.83,0.3
20150925,长春,43.82,125.32,12.31,5.78
20150926,长春,43.82,125.32,11.91,0.06
20150927,长春,43.82,125.32,12.09,0.46
20150928,长春,43.82,125.32,10.58,0.0
20150929,长春,43.82,125.32,11.41,0.0
20150930,长春,43.82,125.32,13.75,0.01
20151001,长春,43.82,125.32,9.24,19.77
20151002,长春,43.82,125.32,6.84,0.04
20151003,长春,43.82,125.32,6.18,0.03
20151004,长春,43.82,125.32,8.35,0.0
20151005,长春,43.82,125.32,14.94,0.12
20151006,长春,43.82,125.32,17.0,0.09
20151007,长春,43.82,125.32,17.01,0.01
20151008,长春,43.82,125.32,10.61,0.53
20151009,长春,43.82,125.32,6.9,0.0
20151010,长春,43.82,125.32,6.39,0.1
20151011,长春,43.82,125.32,5.41,3.58
20151012,长春,43.82,125.32,6.84,0.11
20151013,长春,43.82,125.32,4.3,0.0
20151014,长春,43.82,125.32,8.46,0.0
20151015,长春,43.82,125.32,11.93,0.0
20151016,长春,43.82,125.32,14.13,0.0
20151017,长春,43.82,125.32,11.57,1.39
20151018,长春,43.82,125.32,4.62,0.0
20151019,长春,43.82,125.32,4.86,0.0
20151020,长春,43.82,125.32,2.55,0.0
20151021,长春,43.82,125.32,4.48,0.01
20151022,长春,43.82,125.32,6.8,0.0
20151023,长春,43.82,125.32,7.88,0.0
20151024,长春,43.82,125.32,1.47,0.0
20151025,长春,43.82,125.32,1.01,0.0
20151026,长春,43.82,125.32,4.92,3.65
20151027,长春,43.82,125.32,1.58,0.0
20151028,长春,43.82,125.32,-1.58,0.0
20151029,长春,43.82,125.32,-2.87,0.0
20151030,长春,43.82,125.32,-2.35,0.0
20151031,长春,43.82,125.32,-0.53,0.0
20150401,沈阳,41.8,123.43,6.2,0.0
20150402,沈阳,41.8,123.43,4.31,26.72
20150403,沈阳,41.8,123.43,5.7,0.09
20150404,沈阳,41.8,123.43,7.21,0.0
20150405,沈阳,41.8,123.43,6.95,0.02
20150406,沈阳,41.8,123.43,0.06,0.0
20150407,沈阳,41.8,123.43,0.53,0.0
20150408,沈阳,41.8,123.43,4.68,0.0
20150409,沈阳,41.8,123.43,7.11,0.01
20150410,沈阳,41.8,123.43,8.31,0.08
20150411,沈阳,41.8,123.43,5.88,5.46
20150412,沈阳,41.8,123.43,4.87,3.01
20150413,沈阳,41.8,123.43,7.71,0.0
20150414,沈阳,41.8,123.43,9.74,0.0
20150415,沈阳,41.8,123.43,13.05,1.42
20150416,沈阳,41.8,123.43,9.27,2.9
20150417,沈阳,41.8,123.43,10.04,0.01
20150418,沈阳,41.8,123.43,11.95,0.0
20150419,沈阳,41.8,123.43,9.68,0.0
20150420,沈阳,41.8,123.43,10.02,0.0
20150421,沈阳,41.8,123.43,9.54,0.0
20150422,沈阳,41.8,123.43,12.16,0.0
20150423,沈阳,41.8,123.43,12.27,0.2
20150424,沈阳,41.8,123.43,11.71,0.0
20150425,沈阳,41.8,123.43,16.74,0.0
20150426,沈阳,41.8,123.43,19.69,0.0
20150427,沈阳,41.8,123.43,19.51,0.0
20150428,沈阳,41.8,123.43,18.12,0.01
20150429,沈阳,41.8,123.43,19.09,0.0
20150430,沈阳,41.8,123.43,19.37,0.0
20150501,沈阳,41.8,123.43,19.63,0.0
20150502,沈阳,41.8,123.43,15.6,7.7
20150503,沈阳,41.8,123.43,14.61,1.41
20150504,沈阳,41.8,123.43,13.32,0.0
20150505,沈阳,41.8,123.43,13.18,0.0
20150506,沈阳,41.8,123.43,12.38,0.0
20150507,沈阳,41.8,123.43,12.79,0.34
20150508,沈阳,41.8,123.43,10.3,2.36
20150509,沈阳,41.8,123.43,10.0,0.0
20150510,沈阳,41.8,123.43,13.18,0.06
20150511,沈阳,41.8,123.43,12.2,31.18
20150512,沈阳,41.8,123.43,8.56,25.72
20150513,沈阳,41.8,123.43,16.82,0.08
20150514,沈阳,41.8,123.43,17.16,0.0
20150515,沈阳,41.8,123.43,15.01,0.0
20150516,沈阳,41.8,123.43,17.55,0.0
20150517,沈阳,41.8,123.43,18.51,3.9
20150518,沈阳,41.8,123.43,15.53,6.03
20150519,沈阳,41.8,123.43,12.54,1.15
20150520,沈阳,41.8,123.43,16.65,0.03
20150521,沈阳,41.8,123.43,20.28,0.0
20150522,沈阳,41.8,123.43,21.05,0.0
20150523,沈阳,41.8,123.43,20.74,0.0
20150524,沈阳,41.8,123.43,21.26,0.0
20150525,沈阳,41.8,123.43,23.2,0.0
20150526,沈阳,41.8,123.43,24.1,0.0
20150527,沈阳,41.8,123.43,22.1,0.0
20150528,沈阳,41.8,123.43,21.14,0.01
20150529,沈阳,41.8,123.43,19.31,1.33
20150530,沈阳,41.8,123.43,19.24,0.0
20150531,沈阳,41.8,123.43,23.01,0.0
20150601,沈阳,41.8,123.43,20.17,3.83
20150602,沈阳,41.8,123.43,18.17,4.1
20150603,沈阳,41.8,123.43,20.84,0.0
20150604,沈阳,41.8,123.43,21.22,0.15
20150605,沈阳,41.8,123.43,17.17,4.46
20150606,沈阳,41.8,123.43,19.5,8.64
20150607,沈阳,41.8,123.43,21.51,7.99
20150608,沈阳,41.8,123.43,19.65,18.33
20150609,沈阳,41.8,123.43,21.27,0.52
20150610,沈阳,41.8,123.43,19.91,8.16
20150611,沈阳,41.8,123.43,18.42,9.62
20150612,沈阳,41.8,123.43,19.32,5.42
20150613,沈阳,41.8,123.43,21.05,0.5
20150614,沈阳,41.8,123.43,23.45,0.0
20150615,沈阳,41.8,123.43,24.38,0.0
20150616,沈阳,41.8,123.43,24.33,0.14
20150617,沈阳,41.8,123.43,24.04,6.36
20150618,沈阳,41.8,123.43,21.65,11.78
20150619,沈阳,41.8,123.43,21.31,1.66
20150620,沈阳,41.8,123.43,24.02,0.04
20150621,沈阳,41.8,123.43,25.09,0.0
20150622,沈阳,41.8,123.43,24.5,0.0
20150623,沈阳,41.8,123.43,24.79,0.0
20150624,沈阳,41.8,123.43,24.69,0.0
20150625,沈阳,41.8,123.43,23.5,0.83
20150626,沈阳,41.8,123.43,24.54,0.53
20150627,沈阳,41.8,123.43,25.69,0.23
20150628,沈阳,41.8,123.43,25.78,0.0
20150629,沈阳,41.8,123.43,19.17,20.35
20150630,沈阳,41.8,123.43,19.89,0.14
20150701,沈阳,41.8,123.43,18.23,2.73
20150702,沈阳,41.8,123.43,18.63,7.07
20150703,沈阳,41.8,123.43,20.26,1.31
20150704,沈阳,41.8,123.43,22.18,6.12
20150705,沈阳,41.8,123.43,22.4,0.4
20150706,沈阳,41.8,123.43,23.45,0.0
20150707,沈阳,41.8,123.43,24.3,0.0
20150708,沈阳,41.8,123.43,26.84,0.0
20150709,沈阳,41.8,123.43,27.82,0.0
20150710,沈阳,41.8,123.43,26.34,0.08
20150711,沈阳,41.8,123.43,27.74,0.03
20150712,沈阳,41.8,123.43,26.01,0.08
20150713,沈阳,41.8,123.43,27.11,0.25
20150714,沈阳,41.8,123.43,28.71,0.0
20150715,沈阳,41.8,123.43,27.8,0.0
20150716,沈阳,41.8,123.43,26.55,0.0
20150717,沈阳,41.8,123.43,25.76,0.0
20150718,沈阳,41.8,123.43,27.1,0.0
20150719,沈阳,41.8,123.43,27.1,0.0
20150720,沈阳,41.8,123.43,27.46,0.01
20150721,沈阳,41.8,123.43,26.89,4.05
20150722,沈阳,41.8,123.43,26.4,1.19
20150723,沈阳,41.8,123.43,26.53,3.54
20150724,沈阳,41.8,123.43,26.81,1.27
20150725,沈阳,41.8,123.43,26.62,4.21
20150726,沈阳,41.8,123.43,27.37,3.72
20150727,沈阳,41.8,123.43,27.4,4.94
20150728,沈阳,41.8,123.43,25.88,7.88
20150729,沈阳,41.8,123.43,25.47,12.51
20150730,沈阳,41.8,123.43,25.05,7.84
20150731,沈阳,41.8,123.43,25.53,6.47
20150801,沈阳,41.8,123.43,26.08,3.88
20150802,沈阳,41.8,123.43,25.55,4.1
20150803,沈阳,41.8,123.43,27.27,6.47
20150804,沈阳,41.8,123.43,26.28,5.03
20150805,沈阳,41.8,123.43,26.16,1.09
20150806,沈阳,41.8,123.43,22.85,11.37
20150807,沈阳,41.8,123.43,24.11,7.77
20150808,沈阳,41.8,123.43,25.04,2.01
20150809,沈阳,41.8,123.43,25.83,4.97
20150810,沈阳,41.8,123.43,25.47,0.0
20150811,沈阳,41.8,123.43,26.63,0.03
20150812,沈阳,41.8,123.43,26.73,0.0
20150813,沈阳,41.8,123.43,27.13,0.0
20150814,沈阳,41.8,123.43,27.42,0.93
20150815,沈阳,41.8,123.43,26.7,2.54
20150816,沈阳,41.8,123.43,25.83,1.13
20150817,沈阳,41.8,123.43,26.33,0.08
20150818,沈阳,41.8,123.43,26.31,0.32
20150819,沈阳,41.8,123.43,24.4,9.45
20150820,沈阳,41.8,123.43,23.59,11.78
20150821,沈阳,41.8,123.43,21.8,2.72
20150822,沈阳,41.8,123.43,22.23,0.15
20150823,沈阳,41.8,123.43,23.14,0.02
20150824,沈阳,41.8,123.43,23.88,1.11
20150825,沈阳,41.8,123.43,22.7,0.45
20150826,沈阳,41.8,123.43,22.32,0.03
20150827,沈阳,41.8,123.43,20.51,2.92
20150828,沈阳,41.8,123.43,19.47,6.14
20150829,沈阳,41.8,123.43,20.56,0.69
20150830,沈阳,41.8,123.43,21.73,1.43
20150831,沈阳,41.8,123.43,22.98,0.36
20150901,沈阳,41.8,123.43,22.47,1.23
20150902,沈阳,41.8,123.43,23.14,4.05
20150903,沈阳,41.8,123.43,21.53,0.03
20150904,沈阳,41.8,123.43,20.69,0.0
20150905,沈阳,41.8,123.43,20.37,0.0
20150906,沈阳,41.8,123.43,17.92,0.0
20150907,沈阳,41.8,123.43,20.23,0.0
20150908,沈阳,41.8,123.43,21.77,0.0
20150909,沈阳,41.8,123.43,19.77,0.49
20150910,沈阳,41.8,123.43,17.44,0.09
20150911,沈阳,41.8,123.43,17.31,0.04
20150912,沈阳,41.8,123.43,15.88,0.13
20150913,沈阳,41.8,123.43,20.08,0.0
20150914,沈阳,41.8,123.43,22.2,0.0
20150915,沈阳,41.8,123.43,21.71,0.0
20150916,沈阳,41.8,123.43,21.35,0.0
20150917,沈阳,41.8,123.43,21.28,0.0
20150918,沈阳,41.8,123.43,20.63,2.03
20150919,沈阳,41.8,123.43,18.91,1.04
20150920,沈阳,41.8,123.43,19.01,0.0
20150921,沈阳,41.8,123.43,21.62,0.0
20150922,沈阳,41.8,123.43,21.32,0.03
20150923,沈阳,41.8,123.43,16.47,9.91
20150924,沈阳,41.8,123.43,16.38,0.24
20150925,沈阳,41.8,123.43,16.53,0.21
20150926,沈阳,41.8,123.43,15.37,0.0
20150927,沈阳,41.8,123.43,17.28,0.01
20150928,沈阳,41.8,123.43,14.25,0.0
20150929,沈阳,41.8,123.43,13.03,0.0
20150930,沈阳,41.8,123.43,16.39,3.78
20151001,沈阳,41.8,123.43,11.7,25.42
20151002,沈阳,41.8,123.43,10.69,0.0
20151003,沈阳,41.8,123.43,9.33,0.0
20151004,沈阳,41.8,123.43,13.5,0.0
20151005,沈阳,41.8,123.43,17.9,0.0
20151006,沈阳,41.8,123.43,18.81,0.0
20151007,沈阳,41.8,123.43,17.87,2.53
20151008,沈阳,41.8,123.43,12.02,3.47
20151009,沈阳,41.8,123.43,7.92,0.11
20151010,沈阳,41.8,123.43,6.02,0.34
20151011,沈阳,41.8,123.43,7.87,1.37
20151012,沈阳,41.8,123.43,9.34,0.01
20151013,沈阳,41.8,123.43,9.47,0.0
20151014,沈阳,41.8,123.43,12.87,0.0
20151015,沈阳,41.8,123.43,14.91,0.0
20151016,沈阳,41.8,123.43,15.59,0.0
20151017,沈阳,41.8,123.43,14.91,0.06
20151018,沈阳,41.8,123.43,6.93,0.0
20151019,沈阳,41.8,123.43,8.84,0.0
20151020,沈阳,41.8,123.43,5.55,3.07
20151021,沈阳,41.8,123.43,7.19,3.62
20151022,沈阳,41.8,123.43,8.31,0.0
20151023,沈阳,41.8,123.43,8.74,0.25
20151024,沈阳,41.8,123.43,5.1,0.03
20151025,沈阳,41.8,123.43,3.66,0.0
20151026,沈阳,41.8,123.43,7.88,3.21
20151027,沈阳,41.8,123.43,4.05,0.0
20151028,沈阳,41.8,123.43,1.93,0.0
20151029,沈阳,41.8,123.43,0.05,0.0
20151030,沈阳,41.8,123.43,-0.41,0.0
20151031,沈阳,41.8,123.43,0.82,0.0
20150401,呼和浩特,40.82,111.75,1.85,14.6
20150402,呼和浩特,40.82,111.75,0.0,4.85
20150403,呼和浩特,40.82,111.75,3.36,2.46
20150404,呼和浩特,40.82,111.75,1.99,0.3
20150405,呼和浩特,40.82,111.75,-3.56,0.0
20150406,呼和浩特,40.82,111.75,-3.52,0.0
20150407,呼和浩特,40.82,111.75,-1.97,0.0
20150408,呼和浩特,40.82,111.75,1.55,0.0
20150409,呼和浩特,40.82,111.75,2.95,0.0
20150410,呼和浩特,40.82,111.75,4.27,0.0
20150411,呼和浩特,40.82,111.75,1.77,0.01
20150412,呼和浩特,40.82,111.75,-3.62,0.03
20150413,呼和浩特,40.82,111.75,2.02,0.0
20150414,呼和浩特,40.82,111.75,8.11,0.0
20150415,呼和浩特,40.82,111.75,5.41,0.0
20150416,呼和浩特,40.82,111.75,3.12,0.0
20150417,呼和浩特,40.82,111.75,10.31,0.0
20150418,呼和浩特,40.82,111.75,6.62,2.5
20150419,呼和浩特,40.82,111.75,4.64,0.0
20150420,呼和浩特,40.82,111.75,6.44,0.0
20150421,呼和浩特,40.82,111.75,6.78,0.0
20150422,呼和浩特,40.82,111.75,10.04,0.0
20150423,呼和浩特,40.82,111.75,8.79,0.0
20150424,呼和浩特,40.82,111.75,11.35,0.0
20150425,呼和浩特,40.82,111.75,13.63,0.0
20150426,呼和浩特,40.82,111.75,13.07,0.0
20150427,呼和浩特,40.82,111.75,11.93,0.0
20150428,呼和浩特,40.82,111.75,12.76,0.0
20150429,呼和浩特,40.82,111.75,16.16,0.0
20150430,呼和浩特,40.82,111.75,16.97,1.16
20150501,呼和浩特,40.82,111.75,9.64,9.54
20150502,呼和浩特,40.82,111.75,11.75,0.0
20150503,呼和浩特,40.82,111.75,4.57,0.0
20150504,呼和浩特,40.82,111.75,8.1,0.0
20150505,呼和浩特,40.82,111.75,7.25,0.0
20150506,呼和浩特,40.82,111.75,5.74,0.02
20150507,呼和浩特,40.82,111.75,8.08,0.0
20150508,呼和浩特,40.82,111.75,8.07,0.0
20150509,呼和浩特,40.82,111.75,9.77,0.73
20150510,呼和浩特,40.82,111.75,5.24,10.13
20150511,呼和浩特,40.82,111.75,4.31,0.1
20150512,呼和浩特,40.82,111.75,11.65,0.0
20150513,呼和浩特,40.82,111.75,12.42,0.0
20150514,呼和浩特,40.82,111.75,11.38,0.73
20150515,呼和浩特,40.82,111.75,8.96,0.0
20150516,呼和浩特,40.82,111.75,13.72,0.0
20150517,呼和浩特,40.82,111.75,13.63,0.0
20150518,呼和浩特,40.82,111.75,10.43,0.0
20150519,呼和浩特,40.82,111.75,8.45,0.0
20150520,呼和浩特,40.82,111.75,12.42,0.0
20150521,呼和浩特,40.82,111.75,14.2,0.0
20150522,呼和浩特,40.82,111.75,16.29,0.0
20150523,呼和浩特,40.82,111.75,17.85,0.0
20150524,呼和浩特,40.82,111.75,17.55,0.16
20150525,呼和浩特,40.82,111.75,19.75,0.0
20150526,呼和浩特,40.82,111.75,20.7,0.0
20150527,呼和浩特,40.82,111.75,22.21,0.0
20150528,呼和浩特,40.82,111.75,18.05,0.0
20150529,呼和浩特,40.82,111.75,16.44,0.0
20150530,呼和浩特,40.82,111.75,17.2,0.0
20150531,呼和浩特,40.82,111.75,19.03,0.0
20150601,呼和浩特,40.82,111.75,17.09,0.0
20150602,呼和浩特,40.82,111.75,14.67,0.0
20150603,呼和浩特,40.82,111.75,14.47,1.09
20150604,呼和浩特,40.82,111.75,12.03,7.86
20150605,呼和浩特,40.82,111.75,15.88,0.16
20150606,呼和浩特,40.82,111.75,11.88,0.62
20150607,呼和浩特,40.82,111.75,10.65,0.66
20150608,呼和浩特,40.82,111.75,15.03,0.0
20150609,呼和浩特,40.82,111.75,16.67,0.97
20150610,呼和浩特,40.82,111.75,13.23,2.03
20150611,呼和浩特,40.82,111.75,13.11,1.49
20150612,呼和浩特,40.82,111.75,12.07,3.71
20150613,呼和浩特,40.82,111.75,14.68,0.88
20150614,呼和浩特,40.82,111.75,17.41,0.0
20150615,呼和浩特,40.82,111.75,17.45,1.8
20150616,呼和浩特,40.82,111.75,17.97,0.68
20150617,呼和浩特,40.82,111.75,18.84,0.0
20150618,呼和浩特,40.82,111.75,16.99,0.02
20150619,呼和浩特,40.82,111.75,14.61,0.09
20150620,呼和浩特,40.82,111.75,16.96,0.0
20150621,呼和浩特,40.82,111.75,15.91,0.67
20150622,呼和浩特,40.82,111.75,16.59,2.72
20150623,呼和浩特,40.82,111.75,17.27,2.48
20150624,呼和浩特,40.82,111.75,17.41,3.02
20150625,呼和浩特,40.82,111.75,18.64,9.85
20150626,呼和浩特,40.82,111.75,21.82,0.15
20150627,呼和浩特,40.82,111.75,24.35,0.0
20150628,呼和浩特,40.82,111.75,21.11,0.62
20150629,呼和浩特,40.82,111.75,19.05,1.78
20150630,呼和浩特,40.82,111.75,18.38,14.62
20150701,呼和浩特,40.82,111.75,18.24,0.05
20150702,呼和浩特,40.82,111.75,17.76,0.0
20150703,呼和浩特,40.82,111.75,19.71,0.72
20150704,呼和浩特,40.82,111.75,20.66,0.41
20150705,呼和浩特,40.82,111.75,20.18,1.51
20150706,呼和浩特,40.82,111.75,19.33,0.5
20150707,呼和浩特,40.82,111.75,21.23,0.13
20150708,呼和浩特,40.82,111.75,24.13,0.0
20150709,呼和浩特,40.82,111.75,21.26,1.16
20150710,呼和浩特,40.82,111.75,20.46,1.35
20150711,呼和浩特,40.82,111.75,22.05,0.0
20150712,呼和浩特,40.82,111.75,23.83,0.0
20150713,呼和浩特,40.82,111.75,23.64,0.02
20150714,呼和浩特,40.82,111.75,21.0,0.5
20150715,呼和浩特,40.82,111.75,18.57,6.85
20150716,呼和浩特,40.82,111.75,17.14,4.8
20150717,呼和浩特,40.82,111.75,16.26,3.83
20150718,呼和浩特,40.82,111.75,16.2,1.76
20150719,呼和浩特,40.82,111.75,17.22,0.7
20150720,呼和浩特,40.82,111.75,19.68,2.9
20150721,呼和浩特,40.82,111.75,19.42,1.14
20150722,呼和浩特,40.82,111.75,19.01,0.37
20150723,呼和浩特,40.82,111.75,17.89,4.72
20150724,呼和浩特,40.82,111.75,19.68,6.82
20150725,呼和浩特,40.82,111.75,21.88,2.5
20150726,呼和浩特,40.82,111.75,22.05,0.98
20150727,呼和浩特,40.82,111.75,23.09,10.54
20150728,呼和浩特,40.82,111.75,21.71,7.31
20150729,呼和浩特,40.82,111.75,23.36,3.87
20150730,呼和浩特,40.82,111.75,22.02,0.01
20150731,呼和浩特,40.82,111.75,22.6,0.0
20150801,呼和浩特,40.82,111.75,23.35,7.03
20150802,呼和浩特,40.82,111.75,21.06,0.04
20150803,呼和浩特,40.82,111.75,20.42,0.69
20150804,呼和浩特,40.82,111.75,20.07,1.15
20150805,呼和浩特,40.82,111.75,20.36,0.55
20150806,呼和浩特,40.82,111.75,19.77,0.0
20150807,呼和浩特,40.82,111.75,21.61,0.21
20150808,呼和浩特,40.82,111.75,20.98,1.25
20150809,呼和浩特,40.82,111.75,22.22,0.0
20150810,呼和浩特,40.82,111.75,22.14,0.0
20150811,呼和浩特,40.82,111.75,22.3,0.0
20150812,呼和浩特,40.82,111.75,23.07,0.0
20150813,呼和浩特,40.82,111.75,19.8,1.54
20150814,呼和浩特,40.82,111.75,18.19,0.0
20150815,呼和浩特,40.82,111.75,21.08,0.0
20150816,呼和浩特,40.82,111.75,22.43,0.03
20150817,呼和浩特,40.82,111.75,18.85,0.1
20150818,呼和浩特,40.82,111.75,19.11,0.0
20150819,呼和浩特,40.82,111.75,16.78,0.04
20150820,呼和浩特,40.82,111.75,17.61,0.0
20150821,呼和浩特,40.82,111.75,17.94,0.0
20150822,呼和浩特,40.82,111.75,17.75,0.89
20150823,呼和浩特,40.82,111.75,18.92,0.96
20150824,呼和浩特,40.82,111.75,16.59,5.71
20150825,呼和浩特,40.82,111.75,16.7,1.59
20150826,呼和浩特,40.82,111.75,18.41,0.15
20150827,呼和浩特,40.82,111.75,19.08,0.01
20150828,呼和浩特,40.82,111.75,19.59,1.21
20150829,呼和浩特,40.82,111.75,19.23,0.71
20150830,呼和浩特,40.82,111.75,16.47,4.09
20150831,呼和浩特,40.82,111.75,15.97,0.19
20150901,呼和浩特,40.82,111.75,15.15,0.88
20150902,呼和浩特,40.82,111.75,17.34,0.0
20150903,呼和浩特,40.82,111.75,18.64,0.07
20150904,呼和浩特,40.82,111.75,14.73,17.55
20150905,呼和浩特,40.82,111.75,14.57,14.36
20150906,呼和浩特,40.82,111.75,15.91,1.89
20150907,呼和浩特,40.82,111.75,15.91,0.0
20150908,呼和浩特,40.82,111.75,13.62,4.5
20150909,呼和浩特,40.82,111.75,13.24,1.46
20150910,呼和浩特,40.82,111.75,11.91,6.77
20150911,呼和浩特,40.82,111.75,8.2,3.1
20150912,呼和浩特,40.82,111.75,9.71,0.0
20150913,呼和浩特,40.82,111.75,12.39,0.0
20150914,呼和浩特,40.82,111.75,13.08,0.0
20150915,呼和浩特,40.82,111.75,13.29,0.0
20150916,呼和浩特,40.82,111.75,13.14,2.01
20150917,呼和浩特,40.82,111.75,12.45,1.38
20150918,呼和浩特,40.82,111.75,13.66,0.0
20150919,呼和浩特,40.82,111.75,13.75,0.0
20150920,呼和浩特,40.82,111.75,14.39,0.0
20150921,呼和浩特,40.82,111.75,15.69,0.85
20150922,呼和浩特,40.82,111.75,12.3,8.65
20150923,呼和浩特,40.82,111.75,12.4,0.21
20150924,呼和浩特,40.82,111.75,11.19,2.91
20150925,呼和浩特,40.82,111.75,8.58,0.0
20150926,呼和浩特,40.82,111.75,11.21,0.0
20150927,呼和浩特,40.82,111.75,11.89,0.36
20150928,呼和浩特,40.82,111.75,9.97,1.54
20150929,呼和浩特,40.82,111.75,9.95,16.02
20150930,呼和浩特,40.82,111.75,7.88,11.33
20151001,呼和浩特,40.82,111.75,5.2,0.04
20151002,呼和浩特,40.82,111.75,7.33,0.0
20151003,呼和浩特,40.82,111.75,9.51,0.0
20151004,呼和浩特,40.82,111.75,9.55,0.0
20151005,呼和浩特,40.82,111.75,10.56,0.0
20151006,呼和浩特,40.82,111.75,11.35,0.0
20151007,呼和浩特,40.82,111.75,6.83,0.0
20151008,呼和浩特,40.82,111.75,2.15,0.0
20151009,呼和浩特,40.82,111.75,1.88,0.0
20151010,呼和浩特,40.82,111.75,-0.63,0.0
20151011,呼和浩特,40.82,111.75,4.16,0.0
20151012,呼和浩特,40.82,111.75,7.27,0.0
20151013,呼和浩特,40.82,111.75,8.89,0.05
20151014,呼和浩特,40.82,111.75,9.48,0.05
20151015,呼和浩特,40.82,111.75,8.19,0.0
20151016,呼和浩特,40.82,111.75,9.76,0.0
20151017,呼和浩特,40.82,111.75,8.88,0.01
20151018,呼和浩特,40.82,111.75,6.35,0.0
20151019,呼和浩特,40.82,111.75,9.28,0.0
20151020,呼和浩特,40.82,111.75,8.84,0.0
20151021,呼和浩特,40.82,111.75,3.22,5.15
20151022,呼和浩特,40.82,111.75,4.96,0.24
20151023,呼和浩特,40.82,111.75,6.72,0.0
20151024,呼和浩特,40.82,111.75,7.11,0.0
20151025,呼和浩特,40.82,111.75,3.73,2.8
20151026,呼和浩特,40.82,111.75,-0.37,0.31
20151027,呼和浩特,40.82,111.75,-1.35,0.0
20151028,呼和浩特,40.82,111.75,-1.86,0.0
20151029,呼和浩特,40.82,111.75,-3.9,0.0
20151030,呼和浩特,40.82,111.75,-1.65,0.0
20151031,呼和浩特,40.82,111.75,-0.32,0.0
20150401,济南,36.67,116.98,8.84,14.51
20150402,济南,36.67,116.98,5.63,29.56
20150403,济南,36.67,116.98,9.21,0.0
20150404,济南,36.67,116.98,9.95,0.03
20150405,济南,36.67,116.98,11.01,0.0
20150406,济南,36.67,116.98,5.21,0.0
20150407,济南,36.67,116.98,4.07,0.0
20150408,济南,36.67,116.98,7.04,0.0
20150409,济南,36.67,116.98,9.64,0.01
20150410,济南,36.67,116.98,12.15,0.0
20150411,济南,36.67,116.98,14.67,1.52
20150412,济南,36.67,116.98,9.42,3.61
20150413,济南,36.67,116.98,5.13,2.76
20150414,济南,36.67,116.98,11.08,0.0
20150415,济南,36.67,116.98,17.61,0.0
20150416,济南,36.67,116.98,13.89,0.0
20150417,济南,36.67,116.98,15.24,0.01
20150418,济南,36.67,116.98,18.38,1.06
20150419,济南,36.67,116.98,9.11,19.26
20150420,济南,36.67,116.98,11.08,0.0
20150421,济南,36.67,116.98,15.07,0.0
20150422,济南,36.67,116.98,16.56,0.0
20150423,济南,36.67,116.98,20.14,0.0
20150424,济南,36.67,116.98,20.07,0.0
20150425,济南,36.67,116.98,20.64,0.0
20150426,济南,36.67,116.98,20.88,0.0
20150427,济南,36.67,116.98,19.58,0.22
20150428,济南,36.67,116.98,18.9,6.14
20150429,济南,36.67,116.98,18.6,0.29
20150430,济南,36.67,116.98,20.95,0.0
20150501,济南,36.67,116.98,21.45,0.02
20150502,济南,36.67,116.98,18.01,5.8
20150503,济南,36.67,116.98,17.87,0.01
20150504,济南,36.67,116.98,16.4,0.0
20150505,济南,36.67,116.98,18.74,0.0
20150506,济南,36.67,116.98,17.29,1.68
20150507,济南,36.67,116.98,17.35,7.6
20150508,济南,36.67,116.98,17.91,1.43
20150509,济南,36.67,116.98,15.97,7.03
20150510,济南,36.67,116.98,17.22,9.25
20150511,济南,36.67,116.98,12.62,10.7
20150512,济南,36.67,116.98,18.12,0.0
20150513,济南,36.67,116.98,22.03,0.0
20150514,济南,36.67,116.98,21.2,0.0
20150515,济南,36.67,116.98,19.87,0.0
20150516,济南,36.67,116.98,20.22,0.0
20150517,济南,36.67,116.98,22.38,0.0
20150518,济南,36.67,116.98,23.11,0.02
20150519,济南,36.67,116.98,21.27,0.0
20150520,济南,36.67,116.98,19.65,0.0
20150521,济南,36.67,116.98,19.16,0.0
20150522,济南,36.67,116.98,20.24,0.0
20150523,济南,36.67,116.98,22.55,0.0
20150524,济南,36.67,116.98,23.46,0.0
20150525,济南,36.67,116.98,23.88,0.0
20150526,济南,36.67,116.98,23.45,0.0
20150527,济南,36.67,116.98,22.39,0.0
20150528,济南,36.67,116.98,22.05,0.01
20150529,济南,36.67,116.98,23.4,0.32
20150530,济南,36.67,116.98,24.32,0.0
20150531,济南,36.67,116.98,25.63,0.02
20150601,济南,36.67,116.98,26.4,0.0
20150602,济南,36.67,116.98,25.69,0.0
20150603,济南,36.67,116.98,24.07,0.0
20150604,济南,36.67,116.98,21.78,0.02
20150605,济南,36.67,116.98,25.47,0.0
20150606,济南,36.67,116.98,28.24,0.01
20150607,济南,36.67,116.98,25.43,8.15
20150608,济南,36.67,116.98,24.08,1.05
20150609,济南,36.67,116.98,26.92,0.0
20150610,济南,36.67,116.98,27.23,7.54
20150611,济南,36.67,116.98,23.4,0.27
20150612,济南,36.67,116.98,26.55,0.94
20150613,济南,36.67,116.98,25.35,0.0
20150614,济南,36.67,116.98,23.46,0.0
20150615,济南,36.67,116.98,25.55,0.0
20150616,济南,36.67,116.98,25.95,0.0
20150617,济南,36.67,116.98,28.02,0.02
20150618,济南,36.67,116.98,26.8,1.58
20150619,济南,36.67,116.98,23.45,8.19
20150620,济南,36.67,116.98,21.91,0.0
20150621,济南,36.67,116.98,24.98,0.0
20150622,济南,36.67,116.98,26.52,0.0
20150623,济南,36.67,116.98,25.59,2.55
20150624,济南,36.67,116.98,22.41,8.36
20150625,济南,36.67,116.98,21.25,17.17
20150626,济南,36.67,116.98,24.63,0.06
20150627,济南,36.67,116.98,26.47,0.0
20150628,济南,36.67,116.98,26.28,0.04
20150629,济南,36.67,116.98,24.01,13.1
20150630,济南,36.67,116.98,22.85,1.39
20150701,济南,36.67,116.98,26.26,0.0
20150702,济南,36.67,116.98,26.2,0.87
20150703,济南,36.67,116.98,25.56,0.0
20150704,济南,36.67,116.98,26.54,0.14
20150705,济南,36.67,116.98,26.77,0.16
20150706,济南,36.67,116.98,25.54,2.36
20150707,济南,36.67,116.98,26.02,0.23
20150708,济南,36.67,116.98,26.89,0.0
20150709,济南,36.67,116.98,26.69,0.03
20150710,济南,36.67,116.98,27.51,0.25
20150711,济南,36.67,116.98,28.53,5.39
20150712,济南,36.67,116.98,29.04,1.24
20150713,济南,36.67,116.98,31.58,0.0
20150714,济南,36.67,116.98,29.76,9.12
20150715,济南,36.67,116.98,27.42,3.03
20150716,济南,36.67,116.98,25.38,0.32
20150717,济南,36.67,116.98,26.33,7.21
20150718,济南,36.67,116.98,25.71,6.83
20150719,济南,36.67,116.98,26.16,0.72
20150720,济南,36.67,116.98,26.94,3.19
20150721,济南,36.67,116.98,27.36,5.41
20150722,济南,36.67,116.98,27.01,5.9
20150723,济南,36.67,116.98,27.11,4.82
20150724,济南,36.67,116.98,28.01,2.69
20150725,济南,36.67,116.98,28.96,0.09
20150726,济南,36.67,116.98,29.84,0.0
20150727,济南,36.67,116.98,30.5,0.29
20150728,济南,36.67,116.98,30.09,7.07
20150729,济南,36.67,116.98,31.06,4.8
20150730,济南,36.67,116.98,29.19,24.37
20150731,济南,36.67,116.98,27.58,27.68
20150801,济南,36.67,116.98,26.7,3.12
20150802,济南,36.67,116.98,28.57,10.33
20150803,济南,36.67,116.98,27.37,57.98
20150804,济南,36.67,116.98,22.96,8.64
20150805,济南,36.67,116.98,23.72,4.13
20150806,济南,36.67,116.98,24.99,17.55
20150807,济南,36.67,116.98,25.57,18.87
20150808,济南,36.67,116.98,26.79,11.74
20150809,济南,36.67,116.98,25.89,11.82
20150810,济南,36.67,116.98,26.14,0.26
20150811,济南,36.67,116.98,25.38,0.0
20150812,济南,36.67,116.98,26.4,0.0
20150813,济南,36.67,116.98,25.71,0.0
20150814,济南,36.67,116.98,25.64,1.65
20150815,济南,36.67,116.98,25.89,4.87
20150816,济南,36.67,116.98,25.87,0.97
20150817,济南,36.67,116.98,24.75,0.03
20150818,济南,36.67,116.98,24.96,0.01
20150819,济南,36.67,116.98,23.94,0.33
20150820,济南,36.67,116.98,23.89,0.0
20150821,济南,36.67,116.98,25.14,0.0
20150822,济南,36.67,116.98,24.66,7.89
20150823,济南,36.67,116.98,23.41,1.02
20150824,济南,36.67,116.98,21.98,3.65
20150825,济南,36.67,116.98,22.37,2.4
20150826,济南,36.67,116.98,22.65,3.05
20150827,济南,36.67,116.98,23.53,2.02
20150828,济南,36.67,116.98,24.65,0.77
20150829,济南,36.67,116.98,23.56,5.58
20150830,济南,36.67,116.98,24.08,0.41
20150831,济南,36.67,116.98,20.87,11.3
20150901,济南,36.67,116.98,20.12,14.23
20150902,济南,36.67,116.98,20.69,7.39
20150903,济南,36.67,116.98,22.64,0.0
20150904,济南,36.67,116.98,21.48,3.61
20150905,济南,36.67,116.98,21.02,0.94
20150906,济南,36.67,116.98,19.74,0.1
20150907,济南,36.67,116.98,19.76,0.0
20150908,济南,36.67,116.98,22.91,0.0
20150909,济南,36.67,116.98,22.23,1.34
20150910,济南,36.67,116.98,21.99,1.13
20150911,济南,36.67,116.98,17.49,7.07
20150912,济南,36.67,116.98,16.42,0.0
20150913,济南,36.67,116.98,17.88,0.0
20150914,济南,36.67,116.98,18.69,0.0
20150915,济南,36.67,116.98,20.18,0.12
20150916,济南,36.67,116.98,21.93,0.01
20150917,济南,36.67,116.98,22.64,0.0
20150918,济南,36.67,116.98,23.2,0.0
20150919,济南,36.67,116.98,22.61,0.33
20150920,济南,36.67,116.98,21.37,0.1
20150921,济南,36.67,116.98,21.69,0.0
20150922,济南,36.67,116.98,20.88,0.03
20150923,济南,36.67,116.98,21.82,0.01
20150924,济南,36.67,116.98,22.45,0.01
20150925,济南,36.67,116.98,20.8,0.0
20150926,济南,36.67,116.98,20.6,0.0
20150927,济南,36.67,116.98,22.42,0.0
20150928,济南,36.67,116.98,21.2,0.01
20150929,济南,36.67,116.98,19.7,0.0
20150930,济南,36.67,116.98,20.04,2.26
20151001,济南,36.67,116.98,16.1,0.78
20151002,济南,36.67,116.98,16.49,0.0
20151003,济南,36.67,116.98,18.61,0.0
20151004,济南,36.67,116.98,18.47,0.0
20151005,济南,36.67,116.98,18.67,0.0
20151006,济南,36.67,116.98,20.37,0.01
20151007,济南,36.67,116.98,17.39,3.46
20151008,济南,36.67,116.98,14.55,0.01
20151009,济南,36.67,116.98,13.55,0.02
20151010,济南,36.67,116.98,9.94,0.0
20151011,济南,36.67,116.98,12.32,0.0
20151012,济南,36.67,116.98,14.72,0.0
20151013,济南,36.67,116.98,16.02,0.0
20151014,济南,36.67,116.98,17.61,0.01
20151015,济南,36.67,116.98,16.91,0.0
20151016,济南,36.67,116.98,18.69,0.0
20151017,济南,36.67,116.98,18.28,0.0
20151018,济南,36.67,116.98,17.7,0.01
20151019,济南,36.67,116.98,17.13,0.0
20151020,济南,36.67,116.98,17.37,0.0
20151021,济南,36.67,116.98,16.18,0.02
20151022,济南,36.67,116.98,13.92,0.08
20151023,济南,36.67,116.98,13.74,0.03
20151024,济南,36.67,116.98,14.01,0.01
20151025,济南,36.67,116.98,13.35,0.87
20151026,济南,36.67,116.98,10.75,5.86
20151027,济南,36.67,116.98,8.91,0.0
20151028,济南,36.67,116.98,10.53,0.0
20151029,济南,36.67,116.98,8.09,0.0
20151030,济南,36.67,116.98,6.44,0.0
20151031,济南,36.67,116.98,7.14,0.0
20150401,郑州,34.76,113.65,6.97,39.78
20150402,郑州,34.76,113.65,9.3,8.42
20150403,郑州,34.76,113.65,11.87,3.91
20150404,郑州,34.76,113.65,12.66,2.44
20150405,郑州,34.76,113.65,12.29,0.87
20150406,郑州,34.76,113.65,8.64,0.05
20150407,郑州,34.76,113.65,5.75,0.0
20150408,郑州,34.76,113.65,8.56,0.0
20150409,郑州,34.76,113.65,11.67,0.0
20150410,郑州,34.76,113.65,15.37,0.0
20150411,郑州,34.76,113.65,16.18,0.0
20150412,郑州,34.76,113.65,13.48,0.0
20150413,郑州,34.76,113.65,8.76,0.0
20150414,郑州,34.76,113.65,14.88,0.0
20150415,郑州,34.76,113.65,20.56,0.0
20150416,郑州,34.76,113.65,16.36,0.0
20150417,郑州,34.76,113.65,16.77,0.0
20150418,郑州,34.76,113.65,16.78,6.99
20150419,郑州,34.76,113.65,13.21,10.22
20150420,郑州,34.76,113.65,14.03,0.0
20150421,郑州,34.76,113.65,16.06,0.0
20150422,郑州,34.76,113.65,18.35,0.0
20150423,郑州,34.76,113.65,20.78,0.0
20150424,郑州,34.76,113.65,21.26,0.0
20150425,郑州,34.76,113.65,22.41,0.0
20150426,郑州,34.76,113.65,21.57,2.27
20150427,郑州,34.76,113.65,22.27,4.53
20150428,郑州,34.76,113.65,22.66,0.0
20150429,郑州,34.76,113.65,21.39,0.0
20150430,郑州,34.76,113.65,22.04,0.0
20150501,郑州,34.76,113.65,21.36,31.07
20150502,郑州,34.76,113.65,19.81,4.87
20150503,郑州,34.76,113.65,19.77,0.0
20150504,郑州,34.76,113.65,17.78,0.0
20150505,郑州,34.76,113.65,19.4,0.0
20150506,郑州,34.76,113.65,19.9,10.84
20150507,郑州,34.76,113.65,20.19,6.37
20150508,郑州,34.76,113.65,19.04,2.75
20150509,郑州,34.76,113.65,17.24,0.53
20150510,郑州,34.76,113.65,13.81,5.01
20150511,郑州,34.76,113.65,17.14,0.7
20150512,郑州,34.76,113.65,19.35,0.0
20150513,郑州,34.76,113.65,23.24,0.0
20150514,郑州,34.76,113.65,22.84,0.01
20150515,郑州,34.76,113.65,22.89,0.08
20150516,郑州,34.76,113.65,21.64,0.0
20150517,郑州,34.76,113.65,23.02,0.0
20150518,郑州,34.76,113.65,25.63,0.0
20150519,郑州,34.76,113.65,24.14,0.0
20150520,郑州,34.76,113.65,22.29,0.0
20150521,郑州,34.76,113.65,21.42,0.4
20150522,郑州,34.76,113.65,21.37,0.0
20150523,郑州,34.76,113.65,23.59,0.0
20150524,郑州,34.76,113.65,24.34,0.0
20150525,郑州,34.76,113.65,24.65,0.0
20150526,郑州,34.76,113.65,26.09,0.0
20150527,郑州,34.76,113.65,26.01,0.0
20150528,郑州,34.76,113.65,25.84,1.76
20150529,郑州,34.76,113.65,24.22,4.57
20150530,郑州,34.76,113.65,25.33,0.0
20150531,郑州,34.76,113.65,26.13,0.0
20150601,郑州,34.76,113.65,27.28,0.5
20150602,郑州,34.76,113.65,27.31,0.2
20150603,郑州,34.76,113.65,24.78,0.05
20150604,郑州,34.76,113.65,21.99,1.68
20150605,郑州,34.76,113.65,27.68,0.0
20150606,郑州,34.76,113.65,27.74,0.02
20150607,郑州,34.76,113.65,26.12,0.0
20150608,郑州,34.76,113.65,26.94,0.0
20150609,郑州,34.76,113.65,28.64,0.0
20150610,郑州,34.76,113.65,29.44,0.01
20150611,郑州,34.76,113.65,28.23,0.0
20150612,郑州,34.76,113.65,29.13,0.0
20150613,郑州,34.76,113.65,29.33,0.0
20150614,郑州,34.76,113.65,27.85,0.02
20150615,郑州,34.76,113.65,25.42,3.15
20150616,郑州,34.76,113.65,25.04,0.7
20150617,郑州,34.76,113.65,27.43,0.02
20150618,郑州,34.76,113.65,28.53,0.01
20150619,郑州,34.76,113.65,30.25,0.2
20150620,郑州,34.76,113.65,24.85,0.01
20150621,郑州,34.76,113.65,26.94,0.0
20150622,郑州,34.76,113.65,27.86,0.0
20150623,郑州,34.76,113.65,25.95,11.45
20150624,郑州,34.76,113.65,20.76,47.43
20150625,郑州,34.76,113.65,23.27,18.18
20150626,郑州,34.76,113.65,25.32,2.61
20150627,郑州,34.76,113.65,24.54,13.55
20150628,郑州,34.76,113.65,25.18,0.08
20150629,郑州,34.76,113.65,23.01,8.9
20150630,郑州,34.76,113.65,24.78,0.36
20150701,郑州,34.76,113.65,28.85,0.0
20150702,郑州,34.76,113.65,27.11,0.0
20150703,郑州,34.76,113.65,27.27,0.01
20150704,郑州,34.76,113.65,27.83,0.02
20150705,郑州,34.76,113.65,27.42,0.07
20150706,郑州,34.76,113.65,25.04,0.19
20150707,郑州,34.76,113.65,26.08,0.07
20150708,郑州,34.76,113.65,27.62,0.0
20150709,郑州,34.76,113.65,27.18,0.02
20150710,郑州,34.76,113.65,27.05,0.01
20150711,郑州,34.76,113.65,29.76,0.23
20150712,郑州,34.76,113.65,31.47,0.02
20150713,郑州,34.76,113.65,32.08,0.0
20150714,郑州,34.76,113.65,33.29,0.37
20150715,郑州,34.76,113.65,25.11,21.38
20150716,郑州,34.76,113.65,23.87,1.92
20150717,郑州,34.76,113.65,25.68,0.45
20150718,郑州,34.76,113.65,27.26,0.04
20150719,郑州,34.76,113.65,26.24,3.89
20150720,郑州,34.76,113.65,28.04,0.66
20150721,郑州,34.76,113.65,29.22,1.88
20150722,郑州,34.76,113.65,27.05,16.48
20150723,郑州,34.76,113.65,29.09,6.67
20150724,郑州,34.76,113.65,29.61,1.05
20150725,郑州,34.76,113.65,29.24,0.87
20150726,郑州,34.76,113.65,30.76,0.0
20150727,郑州,34.76,113.65,31.28,0.02
20150728,郑州,34.76,113.65,31.93,0.01
20150729,郑州,34.76,113.65,32.61,1.09
20150730,郑州,34.76,113.65,30.58,1.08
20150731,郑州,34.76,113.65,30.59,0.14
20150801,郑州,34.76,113.65,30.7,0.06
20150802,郑州,34.76,113.65,30.73,0.03
20150803,郑州,34.76,113.65,29.75,26.77
20150804,郑州,34.76,113.65,24.87,7.05
20150805,郑州,34.76,113.65,27.78,2.24
20150806,郑州,34.76,113.65,28.06,0.05
20150807,郑州,34.76,113.65,28.36,0.01
20150808,郑州,34.76,113.65,28.03,0.0
20150809,郑州,34.76,113.65,27.76,0.26
20150810,郑州,34.76,113.65,29.01,0.07
20150811,郑州,34.76,113.65,29.49,0.01
20150812,郑州,34.76,113.65,29.17,0.35
20150813,郑州,34.76,113.65,29.84,0.0
20150814,郑州,34.76,113.65,29.04,4.2
20150815,郑州,34.76,113.65,28.58,0.18
20150816,郑州,34.76,113.65,28.98,0.0
20150817,郑州,34.76,113.65,28.41,0.0
20150818,郑州,34.76,113.65,28.04,1.38
20150819,郑州,34.76,113.65,25.79,0.26
20150820,郑州,34.76,113.65,25.92,0.0
20150821,郑州,34.76,113.65,28.55,0.0
20150822,郑州,34.76,113.65,29.27,2.24
20150823,郑州,34.76,113.65,25.06,7.38
20150824,郑州,34.76,113.65,24.3,0.52
20150825,郑州,34.76,113.65,25.34,0.0
20150826,郑州,34.76,113.65,25.32,22.23
20150827,郑州,34.76,113.65,26.37,1.99
20150828,郑州,34.76,113.65,27.26,0.09
20150829,郑州,34.76,113.65,26.5,6.1
20150830,郑州,34.76,113.65,24.69,14.1
20150831,郑州,34.76,113.65,23.21,10.05
20150901,郑州,34.76,113.65,23.12,0.18
20150902,郑州,34.76,113.65,24.14,0.0
20150903,郑州,34.76,113.65,25.51,0.0
20150904,郑州,34.76,113.65,22.57,10.48
20150905,郑州,34.76,113.65,24.93,0.41
20150906,郑州,34.76,113.65,22.73,0.39
20150907,郑州,34.76,113.65,22.85,0.0
20150908,郑州,34.76,113.65,24.67,0.04
20150909,郑州,34.76,113.65,24.43,3.01
20150910,郑州,34.76,113.65,22.83,8.45
20150911,郑州,34.76,113.65,22.08,0.61
20150912,郑州,34.76,113.65,20.09,0.0
20150913,郑州,34.76,113.65,19.88,0.0
20150914,郑州,34.76,113.65,20.43,0.0
20150915,郑州,34.76,113.65,21.0,0.0
20150916,郑州,34.76,113.65,22.68,0.0
20150917,郑州,34.76,113.65,24.33,0.0
20150918,郑州,34.76,113.65,23.69,0.0
20150919,郑州,34.76,113.65,24.25,0.0
20150920,郑州,34.76,113.65,24.56,0.0
20150921,郑州,34.76,113.65,23.72,0.0
20150922,郑州,34.76,113.65,21.23,3.78
20150923,郑州,34.76,113.65,22.8,0.17
20150924,郑州,34.76,113.65,23.35,1.68
20150925,郑州,34.76,113.65,22.47,0.0
20150926,郑州,34.76,113.65,23.77,0.04
20150927,郑州,34.76,113.65,24.89,0.0
20150928,郑州,34.76,113.65,23.19,0.0
20150929,郑州,34.76,113.65,21.53,0.17
20150930,郑州,34.76,113.65,21.0,0.48
20151001,郑州,34.76,113.65,19.77,0.0
20151002,郑州,34.76,113.65,16.89,0.01
20151003,郑州,34.76,113.65,19.81,0.24
20151004,郑州,34.76,113.65,20.59,0.01
20151005,郑州,34.76,113.65,20.29,0.0
20151006,郑州,34.76,113.65,20.73,23.56
20151007,郑州,34.76,113.65,20.69,2.85
20151008,郑州,34.76,113.65,16.9,0.45
20151009,郑州,34.76,113.65,15.81,0.0
20151010,郑州,34.76,113.65,15.1,0.0
20151011,郑州,34.76,113.65,15.3,0.0
20151012,郑州,34.76,113.65,17.74,0.0
20151013,郑州,34.76,113.65,18.79,0.0
20151014,郑州,34.76,113.65,19.66,0.0
20151015,郑州,34.76,113.65,19.41,0.0
20151016,郑州,34.76,113.65,20.24,0.0
20151017,郑州,34.76,113.65,20.92,0.0
20151018,郑州,34.76,113.65,19.14,0.37
20151019,郑州,34.76,113.65,18.11,0.89
20151020,郑州,34.76,113.65,19.4,0.0
20151021,郑州,34.76,113.65,16.99,0.0
20151022,郑州,34.76,113.65,14.67,0.01
20151023,郑州,34.76,113.65,14.5,0.01
20151024,郑州,34.76,113.65,16.4,0.46
20151025,郑州,34.76,113.65,11.2,32.52
20151026,郑州,34.76,113.65,12.06,1.45
20151027,郑州,34.76,113.65,11.55,0.0
20151028,郑州,34.76,113.65,13.94,0.0
20151029,郑州,34.76,113.65,11.55,0.0
20151030,郑州,34.76,113.65,9.68,0.0
20151031,郑州,34.76,113.65,9.2,0.04
20160401,哈尔滨,45.75,126.63,10.45,3.39
20160402,哈尔滨,45.75,126.63,3.67,0.0
20160403,哈尔滨,45.75,126.63,1.29,0.0
20160404,哈尔滨,45.75,126.63,3.16,0.27
20160405,哈尔滨,45.75,126.63,4.22,0.12
20160406,哈尔滨,45.75,126.63,9.78,2.47
20160407,哈尔滨,45.75,126.63,5.41,0.02
20160408,哈尔滨,45.75,126.63,1.1,0.01
20160409,哈尔滨,45.75,126.63,-1.8,0.0
20160410,哈尔滨,45.75,126.63,-0.08,0.01
20160411,哈尔滨,45.75,126.63,3.15,0.0
20160412,哈尔滨,45.75,126.63,2.23,0.57
20160413,哈尔滨,45.75,126.63,4.62,0.24
20160414,哈尔滨,45.75,126.63,6.79,0.36
20160415,哈尔滨,45.75,126.63,7.08,0.48
20160416,哈尔滨,45.75,126.63,5.51,3.96
20160417,哈尔滨,45.75,126.63,4.2,6.4
20160418,哈尔滨,45.75,126.63,6.57,0.0
20160419,哈尔滨,45.75,126.63,10.24,0.0
20160420,哈尔滨,45.75,126.63,10.22,0.13
20160421,哈尔滨,45.75,126.63,11.77,0.0
20160422,哈尔滨,45.75,126.63,7.72,0.0
20160423,哈尔滨,45.75,126.63,5.64,0.05
20160424,哈尔滨,45.75,126.63,7.31,0.21
20160425,哈尔滨,45.75,126.63,8.25,0.03
20160426,哈尔滨,45.75,126.63,8.35,0.0
20160427,哈尔滨,45.75,126.63,9.51,0.05
20160428,哈尔滨,45.75,126.63,10.34,0.0
20160429,哈尔滨,45.75,126.63,10.87,0.0
20160430,哈尔滨,45.75,126.63,11.53,0.0
20160501,哈尔滨,45.75,126.63,11.75,0.51
20160502,哈尔滨,45.75,126.63,12.93,7.15
20160503,哈尔滨,45.75,126.63,7.6,22.61
20160504,哈尔滨,45.75,126.63,10.06,9.97
20160505,哈尔滨,45.75,126.63,14.2,0.0
20160506,哈尔滨,45.75,126.63,10.41,9.02
20160507,哈尔滨,45.75,126.63,10.2,0.32
20160508,哈尔滨,45.75,126.63,11.41,0.0
20160509,哈尔滨,45.75,126.63,13.56,0.03
20160510,哈尔滨,45.75,126.63,14.67,0.05
20160511,哈尔滨,45.75,126.63,17.17,1.99
20160512,哈尔滨,45.75,126.63,10.8,12.42
20160513,哈尔滨,45.75,126.63,10.54,0.02
20160514,哈尔滨,45.75,126.63,12.98,2.43
20160515,哈尔滨,45.75,126.63,11.34,3.24
20160516,哈尔滨,45.75,126.63,8.47,4.17
20160517,哈尔滨,45.75,126.63,17.07,0.0
20160518,哈尔滨,45.75,126.63,20.43,0.0
20160519,哈尔滨,45.75,126.63,21.82,0.0
20160520,哈尔滨,45.75,126.63,21.76,0.0
20160521,哈尔滨,45.75,126.63,18.2,0.0
20160522,哈尔滨,45.75,126.63,16.82,0.0
20160523,哈尔滨,45.75,126.63,17.91,3.07
20160524,哈尔滨,45.75,126.63,14.08,18.19
20160525,哈尔滨,45.75,126.63,14.48,2.07
20160526,哈尔滨,45.75,126.63,12.54,4.68
20160527,哈尔滨,45.75,126.63,14.76,0.07
20160528,哈尔滨,45.75,126.63,19.44,0.0
20160529,哈尔滨,45.75,126.63,15.78,0.09
20160530,哈尔滨,45.75,126.63,11.31,3.41
20160531,哈尔滨,45.75,126.63,14.71,0.1
20160601,哈尔滨,45.75,126.63,19.04,0.0
20160602,哈尔滨,45.75,126.63,18.79,5.49
20160603,哈尔滨,45.75,126.63,20.38,0.07
20160604,哈尔滨,45.75,126.63,17.82,0.36
20160605,哈尔滨,45.75,126.63,22.69,0.1
20160606,哈尔滨,45.75,126.63,19.87,3.31
20160607,哈尔滨,45.75,126.63,18.52,0.95
20160608,哈尔滨,45.75,126.63,17.71,6.99
20160609,哈尔滨,45.75,126.63,19.3,0.54
20160610,哈尔滨,45.75,126.63,17.11,20.22
20160611,哈尔滨,45.75,126.63,17.97,8.68
20160612,哈尔滨,45.75,126.63,17.85,2.41
20160613,哈尔滨,45.75,126.63,16.65,13.95
20160614,哈尔滨,45.75,126.63,18.21,3.72
20160615,哈尔滨,45.75,126.63,19.39,2.77
20160616,哈尔滨,45.75,126.63,18.03,1.19
20160617,哈尔滨,45.75,126.63,19.63,10.28
20160618,哈尔滨,45.75,126.63,20.38,24.33
20160619,哈尔滨,45.75,126.63,19.38,6.63
20160620,哈尔滨,45.75,126.63,20.83,0.01
20160621,哈尔滨,45.75,126.63,21.08,14.79
20160622,哈尔滨,45.75,126.63,21.68,6.95
20160623,哈尔滨,45.75,126.63,18.75,11.2
20160624,哈尔滨,45.75,126.63,16.5,12.41
20160625,哈尔滨,45.75,126.63,18.75,2.1
20160626,哈尔滨,45.75,126.63,20.9,3.36
20160627,哈尔滨,45.75,126.63,22.17,0.23
20160628,哈尔滨,45.75,126.63,23.16,0.14
20160629,哈尔滨,45.75,126.63,21.11,8.54
20160630,哈尔滨,45.75,126.63,20.51,17.36
20160701,哈尔滨,45.75,126.63,19.38,7.26
20160702,哈尔滨,45.75,126.63,20.49,0.12
20160703,哈尔滨,45.75,126.63,23.07,0.33
20160704,哈尔滨,45.75,126.63,23.63,0.39
20160705,哈尔滨,45.75,126.63,23.55,0.12
20160706,哈尔滨,45.75,126.63,23.22,0.0
20160707,哈尔滨,45.75,126.63,25.77,0.01
20160708,哈尔滨,45.75,126.63,25.28,5.35
20160709,哈尔滨,45.75,126.63,24.0,1.59
20160710,哈尔滨,45.75,126.63,24.15,0.0
20160711,哈尔滨,45.75,126.63,27.28,0.03
20160712,哈尔滨,45.75,126.63,23.98,10.13
20160713,哈尔滨,45.75,126.63,21.97,1.97
20160714,哈尔滨,45.75,126.63,19.94,0.0
20160715,哈尔滨,45.75,126.63,21.03,0.0
20160716,哈尔滨,45.75,126.63,20.65,0.19
20160717,哈尔滨,45.75,126.63,19.82,1.24
20160718,哈尔滨,45.75,126.63,22.15,0.05
20160719,哈尔滨,45.75,126.63,24.87,0.0
20160720,哈尔滨,45.75,126.63,24.58,0.58
20160721,哈尔滨,45.75,126.63,25.87,0.01
20160722,哈尔滨,45.75,126.63,24.74,3.41
20160723,哈尔滨,45.75,126.63,25.38,9.78
20160724,哈尔滨,45.75,126.63,25.57,8.65
20160725,哈尔滨,45.75,126.63,22.07,6.52
20160726,哈尔滨,45.75,126.63,22.37,0.09
20160727,哈尔滨,45.75,126.63,23.21,1.9
20160728,哈尔滨,45.75,126.63,23.47,9.05
20160729,哈尔滨,45.75,126.63,22.94,1.79
20160730,哈尔滨,45.75,126.63,25.16,0.04
20160731,哈尔滨,45.75,126.63,25.72,0.0
20160801,哈尔滨,45.75,126.63,26.57,0.0
20160802,哈尔滨,45.75,126.63,27.42,0.0
20160803,哈尔滨,45.75,126.63,27.78,0.0
20160804,哈尔滨,45.75,126.63,28.79,0.23
20160805,哈尔滨,45.75,126.63,24.42,3.57
20160806,哈尔滨,45.75,126.63,25.29,5.76
20160807,哈尔滨,45.75,126.63,21.33,1.19
20160808,哈尔滨,45.75,126.63,21.93,0.0
20160809,哈尔滨,45.75,126.63,23.29,0.0
20160810,哈尔滨,45.75,126.63,25.35,1.08
20160811,哈尔滨,45.75,126.63,28.21,0.34
20160812,哈尔滨,45.75,126.63,28.27,0.36
20160813,哈尔滨,45.75,126.63,27.35,0.02
20160814,哈尔滨,45.75,126.63,24.37,0.03
20160815,哈尔滨,45.75,126.63,22.5,0.01
20160816,哈尔滨,45.75,126.63,22.06,0.96
20160817,哈尔滨,45.75,126.63,22.93,0.0
20160818,哈尔滨,45.75,126.63,23.77,0.04
20160819,哈尔滨,45.75,126.63,23.36,0.63
20160820,哈尔滨,45.75,126.63,22.89,0.03
20160821,哈尔滨,45.75,126.63,23.15,5.7
20160822,哈尔滨,45.75,126.63,22.38,0.74
20160823,哈尔滨,45.75,126.63,23.06,0.0
20160824,哈尔滨,45.75,126.63,23.28,0.56
20160825,哈尔滨,45.75,126.63,18.12,5.36
20160826,哈尔滨,45.75,126.63,19.03,0.0
20160827,哈尔滨,45.75,126.63,20.28,0.0
20160828,哈尔滨,45.75,126.63,21.01,0.0
20160829,哈尔滨,45.75,126.63,19.11,0.18
20160830,哈尔滨,45.75,126.63,15.87,12.85
20160831,哈尔滨,45.75,126.63,19.28,9.73
20160901,哈尔滨,45.75,126.63,19.28,13.48
20160902,哈尔滨,45.75,126.63,17.99,2.69
20160903,哈尔滨,45.75,126.63,21.63,0.87
20160904,哈尔滨,45.75,126.63,21.01,2.39
20160905,哈尔滨,45.75,126.63,21.39,7.9
20160906,哈尔滨,45.75,126.63,20.41,4.93
20160907,哈尔滨,45.75,126.63,19.98,4.01
20160908,哈尔滨,45.75,126.63,18.84,8.13
20160909,哈尔滨,45.75,126.63,17.96,2.65
20160910,哈尔滨,45.75,126.63,16.11,1.74
20160911,哈尔滨,45.75,126.63,14.92,3.95
20160912,哈尔滨,45.75,126.63,17.27,1.02
20160913,哈尔滨,45.75,126.63,17.85,1.17
20160914,哈尔滨,45.75,126.63,18.42,1.63
20160915,哈尔滨,45.75,126.63,18.12,2.9
20160916,哈尔滨,45.75,126.63,15.91,0.2
20160917,哈尔滨,45.75,126.63,14.2,0.38
20160918,哈尔滨,45.75,126.63,13.65,0.03
20160919,哈尔滨,45.75,126.63,14.31,0.0
20160920,哈尔滨,45.75,126.63,15.99,0.0
20160921,哈尔滨,45.75,126.63,16.62,0.0
20160922,哈尔滨,45.75,126.63,17.16,0.7
20160923,哈尔滨,45.75,126.63,16.46,0.98
20160924,哈尔滨,45.75,126.63,17.11,10.07
20160925,哈尔滨,45.75,126.63,13.78,0.53
20160926,哈尔滨,45.75,126.63,13.12,2.62
20160927,哈尔滨,45.75,126.63,7.43,21.79
20160928,哈尔滨,45.75,126.63,6.62,0.0
20160929,哈尔滨,45.75,126.63,8.72,0.0
20160930,哈尔滨,45.75,126.63,12.08,0.0
20161001,哈尔滨,45.75,126.63,13.33,3.78
20161002,哈尔滨,45.75,126.63,10.48,0.0
20161003,哈尔滨,45.75,126.63,6.68,11.1
20161004,哈尔滨,45.75,126.63,3.38,0.28
20161005,哈尔滨,45.75,126.63,3.94,0.02
20161006,哈尔滨,45.75,126.63,2.65,0.0
20161007,哈尔滨,45.75,126.63,3.86,5.71
20161008,哈尔滨,45.75,126.63,3.13,5.44
20161009,哈尔滨,45.75,126.63,2.0,0.01
20161010,哈尔滨,45.75,126.63,1.75,0.06
20161011,哈尔滨,45.75,126.63,2.26,0.0
20161012,哈尔滨,45.75,126.63,2.48,0.0
20161013,哈尔滨,45.75,126.63,4.3,0.0
20161014,哈尔滨,45.75,126.63,7.34,0.01
20161015,哈尔滨,45.75,126.63,12.77,0.06
20161016,哈尔滨,45.75,126.63,12.81,1.93
20161017,哈尔滨,45.75,126.63,5.56,2.46
20161018,哈尔滨,45.75,126.63,4.32,0.0
20161019,哈尔滨,45.75,126.63,2.4,0.72
20161020,哈尔滨,45.75,126.63,-0.75,0.0
20161021,哈尔滨,45.75,126.63,-0.36,0.85
20161022,哈尔滨,45.75,126.63,-1.41,0.01
20161023,哈尔滨,45.75,126.63,0.23,0.0
20161024,哈尔滨,45.75,126.63,0.67,0.01
20161025,哈尔滨,45.75,126.63,2.01,1.34
20161026,哈尔滨,45.75,126.63,-1.58,0.14
20161027,哈尔滨,45.75,126.63,-0.81,0.0
20161028,哈尔滨,45.75,126.63,-2.4,0.0
20161029,哈尔滨,45.75,126.63,-3.8,0.0
20161030,哈尔滨,45.75,126.63,-4.36,0.52
20161031,哈尔滨,45.75,126.63,-7.99,0.01
20160401,长春,43.82,125.32,8.66,3.0
20160402,长春,43.82,125.32,4.54,0.0
20160403,长春,43.82,125.32,3.23,0.0
20160404,长春,43.82,125.32,5.77,0.0
20160405,长春,43.82,125.32,5.59,0.01
20160406,长春,43.82,125.32,9.56,0.21
20160407,长春,43.82,125.32,6.18,0.02
20160408,长春,43.82,125.32,3.29,0.0
20160409,长春,43.82,125.32,-0.35,0.0
20160410,长春,43.82,125.32,0.9,0.0
20160411,长春,43.82,125.32,3.53,0.0
20160412,长春,43.82,125.32,1.77,9.07
20160413,长春,43.82,125.32,4.53,7.72
20160414,长春,43.82,125.32,6.34,0.14
20160415,长春,43.82,125.32,8.0,0.44
20160416,长春,43.82,125.32,8.46,8.35
20160417,长春,43.82,125.32,3.65,13.62
20160418,长春,43.82,125.32,7.33,0.33
20160419,长春,43.82,125.32,9.68,0.0
20160420,长春,43.82,125.32,11.56,0.05
20160421,长春,43.82,125.32,12.24,0.0
20160422,长春,43.82,125.32,7.7,0.0
20160423,长春,43.82,125.32,6.81,0.0
20160424,长春,43.82,125.32,10.15,0.0
20160425,长春,43.82,125.32,7.39,0.45
20160426,长春,43.82,125.32,8.79,0.06
20160427,长春,43.82,125.32,11.78,0.0
20160428,长春,43.82,125.32,10.41,0.0
20160429,长春,43.82,125.32,12.29,0.57
20160430,长春,43.82,125.32,11.14,1.27
20160501,长春,43.82,125.32,15.38,2.08
20160502,长春,43.82,125.32,13.82,7.67
20160503,长春,43.82,125.32,9.3,57.54
20160504,长春,43.82,125.32,9.33,9.29
20160505,长春,43.82,125.32,13.69,8.88
20160506,长春,43.82,125.32,11.9,4.9
20160507,长春,43.82,125.32,11.24,0.29
20160508,长春,43.82,125.32,14.43,0.0
20160509,长春,43.82,125.32,15.57,0.0
20160510,长春,43.82,125.32,15.82,0.12
20160511,长春,43.82,125.32,17.87,2.6
20160512,长春,43.82,125.32,10.27,31.85
20160513,长春,43.82,125.32,11.69,0.0
20160514,长春,43.82,125.32,12.43,6.9
20160515,长春,43.82,125.32,11.47,7.61
20160516,长春,43.82,125.32,11.38,0.06
20160517,长春,43.82,125.32,17.84,0.0
20160518,长春,43.82,125.32,20.77,0.0
20160519,长春,43.82,125.32,19.58,0.0
20160520,长春,43.82,125.32,19.25,0.0
20160521,长春,43.82,125.32,18.91,0.0
20160522,长春,43.82,125.32,15.08,0.0
20160523,长春,43.82,125.32,15.71,14.05
20160524,长春,43.82,125.32,14.01,18.95
20160525,长春,43.82,125.32,13.69,6.91
20160526,长春,43.82,125.32,14.39,0.34
20160527,长春,43.82,125.32,18.87,0.0
20160528,长春,43.82,125.32,20.38,0.0
20160529,长春,43.82,125.32,16.1,0.13
20160530,长春,43.82,125.32,14.84,0.07
20160531,长春,43.82,125.32,15.17,0.04
20160601,长春,43.82,125.32,18.68,0.0
20160602,长春,43.82,125.32,19.14,1.86
20160603,长春,43.82,125.32,21.65,0.82
20160604,长春,43.82,125.32,20.26,0.07
20160605,长春,43.82,125.32,21.6,0.0
20160606,长春,43.82,125.32,20.9,1.74
20160607,长春,43.82,125.32,18.11,0.93
20160608,长春,43.82,125.32,19.79,1.85
20160609,长春,43.82,125.32,20.02,3.93
20160610,长春,43.82,125.32,18.45,3.52
20160611,长春,43.82,125.32,17.03,14.13
20160612,长春,43.82,125.32,18.72,3.89
20160613,长春,43.82,125.32,19.25,2.56
20160614,长春,43.82,125.32,20.26,0.09
20160615,长春,43.82,125.32,19.52,1.08
20160616,长春,43.82,125.32,19.99,1.32
20160617,长春,43.82,125.32,18.98,4.99
20160618,长春,43.82,125.32,20.31,15.31
20160619,长春,43.82,125.32,18.88,5.37
20160620,长春,43.82,125.32,21.54,0.01
20160621,长春,43.82,125.32,22.45,3.25
20160622,长春,43.82,125.32,21.16,23.43
20160623,长春,43.82,125.32,21.09,3.3
20160624,长春,43.82,125.32,16.62,2.3
20160625,长春,43.82,125.32,18.38,4.35
20160626,长春,43.82,125.32,20.96,0.04
20160627,长春,43.82,125.32,22.72,0.11
20160628,长春,43.82,125.32,23.04,0.17
20160629,长春,43.82,125.32,21.82,8.84
20160630,长春,43.82,125.32,20.79,28.91
20160701,长春,43.82,125.32,19.0,0.62
20160702,长春,43.82,125.32,20.53,0.0
20160703,长春,43.82,125.32,23.15,0.0
20160704,长春,43.82,125.32,23.98,0.0
20160705,长春,43.82,125.32,23.59,0.01
20160706,长春,43.82,125.32,23.08,0.0
20160707,长春,43.82,125.32,24.99,0.0
20160708,长春,43.82,125.32,24.82,0.0
20160709,长春,43.82,125.32,25.52,0.16
20160710,长春,43.82,125.32,26.97,0.0
20160711,长春,43.82,125.32,28.04,0.0
20160712,长春,43.82,125.32,25.66,3.93
20160713,长春,43.82,125.32,23.11,0.94
20160714,长春,43.82,125.32,21.72,0.08
20160715,长春,43.82,125.32,20.91,0.0
20160716,长春,43.82,125.32,21.29,0.85
20160717,长春,43.82,125.32,21.75,0.41
20160718,长春,43.82,125.32,23.72,0.02
20160719,长春,43.82,125.32,25.4,0.0
20160720,长春,43.82,125.32,25.33,0.08
20160721,长春,43.82,125.32,24.07,7.12
20160722,长春,43.82,125.32,23.64,18.32
20160723,长春,43.82,125.32,25.51,3.24
20160724,长春,43.82,125.32,26.38,2.17
20160725,长春,43.82,125.32,21.56,33.32
20160726,长春,43.82,125.32,21.48,19.0
20160727,长春,43.82,125.32,23.9,0.04
20160728,长春,43.82,125.32,25.04,10.12
20160729,长春,43.82,125.32,23.55,11.91
20160730,长春,43.82,125.32,25.2,0.31
20160731,长春,43.82,125.32,24.13,2.41
20160801,长春,43.82,125.32,24.8,1.66
20160802,长春,43.82,125.32,26.35,0.0
20160803,长春,43.82,125.32,26.87,0.0
20160804,长春,43.82,125.32,27.89,0.0
20160805,长春,43.82,125.32,28.79,0.02
20160806,长春,43.82,125.32,27.73,2.46
20160807,长春,43.82,125.32,21.52,15.95
20160808,长春,43.82,125.32,21.04,0.0
20160809,长春,43.82,125.32,22.52,0.0
20160810,长春,43.82,125.32,25.99,0.01
20160811,长春,43.82,125.32,27.9,0.05
20160812,长春,43.82,125.32,27.56,0.89
20160813,长春,43.82,125.32,27.68,0.07
20160814,长春,43.82,125.32,24.5,0.0
20160815,长春,43.82,125.32,23.84,0.0
20160816,长春,43.82,125.32,22.27,6.63
20160817,长春,43.82,125.32,22.59,0.0
20160818,长春,43.82,125.32,22.05,0.26
20160819,长春,43.82,125.32,22.25,1.59
20160820,长春,43.82,125.32,23.38,0.0
20160821,长春,43.82,125.32,24.25,0.09
20160822,长春,43.82,125.32,23.18,0.13
20160823,长春,43.82,125.32,23.49,0.01
20160824,长春,43.82,125.32,23.63,0.52
20160825,长春,43.82,125.32,17.67,20.15
20160826,长春,43.82,125.32,18.34,0.0
20160827,长春,43.82,125.32,18.61,0.0
20160828,长春,43.82,125.32,19.48,0.0
20160829,长春,43.82,125.32,19.36,0.27
20160830,长春,43.82,125.32,15.37,21.57
20160831,长春,43.82,125.32,16.68,30.13
20160901,长春,43.82,125.32,17.33,3.84
20160902,长春,43.82,125.32,18.25,3.33
20160903,长春,43.82,125.32,21.22,0.76
20160904,长春,43.82,125.32,20.49,8.92
20160905,长春,43.82,125.32,20.56,6.13
20160906,长春,43.82,125.32,19.75,3.25
20160907,长春,43.82,125.32,19.92,5.25
20160908,长春,43.82,125.32,18.88,11.64
20160909,长春,43.82,125.32,17.93,32.77
20160910,长春,43.82,125.32,18.02,9.76
20160911,长春,43.82,125.32,17.86,2.11
20160912,长春,43.82,125.32,16.67,0.64
20160913,长春,43.82,125.32,17.5,0.07
20160914,长春,43.82,125.32,18.89,5.07
20160915,长春,43.82,125.32,18.87,22.64
20160916,长春,43.82,125.32,16.84,3.3
20160917,长春,43.82,125.32,15.08,0.02
20160918,长春,43.82,125.32,13.44,0.01
20160919,长春,43.82,125.32,14.46,0.0
20160920,长春,43.82,125.32,15.73,0.0
20160921,长春,43.82,125.32,15.76,0.0
20160922,长春,43.82,125.32,16.01,0.0
20160923,长春,43.82,125.32,15.12,10.27
20160924,长春,43.82,125.32,18.35,15.21
20160925,长春,43.82,125.32,15.59,0.39
20160926,长春,43.82,125.32,16.02,8.94
20160927,长春,43.82,125.32,10.61,1.82
20160928,长春,43.82,125.32,7.64,0.0
20160929,长春,43.82,125.32,9.65,0.0
20160930,长春,43.82,125.32,12.4,0.0
20161001,长春,43.82,125.32,15.4,0.62
20161002,长春,43.82,125.32,14.12,0.0
20161003,长春,43.82,125.32,10.69,3.38
20161004,长春,43.82,125.32,5.63,10.16
20161005,长春,43.82,125.32,5.3,1.53
20161006,长春,43.82,125.32,5.13,0.0
20161007,长春,43.82,125.32,6.91,8.42
20161008,长春,43.82,125.32,5.06,7.84
20161009,长春,43.82,125.32,2.81,0.0
20161010,长春,43.82,125.32,3.6,0.84
20161011,长春,43.82,125.32,2.78,0.01
20161012,长春,43.82,125.32,3.04,0.0
20161013,长春,43.82,125.32,7.18,0.0
20161014,长春,43.82,125.32,10.87,0.03
20161015,长春,43.82,125.32,14.02,0.02
20161016,长春,43.82,125.32,12.6,1.86
20161017,长春,43.82,125.32,6.9,0.52
20161018,长春,43.82,125.32,6.44,0.0
20161019,长春,43.82,125.32,5.52,0.06
20161020,长春,43.82,125.32,0.06,0.0
20161021,长春,43.82,125.32,2.99,2.44
20161022,长春,43.82,125.32,0.02,1.23
20161023,长春,43.82,125.32,1.21,0.0
20161024,长春,43.82,125.32,2.85,0.0
20161025,长春,43.82,125.32,5.62,0.26
20161026,长春,43.82,125.32,-0.61,0.02
20161027,长春,43.82,125.32,0.85,0.03
20161028,长春,43.82,125.32,-0.75,0.29
20161029,长春,43.82,125.32,-3.09,0.0
20161030,长春,43.82,125.32,-1.63,1.99
20161031,长春,43.82,125.32,-5.76,0.0
20160401,沈阳,41.8,123.43,7.87,8.31
20160402,沈阳,41.8,123.43,6.66,0.01
20160403,沈阳,41.8,123.43,6.73,0.03
20160404,沈阳,41.8,123.43,9.05,0.0
20160405,沈阳,41.8,123.43,8.08,0.0
20160406,沈阳,41.8,123.43,11.66,0.09
20160407,沈阳,41.8,123.43,8.96,0.0
20160408,沈阳,41.8,123.43,9.64,0.0
20160409,沈阳,41.8,123.43,5.2,0.0
20160410,沈阳,41.8,123.43,3.15,0.0
20160411,沈阳,41.8,123.43,6.51,0.57
20160412,沈阳,41.8,123.43,5.67,17.2
20160413,沈阳,41.8,123.43,8.71,0.63
20160414,沈阳,41.8,123.43,8.8,0.06
20160415,沈阳,41.8,123.43,10.78,0.49
20160416,沈阳,41.8,123.43,10.13,4.96
20160417,沈阳,41.8,123.43,6.7,3.52
20160418,沈阳,41.8,123.43,7.16,0.44
20160419,沈阳,41.8,123.43,10.15,4.98
20160420,沈阳,41.8,123.43,12.87,0.04
20160421,沈阳,41.8,123.43,14.43,0.0
20160422,沈阳,41.8,123.43,10.13,0.0
20160423,沈阳,41.8,123.43,10.1,0.0
20160424,沈阳,41.8,123.43,13.01,0.0
20160425,沈阳,41.8,123.43,10.8,0.06
20160426,沈阳,41.8,123.43,11.0,0.52
20160427,沈阳,41.8,123.43,13.33,0.02
20160428,沈阳,41.8,123.43,12.62,0.0
20160429,沈阳,41.8,123.43,13.42,0.93
20160430,沈阳,41.8,123.43,15.25,0.0
20160501,沈阳,41.8,123.43,18.76,0.06
20160502,沈阳,41.8,123.43,15.84,6.79
20160503,沈阳,41.8,123.43,10.22,61.3
20160504,沈阳,41.8,123.43,13.06,4.39
20160505,沈阳,41.8,123.43,13.69,3.63
20160506,沈阳,41.8,123.43,13.87,0.03
20160507,沈阳,41.8,123.43,14.15,0.01
20160508,沈阳,41.8,123.43,15.56,0.0
20160509,沈阳,41.8,123.43,16.59,0.0
20160510,沈阳,41.8,123.43,18.29,0.0
20160511,沈阳,41.8,123.43,17.81,0.08
20160512,沈阳,41.8,123.43,11.07,32.75
20160513,沈阳,41.8,123.43,13.11,0.0
20160514,沈阳,41.8,123.43,12.85,10.01
20160515,沈阳,41.8,123.43,13.5,7.59
20160516,沈阳,41.8,123.43,15.6,0.04
20160517,沈阳,41.8,123.43,19.48,0.0
20160518,沈阳,41.8,123.43,20.3,0.0
20160519,沈阳,41.8,123.43,19.16,0.0
20160520,沈阳,41.8,123.43,18.81,0.0
20160521,沈阳,41.8,123.43,19.46,0.0
20160522,沈阳,41.8,123.43,18.87,0.0
20160523,沈阳,41.8,123.43,16.88,15.09
20160524,沈阳,41.8,123.43,16.97,2.7
20160525,沈阳,41.8,123.43,17.6,5.48
20160526,沈阳,41.8,123.43,18.1,0.01
20160527,沈阳,41.8,123.43,19.88,0.0
20160528,沈阳,41.8,123.43,20.87,0.0
20160529,沈阳,41.8,123.43,19.38,0.0
20160530,沈阳,41.8,123.43,20.19,0.0
20160531,沈阳,41.8,123.43,17.94,0.06
20160601,沈阳,41.8,123.43,22.32,0.0
20160602,沈阳,41.8,123.43,23.57,0.0
20160603,沈阳,41.8,123.43,22.69,0.01
20160604,沈阳,41.8,123.43,21.99,0.01
20160605,沈阳,41.8,123.43,22.92,0.0
20160606,沈阳,41.8,123.43,22.99,0.29
20160607,沈阳,41.8,123.43,19.3,1.64
20160608,沈阳,41.8,123.43,22.58,0.0
20160609,沈阳,41.8,123.43,21.56,0.15
20160610,沈阳,41.8,123.43,22.18,2.05
20160611,沈阳,41.8,123.43,19.94,32.16
20160612,沈阳,41.8,123.43,21.04,0.08
20160613,沈阳,41.8,123.43,22.89,0.0
20160614,沈阳,41.8,123.43,20.19,2.17
20160615,沈阳,41.8,123.43,19.44,3.92
20160616,沈阳,41.8,123.43,22.64,0.01
20160617,沈阳,41.8,123.43,21.44,1.58
20160618,沈阳,41.8,123.43,22.91,4.25
20160619,沈阳,41.8,123.43,23.46,1.13
20160620,沈阳,41.8,123.43,23.6,0.09
20160621,沈阳,41.8,123.43,24.19,9.04
20160622,沈阳,41.8,123.43,24.4,9.0
20160623,沈阳,41.8,123.43,23.26,9.33
20160624,沈阳,41.8,123.43,20.29,1.58
20160625,沈阳,41.8,123.43,22.03,1.66
20160626,沈阳,41.8,123.43,24.53,0.0
20160627,沈阳,41.8,123.43,21.99,0.0
20160628,沈阳,41.8,123.43,24.1,0.57
20160629,沈阳,41.8,123.43,21.2,8.41
20160630,沈阳,41.8,123.43,23.09,19.97
20160701,沈阳,41.8,123.43,21.82,0.76
20160702,沈阳,41.8,123.43,23.36,0.05
20160703,沈阳,41.8,123.43,25.07,0.0
20160704,沈阳,41.8,123.43,25.7,0.0
20160705,沈阳,41.8,123.43,26.06,0.0
20160706,沈阳,41.8,123.43,25.89,0.0
20160707,沈阳,41.8,123.43,25.61,0.0
20160708,沈阳,41.8,123.43,26.09,0.0
20160709,沈阳,41.8,123.43,27.35,0.0
20160710,沈阳,41.8,123.43,28.61,0.0
20160711,沈阳,41.8,123.43,29.31,0.0
20160712,沈阳,41.8,123.43,26.68,9.13
20160713,沈阳,41.8,123.43,26.38,0.16
20160714,沈阳,41.8,123.43,25.43,0.0
20160715,沈阳,41.8,123.43,22.88,0.01
20160716,沈阳,41.8,123.43,23.89,1.29
20160717,沈阳,41.8,123.43,24.9,2.34
20160718,沈阳,41.8,123.43,26.09,0.0
20160719,沈阳,41.8,123.43,26.12,0.0
20160720,沈阳,41.8,123.43,25.8,1.43
20160721,沈阳,41.8,123.43,23.43,71.05
20160722,沈阳,41.8,123.43,25.09,15.42
20160723,沈阳,41.8,123.43,26.77,0.64
20160724,沈阳,41.8,123.43,28.76,1.83
20160725,沈阳,41.8,123.43,26.49,52.85
20160726,沈阳,41.8,123.43,23.37,13.24
20160727,沈阳,41.8,123.43,25.23,0.09
20160728,沈阳,41.8,123.43,25.68,4.31
20160729,沈阳,41.8,123.43,25.96,7.92
20160730,沈阳,41.8,123.43,26.77,5.98
20160731,沈阳,41.8,123.43,26.24,21.28
20160801,沈阳,41.8,123.43,25.18,5.51
20160802,沈阳,41.8,123.43,26.71,0.04
20160803,沈阳,41.8,123.43,28.25,0.0
20160804,沈阳,41.8,123.43,28.7,0.0
20160805,沈阳,41.8,123.43,28.34,0.0
20160806,沈阳,41.8,123.43,27.07,2.0
20160807,沈阳,41.8,123.43,23.77,20.88
20160808,沈阳,41.8,123.43,22.83,0.0
20160809,沈阳,41.8,123.43,23.64,0.0
20160810,沈阳,41.8,123.43,27.17,0.0
20160811,沈阳,41.8,123.43,28.36,0.0
20160812,沈阳,41.8,123.43,28.74,1.8
20160813,沈阳,41.8,123.43,27.32,3.03
20160814,沈阳,41.8,123.43,25.72,0.63
20160815,沈阳,41.8,123.43,25.69,0.0
20160816,沈阳,41.8,123.43,24.86,0.71
20160817,沈阳,41.8,123.43,24.78,0.38
20160818,沈阳,41.8,123.43,22.34,10.8
20160819,沈阳,41.8,123.43,22.39,5.96
20160820,沈阳,41.8,123.43,24.15,0.01
20160821,沈阳,41.8,123.43,24.92,0.0
20160822,沈阳,41.8,123.43,24.18,0.0
20160823,沈阳,41.8,123.43,23.3,0.0
20160824,沈阳,41.8,123.43,24.86,0.13
20160825,沈阳,41.8,123.43,19.23,8.76
20160826,沈阳,41.8,123.43,19.49,0.0
20160827,沈阳,41.8,123.43,21.22,0.0
20160828,沈阳,41.8,123.43,21.37,0.2
20160829,沈阳,41.8,123.43,21.27,0.0
20160830,沈阳,41.8,123.43,17.84,6.78
20160831,沈阳,41.8,123.43,14.91,39.31
20160901,沈阳,41.8,123.43,17.12,8.06
20160902,沈阳,41.8,123.43,19.84,3.3
20160903,沈阳,41.8,123.43,19.99,4.44
20160904,沈阳,41.8,123.43,22.17,1.64
20160905,沈阳,41.8,123.43,21.48,0.82
20160906,沈阳,41.8,123.43,22.11,0.11
20160907,沈阳,41.8,123.43,20.5,4.59
20160908,沈阳,41.8,123.43,20.31,4.02
20160909,沈阳,41.8,123.43,20.85,2.98
20160910,沈阳,41.8,123.43,20.15,4.51
20160911,沈阳,41.8,123.43,18.71,1.63
20160912,沈阳,41.8,123.43,18.16,5.03
20160913,沈阳,41.8,123.43,18.79,0.01
20160914,沈阳,41.8,123.43,20.69,3.55
20160915,沈阳,41.8,123.43,21.48,1.49
20160916,沈阳,41.8,123.43,20.0,0.63
20160917,沈阳,41.8,123.43,17.64,0.0
20160918,沈阳,41.8,123.43,16.25,0.0
20160919,沈阳,41.8,123.43,15.92,0.0
20160920,沈阳,41.8,123.43,17.85,0.0
20160921,沈阳,41.8,123.43,17.31,0.0
20160922,沈阳,41.8,123.43,18.27,0.0
20160923,沈阳,41.8,123.43,18.19,2.86
20160924,沈阳,41.8,123.43,20.22,1.03
20160925,沈阳,41.8,123.43,18.2,0.03
20160926,沈阳,41.8,123.43,19.86,1.52
20160927,沈阳,41.8,123.43,13.54,2.16
20160928,沈阳,41.8,123.43,9.17,0.0
20160929,沈阳,41.8,123.43,10.88,0.0
20160930,沈阳,41.8,123.43,15.57,0.0
20161001,沈阳,41.8,123.43,18.04,0.0
20161002,沈阳,41.8,123.43,17.7,0.01
20161003,沈阳,41.8,123.43,14.81,0.76
20161004,沈阳,41.8,123.43,9.91,2.32
20161005,沈阳,41.8,123.43,8.7,3.9
20161006,沈阳,41.8,123.43,8.81,0.0
20161007,沈阳,41.8,123.43,10.22,8.26
20161008,沈阳,41.8,123.43,7.02,1.33
20161009,沈阳,41.8,123.43,5.86,0.0
20161010,沈阳,41.8,123.43,8.95,8.36
20161011,沈阳,41.8,123.43,6.83,0.15
20161012,沈阳,41.8,123.43,8.19,0.0
20161013,沈阳,41.8,123.43,12.27,0.02
20161014,沈阳,41.8,123.43,14.5,0.0
20161015,沈阳,41.8,123.43,16.23,0.0
20161016,沈阳,41.8,123.43,14.8,0.47
20161017,沈阳,41.8,123.43,8.85,0.01
20161018,沈阳,41.8,123.43,11.11,0.0
20161019,沈阳,41.8,123.43,11.99,0.0
20161020,沈阳,41.8,123.43,5.12,0.0
20161021,沈阳,41.8,123.43,6.65,3.8
20161022,沈阳,41.8,123.43,2.34,2.68
20161023,沈阳,41.8,123.43,3.04,0.0
20161024,沈阳,41.8,123.43,6.5,0.01
20161025,沈阳,41.8,123.43,7.91,0.04
20161026,沈阳,41.8,123.43,2.47,0.0
20161027,沈阳,41.8,123.43,4.33,3.07
20161028,沈阳,41.8,123.43,2.92,0.91
20161029,沈阳,41.8,123.43,-0.87,0.0
20161030,沈阳,41.8,123.43,-0.08,8.53
20161031,沈阳,41.8,123.43,-4.98,0.0
20160401,呼和浩特,40.82,111.75,2.36,0.01
20160402,呼和浩特,40.82,111.75,-0.45,0.0
20160403,呼和浩特,40.82,111.75,2.36,0.0
20160404,呼和浩特,40.82,111.75,5.37,0.0
20160405,呼和浩特,40.82,111.75,6.53,0.0
20160406,呼和浩特,40.82,111.75,6.08,0.0
20160407,呼和浩特,40.82,111.75,3.0,0.0
20160408,呼和浩特,40.82,111.75,4.52,0.0
20160409,呼和浩特,40.82,111.75,7.73,0.0
20160410,呼和浩特,40.82,111.75,10.28,0.0
20160411,呼和浩特,40.82,111.75,7.83,3.12
20160412,呼和浩特,40.82,111.75,6.95,0.03
20160413,呼和浩特,40.82,111.75,5.62,0.0
20160414,呼和浩特,40.82,111.75,9.44,0.03
20160415,呼和浩特,40.82,111.75,6.41,1.26
20160416,呼和浩特,40.82,111.75,0.96,0.0
20160417,呼和浩特,40.82,111.75,0.26,0.34
20160418,呼和浩特,40.82,111.75,3.03,0.0
20160419,呼和浩特,40.82,111.75,8.05,0.0
20160420,呼和浩特,40.82,111.75,9.25,0.0
20160421,呼和浩特,40.82,111.75,7.87,0.0
20160422,呼和浩特,40.82,111.75,5.34,0.0
20160423,呼和浩特,40.82,111.75,8.58,0.0
20160424,呼和浩特,40.82,111.75,10.99,0.0
20160425,呼和浩特,40.82,111.75,12.58,0.01
20160426,呼和浩特,40.82,111.75,12.13,1.79
20160427,呼和浩特,40.82,111.75,12.4,0.16
20160428,呼和浩特,40.82,111.75,12.25,0.0
20160429,呼和浩特,40.82,111.75,13.81,0.0
20160430,呼和浩特,40.82,111.75,15.91,0.0
20160501,呼和浩特,40.82,111.75,12.97,0.52
20160502,呼和浩特,40.82,111.75,5.93,0.0
20160503,呼和浩特,40.82,111.75,9.35,0.0
20160504,呼和浩特,40.82,111.75,10.8,0.31
20160505,呼和浩特,40.82,111.75,6.4,0.0
20160506,呼和浩特,40.82,111.75,5.48,0.0
20160507,呼和浩特,40.82,111.75,10.05,0.0
20160508,呼和浩特,40.82,111.75,11.41,0.04
20160509,呼和浩特,40.82,111.75,12.2,0.87
20160510,呼和浩特,40.82,111.75,15.04,0.08
20160511,呼和浩特,40.82,111.75,15.06,4.33
20160512,呼和浩特,40.82,111.75,6.43,1.33
20160513,呼和浩特,40.82,111.75,8.81,4.47
20160514,呼和浩特,40.82,111.75,6.83,4.02
20160515,呼和浩特,40.82,111.75,8.03,0.0
20160516,呼和浩特,40.82,111.75,12.6,0.0
20160517,呼和浩特,40.82,111.75,15.04,0.0
20160518,呼和浩特,40.82,111.75,16.71,0.0
20160519,呼和浩特,40.82,111.75,17.03,0.0
20160520,呼和浩特,40.82,111.75,16.77,0.05
20160521,呼和浩特,40.82,111.75,16.09,1.11
20160522,呼和浩特,40.82,111.75,13.48,7.72
20160523,呼和浩特,40.82,111.75,6.86,12.22
20160524,呼和浩特,40.82,111.75,7.82,2.11
20160525,呼和浩特,40.82,111.75,11.52,0.21
20160526,呼和浩特,40.82,111.75,12.06,0.0
20160527,呼和浩特,40.82,111.75,15.4,0.0
20160528,呼和浩特,40.82,111.75,16.01,0.0
20160529,呼和浩特,40.82,111.75,16.79,0.0
20160530,呼和浩特,40.82,111.75,19.5,0.0
20160531,呼和浩特,40.82,111.75,18.72,0.0
20160601,呼和浩特,40.82,111.75,19.54,0.0
20160602,呼和浩特,40.82,111.75,17.31,8.55
20160603,呼和浩特,40.82,111.75,12.79,4.26
20160604,呼和浩特,40.82,111.75,14.05,3.04
20160605,呼和浩特,40.82,111.75,16.08,1.0
20160606,呼和浩特,40.82,111.75,14.95,7.63
20160607,呼和浩特,40.82,111.75,15.84,0.04
20160608,呼和浩特,40.82,111.75,18.29,0.0
20160609,呼和浩特,40.82,111.75,16.96,6.75
20160610,呼和浩特,40.82,111.75,13.5,0.0
20160611,呼和浩特,40.82,111.75,15.39,0.0
20160612,呼和浩特,40.82,111.75,15.91,0.04
20160613,呼和浩特,40.82,111.75,15.35,20.37
20160614,呼和浩特,40.82,111.75,13.23,8.01
20160615,呼和浩特,40.82,111.75,15.74,0.1
20160616,呼和浩特,40.82,111.75,17.33,0.01
20160617,呼和浩特,40.82,111.75,17.43,0.33
20160618,呼和浩特,40.82,111.75,19.22,0.0
20160619,呼和浩特,40.82,111.75,18.76,0.0
20160620,呼和浩特,40.82,111.75,17.8,1.74
20160621,呼和浩特,40.82,111.75,20.65,0.13
20160622,呼和浩特,40.82,111.75,21.13,0.01
20160623,呼和浩特,40.82,111.75,17.19,0.01
20160624,呼和浩特,40.82,111.75,16.4,0.0
20160625,呼和浩特,40.82,111.75,18.85,0.0
20160626,呼和浩特,40.82,111.75,17.45,2.06
20160627,呼和浩特,40.82,111.75,16.35,4.77
20160628,呼和浩特,40.82,111.75,15.67,10.84
20160629,呼和浩特,40.82,111.75,18.77,1.82
20160630,呼和浩特,40.82,111.75,17.21,0.01
20160701,呼和浩特,40.82,111.75,17.38,0.0
20160702,呼和浩特,40.82,111.75,19.09,0.0
20160703,呼和浩特,40.82,111.75,20.21,0.84
20160704,呼和浩特,40.82,111.75,19.89,0.03
20160705,呼和浩特,40.82,111.75,21.97,0.0
20160706,呼和浩特,40.82,111.75,21.39,0.0
20160707,呼和浩特,40.82,111.75,21.19,0.02
20160708,呼和浩特,40.82,111.75,22.09,0.17
20160709,呼和浩特,40.82,111.75,22.78,0.03
20160710,呼和浩特,40.82,111.75,22.64,0.03
20160711,呼和浩特,40.82,111.75,20.87,37.61
20160712,呼和浩特,40.82,111.75,20.85,1.83
20160713,呼和浩特,40.82,111.75,21.35,3.84
20160714,呼和浩特,40.82,111.75,17.82,19.9
20160715,呼和浩特,40.82,111.75,16.1,7.13
20160716,呼和浩特,40.82,111.75,16.38,9.87
20160717,呼和浩特,40.82,111.75,18.37,0.16
20160718,呼和浩特,40.82,111.75,17.52,0.79
20160719,呼和浩特,40.82,111.75,15.85,5.42
20160720,呼和浩特,40.82,111.75,19.44,1.01
20160721,呼和浩特,40.82,111.75,21.35,0.54
20160722,呼和浩特,40.82,111.75,22.93,0.16
20160723,呼和浩特,40.82,111.75,23.37,0.31
20160724,呼和浩特,40.82,111.75,19.67,18.51
20160725,呼和浩特,40.82,111.75,19.65,6.69
20160726,呼和浩特,40.82,111.75,21.32,0.05
20160727,呼和浩特,40.82,111.75,21.61,5.44
20160728,呼和浩特,40.82,111.75,22.36,0.04
20160729,呼和浩特,40.82,111.75,24.45,0.0
20160730,呼和浩特,40.82,111.75,23.66,4.03
20160731,呼和浩特,40.82,111.75,23.76,0.59
20160801,呼和浩特,40.82,111.75,24.53,0.39
20160802,呼和浩特,40.82,111.75,23.12,0.0
20160803,呼和浩特,40.82,111.75,22.74,0.0
20160804,呼和浩特,40.82,111.75,22.61,0.0
20160805,呼和浩特,40.82,111.75,23.17,0.0
20160806,呼和浩特,40.82,111.75,24.25,1.64
20160807,呼和浩特,40.82,111.75,22.03,0.31
20160808,呼和浩特,40.82,111.75,21.32,0.0
20160809,呼和浩特,40.82,111.75,22.06,0.0
20160810,呼和浩特,40.82,111.75,22.96,0.69
20160811,呼和浩特,40.82,111.75,22.68,7.17
20160812,呼和浩特,40.82,111.75,18.98,11.78
20160813,呼和浩特,40.82,111.75,19.68,1.92
20160814,呼和浩特,40.82,111.75,20.64,3.09
20160815,呼和浩特,40.82,111.75,19.65,1.42
20160816,呼和浩特,40.82,111.75,20.78,0.15
20160817,呼和浩特,40.82,111.75,19.01,31.09
20160818,呼和浩特,40.82,111.75,21.27,17.0
20160819,呼和浩特,40.82,111.75,22.08,0.01
20160820,呼和浩特,40.82,111.75,21.84,0.0
20160821,呼和浩特,40.82,111.75,21.32,0.0
20160822,呼和浩特,40.82,111.75,19.29,3.1
20160823,呼和浩特,40.82,111.75,20.8,4.73
20160824,呼和浩特,40.82,111.75,20.25,2.37
20160825,呼和浩特,40.82,111.75,12.88,1.31
20160826,呼和浩特,40.82,111.75,12.97,0.0
20160827,呼和浩特,40.82,111.75,14.29,0.0
20160828,呼和浩特,40.82,111.75,16.03,0.0
20160829,呼和浩特,40.82,111.75,16.55,0.0
20160830,呼和浩特,40.82,111.75,16.27,0.28
20160831,呼和浩特,40.82,111.75,15.87,0.01
20160901,呼和浩特,40.82,111.75,14.43,0.0
20160902,呼和浩特,40.82,111.75,15.71,0.0
20160903,呼和浩特,40.82,111.75,16.35,5.23
20160904,呼和浩特,40.82,111.75,13.61,0.75
20160905,呼和浩特,40.82,111.75,14.66,0.0
20160906,呼和浩特,40.82,111.75,14.53,1.31
20160907,呼和浩特,40.82,111.75,12.93,4.08
20160908,呼和浩特,40.82,111.75,13.26,0.0
20160909,呼和浩特,40.82,111.75,14.44,0.25
20160910,呼和浩特,40.82,111.75,12.57,4.56
20160911,呼和浩特,40.82,111.75,12.49,3.53
20160912,呼和浩特,40.82,111.75,13.88,2.02
20160913,呼和浩特,40.82,111.75,13.2,0.99
20160914,呼和浩特,40.82,111.75,15.14,1.34
20160915,呼和浩特,40.82,111.75,15.83,0.11
20160916,呼和浩特,40.82,111.75,17.7,0.0
20160917,呼和浩特,40.82,111.75,14.02,1.12
20160918,呼和浩特,40.82,111.75,12.28,0.02
20160919,呼和浩特,40.82,111.75,10.76,0.0
20160920,呼和浩特,40.82,111.75,11.97,4.37
20160921,呼和浩特,40.82,111.75,12.72,11.62
20160922,呼和浩特,40.82,111.75,13.7,9.74
20160923,呼和浩特,40.82,111.75,13.95,5.49
20160924,呼和浩特,40.82,111.75,14.4,0.63
20160925,呼和浩特,40.82,111.75,13.3,0.68
20160926,呼和浩特,40.82,111.75,11.55,5.48
20160927,呼和浩特,40.82,111.75,3.09,0.05
20160928,呼和浩特,40.82,111.75,5.33,0.0
20160929,呼和浩特,40.82,111.75,9.75,0.07
20160930,呼和浩特,40.82,111.75,12.19,0.16
20161001,呼和浩特,40.82,111.75,14.11,0.05
20161002,呼和浩特,40.82,111.75,13.75,0.0
20161003,呼和浩特,40.82,111.75,13.49,0.0
20161004,呼和浩特,40.82,111.75,8.74,12.85
20161005,呼和浩特,40.82,111.75,7.33,0.0
20161006,呼和浩特,40.82,111.75,7.29,10.64
20161007,呼和浩特,40.82,111.75,5.26,2.29
20161008,呼和浩特,40.82,111.75,1.85,0.0
20161009,呼和浩特,40.82,111.75,4.81,0.0
20161010,呼和浩特,40.82,111.75,4.86,0.0
20161011,呼和浩特,40.82,111.75,5.92,0.0
20161012,呼和浩特,40.82,111.75,7.21,0.0
20161013,呼和浩特,40.82,111.75,7.56,0.0
20161014,呼和浩特,40.82,111.75,7.89,0.0
20161015,呼和浩特,40.82,111.75,6.76,0.73
20161016,呼和浩特,40.82,111.75,7.42,0.13
20161017,呼和浩特,40.82,111.75,6.21,0.0
20161018,呼和浩特,40.82,111.75,7.04,0.0
20161019,呼和浩特,40.82,111.75,9.73,0.0
20161020,呼和浩特,40.82,111.75,8.02,3.52
20161021,呼和浩特,40.82,111.75,4.28,13.48
20161022,呼和浩特,40.82,111.75,3.23,0.08
20161023,呼和浩特,40.82,111.75,4.0,0.0
20161024,呼和浩特,40.82,111.75,4.07,0.13
20161025,呼和浩特,40.82,111.75,2.35,0.01
20161026,呼和浩特,40.82,111.75,3.21,0.02
20161027,呼和浩特,40.82,111.75,-0.86,8.1
20161028,呼和浩特,40.82,111.75,-4.53,0.0
20161029,呼和浩特,40.82,111.75,-3.97,0.0
20161030,呼和浩特,40.82,111.75,-6.28,0.13
20161031,呼和浩特,40.82,111.75,-9.94,0.0
20160401,济南,36.67,116.98,17.91,0.06
20160402,济南,36.67,116.98,13.5,0.0
20160403,济南,36.67,116.98,11.62,0.0
20160404,济南,36.67,116.98,11.22,0.0
20160405,济南,36.67,116.98,14.55,0.0
20160406,济南,36.67,116.98,15.19,0.0
20160407,济南,36.67,116.98,16.58,0.0
20160408,济南,36.67,116.98,17.15,0.0
20160409,济南,36.67,116.98,18.93,0.0
20160410,济南,36.67,116.98,15.34,0.0
20160411,济南,36.67,116.98,13.51,0.0
20160412,济南,36.67,116.98,16.14,0.0
20160413,济南,36.67,116.98,18.47,0.0
20160414,济南,36.67,116.98,19.16,0.0
20160415,济南,36.67,116.98,20.01,0.0
20160416,济南,36.67,116.98,12.73,9.54
20160417,济南,36.67,116.98,11.91,0.0
20160418,济南,36.67,116.98,12.95,1.02
20160419,济南,36.67,116.98,16.3,0.0
20160420,济南,36.67,116.98,16.94,0.0
20160421,济南,36.67,116.98,20.05,0.0
20160422,济南,36.67,116.98,19.39,0.0
20160423,济南,36.67,116.98,14.87,0.19
20160424,济南,36.67,116.98,18.3,0.0
20160425,济南,36.67,116.98,19.09,0.0
20160426,济南,36.67,116.98,17.25,0.16
20160427,济南,36.67,116.98,15.95,0.03
20160428,济南,36.67,116.98,17.48,0.0
20160429,济南,36.67,116.98,19.6,0.0
20160430,济南,36.67,116.98,23.65,0.18
20160501,济南,36.67,116.98,23.41,0.0
20160502,济南,36.67,116.98,18.01,7.99
20160503,济南,36.67,116.98,16.54,0.07
20160504,济南,36.67,116.98,21.38,0.0
20160505,济南,36.67,116.98,23.95,0.0
20160506,济南,36.67,116.98,18.26,0.0
20160507,济南,36.67,116.98,18.22,0.01
20160508,济南,36.67,116.98,18.13,0.17
20160509,济南,36.67,116.98,14.42,8.15
20160510,济南,36.67,116.98,18.06,0.01
20160511,济南,36.67,116.98,22.62,0.0
20160512,济南,36.67,116.98,18.81,0.68
20160513,济南,36.67,116.98,17.29,0.0
20160514,济南,36.67,116.98,13.62,15.7
20160515,济南,36.67,116.98,15.81,5.88
20160516,济南,36.67,116.98,18.76,0.0
20160517,济南,36.67,116.98,21.13,0.0
20160518,济南,36.67,116.98,20.36,0.0
20160519,济南,36.67,116.98,20.77,0.0
20160520,济南,36.67,116.98,19.89,0.0
20160521,济南,36.67,116.98,21.65,0.0
20160522,济南,36.67,116.98,21.51,0.0
20160523,济南,36.67,116.98,19.28,0.34
20160524,济南,36.67,116.98,21.11,0.0
20160525,济南,36.67,116.98,20.41,0.0
20160526,济南,36.67,116.98,21.64,0.0
20160527,济南,36.67,116.98,19.55,1.99
20160528,济南,36.67,116.98,18.79,0.64
20160529,济南,36.67,116.98,22.48,0.0
20160530,济南,36.67,116.98,24.37,0.0
20160531,济南,36.67,116.98,24.53,2.93
20160601,济南,36.67,116.98,22.83,0.0
20160602,济南,36.67,116.98,23.72,0.0
20160603,济南,36.67,116.98,21.75,0.0
20160604,济南,36.67,116.98,23.72,0.0
20160605,济南,36.67,116.98,20.14,2.91
20160606,济南,36.67,116.98,22.86,0.42
20160607,济南,36.67,116.98,22.96,1.13
20160608,济南,36.67,116.98,24.74,0.2
20160609,济南,36.67,116.98,26.16,0.0
20160610,济南,36.67,116.98,25.15,0.3
20160611,济南,36.67,116.98,25.43,3.01
20160612,济南,36.67,116.98,24.62,0.0
20160613,济南,36.67,116.98,24.04,22.67
20160614,济南,36.67,116.98,23.45,31.5
20160615,济南,36.67,116.98,21.42,0.26
20160616,济南,36.67,116.98,25.12,0.01
20160617,济南,36.67,116.98,26.69,0.0
20160618,济南,36.67,116.98,27.65,0.0
20160619,济南,36.67,116.98,28.42,0.34
20160620,济南,36.67,116.98,28.72,8.54
20160621,济南,36.67,116.98,27.72,11.65
20160622,济南,36.67,116.98,29.4,6.95
20160623,济南,36.67,116.98,24.95,41.74
20160624,济南,36.67,116.98,23.47,0.01
20160625,济南,36.67,116.98,25.12,0.0
20160626,济南,36.67,116.98,25.77,0.0
20160627,济南,36.67,116.98,25.4,0.01
20160628,济南,36.67,116.98,24.54,0.04
20160629,济南,36.67,116.98,26.79,0.05
20160630,济南,36.67,116.98,26.6,7.52
20160701,济南,36.67,116.98,26.26,17.11
20160702,济南,36.67,116.98,26.48,0.03
20160703,济南,36.67,116.98,26.6,10.13
20160704,济南,36.67,116.98,24.8,0.29
20160705,济南,36.67,116.98,24.58,0.0
20160706,济南,36.67,116.98,26.19,0.4
20160707,济南,36.67,116.98,26.89,1.45
20160708,济南,36.67,116.98,28.27,0.03
20160709,济南,36.67,116.98,26.83,0.06
20160710,济南,36.67,116.98,28.1,0.0
20160711,济南,36.67,116.98,28.77,0.0
20160712,济南,36.67,116.98,27.81,10.0
20160713,济南,36.67,116.98,27.06,1.3
20160714,济南,36.67,116.98,26.44,2.73
20160715,济南,36.67,116.98,21.72,38.2
20160716,济南,36.67,116.98,23.12,0.21
20160717,济南,36.67,116.98,25.48,6.59
20160718,济南,36.67,116.98,26.89,2.07
20160719,济南,36.67,116.98,25.61,5.41
20160720,济南,36.67,116.98,25.84,56.44
20160721,济南,36.67,116.98,26.72,26.32
20160722,济南,36.67,116.98,28.28,13.54
20160723,济南,36.67,116.98,28.81,3.99
20160724,济南,36.67,116.98,29.62,0.51
20160725,济南,36.67,116.98,29.63,6.45
20160726,济南,36.67,116.98,28.04,7.83
20160727,济南,36.67,116.98,27.78,1.5
20160728,济南,36.67,116.98,27.72,1.37
20160729,济南,36.67,116.98,29.0,0.0
20160730,济南,36.67,116.98,28.55,6.44
20160731,济南,36.67,116.98,27.71,15.77
20160801,济南,36.67,116.98,26.41,37.41
20160802,济南,36.67,116.98,26.44,17.24
20160803,济南,36.67,116.98,25.76,10.28
20160804,济南,36.67,116.98,26.58,2.61
20160805,济南,36.67,116.98,26.69,1.5
20160806,济南,36.67,116.98,25.91,25.22
20160807,济南,36.67,116.98,25.62,10.95
20160808,济南,36.67,116.98,26.25,10.42
20160809,济南,36.67,116.98,27.29,0.95
20160810,济南,36.67,116.98,27.39,0.03
20160811,济南,36.67,116.98,28.6,0.06
20160812,济南,36.67,116.98,28.9,0.1
20160813,济南,36.67,116.98,28.67,0.33
20160814,济南,36.67,116.98,28.21,10.58
20160815,济南,36.67,116.98,25.93,12.88
20160816,济南,36.67,116.98,23.63,37.74
20160817,济南,36.67,116.98,26.17,5.05
20160818,济南,36.67,116.98,26.53,0.12
20160819,济南,36.67,116.98,25.56,36.04
20160820,济南,36.67,116.98,24.55,5.47
20160821,济南,36.67,116.98,24.64,0.06
20160822,济南,36.67,116.98,24.92,0.0
20160823,济南,36.67,116.98,25.74,0.0
20160824,济南,36.67,116.98,26.59,0.11
20160825,济南,36.67,116.98,22.15,19.54
20160826,济南,36.67,116.98,19.47,0.0
20160827,济南,36.67,116.98,20.48,0.0
20160828,济南,36.67,116.98,20.57,0.0
20160829,济南,36.67,116.98,21.03,0.0
20160830,济南,36.67,116.98,22.1,0.0
20160831,济南,36.67,116.98,21.9,0.0
20160901,济南,36.67,116.98,21.83,0.0
20160902,济南,36.67,116.98,22.46,0.0
20160903,济南,36.67,116.98,23.88,0.0
20160904,济南,36.67,116.98,24.02,0.0
20160905,济南,36.67,116.98,24.38,0.0
20160906,济南,36.67,116.98,23.96,0.25
20160907,济南,36.67,116.98,22.13,6.0
20160908,济南,36.67,116.98,23.16,0.0
20160909,济南,36.67,116.98,23.78,3.4
20160910,济南,36.67,116.98,23.73,0.78
20160911,济南,36.67,116.98,22.54,1.09
20160912,济南,36.67,116.98,21.95,1.07
20160913,济南,36.67,116.98,20.92,0.24
20160914,济南,36.67,116.98,23.4,0.06
20160915,济南,36.67,116.98,23.24,0.0
20160916,济南,36.67,116.98,23.06,0.0
20160917,济南,36.67,116.98,21.59,0.0
20160918,济南,36.67,116.98,19.78,0.0
20160919,济南,36.67,116.98,17.87,0.0
20160920,济南,36.67,116.98,18.01,0.0
20160921,济南,36.67,116.98,18.87,0.0
20160922,济南,36.67,116.98,19.13,0.0
20160923,济南,36.67,116.98,20.38,0.0
20160924,济南,36.67,116.98,20.14,0.0
20160925,济南,36.67,116.98,22.16,0.04
20160926,济南,36.67,116.98,21.97,8.27
20160927,济南,36.67,116.98,18.87,3.16
20160928,济南,36.67,116.98,14.83,0.03
20160929,济南,36.67,116.98,14.63,0.0
20160930,济南,36.67,116.98,17.46,0.0
20161001,济南,36.67,116.98,19.33,0.04
20161002,济南,36.67,116.98,20.79,2.57
20161003,济南,36.67,116.98,21.77,0.08
20161004,济南,36.67,116.98,21.39,0.0
20161005,济南,36.67,116.98,19.33,0.0
20161006,济南,36.67,116.98,16.89,0.0
20161007,济南,36.67,116.98,16.24,0.88
20161008,济南,36.67,116.98,12.23,1.69
20161009,济南,36.67,116.98,12.17,0.0
20161010,济南,36.67,116.98,13.37,0.0
20161011,济南,36.67,116.98,15.3,0.0
20161012,济南,36.67,116.98,15.98,0.0
20161013,济南,36.67,116.98,16.01,0.0
20161014,济南,36.67,116.98,15.92,0.0
20161015,济南,36.67,116.98,15.52,13.95
20161016,济南,36.67,116.98,15.61,1.89
20161017,济南,36.67,116.98,17.0,0.0
20161018,济南,36.67,116.98,17.09,0.0
20161019,济南,36.67,116.98,17.58,0.0
20161020,济南,36.67,116.98,17.17,0.53
20161021,济南,36.67,116.98,16.27,1.96
20161022,济南,36.67,116.98,12.09,5.23
20161023,济南,36.67,116.98,8.56,6.09
20161024,济南,36.67,116.98,10.13,11.52
20161025,济南,36.67,116.98,10.37,0.05
20161026,济南,36.67,116.98,12.98,0.88
20161027,济南,36.67,116.98,11.42,4.9
20161028,济南,36.67,116.98,9.06,0.26
20161029,济南,36.67,116.98,7.41,0.0
20161030,济南,36.67,116.98,8.67,0.27
20161031,济南,36.67,116.98,4.41,1.2
20160401,郑州,34.76,113.65,18.98,0.0
20160402,郑州,34.76,113.65,17.38,0.06
20160403,郑州,34.76,113.65,13.48,2.21
20160404,郑州,34.76,113.65,14.6,0.09
20160405,郑州,34.76,113.65,16.51,0.29
20160406,郑州,34.76,113.65,14.93,3.98
20160407,郑州,34.76,113.65,18.81,0.0
20160408,郑州,34.76,113.65,18.08,0.0
20160409,郑州,34.76,113.65,21.06,0.0
20160410,郑州,34.76,113.65,18.87,0.0
20160411,郑州,34.76,113.65,15.32,0.14
20160412,郑州,34.76,113.65,19.54,0.41
20160413,郑州,34.76,113.65,20.64,0.0
20160414,郑州,34.76,113.65,20.92,0.0
20160415,郑州,34.76,113.65,21.08,14.99
20160416,郑州,34.76,113.65,16.68,11.1
20160417,郑州,34.76,113.65,15.22,0.0
20160418,郑州,34.76,113.65,16.22,0.0
20160419,郑州,34.76,113.65,18.58,0.03
20160420,郑州,34.76,113.65,17.71,0.01
20160421,郑州,34.76,113.65,21.29,0.0
20160422,郑州,34.76,113.65,21.16,0.0
20160423,郑州,34.76,113.65,19.27,2.67
20160424,郑州,34.76,113.65,18.44,2.48
20160425,郑州,34.76,113.65,18.17,0.08
20160426,郑州,34.76,113.65,18.98,0.12
20160427,郑州,34.76,113.65,17.55,3.14
20160428,郑州,34.76,113.65,17.22,0.33
20160429,郑州,34.76,113.65,21.08,0.0
20160430,郑州,34.76,113.65,25.96,0.0
20160501,郑州,34.76,113.65,25.44,0.0
20160502,郑州,34.76,113.65,21.19,0.01
20160503,郑州,34.76,113.65,20.33,0.0
20160504,郑州,34.76,113.65,24.15,0.0
20160505,郑州,34.76,113.65,26.95,0.0
20160506,郑州,34.76,113.65,22.88,0.0
20160507,郑州,34.76,113.65,18.41,3.96
20160508,郑州,34.76,113.65,16.95,0.23
20160509,郑州,34.76,113.65,16.04,0.77
20160510,郑州,34.76,113.65,20.22,0.05
20160511,郑州,34.76,113.65,24.77,0.0
20160512,郑州,34.76,113.65,23.51,0.23
20160513,郑州,34.76,113.65,16.88,3.77
20160514,郑州,34.76,113.65,15.06,18.35
20160515,郑州,34.76,113.65,19.12,0.04
20160516,郑州,34.76,113.65,21.16,0.0
20160517,郑州,34.76,113.65,22.08,0.0
20160518,郑州,34.76,113.65,21.51,0.0
20160519,郑州,34.76,113.65,21.13,0.0
20160520,郑州,34.76,113.65,20.94,0.02
20160521,郑州,34.76,113.65,22.93,0.02
20160522,郑州,34.76,113.65,22.86,0.01
20160523,郑州,34.76,113.65,22.07,0.33
20160524,郑州,34.76,113.65,23.23,0.0
20160525,郑州,34.76,113.65,24.48,0.0
20160526,郑州,34.76,113.65,23.29,0.0
20160527,郑州,34.76,113.65,17.89,15.32
20160528,郑州,34.76,113.65,21.04,0.01
20160529,郑州,34.76,113.65,24.59,0.0
20160530,郑州,34.76,113.65,25.16,0.0
20160531,郑州,34.76,113.65,25.6,12.58
20160601,郑州,34.76,113.65,24.02,1.32
20160602,郑州,34.76,113.65,23.2,2.36
20160603,郑州,34.76,113.65,24.26,0.17
20160604,郑州,34.76,113.65,25.57,1.95
20160605,郑州,34.76,113.65,21.94,18.65
20160606,郑州,34.76,113.65,23.04,2.26
20160607,郑州,34.76,113.65,23.38,3.91
20160608,郑州,34.76,113.65,23.67,0.33
20160609,郑州,34.76,113.65,26.73,0.0
20160610,郑州,34.76,113.65,27.81,0.0
20160611,郑州,34.76,113.65,27.77,0.43
20160612,郑州,34.76,113.65,26.3,0.9
20160613,郑州,34.76,113.65,28.46,2.2
20160614,郑州,34.76,113.65,27.78,34.13
20160615,郑州,34.76,113.65,24.01,0.0
20160616,郑州,34.76,113.65,28.06,0.0
20160617,郑州,34.76,113.65,28.76,0.0
20160618,郑州,34.76,113.65,29.05,0.0
20160619,郑州,34.76,113.65,30.36,0.03
20160620,郑州,34.76,113.65,31.03,0.48
20160621,郑州,34.76,113.65,30.03,8.49
20160622,郑州,34.76,113.65,32.39,0.32
20160623,郑州,34.76,113.65,25.37,33.91
20160624,郑州,34.76,113.65,26.07,0.0
20160625,郑州,34.76,113.65,28.21,0.0
20160626,郑州,34.76,113.65,28.42,0.0
20160627,郑州,34.76,113.65,26.7,0.0
20160628,郑州,34.76,113.65,27.61,0.25
20160629,郑州,34.76,113.65,29.53,0.27
20160630,郑州,34.76,113.65,29.69,0.11
20160701,郑州,34.76,113.65,29.35,0.07
20160702,郑州,34.76,113.65,29.32,0.01
20160703,郑州,34.76,113.65,27.87,0.14
20160704,郑州,34.76,113.65,27.78,0.12
20160705,郑州,34.76,113.65,27.7,0.01
20160706,郑州,34.76,113.65,28.16,0.0
20160707,郑州,34.76,113.65,28.54,0.29
20160708,郑州,34.76,113.65,29.39,1.11
20160709,郑州,34.76,113.65,27.26,54.67
20160710,郑州,34.76,113.65,27.32,35.15
20160711,郑州,34.76,113.65,28.39,0.76
20160712,郑州,34.76,113.65,29.69,0.16
20160713,郑州,34.76,113.65,27.56,0.04
20160714,郑州,34.76,113.65,25.98,35.54
20160715,郑州,34.76,113.65,23.31,6.16
20160716,郑州,34.76,113.65,25.05,0.65
20160717,郑州,34.76,113.65,27.87,0.27
20160718,郑州,34.76,113.65,27.17,2.93
20160719,郑州,34.76,113.65,26.01,81.65
20160720,郑州,34.76,113.65,27.0,3.67
20160721,郑州,34.76,113.65,28.68,0.35
20160722,郑州,34.76,113.65,30.69,0.0
20160723,郑州,34.76,113.65,29.96,0.86
20160724,郑州,34.76,113.65,30.23,1.98
20160725,郑州,34.76,113.65,29.16,1.96
20160726,郑州,34.76,113.65,30.33,0.03
20160727,郑州,34.76,113.65,27.25,6.16
20160728,郑州,34.76,113.65,29.33,0.01
20160729,郑州,34.76,113.65,30.46,0.0
20160730,郑州,34.76,113.65,30.19,13.13
20160731,郑州,34.76,113.65,29.43,3.69
20160801,郑州,34.76,113.65,29.0,5.25
20160802,郑州,34.76,113.65,27.06,10.51
20160803,郑州,34.76,113.65,26.96,0.48
20160804,郑州,34.76,113.65,26.37,3.74
20160805,郑州,34.76,113.65,26.63,2.61
20160806,郑州,34.76,113.65,26.63,0.78
20160807,郑州,34.76,113.65,26.99,4.19
20160808,郑州,34.76,113.65,26.06,0.35
20160809,郑州,34.76,113.65,27.27,3.73
20160810,郑州,34.76,113.65,28.87,0.73
20160811,郑州,34.76,113.65,30.03,0.27
20160812,郑州,34.76,113.65,30.89,0.0
20160813,郑州,34.76,113.65,30.47,0.38
20160814,郑州,34.76,113.65,30.17,0.37
20160815,郑州,34.76,113.65,27.03,0.28
20160816,郑州,34.76,113.65,24.85,0.01
20160817,郑州,34.76,113.65,27.35,0.0
20160818,郑州,34.76,113.65,30.67,0.1
20160819,郑州,34.76,113.65,28.04,8.8
20160820,郑州,34.76,113.65,26.42,8.7
20160821,郑州,34.76,113.65,26.66,0.0
20160822,郑州,34.76,113.65,27.91,0.28
20160823,郑州,34.76,113.65,29.35,0.78
20160824,郑州,34.76,113.65,30.94,0.12
20160825,郑州,34.76,113.65,25.82,28.63
20160826,郑州,34.76,113.65,22.58,0.06
20160827,郑州,34.76,113.65,23.81,0.0
20160828,郑州,34.76,113.65,24.24,0.0
20160829,郑州,34.76,113.65,24.31,0.0
20160830,郑州,34.76,113.65,24.84,0.0
20160831,郑州,34.76,113.65,26.76,0.0
20160901,郑州,34.76,113.65,27.1,0.0
20160902,郑州,34.76,113.65,27.18,0.0
20160903,郑州,34.76,113.65,24.43,0.0
20160904,郑州,34.76,113.65,27.24,0.0
20160905,郑州,34.76,113.65,26.78,0.0
20160906,郑州,34.76,113.65,27.18,0.95
20160907,郑州,34.76,113.65,25.31,0.95
20160908,郑州,34.76,113.65,27.01,0.0
20160909,郑州,34.76,113.65,27.4,0.04
20160910,郑州,34.76,113.65,27.13,0.6
20160911,郑州,34.76,113.65,26.55,0.05
20160912,郑州,34.76,113.65,24.01,9.76
20160913,郑州,34.76,113.65,22.52,22.0
20160914,郑州,34.76,113.65,24.81,0.01
20160915,郑州,34.76,113.65,25.71,0.0
20160916,郑州,34.76,113.65,25.27,0.0
20160917,郑州,34.76,113.65,25.55,0.0
20160918,郑州,34.76,113.65,22.21,2.88
20160919,郑州,34.76,113.65,20.87,4.4
20160920,郑州,34.76,113.65,21.16,0.0
20160921,郑州,34.76,113.65,22.77,0.0
20160922,郑州,34.76,113.65,22.82,0.0
20160923,郑州,34.76,113.65,24.11,0.0
20160924,郑州,34.76,113.65,22.11,0.09
20160925,郑州,34.76,113.65,21.75,0.7
20160926,郑州,34.76,113.65,20.84,12.81
20160927,郑州,34.76,113.65,20.57,5.56
20160928,郑州,34.76,113.65,17.51,0.02
20160929,郑州,34.76,113.65,16.64,0.0
20160930,郑州,34.76,113.65,19.64,0.0
20161001,郑州,34.76,113.65,19.94,3.24
20161002,郑州,34.76,113.65,22.36,0.11
20161003,郑州,34.76,113.65,23.28,0.0
20161004,郑州,34.76,113.65,23.37,0.0
20161005,郑州,34.76,113.65,21.84,0.0
20161006,郑州,34.76,113.65,18.99,0.78
20161007,郑州,34.76,113.65,17.83,3.43
20161008,郑州,34.76,113.65,15.53,0.0
20161009,郑州,34.76,113.65,13.76,0.01
20161010,郑州,34.76,113.65,14.05,0.01
20161011,郑州,34.76,113.65,15.25,0.0
20161012,郑州,34.76,113.65,16.26,0.06
20161013,郑州,34.76,113.65,17.08,0.02
20161014,郑州,34.76,113.65,16.57,0.62
20161015,郑州,34.76,113.65,15.29,7.39
20161016,郑州,34.76,113.65,18.12,0.02
20161017,郑州,34.76,113.65,19.27,0.0
20161018,郑州,34.76,113.65,18.45,0.0
20161019,郑州,34.76,113.65,19.06,0.01
20161020,郑州,34.76,113.65,18.46,15.06
20161021,郑州,34.76,113.65,14.94,8.72
20161022,郑州,34.76,113.65,13.12,0.78
20161023,郑州,34.76,113.65,9.24,17.25
20161024,郑州,34.76,113.65,9.73,12.01
20161025,郑州,34.76,113.65,12.37,2.88
20161026,郑州,34.76,113.65,14.6,14.78
20161027,郑州,34.76,113.65,12.58,19.68
20161028,郑州,34.76,113.65,10.7,0.06
20161029,郑州,34.76,113.65,9.94,0.07
20161030,郑州,34.76,113.65,10.02,0.18
20161031,郑州,34.76,113.65,7.3,0.05
20170401,哈尔滨,45.75,126.63,3.44,0.0
20170402,哈尔滨,45.75,126.63,5.42,0.0
20170403,哈尔滨,45.75,126.63,7.51,0.0
20170404,哈尔滨,45.75,126.63,11.95,0.0
20170405,哈尔滨,45.75,126.63,13.29,0.0
20170406,哈尔滨,45.75,126.63,6.71,0.44
20170407,哈尔滨,45.75,126.63,4.89,0.43
20170408,哈尔滨,45.75,126.63,4.74,0.11
20170409,哈尔滨,45.75,126.63,4.95,0.0
20170410,哈尔滨,45.75,126.63,8.88,0.13
20170411,哈尔滨,45.75,126.63,2.66,0.07
20170412,哈尔滨,45.75,126.63,0.01,0.0
20170413,哈尔滨,45.75,126.63,7.48,0.0
20170414,哈尔滨,45.75,126.63,11.72,0.0
20170415,哈尔滨,45.75,126.63,10.94,0.0
20170416,哈尔滨,45.75,126.63,6.13,0.0
20170417,哈尔滨,45.75,126.63,6.66,5.28
20170418,哈尔滨,45.75,126.63,5.22,0.92
20170419,哈尔滨,45.75,126.63,5.29,1.64
20170420,哈尔滨,45.75,126.63,6.21,0.01
20170421,哈尔滨,45.75,126.63,7.24,0.0
20170422,哈尔滨,45.75,126.63,10.81,0.01
20170423,哈尔滨,45.75,126.63,9.18,0.15
20170424,哈尔滨,45.75,126.63,4.39,1.96
20170425,哈尔滨,45.75,126.63,5.12,0.48
20170426,哈尔滨,45.75,126.63,6.63,0.45
20170427,哈尔滨,45.75,126.63,9.39,0.01
20170428,哈尔滨,45.75,126.63,11.13,0.0
20170429,哈尔滨,45.75,126.63,12.98,0.1
20170430,哈尔滨,45.75,126.63,9.82,0.02
20170501,哈尔滨,45.75,126.63,14.02,0.0
20170502,哈尔滨,45.75,126.63,19.64,0.0
20170503,哈尔滨,45.75,126.63,21.41,0.0
20170504,哈尔滨,45.75,126.63,15.75,0.06
20170505,哈尔滨,45.75,126.63,11.87,6.04
20170506,哈尔滨,45.75,126.63,4.04,6.55
20170507,哈尔滨,45.75,126.63,8.94,0.24
20170508,哈尔滨,45.75,126.63,12.66,0.0
20170509,哈尔滨,45.75,126.63,18.92,0.0
20170510,哈尔滨,45.75,126.63,17.96,0.12
20170511,哈尔滨,45.75,126.63,18.18,0.73
20170512,哈尔滨,45.75,126.63,11.38,1.52
20170513,哈尔滨,45.75,126.63,11.31,17.58
20170514,哈尔滨,45.75,126.63,12.26,8.64
20170515,哈尔滨,45.75,126.63,14.14,0.12
20170516,哈尔滨,45.75,126.63,17.22,0.0
20170517,哈尔滨,45.75,126.63,20.22,0.0
20170518,哈尔滨,45.75,126.63,23.58,0.0
20170519,哈尔滨,45.75,126.63,21.52,0.0
20170520,哈尔滨,45.75,126.63,15.29,4.81
20170521,哈尔滨,45.75,126.63,11.76,5.72
20170522,哈尔滨,45.75,126.63,9.07,6.89
20170523,哈尔滨,45.75,126.63,12.93,3.92
20170524,哈尔滨,45.75,126.63,11.97,1.61
20170525,哈尔滨,45.75,126.63,13.04,0.0
20170526,哈尔滨,45.75,126.63,15.4,0.0
20170527,哈尔滨,45.75,126.63,18.43,0.0
20170528,哈尔滨,45.75,126.63,17.9,0.07
20170529,哈尔滨,45.75,126.63,17.0,0.16
20170530,哈尔滨,45.75,126.63,14.86,0.0
20170531,哈尔滨,45.75,126.63,15.34,0.01
20170601,哈尔滨,45.75,126.63,11.92,11.7
20170602,哈尔滨,45.75,126.63,11.51,7.7
20170603,哈尔滨,45.75,126.63,11.09,3.92
20170604,哈尔滨,45.75,126.63,15.02,0.18
20170605,哈尔滨,45.75,126.63,18.61,0.0
20170606,哈尔滨,45.75,126.63,18.25,1.11
20170607,哈尔滨,45.75,126.63,17.26,1.13
20170608,哈尔滨,45.75,126.63,17.06,0.12
20170609,哈尔滨,45.75,126.63,12.5,5.94
20170610,哈尔滨,45.75,126.63,13.08,0.25
20170611,哈尔滨,45.75,126.63,15.77,0.0
20170612,哈尔滨,45.75,126.63,18.72,0.02
20170613,哈尔滨,45.75,126.63,22.43,0.6
20170614,哈尔滨,45.75,126.63,22.52,1.79
20170615,哈尔滨,45.75,126.63,20.62,0.0
20170616,哈尔滨,45.75,126.63,22.23,0.01
20170617,哈尔滨,45.75,126.63,23.13,1.16
20170618,哈尔滨,45.75,126.63,21.71,2.91
20170619,哈尔滨,45.75,126.63,21.95,3.23
20170620,哈尔滨,45.75,126.63,19.02,12.54
20170621,哈尔滨,45.75,126.63,18.35,10.25
20170622,哈尔滨,45.75,126.63,21.32,0.11
20170623,哈尔滨,45.75,126.63,24.26,0.0
20170624,哈尔滨,45.75,126.63,25.23,1.87
20170625,哈尔滨,45.75,126.63,21.96,0.57
20170626,哈尔滨,45.75,126.63,23.41,0.01
20170627,哈尔滨,45.75,126.63,25.61,0.0
20170628,哈尔滨,45.75,126.63,26.32,0.39
20170629,哈尔滨,45.75,126.63,26.44,2.42
20170630,哈尔滨,45.75,126.63,25.39,8.45
20170701,哈尔滨,45.75,126.63,25.49,3.07
20170702,哈尔滨,45.75,126.63,24.49,2.65
20170703,哈尔滨,45.75,126.63,26.32,0.35
20170704,哈尔滨,45.75,126.63,28.39,0.0
20170705,哈尔滨,45.75,126.63,29.4,0.0
20170706,哈尔滨,45.75,126.63,29.31,0.0
20170707,哈尔滨,45.75,126.63,29.95,0.13
20170708,哈尔滨,45.75,126.63,27.23,10.31
20170709,哈尔滨,45.75,126.63,27.59,1.99
20170710,哈尔滨,45.75,126.63,25.14,2.15
20170711,哈尔滨,45.75,126.63,26.64,4.57
20170712,哈尔滨,45.75,126.63,26.68,6.58
20170713,哈尔滨,45.75,126.63,25.99,1.12
20170714,哈尔滨,45.75,126.63,27.33,1.85
20170715,哈尔滨,45.75,126.63,26.27,0.02
20170716,哈尔滨,45.75,126.63,26.84,0.03
20170717,哈尔滨,45.75,126.63,26.46,2.5
20170718,哈尔滨,45.75,126.63,27.47,1.54
20170719,哈尔滨,45.75,126.63,24.09,8.22
20170720,哈尔滨,45.75,126.63,21.0,10.64
20170721,哈尔滨,45.75,126.63,22.96,0.01
20170722,哈尔滨,45.75,126.63,24.98,0.01
20170723,哈尔滨,45.75,126.63,25.06,0.41
20170724,哈尔滨,45.75,126.63,21.74,0.4
20170725,哈尔滨,45.75,126.63,21.47,0.0
20170726,哈尔滨,45.75,126.63,21.48,4.12
20170727,哈尔滨,45.75,126.63,19.69,9.05
20170728,哈尔滨,45.75,126.63,21.54,0.37
20170729,哈尔滨,45.75,126.63,23.25,0.0
20170730,哈尔滨,45.75,126.63,24.2,0.41
20170731,哈尔滨,45.75,126.63,25.38,4.56
20170801,哈尔滨,45.75,126.63,22.67,19.64
20170802,哈尔滨,45.75,126.63,24.43,5.1
20170803,哈尔滨,45.75,126.63,24.03,47.17
20170804,哈尔滨,45.75,126.63,24.94,8.51
20170805,哈尔滨,45.75,126.63,25.44,2.34
20170806,哈尔滨,45.75,126.63,23.56,10.13
20170807,哈尔滨,45.75,126.63,22.7,62.93
20170808,哈尔滨,45.75,126.63,22.21,2.62
20170809,哈尔滨,45.75,126.63,24.12,0.58
20170810,哈尔滨,45.75,126.63,22.97,2.1
20170811,哈尔滨,45.75,126.63,22.31,4.05
20170812,哈尔滨,45.75,126.63,23.66,2.01
20170813,哈尔滨,45.75,126.63,23.65,0.21
20170814,哈尔滨,45.75,126.63,24.04,0.0
20170815,哈尔滨,45.75,126.63,22.31,0.0
20170816,哈尔滨,45.75,126.63,21.51,0.03
20170817,哈尔滨,45.75,126.63,22.89,0.1
20170818,哈尔滨,45.75,126.63,22.98,0.01
20170819,哈尔滨,45.75,126.63,24.55,0.0
20170820,哈尔滨,45.75,126.63,24.87,0.05
20170821,哈尔滨,45.75,126.63,25.47,2.88
20170822,哈尔滨,45.75,126.63,24.38,0.38
20170823,哈尔滨,45.75,126.63,19.67,1.18
20170824,哈尔滨,45.75,126.63,19.01,0.33
20170825,哈尔滨,45.75,126.63,16.16,1.75
20170826,哈尔滨,45.75,126.63,17.47,0.93
20170827,哈尔滨,45.75,126.63,19.61,0.04
20170828,哈尔滨,45.75,126.63,15.7,2.27
20170829,哈尔滨,45.75,126.63,12.5,0.27
20170830,哈尔滨,45.75,126.63,10.99,0.44
20170831,哈尔滨,45.75,126.63,16.01,0.11
20170901,哈尔滨,45.75,126.63,17.15,1.29
20170902,哈尔滨,45.75,126.63,17.72,0.0
20170903,哈尔滨,45.75,126.63,19.45,0.01
20170904,哈尔滨,45.75,126.63,19.66,3.17
20170905,哈尔滨,45.75,126.63,19.3,8.38
20170906,哈尔滨,45.75,126.63,19.2,0.29
20170907,哈尔滨,45.75,126.63,19.18,1.2
20170908,哈尔滨,45.75,126.63,14.97,0.02
20170909,哈尔滨,45.75,126.63,16.34,0.0
20170910,哈尔滨,45.75,126.63,15.74,8.42
20170911,哈尔滨,45.75,126.63,14.54,0.73
20170912,哈尔滨,45.75,126.63,11.73,0.01
20170913,哈尔滨,45.75,126.63,12.96,0.9
20170914,哈尔滨,45.75,126.63,12.58,0.3
20170915,哈尔滨,45.75,126.63,14.18,0.0
20170916,哈尔滨,45.75,126.63,17.41,3.79
20170917,哈尔滨,45.75,126.63,16.03,11.38
20170918,哈尔滨,45.75,126.63,14.63,3.93
20170919,哈尔滨,45.75,126.63,14.89,0.01
20170920,哈尔滨,45.75,126.63,16.3,0.02
20170921,哈尔滨,45.75,126.63,16.85,0.01
20170922,哈尔滨,45.75,126.63,15.22,10.89
20170923,哈尔滨,45.75,126.63,15.01,0.03
20170924,哈尔滨,45.75,126.63,15.0,0.06
20170925,哈尔滨,45.75,126.63,13.82,0.0
20170926,哈尔滨,45.75,126.63,13.3,1.54
20170927,哈尔滨,45.75,126.63,7.67,0.0
20170928,哈尔滨,45.75,126.63,5.62,0.0
20170929,哈尔滨,45.75,126.63,5.82,0.0
20170930,哈尔滨,45.75,126.63,7.95,0.0
20171001,哈尔滨,45.75,126.63,12.05,2.31
20171002,哈尔滨,45.75,126.63,5.39,0.17
20171003,哈尔滨,45.75,126.63,3.84,0.0
20171004,哈尔滨,45.75,126.63,5.66,0.0
20171005,哈尔滨,45.75,126.63,11.48,0.0
20171006,哈尔滨,45.75,126.63,14.3,0.24
20171007,哈尔滨,45.75,126.63,10.69,1.45
20171008,哈尔滨,45.75,126.63,7.81,1.35
20171009,哈尔滨,45.75,126.63,6.84,0.17
20171010,哈尔滨,45.75,126.63,4.74,0.0
20171011,哈尔滨,45.75,126.63,3.69,0.49
20171012,哈尔滨,45.75,126.63,3.5,0.05
20171013,哈尔滨,45.75,126.63,4.61,0.53
20171014,哈尔滨,45.75,126.63,3.12,0.01
20171015,哈尔滨,45.75,126.63,2.33,0.85
20171016,哈尔滨,45.75,126.63,3.19,0.08
20171017,哈尔滨,45.75,126.63,1.05,0.0
20171018,哈尔滨,45.75,126.63,3.18,0.0
20171019,哈尔滨,45.75,126.63,5.65,0.0
20171020,哈尔滨,45.75,126.63,5.63,0.63
20171021,哈尔滨,45.75,126.63,-1.16,0.0
20171022,哈尔滨,45.75,126.63,-1.37,0.0
20171023,哈尔滨,45.75,126.63,-0.21,0.0
20171024,哈尔滨,45.75,126.63,3.49,0.0
20171025,哈尔滨,45.75,126.63,3.86,0.01
20171026,哈尔滨,45.75,126.63,5.25,0.0
20171027,哈尔滨,45.75,126.63,8.5,0.02
20171028,哈尔滨,45.75,126.63,6.17,0.03
20171029,哈尔滨,45.75,126.63,-1.28,0.0
20171030,哈尔滨,45.75,126.63,-0.14,0.11
20171031,哈尔滨,45.75,126.63,1.57,0.0
20170401,长春,43.82,125.32,4.23,0.0
20170402,长春,43.82,125.32,6.8,0.0
20170403,长春,43.82,125.32,10.65,0.0
20170404,长春,43.82,125.32,12.88,0.0
20170405,长春,43.82,125.32,11.84,0.0
20170406,长春,43.82,125.32,7.19,0.23
20170407,长春,43.82,125.32,7.64,0.08
20170408,长春,43.82,125.32,5.75,0.0
20170409,长春,43.82,125.32,4.76,0.0
20170410,长春,43.82,125.32,9.49,0.0
20170411,长春,43.82,125.32,4.1,0.01
20170412,长春,43.82,125.32,1.37,0.0
20170413,长春,43.82,125.32,8.66,0.0
20170414,长春,43.82,125.32,12.61,0.0
20170415,长春,43.82,125.32,12.78,0.0
20170416,长春,43.82,125.32,8.39,0.05
20170417,长春,43.82,125.32,11.08,4.03
20170418,长春,43.82,125.32,7.9,1.0
20170419,长春,43.82,125.32,7.97,0.46
20170420,长春,43.82,125.32,7.41,1.67
20170421,长春,43.82,125.32,9.2,0.0
20170422,长春,43.82,125.32,11.88,0.0
20170423,长春,43.82,125.32,6.97,1.18
20170424,长春,43.82,125.32,6.79,0.68
20170425,长春,43.82,125.32,6.41,0.63
20170426,长春,43.82,125.32,7.31,0.11
20170427,长春,43.82,125.32,10.3,0.0
20170428,长春,43.82,125.32,11.36,0.0
20170429,长春,43.82,125.32,14.96,0.0
20170430,长春,43.82,125.32,10.32,0.0
20170501,长春,43.82,125.32,14.63,0.0
20170502,长春,43.82,125.32,18.51,0.0
20170503,长春,43.82,125.32,19.11,0.0
20170504,长春,43.82,125.32,14.07,2.02
20170505,长春,43.82,125.32,11.31,5.61
20170506,长春,43.82,125.32,6.02,0.39
20170507,长春,43.82,125.32,10.43,0.09
20170508,长春,43.82,125.32,13.92,0.0
20170509,长春,43.82,125.32,17.75,0.0
20170510,长春,43.82,125.32,17.98,0.01
20170511,长春,43.82,125.32,17.71,5.04
20170512,长春,43.82,125.32,11.92,0.01
20170513,长春,43.82,125.32,10.92,5.45
20170514,长春,43.82,125.32,10.84,17.8
20170515,长春,43.82,125.32,13.08,0.13
20170516,长春,43.82,125.32,15.68,0.0
20170517,长春,43.82,125.32,19.27,0.0
20170518,长春,43.82,125.32,22.34,0.0
20170519,长春,43.82,125.32,22.79,0.0
20170520,长春,43.82,125.32,20.1,1.74
20170521,长春,43.82,125.32,13.61,0.79
20170522,长春,43.82,125.32,9.53,13.69
20170523,长春,43.82,125.32,14.11,0.15
20170524,长春,43.82,125.32,14.4,7.94
20170525,长春,43.82,125.32,12.6,3.21
20170526,长春,43.82,125.32,15.47,0.26
20170527,长春,43.82,125.32,18.07,0.0
20170528,长春,43.82,125.32,18.1,0.0
20170529,长春,43.82,125.32,16.28,0.0
20170530,长春,43.82,125.32,16.35,0.0
20170531,长春,43.82,125.32,14.23,1.94
20170601,长春,43.82,125.32,12.14,2.9
20170602,长春,43.82,125.32,12.42,0.41
20170603,长春,43.82,125.32,12.13,2.09
20170604,长春,43.82,125.32,14.1,2.56
20170605,长春,43.82,125.32,18.21,0.0
20170606,长春,43.82,125.32,17.38,2.48
20170607,长春,43.82,125.32,16.02,1.76
20170608,长春,43.82,125.32,17.85,0.05
20170609,长春,43.82,125.32,13.18,0.33
20170610,长春,43.82,125.32,13.31,0.04
20170611,长春,43.82,125.32,15.79,0.0
20170612,长春,43.82,125.32,17.65,0.01
20170613,长春,43.82,125.32,21.55,0.0
20170614,长春,43.82,125.32,23.04,0.54
20170615,长春,43.82,125.32,22.41,0.0
20170616,长春,43.82,125.32,23.84,1.98
20170617,长春,43.82,125.32,24.79,0.27
20170618,长春,43.82,125.32,22.74,4.27
20170619,长春,43.82,125.32,21.39,4.61
20170620,长春,43.82,125.32,20.24,11.35
20170621,长春,43.82,125.32,18.55,3.22
20170622,长春,43.82,125.32,20.34,0.13
20170623,长春,43.82,125.32,23.45,0.23
20170624,长春,43.82,125.32,22.29,10.52
20170625,长春,43.82,125.32,22.59,19.41
20170626,长春,43.82,125.32,23.02,0.88
20170627,长春,43.82,125.32,23.81,0.0
20170628,长春,43.82,125.32,24.49,0.0
20170629,长春,43.82,125.32,25.16,1.39
20170630,长春,43.82,125.32,22.4,6.39
20170701,长春,43.82,125.32,24.78,4.01
20170702,长春,43.82,125.32,22.24,13.38
20170703,长春,43.82,125.32,22.34,3.26
20170704,长春,43.82,125.32,24.89,0.13
20170705,长春,43.82,125.32,26.17,0.0
20170706,长春,43.82,125.32,26.87,0.0
20170707,长春,43.82,125.32,26.82,20.29
20170708,长春,43.82,125.32,26.84,1.48
20170709,长春,43.82,125.32,26.08,1.97
20170710,长春,43.82,125.32,25.39,1.79
20170711,长春,43.82,125.32,26.23,1.07
20170712,长春,43.82,125.32,27.59,0.37
20170713,长春,43.82,125.32,26.4,42.17
20170714,长春,43.82,125.32,26.31,0.92
20170715,长春,43.82,125.32,26.49,7.86
20170716,长春,43.82,125.32,25.5,26.4
20170717,长春,43.82,125.32,25.97,0.45
20170718,长春,43.82,125.32,26.89,0.07
20170719,长春,43.82,125.32,25.59,10.92
20170720,长春,43.82,125.32,20.05,28.45
20170721,长春,43.82,125.32,21.52,0.06
20170722,长春,43.82,125.32,23.56,0.0
20170723,长春,43.82,125.32,23.94,0.23
20170724,长春,43.82,125.32,21.93,0.44
20170725,长春,43.82,125.32,20.87,0.0
20170726,长春,43.82,125.32,20.39,0.04
20170727,长春,43.82,125.32,22.48,8.4
20170728,长春,43.82,125.32,20.8,0.79
20170729,长春,43.82,125.32,22.39,0.0
20170730,长春,43.82,125.32,24.03,1.58
20170731,长春,43.82,125.32,24.66,0.24
20170801,长春,43.82,125.32,26.17,0.67
20170802,长春,43.82,125.32,25.8,13.33
20170803,长春,43.82,125.32,25.06,61.06
20170804,长春,43.82,125.32,25.35,9.2
20170805,长春,43.82,125.32,25.43,3.12
20170806,长春,43.82,125.32,23.54,22.58
20170807,长春,43.82,125.32,22.3,6.29
20170808,长春,43.82,125.32,23.63,3.95
20170809,长春,43.82,125.32,24.45,0.98
20170810,长春,43.82,125.32,22.75,21.19
20170811,长春,43.82,125.32,23.93,10.67
20170812,长春,43.82,125.32,24.05,2.33
20170813,长春,43.82,125.32,24.08,1.53
20170814,长春,43.82,125.32,23.81,0.31
20170815,长春,43.82,125.32,21.93,5.1
20170816,长春,43.82,125.32,21.39,1.43
20170817,长春,43.82,125.32,22.12,0.64
20170818,长春,43.82,125.32,22.03,0.65
20170819,长春,43.82,125.32,22.93,3.7
20170820,长春,43.82,125.32,23.91,0.26
20170821,长春,43.82,125.32,24.53,0.29
20170822,长春,43.82,125.32,24.68,2.04
20170823,长春,43.82,125.32,18.69,28.8
20170824,长春,43.82,125.32,18.67,0.08
20170825,长春,43.82,125.32,17.18,0.28
20170826,长春,43.82,125.32,16.65,0.0
20170827,长春,43.82,125.32,19.01,2.09
20170828,长春,43.82,125.32,15.53,1.08
20170829,长春,43.82,125.32,11.65,0.0
20170830,长春,43.82,125.32,12.52,0.0
20170831,长春,43.82,125.32,16.01,0.0
20170901,长春,43.82,125.32,17.42,0.06
20170902,长春,43.82,125.32,17.87,0.0
20170903,长春,43.82,125.32,19.34,0.0
20170904,长春,43.82,125.32,19.59,0.16
20170905,长春,43.82,125.32,19.21,4.44
20170906,长春,43.82,125.32,18.32,0.08
20170907,长春,43.82,125.32,19.69,0.01
20170908,长春,43.82,125.32,16.0,2.06
20170909,长春,43.82,125.32,15.49,0.02
20170910,长春,43.82,125.32,17.86,3.48
20170911,长春,43.82,125.32,16.13,0.79
20170912,长春,43.82,125.32,12.33,0.0
20170913,长春,43.82,125.32,14.28,0.05
20170914,长春,43.82,125.32,14.26,0.0
20170915,长春,43.82,125.32,15.34,0.0
20170916,长春,43.82,125.32,19.61,2.03
20170917,长春,43.82,125.32,16.72,3.33
20170918,长春,43.82,125.32,16.85,0.03
20170919,长春,43.82,125.32,14.85,0.21
20170920,长春,43.82,125.32,16.09,0.13
20170921,长春,43.82,125.32,17.51,0.0
20170922,长春,43.82,125.32,14.32,5.19
20170923,长春,43.82,125.32,15.67,0.0
20170924,长春,43.82,125.32,15.95,0.0
20170925,长春,43.82,125.32,15.82,0.01
20170926,长春,43.82,125.32,13.73,4.86
20170927,长春,43.82,125.32,8.52,0.0
20170928,长春,43.82,125.32,7.37,0.0
20170929,长春,43.82,125.32,6.42,0.0
20170930,长春,43.82,125.32,9.07,0.0
20171001,长春,43.82,125.32,13.15,1.51
20171002,长春,43.82,125.32,5.86,0.33
20171003,长春,43.82,125.32,4.85,0.0
20171004,长春,43.82,125.32,6.1,0.0
20171005,长春,43.82,125.32,11.87,0.0
20171006,长春,43.82,125.32,13.62,0.0
20171007,长春,43.82,125.32,13.3,0.15
20171008,长春,43.82,125.32,14.47,0.15
20171009,长春,43.82,125.32,8.8,0.22
20171010,长春,43.82,125.32,5.82,0.28
20171011,长春,43.82,125.32,4.49,0.4
20171012,长春,43.82,125.32,3.85,0.0
20171013,长春,43.82,125.32,3.5,0.69
20171014,长春,43.82,125.32,3.08,0.0
20171015,长春,43.82,125.32,4.35,0.03
20171016,长春,43.82,125.32,4.25,0.11
20171017,长春,43.82,125.32,1.61,0.0
20171018,长春,43.82,125.32,4.26,0.02
20171019,长春,43.82,125.32,7.52,0.28
20171020,长春,43.82,125.32,8.2,0.19
20171021,长春,43.82,125.32,1.67,0.01
20171022,长春,43.82,125.32,-0.32,0.0
20171023,长春,43.82,125.32,0.65,0.0
20171024,长春,43.82,125.32,3.3,0.0
20171025,长春,43.82,125.32,5.38,0.0
20171026,长春,43.82,125.32,8.17,0.0
20171027,长春,43.82,125.32,10.51,0.01
20171028,长春,43.82,125.32,7.56,0.01
20171029,长春,43.82,125.32,-1.3,0.0
20171030,长春,43.82,125.32,0.2,0.0
20171031,长春,43.82,125.32,4.43,0.0
20170401,沈阳,41.8,123.43,6.46,0.0
20170402,沈阳,41.8,123.43,9.85,0.0
20170403,沈阳,41.8,123.43,11.37,0.0
20170404,沈阳,41.8,123.43,13.22,0.0
20170405,沈阳,41.8,123.43,9.89,0.0
20170406,沈阳,41.8,123.43,6.72,0.31
20170407,沈阳,41.8,123.43,9.91,0.0
20170408,沈阳,41.8,123.43,8.97,0.0
20170409,沈阳,41.8,123.43,7.53,0.0
20170410,沈阳,41.8,123.43,11.07,0.0
20170411,沈阳,41.8,123.43,6.86,0.0
20170412,沈阳,41.8,123.43,5.42,0.0
20170413,沈阳,41.8,123.43,10.47,0.0
20170414,沈阳,41.8,123.43,13.86,0.0
20170415,沈阳,41.8,123.43,15.7,0.0
20170416,沈阳,41.8,123.43,13.07,0.0
20170417,沈阳,41.8,123.43,14.36,4.99
20170418,沈阳,41.8,123.43,10.32,0.6
20170419,沈阳,41.8,123.43,8.34,0.19
20170420,沈阳,41.8,123.43,10.77,0.07
20170421,沈阳,41.8,123.43,11.7,0.0
20170422,沈阳,41.8,123.43,14.47,0.0
20170423,沈阳,41.8,123.43,10.27,2.6
20170424,沈阳,41.8,123.43,10.83,2.55
20170425,沈阳,41.8,123.43,9.62,0.08
20170426,沈阳,41.8,123.43,10.25,0.0
20170427,沈阳,41.8,123.43,13.75,0.0
20170428,沈阳,41.8,123.43,14.79,0.0
20170429,沈阳,41.8,123.43,18.53,0.0
20170430,沈阳,41.8,123.43,14.15,0.0
20170501,沈阳,41.8,123.43,16.7,0.0
20170502,沈阳,41.8,123.43,18.93,0.0
20170503,沈阳,41.8,123.43,19.03,0.0
20170504,沈阳,41.8,123.43,14.34,4.56
20170505,沈阳,41.8,123.43,11.95,9.3
20170506,沈阳,41.8,123.43,10.65,0.01
20170507,沈阳,41.8,123.43,15.07,0.0
20170508,沈阳,41.8,123.43,19.2,0.0
20170509,沈阳,41.8,123.43,17.28,0.0
20170510,沈阳,41.8,123.43,17.93,0.0
20170511,沈阳,41.8,123.43,18.12,7.76
20170512,沈阳,41.8,123.43,15.08,0.09
20170513,沈阳,41.8,123.43,13.76,1.72
20170514,沈阳,41.8,123.43,12.06,3.4
20170515,沈阳,41.8,123.43,16.42,0.12
20170516,沈阳,41.8,123.43,18.15,0.0
20170517,沈阳,41.8,123.43,20.88,0.0
20170518,沈阳,41.8,123.43,23.61,0.0
20170519,沈阳,41.8,123.43,25.66,0.0
20170520,沈阳,41.8,123.43,23.55,0.0
20170521,沈阳,41.8,123.43,20.97,0.02
20170522,沈阳,41.8,123.43,14.67,7.44
20170523,沈阳,41.8,123.43,16.25,0.01
20170524,沈阳,41.8,123.43,19.36,2.6
20170525,沈阳,41.8,123.43,14.89,1.06
20170526,沈阳,41.8,123.43,17.47,0.0
20170527,沈阳,41.8,123.43,20.83,0.0
20170528,沈阳,41.8,123.43,20.4,0.0
20170529,沈阳,41.8,123.43,16.53,0.17
20170530,沈阳,41.8,123.43,19.35,0.12
20170531,沈阳,41.8,123.43,18.6,1.61
20170601,沈阳,41.8,123.43,17.18,0.0
20170602,沈阳,41.8,123.43,15.48,0.17
20170603,沈阳,41.8,123.43,18.34,0.18
20170604,沈阳,41.8,123.43,20.98,0.0
20170605,沈阳,41.8,123.43,22.98,0.0
20170606,沈阳,41.8,123.43,19.21,1.06
20170607,沈阳,41.8,123.43,19.13,0.27
20170608,沈阳,41.8,123.43,23.45,0.13
20170609,沈阳,41.8,123.43,19.49,0.0
20170610,沈阳,41.8,123.43,19.22,0.0
20170611,沈阳,41.8,123.43,20.75,0.0
20170612,沈阳,41.8,123.43,21.09,0.04
20170613,沈阳,41.8,123.43,24.04,0.01
20170614,沈阳,41.8,123.43,26.98,0.0
20170615,沈阳,41.8,123.43,28.43,0.0
20170616,沈阳,41.8,123.43,28.62,0.25
20170617,沈阳,41.8,123.43,29.14,0.15
20170618,沈阳,41.8,123.43,25.02,6.02
20170619,沈阳,41.8,123.43,23.71,13.89
20170620,沈阳,41.8,123.43,22.62,32.75
20170621,沈阳,41.8,123.43,22.39,0.76
20170622,沈阳,41.8,123.43,23.2,0.0
20170623,沈阳,41.8,123.43,23.69,0.98
20170624,沈阳,41.8,123.43,22.44,6.53
20170625,沈阳,41.8,123.43,22.11,1.06
20170626,沈阳,41.8,123.43,24.74,0.0
20170627,沈阳,41.8,123.43,25.49,0.0
20170628,沈阳,41.8,123.43,25.71,0.0
20170629,沈阳,41.8,123.43,26.35,0.0
20170630,沈阳,41.8,123.43,27.34,0.0
20170701,沈阳,41.8,123.43,27.64,2.12
20170702,沈阳,41.8,123.43,24.52,3.31
20170703,沈阳,41.8,123.43,26.72,0.07
20170704,沈阳,41.8,123.43,27.23,0.0
20170705,沈阳,41.8,123.43,27.72,0.15
20170706,沈阳,41.8,123.43,28.9,0.35
20170707,沈阳,41.8,123.43,25.55,13.49
20170708,沈阳,41.8,123.43,28.29,0.32
20170709,沈阳,41.8,123.43,26.81,8.58
20170710,沈阳,41.8,123.43,27.14,6.62
20170711,沈阳,41.8,123.43,28.17,0.73
20170712,沈阳,41.8,123.43,29.22,0.62
20170713,沈阳,41.8,123.43,28.69,11.43
20170714,沈阳,41.8,123.43,27.56,12.18
20170715,沈阳,41.8,123.43,27.08,5.03
20170716,沈阳,41.8,123.43,28.15,0.0
20170717,沈阳,41.8,123.43,28.51,0.0
20170718,沈阳,41.8,123.43,28.91,0.0
20170719,沈阳,41.8,123.43,28.39,4.62
20170720,沈阳,41.8,123.43,27.42,9.56
20170721,沈阳,41.8,123.43,24.43,10.44
20170722,沈阳,41.8,123.43,25.93,0.11
20170723,沈阳,41.8,123.43,26.55,0.0
20170724,沈阳,41.8,123.43,26.05,0.0
20170725,沈阳,41.8,123.43,24.42,0.0
20170726,沈阳,41.8,123.43,23.92,0.42
20170727,沈阳,41.8,123.43,26.06,0.07
20170728,沈阳,41.8,123.43,25.2,0.0
20170729,沈阳,41.8,123.43,25.54,0.0
20170730,沈阳,41.8,123.43,26.78,0.0
20170731,沈阳,41.8,123.43,27.72,0.02
20170801,沈阳,41.8,123.43,27.84,0.07
20170802,沈阳,41.8,123.43,26.92,6.76
20170803,沈阳,41.8,123.43,25.93,31.25
20170804,沈阳,41.8,123.43,28.08,3.58
20170805,沈阳,41.8,123.43,28.14,0.59
20170806,沈阳,41.8,123.43,25.74,11.99
20170807,沈阳,41.8,123.43,24.79,7.54
20170808,沈阳,41.8,123.43,26.58,0.01
20170809,沈阳,41.8,123.43,25.71,1.41
20170810,沈阳,41.8,123.43,25.49,5.69
20170811,沈阳,41.8,123.43,26.16,0.26
20170812,沈阳,41.8,123.43,26.42,0.22
20170813,沈阳,41.8,123.43,27.35,0.87
20170814,沈阳,41.8,123.43,24.63,5.64
20170815,沈阳,41.8,123.43,23.96,4.53
20170816,沈阳,41.8,123.43,24.16,8.92
20170817,沈阳,41.8,123.43,22.73,18.5
20170818,沈阳,41.8,123.43,23.68,2.19
20170819,沈阳,41.8,123.43,24.86,0.69
20170820,沈阳,41.8,123.43,25.55,0.05
20170821,沈阳,41.8,123.43,25.9,0.0
20170822,沈阳,41.8,123.43,26.62,3.19
20170823,沈阳,41.8,123.43,23.6,28.27
20170824,沈阳,41.8,123.43,21.56,0.11
20170825,沈阳,41.8,123.43,19.27,0.0
20170826,沈阳,41.8,123.43,19.46,0.0
20170827,沈阳,41.8,123.43,20.22,8.67
20170828,沈阳,41.8,123.43,17.5,1.17
20170829,沈阳,41.8,123.43,14.78,0.0
20170830,沈阳,41.8,123.43,17.2,0.0
20170831,沈阳,41.8,123.43,18.65,0.0
20170901,沈阳,41.8,123.43,18.3,0.99
20170902,沈阳,41.8,123.43,21.7,0.01
20170903,沈阳,41.8,123.43,22.14,0.0
20170904,沈阳,41.8,123.43,22.92,0.0
20170905,沈阳,41.8,123.43,21.9,7.18
20170906,沈阳,41.8,123.43,21.4,0.04
20170907,沈阳,41.8,123.43,22.37,0.0
20170908,沈阳,41.8,123.43,20.43,0.0
20170909,沈阳,41.8,123.43,20.0,0.09
20170910,沈阳,41.8,123.43,21.38,9.46
20170911,沈阳,41.8,123.43,19.01,3.33
20170912,沈阳,41.8,123.43,15.87,0.0
20170913,沈阳,41.8,123.43,17.97,0.0
20170914,沈阳,41.8,123.43,20.49,0.03
20170915,沈阳,41.8,123.43,20.33,0.05
20170916,沈阳,41.8,123.43,21.76,2.38
20170917,沈阳,41.8,123.43,19.75,0.9
20170918,沈阳,41.8,123.43,20.3,0.0
20170919,沈阳,41.8,123.43,17.17,0.81
20170920,沈阳,41.8,123.43,17.27,0.64
20170921,沈阳,41.8,123.43,19.67,0.0
20170922,沈阳,41.8,123.43,15.69,16.12
20170923,沈阳,41.8,123.43,17.49,0.0
20170924,沈阳,41.8,123.43,18.8,0.24
20170925,沈阳,41.8,123.43,18.95,0.13
20170926,沈阳,41.8,123.43,15.55,4.25
20170927,沈阳,41.8,123.43,11.48,0.0
20170928,沈阳,41.8,123.43,10.19,0.0
20170929,沈阳,41.8,123.43,10.89,0.0
20170930,沈阳,41.8,123.43,14.31,0.0
20171001,沈阳,41.8,123.43,16.13,2.41
20171002,沈阳,41.8,123.43,7.94,1.39
20171003,沈阳,41.8,123.43,7.61,0.0
20171004,沈阳,41.8,123.43,8.37,0.0
20171005,沈阳,41.8,123.43,13.27,0.0
20171006,沈阳,41.8,123.43,15.53,0.0
20171007,沈阳,41.8,123.43,16.88,0.0
20171008,沈阳,41.8,123.43,16.3,0.76
20171009,沈阳,41.8,123.43,11.27,14.53
20171010,沈阳,41.8,123.43,8.5,2.02
20171011,沈阳,41.8,123.43,6.56,0.0
20171012,沈阳,41.8,123.43,6.01,0.22
20171013,沈阳,41.8,123.43,8.33,0.13
20171014,沈阳,41.8,123.43,6.82,0.0
20171015,沈阳,41.8,123.43,6.02,0.83
20171016,沈阳,41.8,123.43,6.23,0.01
20171017,沈阳,41.8,123.43,6.45,0.0
20171018,沈阳,41.8,123.43,8.45,0.0
20171019,沈阳,41.8,123.43,9.04,0.0
20171020,沈阳,41.8,123.43,11.38,0.2
20171021,沈阳,41.8,123.43,6.35,0.22
20171022,沈阳,41.8,123.43,3.05,0.0
20171023,沈阳,41.8,123.43,2.66,0.0
20171024,沈阳,41.8,123.43,4.58,0.0
20171025,沈阳,41.8,123.43,9.17,0.0
20171026,沈阳,41.8,123.43,11.13,0.0
20171027,沈阳,41.8,123.43,12.45,0.02
20171028,沈阳,41.8,123.43,9.75,0.0
20171029,沈阳,41.8,123.43,1.45,0.0
20171030,沈阳,41.8,123.43,2.99,0.0
20171031,沈阳,41.8,123.43,7.76,0.0
20170401,呼和浩特,40.82,111.75,4.2,0.0
20170402,呼和浩特,40.82,111.75,7.02,0.0
20170403,呼和浩特,40.82,111.75,8.53,0.0
20170404,呼和浩特,40.82,111.75,5.46,0.76
20170405,呼和浩特,40.82,111.75,6.7,0.01
20170406,呼和浩特,40.82,111.75,8.81,0.08
20170407,呼和浩特,40.82,111.75,8.27,0.91
20170408,呼和浩特,40.82,111.75,4.1,0.16
20170409,呼和浩特,40.82,111.75,3.53,0.24
20170410,呼和浩特,40.82,111.75,6.21,0.02
20170411,呼和浩特,40.82,111.75,3.2,0.0
20170412,呼和浩特,40.82,111.75,6.73,0.0
20170413,呼和浩特,40.82,111.75,4.95,0.97
20170414,呼和浩特,40.82,111.75,8.85,0.0
20170415,呼和浩特,40.82,111.75,10.39,0.0
20170416,呼和浩特,40.82,111.75,9.45,0.0
20170417,呼和浩特,40.82,111.75,5.72,0.0
20170418,呼和浩特,40.82,111.75,5.64,0.11
20170419,呼和浩特,40.82,111.75,4.75,0.43
20170420,呼和浩特,40.82,111.75,1.99,0.5
20170421,呼和浩特,40.82,111.75,3.88,0.0
20170422,呼和浩特,40.82,111.75,5.98,0.0
20170423,呼和浩特,40.82,111.75,6.24,0.0
20170424,呼和浩特,40.82,111.75,3.25,0.0
20170425,呼和浩特,40.82,111.75,3.29,0.0
20170426,呼和浩特,40.82,111.75,4.73,0.0
20170427,呼和浩特,40.82,111.75,7.56,0.0
20170428,呼和浩特,40.82,111.75,11.87,0.0
20170429,呼和浩特,40.82,111.75,14.04,0.0
20170430,呼和浩特,40.82,111.75,16.48,0.0
20170501,呼和浩特,40.82,111.75,10.38,0.83
20170502,呼和浩特,40.82,111.75,12.69,2.94
20170503,呼和浩特,40.82,111.75,8.46,9.62
20170504,呼和浩特,40.82,111.75,6.82,0.11
20170505,呼和浩特,40.82,111.75,3.37,0.13
20170506,呼和浩特,40.82,111.75,9.52,0.0
20170507,呼和浩特,40.82,111.75,13.18,0.0
20170508,呼和浩特,40.82,111.75,14.03,0.0
20170509,呼和浩特,40.82,111.75,11.58,0.11
20170510,呼和浩特,40.82,111.75,12.98,0.0
20170511,呼和浩特,40.82,111.75,8.38,0.0
20170512,呼和浩特,40.82,111.75,11.66,0.0
20170513,呼和浩特,40.82,111.75,9.56,0.0
20170514,呼和浩特,40.82,111.75,12.79,0.0
20170515,呼和浩特,40.82,111.75,14.96,0.0
20170516,呼和浩特,40.82,111.75,18.14,0.0
20170517,呼和浩特,40.82,111.75,20.11,0.0
20170518,呼和浩特,40.82,111.75,21.14,0.0
20170519,呼和浩特,40.82,111.75,20.6,0.0
20170520,呼和浩特,40.82,111.75,18.93,0.0
20170521,呼和浩特,40.82,111.75,15.67,7.07
20170522,呼和浩特,40.82,111.75,7.07,7.81
20170523,呼和浩特,40.82,111.75,12.09,0.0
20170524,呼和浩特,40.82,111.75,15.63,0.0
20170525,呼和浩特,40.82,111.75,18.17,0.0
20170526,呼和浩特,40.82,111.75,20.22,0.0
20170527,呼和浩特,40.82,111.75,22.5,0.0
20170528,呼和浩特,40.82,111.75,19.67,0.31
20170529,呼和浩特,40.82,111.75,15.5,1.35
20170530,呼和浩特,40.82,111.75,18.42,0.08
20170531,呼和浩特,40.82,111.75,19.47,0.07
20170601,呼和浩特,40.82,111.75,20.91,0.0
20170602,呼和浩特,40.82,111.75,18.18,0.0
20170603,呼和浩特,40.82,111.75,15.88,0.0
20170604,呼和浩特,40.82,111.75,18.09,0.0
20170605,呼和浩特,40.82,111.75,13.15,4.36
20170606,呼和浩特,40.82,111.75,11.47,5.0
20170607,呼和浩特,40.82,111.75,15.43,0.0
20170608,呼和浩特,40.82,111.75,18.39,0.0
20170609,呼和浩特,40.82,111.75,20.54,0.0
20170610,呼和浩特,40.82,111.75,19.49,0.58
20170611,呼和浩特,40.82,111.75,19.92,0.41
20170612,呼和浩特,40.82,111.75,20.23,2.31
20170613,呼和浩特,40.82,111.75,18.99,1.78
20170614,呼和浩特,40.82,111.75,19.68,0.0
20170615,呼和浩特,40.82,111.75,22.71,0.09
20170616,呼和浩特,40.82,111.75,22.91,0.88
20170617,呼和浩特,40.82,111.75,21.44,1.15
20170618,呼和浩特,40.82,111.75,18.53,3.0
20170619,呼和浩特,40.82,111.75,18.69,0.0
20170620,呼和浩特,40.82,111.75,20.47,0.0
20170621,呼和浩特,40.82,111.75,19.98,8.33
20170622,呼和浩特,40.82,111.75,15.65,24.25
20170623,呼和浩特,40.82,111.75,14.77,7.92
20170624,呼和浩特,40.82,111.75,16.53,0.41
20170625,呼和浩特,40.82,111.75,20.82,0.41
20170626,呼和浩特,40.82,111.75,22.95,0.04
20170627,呼和浩特,40.82,111.75,22.97,0.21
20170628,呼和浩特,40.82,111.75,24.2,2.89
20170629,呼和浩特,40.82,111.75,23.82,0.58
20170630,呼和浩特,40.82,111.75,23.83,0.1
20170701,呼和浩特,40.82,111.75,24.37,0.0
20170702,呼和浩特,40.82,111.75,25.45,0.58
20170703,呼和浩特,40.82,111.75,23.22,2.6
20170704,呼和浩特,40.82,111.75,21.45,1.05
20170705,呼和浩特,40.82,111.75,22.33,13.75
20170706,呼和浩特,40.82,111.75,19.44,12.57
20170707,呼和浩特,40.82,111.75,21.48,0.02
20170708,呼和浩特,40.82,111.75,23.29,0.0
20170709,呼和浩特,40.82,111.75,21.94,0.0
20170710,呼和浩特,40.82,111.75,22.99,0.0
20170711,呼和浩特,40.82,111.75,24.38,0.03
20170712,呼和浩特,40.82,111.75,25.47,0.0
20170713,呼和浩特,40.82,111.75,26.07,8.18
20170714,呼和浩特,40.82,111.75,22.74,2.27
20170715,呼和浩特,40.82,111.75,23.19,0.02
20170716,呼和浩特,40.82,111.75,24.3,0.0
20170717,呼和浩特,40.82,111.75,24.8,0.0
20170718,呼和浩特,40.82,111.75,25.77,0.0
20170719,呼和浩特,40.82,111.75,27.58,0.0
20170720,呼和浩特,40.82,111.75,24.59,0.65
20170721,呼和浩特,40.82,111.75,23.37,2.17
20170722,呼和浩特,40.82,111.75,21.67,9.91
20170723,呼和浩特,40.82,111.75,22.57,4.8
20170724,呼和浩特,40.82,111.75,20.6,1.18
20170725,呼和浩特,40.82,111.75,19.4,2.34
20170726,呼和浩特,40.82,111.75,22.53,5.1
20170727,呼和浩特,40.82,111.75,21.09,0.0
20170728,呼和浩特,40.82,111.75,20.75,0.0
20170729,呼和浩特,40.82,111.75,19.47,2.15
20170730,呼和浩特,40.82,111.75,23.06,2.19
20170731,呼和浩特,40.82,111.75,23.64,0.0
20170801,呼和浩特,40.82,111.75,22.62,0.12
20170802,呼和浩特,40.82,111.75,20.66,5.34
20170803,呼和浩特,40.82,111.75,22.42,0.59
20170804,呼和浩特,40.82,111.75,21.6,3.04
20170805,呼和浩特,40.82,111.75,21.41,1.21
20170806,呼和浩特,40.82,111.75,20.58,0.0
20170807,呼和浩特,40.82,111.75,20.81,8.06
20170808,呼和浩特,40.82,111.75,19.15,8.21
20170809,呼和浩特,40.82,111.75,20.36,2.75
20170810,呼和浩特,40.82,111.75,21.63,0.39
20170811,呼和浩特,40.82,111.75,21.15,0.04
20170812,呼和浩特,40.82,111.75,21.7,0.2
20170813,呼和浩特,40.82,111.75,20.46,6.78
20170814,呼和浩特,40.82,111.75,22.43,0.05
20170815,呼和浩特,40.82,111.75,22.26,0.0
20170816,呼和浩特,40.82,111.75,21.68,0.0
20170817,呼和浩特,40.82,111.75,21.91,1.33
20170818,呼和浩特,40.82,111.75,20.47,1.95
20170819,呼和浩特,40.82,111.75,21.41,0.24
20170820,呼和浩特,40.82,111.75,19.29,0.92
20170821,呼和浩特,40.82,111.75,19.85,0.0
20170822,呼和浩特,40.82,111.75,16.12,19.71
20170823,呼和浩特,40.82,111.75,17.94,0.05
20170824,呼和浩特,40.82,111.75,15.65,0.0
20170825,呼和浩特,40.82,111.75,14.45,0.0
20170826,呼和浩特,40.82,111.75,15.63,0.02
20170827,呼和浩特,40.82,111.75,13.05,9.1
20170828,呼和浩特,40.82,111.75,13.59,0.02
20170829,呼和浩特,40.82,111.75,16.01,0.0
20170830,呼和浩特,40.82,111.75,17.27,2.07
20170831,呼和浩特,40.82,111.75,18.34,1.3
20170901,呼和浩特,40.82,111.75,17.22,0.0
20170902,呼和浩特,40.82,111.75,15.77,2.79
20170903,呼和浩特,40.82,111.75,15.51,5.13
20170904,呼和浩特,40.82,111.75,16.1,1.53
20170905,呼和浩特,40.82,111.75,14.7,0.0
20170906,呼和浩特,40.82,111.75,17.11,0.0
20170907,呼和浩特,40.82,111.75,17.08,0.0
20170908,呼和浩特,40.82,111.75,18.38,0.01
20170909,呼和浩特,40.82,111.75,17.3,3.61
20170910,呼和浩特,40.82,111.75,15.49,1.96
20170911,呼和浩特,40.82,111.75,15.06,0.07
20170912,呼和浩特,40.82,111.75,17.19,0.0
20170913,呼和浩特,40.82,111.75,15.99,0.05
20170914,呼和浩特,40.82,111.75,14.45,1.22
20170915,呼和浩特,40.82,111.75,15.77,0.8
20170916,呼和浩特,40.82,111.75,13.72,0.09
20170917,呼和浩特,40.82,111.75,14.0,0.01
20170918,呼和浩特,40.82,111.75,14.78,0.08
20170919,呼和浩特,40.82,111.75,13.3,0.0
20170920,呼和浩特,40.82,111.75,14.8,0.0
20170921,呼和浩特,40.82,111.75,13.88,0.51
20170922,呼和浩特,40.82,111.75,9.46,0.0
20170923,呼和浩特,40.82,111.75,11.9,0.0
20170924,呼和浩特,40.82,111.75,15.26,0.14
20170925,呼和浩特,40.82,111.75,15.24,11.5
20170926,呼和浩特,40.82,111.75,12.06,0.85
20170927,呼和浩特,40.82,111.75,6.71,0.23
20170928,呼和浩特,40.82,111.75,4.81,0.0
20170929,呼和浩特,40.82,111.75,9.9,0.0
20170930,呼和浩特,40.82,111.75,11.51,0.0
20171001,呼和浩特,40.82,111.75,7.03,0.11
20171002,呼和浩特,40.82,111.75,4.77,0.94
20171003,呼和浩特,40.82,111.75,5.99,0.0
20171004,呼和浩特,40.82,111.75,6.35,0.0
20171005,呼和浩特,40.82,111.75,8.23,0.0
20171006,呼和浩特,40.82,111.75,8.65,0.0
20171007,呼和浩特,40.82,111.75,9.95,0.0
20171008,呼和浩特,40.82,111.75,9.48,1.61
20171009,呼和浩特,40.82,111.75,1.95,14.39
20171010,呼和浩特,40.82,111.75,1.1,5.42
20171011,呼和浩特,40.82,111.75,0.29,0.21
20171012,呼和浩特,40.82,111.75,1.07,0.77
20171013,呼和浩特,40.82,111.75,2.31,0.0
20171014,呼和浩特,40.82,111.75,3.66,0.11
20171015,呼和浩特,40.82,111.75,4.63,0.01
20171016,呼和浩特,40.82,111.75,4.95,0.0
20171017,呼和浩特,40.82,111.75,4.51,5.52
20171018,呼和浩特,40.82,111.75,5.93,0.92
20171019,呼和浩特,40.82,111.75,5.05,0.01
20171020,呼和浩特,40.82,111.75,6.84,0.0
20171021,呼和浩特,40.82,111.75,5.17,0.57
20171022,呼和浩特,40.82,111.75,4.72,0.0
20171023,呼和浩特,40.82,111.75,4.0,0.0
20171024,呼和浩特,40.82,111.75,4.16,0.01
20171025,呼和浩特,40.82,111.75,6.26,2.44
20171026,呼和浩特,40.82,111.75,4.7,0.56
20171027,呼和浩特,40.82,111.75,4.62,0.0
20171028,呼和浩特,40.82,111.75,-4.01,0.06
20171029,呼和浩特,40.82,111.75,-2.55,0.0
20171030,呼和浩特,40.82,111.75,-1.68,0.0
20171031,呼和浩特,40.82,111.75,0.91,0.0
20170401,济南,36.67,116.98,10.61,0.0
20170402,济南,36.67,116.98,13.45,0.0
20170403,济南,36.67,116.98,14.61,0.0
20170404,济南,36.67,116.98,13.09,8.94
20170405,济南,36.67,116.98,12.26,0.77
20170406,济南,36.67,116.98,15.46,0.0
20170407,济南,36.67,116.98,15.94,0.0
20170408,济南,36.67,116.98,12.09,1.77
20170409,济南,36.67,116.98,8.99,0.0
20170410,济南,36.67,116.98,9.56,0.32
20170411,济南,36.67,116.98,11.03,0.0
20170412,济南,36.67,116.98,14.51,0.0
20170413,济南,36.67,116.98,14.77,3.86
20170414,济南,36.67,116.98,15.6,0.87
20170415,济南,36.67,116.98,19.55,0.0
20170416,济南,36.67,116.98,17.07,16.26
20170417,济南,36.67,116.98,18.04,0.14
20170418,济南,36.67,116.98,16.37,0.0
20170419,济南,36.67,116.98,13.18,5.93
20170420,济南,36.67,116.98,15.19,0.03
20170421,济南,36.67,116.98,12.75,0.75
20170422,济南,36.67,116.98,14.91,0.0
20170423,济南,36.67,116.98,17.62,0.0
20170424,济南,36.67,116.98,17.11,0.0
20170425,济南,36.67,116.98,13.02,3.64
20170426,济南,36.67,116.98,13.28,0.06
20170427,济南,36.67,116.98,15.34,0.0
20170428,济南,36.67,116.98,17.85,0.0
20170429,济南,36.67,116.98,21.13,0.0
20170430,济南,36.67,116.98,21.48,0.0
20170501,济南,36.67,116.98,21.32,0.0
20170502,济南,36.67,116.98,22.15,0.0
20170503,济南,36.67,116.98,18.8,14.75
20170504,济南,36.67,116.98,18.3,2.15
20170505,济南,36.67,116.98,17.09,0.0
20170506,济南,36.67,116.98,18.03,0.0
20170507,济南,36.67,116.98,20.52,0.0
20170508,济南,36.67,116.98,19.9,3.83
20170509,济南,36.67,116.98,19.11,6.78
20170510,济南,36.67,116.98,21.97,0.0
20170511,济南,36.67,116.98,22.9,0.0
20170512,济南,36.67,116.98,22.68,0.0
20170513,济南,36.67,116.98,20.22,0.0
20170514,济南,36.67,116.98,19.62,0.0
20170515,济南,36.67,116.98,18.03,0.5
20170516,济南,36.67,116.98,20.4,0.09
20170517,济南,36.67,116.98,23.85,0.0
20170518,济南,36.67,116.98,26.16,0.0
20170519,济南,36.67,116.98,25.26,0.0
20170520,济南,36.67,116.98,25.71,0.01
20170521,济南,36.67,116.98,25.55,0.49
20170522,济南,36.67,116.98,24.29,4.5
20170523,济南,36.67,116.98,18.71,4.27
20170524,济南,36.67,116.98,22.62,0.0
20170525,济南,36.67,116.98,21.22,0.0
20170526,济南,36.67,116.98,22.93,0.0
20170527,济南,36.67,116.98,27.58,0.0
20170528,济南,36.67,116.98,28.83,0.0
20170529,济南,36.67,116.98,27.94,0.0
20170530,济南,36.67,116.98,26.19,0.12
20170531,济南,36.67,116.98,25.96,0.01
20170601,济南,36.67,116.98,27.0,0.0
20170602,济南,36.67,116.98,25.43,10.62
20170603,济南,36.67,116.98,20.21,0.44
20170604,济南,36.67,116.98,22.24,0.0
20170605,济南,36.67,116.98,20.97,2.65
20170606,济南,36.67,116.98,17.04,11.53
20170607,济南,36.67,116.98,21.61,0.01
20170608,济南,36.67,116.98,23.1,0.0
20170609,济南,36.67,116.98,26.14,0.03
20170610,济南,36.67,116.98,26.48,5.73
20170611,济南,36.67,116.98,25.23,0.09
20170612,济南,36.67,116.98,24.89,0.89
20170613,济南,36.67,116.98,22.52,0.52
20170614,济南,36.67,116.98,25.56,0.0
20170615,济南,36.67,116.98,26.23,0.0
20170616,济南,36.67,116.98,27.56,0.0
20170617,济南,36.67,116.98,27.87,0.0
20170618,济南,36.67,116.98,26.31,0.0
20170619,济南,36.67,116.98,27.43,0.01
20170620,济南,36.67,116.98,27.19,3.26
20170621,济南,36.67,116.98,27.03,3.46
20170622,济南,36.67,116.98,25.02,18.73
20170623,济南,36.67,116.98,24.77,8.46
20170624,济南,36.67,116.98,23.75,4.95
20170625,济南,36.67,116.98,23.72,0.03
20170626,济南,36.67,116.98,26.93,0.0
20170627,济南,36.67,116.98,27.96,0.0
20170628,济南,36.67,116.98,29.0,0.15
20170629,济南,36.67,116.98,28.23,4.29
20170630,济南,36.67,116.98,27.11,29.91
20170701,济南,36.67,116.98,27.56,0.0
20170702,济南,36.67,116.98,27.91,0.0
20170703,济南,36.67,116.98,29.96,0.0
20170704,济南,36.67,116.98,29.73,6.9
20170705,济南,36.67,116.98,27.98,7.51
20170706,济南,36.67,116.98,26.93,34.52
20170707,济南,36.67,116.98,27.54,23.15
20170708,济南,36.67,116.98,28.79,0.01
20170709,济南,36.67,116.98,26.95,0.2
20170710,济南,36.67,116.98,27.81,0.0
20170711,济南,36.67,116.98,29.59,0.0
20170712,济南,36.67,116.98,30.13,0.0
20170713,济南,36.67,116.98,29.75,0.02
20170714,济南,36.67,116.98,29.11,9.38
20170715,济南,36.67,116.98,26.93,15.47
20170716,济南,36.67,116.98,27.23,8.76
20170717,济南,36.67,116.98,27.03,7.47
20170718,济南,36.67,116.98,26.96,19.42
20170719,济南,36.67,116.98,27.99,14.71
20170720,济南,36.67,116.98,29.54,0.62
20170721,济南,36.67,116.98,29.52,0.89
20170722,济南,36.67,116.98,29.34,0.55
20170723,济南,36.67,116.98,30.19,1.99
20170724,济南,36.67,116.98,29.86,1.45
20170725,济南,36.67,116.98,27.44,0.68
20170726,济南,36.67,116.98,28.24,16.9
20170727,济南,36.67,116.98,23.83,18.15
20170728,济南,36.67,116.98,23.3,12.04
20170729,济南,36.67,116.98,22.98,6.87
20170730,济南,36.67,116.98,24.21,4.45
20170731,济南,36.67,116.98,26.89,1.75
20170801,济南,36.67,116.98,27.76,2.47
20170802,济南,36.67,116.98,27.28,19.43
20170803,济南,36.67,116.98,28.79,26.05
20170804,济南,36.67,116.98,29.18,0.03
20170805,济南,36.67,116.98,29.31,2.32
20170806,济南,36.67,116.98,29.24,8.06
20170807,济南,36.67,116.98,29.05,2.4
20170808,济南,36.67,116.98,27.41,0.0
20170809,济南,36.67,116.98,26.47,1.52
20170810,济南,36.67,116.98,27.07,0.0
20170811,济南,36.67,116.98,28.24,0.0
20170812,济南,36.67,116.98,27.46,1.12
20170813,济南,36.67,116.98,25.35,1.05
20170814,济南,36.67,116.98,24.5,2.42
20170815,济南,36.67,116.98,25.57,0.16
20170816,济南,36.67,116.98,26.64,3.71
20170817,济南,36.67,116.98,26.17,2.41
20170818,济南,36.67,116.98,26.49,18.27
20170819,济南,36.67,116.98,25.29,5.8
20170820,济南,36.67,116.98,25.92,0.15
20170821,济南,36.67,116.98,27.12,0.0
20170822,济南,36.67,116.98,27.65,0.05
20170823,济南,36.67,116.98,28.09,3.23
20170824,济南,36.67,116.98,27.77,2.03
20170825,济南,36.67,116.98,26.51,0.0
20170826,济南,36.67,116.98,26.09,0.0
20170827,济南,36.67,116.98,25.08,1.21
20170828,济南,36.67,116.98,21.36,10.08
20170829,济南,36.67,116.98,20.2,4.51
20170830,济南,36.67,116.98,18.14,7.75
20170831,济南,36.67,116.98,20.17,0.06
20170901,济南,36.67,116.98,21.1,0.0
20170902,济南,36.67,116.98,23.12,0.0
20170903,济南,36.67,116.98,22.18,0.0
20170904,济南,36.67,116.98,22.03,0.69
20170905,济南,36.67,116.98,23.25,4.57
20170906,济南,36.67,116.98,23.23,1.98
20170907,济南,36.67,116.98,23.8,0.09
20170908,济南,36.67,116.98,24.63,0.0
20170909,济南,36.67,116.98,24.54,0.04
20170910,济南,36.67,116.98,20.41,3.43
20170911,济南,36.67,116.98,22.42,0.0
20170912,济南,36.67,116.98,23.67,0.0
20170913,济南,36.67,116.98,23.42,0.0
20170914,济南,36.67,116.98,22.9,0.0
20170915,济南,36.67,116.98,24.38,0.0
20170916,济南,36.67,116.98,23.42,0.12
20170917,济南,36.67,116.98,23.55,0.0
20170918,济南,36.67,116.98,24.18,0.0
20170919,济南,36.67,116.98,23.56,0.0
20170920,济南,36.67,116.98,22.88,0.0
20170921,济南,36.67,116.98,23.17,0.31
20170922,济南,36.67,116.98,22.2,0.86
20170923,济南,36.67,116.98,23.21,0.12
20170924,济南,36.67,116.98,24.1,0.05
20170925,济南,36.67,116.98,22.83,0.9
20170926,济南,36.67,116.98,21.82,1.04
20170927,济南,36.67,116.98,19.94,0.09
20170928,济南,36.67,116.98,17.6,0.0
20170929,济南,36.67,116.98,18.11,0.0
20170930,济南,36.67,116.98,20.52,10.75
20171001,济南,36.67,116.98,20.08,6.56
20171002,济南,36.67,116.98,18.71,0.0
20171003,济南,36.67,116.98,14.1,0.5
20171004,济南,36.67,116.98,13.62,0.0
20171005,济南,36.67,116.98,14.83,0.0
20171006,济南,36.67,116.98,15.79,0.0
20171007,济南,36.67,116.98,16.2,5.83
20171008,济南,36.67,116.98,18.83,5.93
20171009,济南,36.67,116.98,18.46,5.62
20171010,济南,36.67,116.98,11.95,15.86
20171011,济南,36.67,116.98,10.18,0.04
20171012,济南,36.67,116.98,11.59,0.06
20171013,济南,36.67,116.98,12.32,0.0
20171014,济南,36.67,116.98,13.93,0.0
20171015,济南,36.67,116.98,14.38,0.0
20171016,济南,36.67,116.98,14.84,0.01
20171017,济南,36.67,116.98,14.67,1.72
20171018,济南,36.67,116.98,13.4,0.34
20171019,济南,36.67,116.98,14.44,0.0
20171020,济南,36.67,116.98,14.86,0.0
20171021,济南,36.67,116.98,15.99,0.0
20171022,济南,36.67,116.98,13.39,0.01
20171023,济南,36.67,116.98,10.31,0.0
20171024,济南,36.67,116.98,11.3,0.0
20171025,济南,36.67,116.98,12.13,0.0
20171026,济南,36.67,116.98,13.33,0.0
20171027,济南,36.67,116.98,14.86,0.0
20171028,济南,36.67,116.98,14.31,0.0
20171029,济南,36.67,116.98,6.53,0.0
20171030,济南,36.67,116.98,7.17,0.0
20171031,济南,36.67,116.98,9.93,0.0
20170401,郑州,34.76,113.65,13.36,0.0
20170402,郑州,34.76,113.65,16.34,0.0
20170403,郑州,34.76,113.65,16.91,0.1
20170404,郑州,34.76,113.65,14.3,7.58
20170405,郑州,34.76,113.65,14.76,0.04
20170406,郑州,34.76,113.65,16.74,0.0
20170407,郑州,34.76,113.65,16.87,0.36
20170408,郑州,34.76,113.65,14.21,7.52
20170409,郑州,34.76,113.65,10.49,2.32
20170410,郑州,34.76,113.65,9.2,3.58
20170411,郑州,34.76,113.65,14.06,0.2
20170412,郑州,34.76,113.65,17.08,0.79
20170413,郑州,34.76,113.65,18.2,0.22
20170414,郑州,34.76,113.65,20.16,0.07
20170415,郑州,34.76,113.65,21.86,0.06
20170416,郑州,34.76,113.65,18.24,7.27
20170417,郑州,34.76,113.65,20.33,0.0
20170418,郑州,34.76,113.65,21.56,0.0
20170419,郑州,34.76,113.65,18.33,0.05
20170420,郑州,34.76,113.65,17.73,0.0
20170421,郑州,34.76,113.65,16.18,0.0
20170422,郑州,34.76,113.65,17.47,0.0
20170423,郑州,34.76,113.65,20.48,0.0
20170424,郑州,34.76,113.65,19.84,0.0
20170425,郑州,34.76,113.65,16.48,0.03
20170426,郑州,34.76,113.65,15.28,0.0
20170427,郑州,34.76,113.65,18.23,0.0
20170428,郑州,34.76,113.65,21.37,0.0
20170429,郑州,34.76,113.65,23.73,0.0
20170430,郑州,34.76,113.65,24.79,0.0
20170501,郑州,34.76,113.65,22.02,0.0
20170502,郑州,34.76,113.65,22.6,0.0
20170503,郑州,34.76,113.65,17.43,15.04
20170504,郑州,34.76,113.65,19.35,0.0
20170505,郑州,34.76,113.65,19.61,0.0
20170506,郑州,34.76,113.65,19.95,0.0
20170507,郑州,34.76,113.65,22.2,0.01
20170508,郑州,34.76,113.65,20.23,1.72
20170509,郑州,34.76,113.65,21.88,0.17
20170510,郑州,34.76,113.65,26.08,0.0
20170511,郑州,34.76,113.65,23.65,0.0
20170512,郑州,34.76,113.65,25.1,0.0
20170513,郑州,34.76,113.65,24.52,0.0
20170514,郑州,34.76,113.65,20.71,0.02
20170515,郑州,34.76,113.65,18.19,2.11
20170516,郑州,34.76,113.65,22.97,0.0
20170517,郑州,34.76,113.65,27.02,0.0
20170518,郑州,34.76,113.65,27.54,0.0
20170519,郑州,34.76,113.65,26.69,0.18
20170520,郑州,34.76,113.65,26.52,0.0
20170521,郑州,34.76,113.65,27.68,0.0
20170522,郑州,34.76,113.65,26.12,34.14
20170523,郑州,34.76,113.65,20.39,5.13
20170524,郑州,34.76,113.65,23.52,0.0
20170525,郑州,34.76,113.65,26.13,0.0
20170526,郑州,34.76,113.65,26.15,0.0
20170527,郑州,34.76,113.65,28.99,0.0
20170528,郑州,34.76,113.65,29.73,0.0
20170529,郑州,34.76,113.65,27.49,0.0
20170530,郑州,34.76,113.65,27.21,1.96
20170531,郑州,34.76,113.65,27.8,0.12
20170601,郑州,34.76,113.65,29.33,0.0
20170602,郑州,34.76,113.65,29.74,0.0
20170603,郑州,34.76,113.65,20.82,0.46
20170604,郑州,34.76,113.65,22.09,1.98
20170605,郑州,34.76,113.65,17.55,38.94
20170606,郑州,34.76,113.65,20.56,0.25
20170607,郑州,34.76,113.65,24.98,0.01
20170608,郑州,34.76,113.65,22.87,4.52
20170609,郑州,34.76,113.65,24.98,3.33
20170610,郑州,34.76,113.65,26.63,1.38
20170611,郑州,34.76,113.65,26.57,0.0
20170612,郑州,34.76,113.65,28.06,0.43
20170613,郑州,34.76,113.65,26.01,0.1
20170614,郑州,34.76,113.65,23.66,0.0
20170615,郑州,34.76,113.65,26.89,0.0
20170616,郑州,34.76,113.65,26.67,0.0
20170617,郑州,34.76,113.65,27.86,0.0
20170618,郑州,34.76,113.65,26.56,0.0
20170619,郑州,34.76,113.65,28.78,0.18
20170620,郑州,34.76,113.65,30.46,1.54
20170621,郑州,34.76,113.65,28.14,4.73
20170622,郑州,34.76,113.65,25.58,2.76
20170623,郑州,34.76,113.65,27.01,1.6
20170624,郑州,34.76,113.65,26.03,1.36
20170625,郑州,34.76,113.65,27.56,0.0
20170626,郑州,34.76,113.65,29.25,0.0
20170627,郑州,34.76,113.65,30.39,0.0
20170628,郑州,34.76,113.65,30.72,0.0
20170629,郑州,34.76,113.65,30.7,0.0
20170630,郑州,34.76,113.65,29.85,0.0
20170701,郑州,34.76,113.65,29.97,0.0
20170702,郑州,34.76,113.65,30.64,0.0
20170703,郑州,34.76,113.65,32.42,0.0
20170704,郑州,34.76,113.65,33.09,0.16
20170705,郑州,34.76,113.65,30.36,1.12
20170706,郑州,34.76,113.65,27.63,28.51
20170707,郑州,34.76,113.65,30.12,0.03
20170708,郑州,34.76,113.65,31.57,0.0
20170709,郑州,34.76,113.65,29.75,0.1
20170710,郑州,34.76,113.65,31.2,0.48
20170711,郑州,34.76,113.65,32.48,0.0
20170712,郑州,34.76,113.65,32.05,0.03
20170713,郑州,34.76,113.65,32.29,0.02
20170714,郑州,34.76,113.65,31.25,2.19
20170715,郑州,34.76,113.65,28.62,3.06
20170716,郑州,34.76,113.65,28.83,0.48
20170717,郑州,34.76,113.65,28.25,5.97
20170718,郑州,34.76,113.65,30.09,6.64
20170719,郑州,34.76,113.65,30.99,4.9
20170720,郑州,34.76,113.65,32.53,1.58
20170721,郑州,34.76,113.65,33.52,0.94
20170722,郑州,34.76,113.65,32.13,0.27
20170723,郑州,34.76,113.65,34.55,0.33
20170724,郑州,34.76,113.65,34.32,0.02
20170725,郑州,34.76,113.65,30.65,2.3
20170726,郑州,34.76,113.65,31.23,3.49
20170727,郑州,34.76,113.65,26.45,2.59
20170728,郑州,34.76,113.65,26.13,0.42
20170729,郑州,34.76,113.65,24.78,15.14
20170730,郑州,34.76,113.65,24.55,8.91
20170731,郑州,34.76,113.65,27.98,0.01
20170801,郑州,34.76,113.65,28.89,11.47
20170802,郑州,34.76,113.65,28.87,19.36
20170803,郑州,34.76,113.65,31.41,0.04
20170804,郑州,34.76,113.65,32.84,0.0
20170805,郑州,34.76,113.65,33.02,0.0
20170806,郑州,34.76,113.65,33.59,1.05
20170807,郑州,34.76,113.65,30.85,4.42
20170808,郑州,34.76,113.65,29.78,2.42
20170809,郑州,34.76,113.65,31.1,0.11
20170810,郑州,34.76,113.65,31.17,0.0
20170811,郑州,34.76,113.65,31.42,0.0
20170812,郑州,34.76,113.65,30.65,5.47
20170813,郑州,34.76,113.65,28.14,1.79
20170814,郑州,34.76,113.65,29.08,0.04
20170815,郑州,34.76,113.65,29.99,0.01
20170816,郑州,34.76,113.65,30.49,0.0
20170817,郑州,34.76,113.65,30.74,0.0
20170818,郑州,34.76,113.65,29.23,13.39
20170819,郑州,34.76,113.65,27.75,26.6
20170820,郑州,34.76,113.65,28.1,0.01
20170821,郑州,34.76,113.65,29.48,0.01
20170822,郑州,34.76,113.65,29.89,0.29
20170823,郑州,34.76,113.65,29.41,0.29
20170824,郑州,34.76,113.65,30.87,0.0
20170825,郑州,34.76,113.65,27.51,15.2
20170826,郑州,34.76,113.65,25.41,2.65
20170827,郑州,34.76,113.65,26.34,0.08
20170828,郑州,34.76,113.65,23.41,3.71
20170829,郑州,34.76,113.65,20.98,12.46
20170830,郑州,34.76,113.65,18.97,22.85
20170831,郑州,34.76,113.65,21.66,0.14
20170901,郑州,34.76,113.65,21.51,2.91
20170902,郑州,34.76,113.65,22.48,6.16
20170903,郑州,34.76,113.65,22.43,1.45
20170904,郑州,34.76,113.65,22.15,3.42
20170905,郑州,34.76,113.65,23.74,7.67
20170906,郑州,34.76,113.65,24.93,1.21
20170907,郑州,34.76,113.65,26.45,0.01
20170908,郑州,34.76,113.65,24.3,0.0
20170909,郑州,34.76,113.65,23.55,4.1
20170910,郑州,34.76,113.65,20.4,9.01
20170911,郑州,34.76,113.65,24.09,0.0
20170912,郑州,34.76,113.65,25.02,0.0
20170913,郑州,34.76,113.65,24.73,0.0
20170914,郑州,34.76,113.65,23.27,0.0
20170915,郑州,34.76,113.65,24.44,0.0
20170916,郑州,34.76,113.65,24.22,0.0
20170917,郑州,34.76,113.65,24.76,0.0
20170918,郑州,34.76,113.65,26.16,0.0
20170919,郑州,34.76,113.65,25.15,0.0
20170920,郑州,34.76,113.65,25.01,0.06
20170921,郑州,34.76,113.65,25.15,0.68
20170922,郑州,34.76,113.65,24.42,0.0
20170923,郑州,34.76,113.65,25.41,0.0
20170924,郑州,34.76,113.65,24.63,0.62
20170925,郑州,34.76,113.65,22.37,4.97
20170926,郑州,34.76,113.65,21.82,13.12
20170927,郑州,34.76,113.65,20.35,2.36
20170928,郑州,34.76,113.65,18.95,0.0
20170929,郑州,34.76,113.65,20.7,0.0
20170930,郑州,34.76,113.65,19.98,9.25
20171001,郑州,34.76,113.65,20.9,4.78
20171002,郑州,34.76,113.65,20.63,1.13
20171003,郑州,34.76,113.65,12.75,24.19
20171004,郑州,34.76,113.65,11.72,11.78
20171005,郑州,34.76,113.65,13.71,0.75
20171006,郑州,34.76,113.65,15.57,0.02
20171007,郑州,34.76,113.65,17.38,0.88
20171008,郑州,34.76,113.65,17.84,3.85
20171009,郑州,34.76,113.65,16.48,5.67
20171010,郑州,34.76,113.65,11.81,3.43
20171011,郑州,34.76,113.65,11.35,7.95
20171012,郑州,34.76,113.65,13.1,1.94
20171013,郑州,34.76,113.65,13.04,0.03
20171014,郑州,34.76,113.65,13.41,0.0
20171015,郑州,34.76,113.65,14.25,0.65
20171016,郑州,34.76,113.65,15.24,2.97
20171017,郑州,34.76,113.65,13.68,7.58
20171018,郑州,34.76,113.65,13.6,0.36
20171019,郑州,34.76,113.65,15.17,0.0
20171020,郑州,34.76,113.65,15.93,0.0
20171021,郑州,34.76,113.65,16.25,0.0
20171022,郑州,34.76,113.65,15.81,0.0
20171023,郑州,34.76,113.65,14.06,0.0
20171024,郑州,34.76,113.65,13.19,0.0
20171025,郑州,34.76,113.65,14.69,0.26
20171026,郑州,34.76,113.65,16.13,0.0
20171027,郑州,34.76,113.65,17.31,0.0
20171028,郑州,34.76,113.65,16.93,0.0
20171029,郑州,34.76,113.65,10.22,0.0
20171030,郑州,34.76,113.65,10.5,0.0
20171031,郑州,34.76,113.65,12.05,0.88
20180401,哈尔滨,45.75,126.63,9.76,0.01
20180402,哈尔滨,45.75,126.63,8.81,0.01
20180403,哈尔滨,45.75,126.63,0.66,0.0
20180404,哈尔滨,45.75,126.63,-1.75,0.0
20180405,哈尔滨,45.75,126.63,-0.48,0.0
20180406,哈尔滨,45.75,126.63,0.18,0.0
20180407,哈尔滨,45.75,126.63,0.83,0.0
20180408,哈尔滨,45.75,126.63,0.17,0.34
20180409,哈尔滨,45.75,126.63,4.69,0.0
20180410,哈尔滨,45.75,126.63,5.05,6.56
20180411,哈尔滨,45.75,126.63,3.8,3.85
20180412,哈尔滨,45.75,126.63,4.18,0.85
20180413,哈尔滨,45.75,126.63,5.77,1.31
20180414,哈尔滨,45.75,126.63,4.26,15.75
20180415,哈尔滨,45.75,126.63,5.28,0.1
20180416,哈尔滨,45.75,126.63,9.85,0.0
20180417,哈尔滨,45.75,126.63,12.72,0.0
20180418,哈尔滨,45.75,126.63,12.98,0.13
20180419,哈尔滨,45.75,126.63,14.51,1.75
20180420,哈尔滨,45.75,126.63,12.34,3.44
20180421,哈尔滨,45.75,126.63,8.4,2.79
20180422,哈尔滨,45.75,126.63,10.01,0.0
20180423,哈尔滨,45.75,126.63,10.52,0.0
20180424,哈尔滨,45.75,126.63,14.57,0.0
20180425,哈尔滨,45.75,126.63,16.79,0.0
20180426,哈尔滨,45.75,126.63,9.64,0.0
20180427,哈尔滨,45.75,126.63,11.99,0.03
20180428,哈尔滨,45.75,126.63,15.71,0.04
20180429,哈尔滨,45.75,126.63,13.64,0.82
20180430,哈尔滨,45.75,126.63,12.08,0.0
20180501,哈尔滨,45.75,126.63,12.38,0.02
20180502,哈尔滨,45.75,126.63,10.61,0.0
20180503,哈尔滨,45.75,126.63,10.72,0.0
20180504,哈尔滨,45.75,126.63,8.98,0.04
20180505,哈尔滨,45.75,126.63,11.95,0.0
20180506,哈尔滨,45.75,126.63,12.46,0.0
20180507,哈尔滨,45.75,126.63,12.48,0.04
20180508,哈尔滨,45.75,126.63,12.7,0.01
20180509,哈尔滨,45.75,126.63,14.45,0.0
20180510,哈尔滨,45.75,126.63,15.23,0.18
20180511,哈尔滨,45.75,126.63,17.04,0.0
20180512,哈尔滨,45.75,126.63,17.07,0.13
20180513,哈尔滨,45.75,126.63,17.04,0.96
20180514,哈尔滨,45.75,126.63,20.07,0.16
20180515,哈尔滨,45.75,126.63,19.15,2.54
20180516,哈尔滨,45.75,126.63,19.19,0.76
20180517,哈尔滨,45.75,126.63,15.82,0.0
20180518,哈尔滨,45.75,126.63,18.35,0.0
20180519,哈尔滨,45.75,126.63,20.16,0.0
20180520,哈尔滨,45.75,126.63,20.4,0.0
20180521,哈尔滨,45.75,126.63,21.33,0.0
20180522,哈尔滨,45.75,126.63,13.57,4.95
20180523,哈尔滨,45.75,126.63,12.41,0.29
20180524,哈尔滨,45.75,126.63,14.08,0.62
20180525,哈尔滨,45.75,126.63,15.34,0.01
20180526,哈尔滨,45.75,126.63,16.57,0.51
20180527,哈尔滨,45.75,126.63,12.86,5.96
20180528,哈尔滨,45.75,126.63,16.62,1.83
20180529,哈尔滨,45.75,126.63,16.91,2.06
20180530,哈尔滨,45.75,126.63,19.68,0.0
20180531,哈尔滨,45.75,126.63,22.85,0.0
20180601,哈尔滨,45.75,126.63,26.53,0.0
20180602,哈尔滨,45.75,126.63,27.04,0.0
20180603,哈尔滨,45.75,126.63,24.63,0.48
20180604,哈尔滨,45.75,126.63,23.51,1.84
20180605,哈尔滨,45.75,126.63,20.41,7.01
20180606,哈尔滨,45.75,126.63,20.66,6.29
20180607,哈尔滨,45.75,126.63,20.11,0.68
20180608,哈尔滨,45.75,126.63,18.46,0.28
20180609,哈尔滨,45.75,126.63,19.16,0.5
20180610,哈尔滨,45.75,126.63,19.82,1.6
20180611,哈尔滨,45.75,126.63,20.28,2.91
20180612,哈尔滨,45.75,126.63,20.41,0.88
20180613,哈尔滨,45.75,126.63,22.11,0.46
20180614,哈尔滨,45.75,126.63,20.23,19.35
20180615,哈尔滨,45.75,126.63,19.65,7.75
20180616,哈尔滨,45.75,126.63,20.33,4.38
20180617,哈尔滨,45.75,126.63,21.5,0.03
20180618,哈尔滨,45.75,126.63,20.61,15.43
20180619,哈尔滨,45.75,126.63,18.78,2.99
20180620,哈尔滨,45.75,126.63,17.21,3.35
20180621,哈尔滨,45.75,126.63,19.63,0.9
20180622,哈尔滨,45.75,126.63,24.29,0.68
20180623,哈尔滨,45.75,126.63,22.33,0.09
20180624,哈尔滨,45.75,126.63,21.15,0.0
20180625,哈尔滨,45.75,126.63,20.02,27.89
20180626,哈尔滨,45.75,126.63,22.22,18.56
20180627,哈尔滨,45.75,126.63,18.48,24.94
20180628,哈尔滨,45.75,126.63,21.18,0.29
20180629,哈尔滨,45.75,126.63,21.84,2.95
20180630,哈尔滨,45.75,126.63,22.4,2.18
20180701,哈尔滨,45.75,126.63,25.43,0.01
20180702,哈尔滨,45.75,126.63,25.15,1.78
20180703,哈尔滨,45.75,126.63,22.87,3.23
20180704,哈尔滨,45.75,126.63,21.63,8.68
20180705,哈尔滨,45.75,126.63,20.0,2.42
20180706,哈尔滨,45.75,126.63,19.24,0.01
20180707,哈尔滨,45.75,126.63,19.94,0.35
20180708,哈尔滨,45.75,126.63,20.07,14.05
20180709,哈尔滨,45.75,126.63,22.59,1.64
20180710,哈尔滨,45.75,126.63,24.92,0.77
20180711,哈尔滨,45.75,126.63,25.63,5.51
20180712,哈尔滨,45.75,126.63,24.11,8.83
20180713,哈尔滨,45.75,126.63,25.92,4.26
20180714,哈尔滨,45.75,126.63,25.15,10.38
20180715,哈尔滨,45.75,126.63,25.53,3.73
20180716,哈尔滨,45.75,126.63,23.9,24.52
20180717,哈尔滨,45.75,126.63,26.06,23.74
20180718,哈尔滨,45.75,126.63,25.11,24.28
20180719,哈尔滨,45.75,126.63,27.63,9.05
20180720,哈尔滨,45.75,126.63,25.24,24.59
20180721,哈尔滨,45.75,126.63,26.17,1.54
20180722,哈尔滨,45.75,126.63,27.44,0.04
20180723,哈尔滨,45.75,126.63,27.78,1.16
20180724,哈尔滨,45.75,126.63,27.41,11.89
20180725,哈尔滨,45.75,126.63,24.98,19.29
20180726,哈尔滨,45.75,126.63,23.33,0.1
20180727,哈尔滨,45.75,126.63,24.43,0.0
20180728,哈尔滨,45.75,126.63,24.43,0.0
20180729,哈尔滨,45.75,126.63,25.55,0.01
20180730,哈尔滨,45.75,126.63,25.74,3.04
20180731,哈尔滨,45.75,126.63,25.02,5.51
20180801,哈尔滨,45.75,126.63,21.99,0.01
20180802,哈尔滨,45.75,126.63,23.38,0.8
20180803,哈尔滨,45.75,126.63,25.5,7.49
20180804,哈尔滨,45.75,126.63,19.66,28.8
20180805,哈尔滨,45.75,126.63,20.82,0.91
20180806,哈尔滨,45.75,126.63,21.12,0.0
20180807,哈尔滨,45.75,126.63,22.11,0.03
20180808,哈尔滨,45.75,126.63,22.45,0.02
20180809,哈尔滨,45.75,126.63,23.08,2.12
20180810,哈尔滨,45.75,126.63,22.14,4.04
20180811,哈尔滨,45.75,126.63,20.97,0.05
20180812,哈尔滨,45.75,126.63,21.49,0.03
20180813,哈尔滨,45.75,126.63,21.74,1.01
20180814,哈尔滨,45.75,126.63,21.72,0.93
20180815,哈尔滨,45.75,126.63,20.87,0.48
20180816,哈尔滨,45.75,126.63,19.09,0.08
20180817,哈尔滨,45.75,126.63,19.16,0.02
20180818,哈尔滨,45.75,126.63,20.62,1.61
20180819,哈尔滨,45.75,126.63,22.56,0.0
20180820,哈尔滨,45.75,126.63,22.96,0.48
20180821,哈尔滨,45.75,126.63,19.28,16.9
20180822,哈尔滨,45.75,126.63,20.24,0.13
20180823,哈尔滨,45.75,126.63,20.67,0.01
20180824,哈尔滨,45.75,126.63,19.21,17.08
20180825,哈尔滨,45.75,126.63,18.94,40.27
20180826,哈尔滨,45.75,126.63,18.83,6.92
20180827,哈尔滨,45.75,126.63,18.46,6.43
20180828,哈尔滨,45.75,126.63,18.91,3.33
20180829,哈尔滨,45.75,126.63,18.43,19.93
20180830,哈尔滨,45.75,126.63,18.15,14.01
20180831,哈尔滨,45.75,126.63,19.84,0.94
20180901,哈尔滨,45.75,126.63,20.24,0.07
20180902,哈尔滨,45.75,126.63,19.0,8.59
20180903,哈尔滨,45.75,126.63,20.93,5.29
20180904,哈尔滨,45.75,126.63,18.4,9.14
20180905,哈尔滨,45.75,126.63,16.89,3.3
20180906,哈尔滨,45.75,126.63,15.68,3.32
20180907,哈尔滨,45.75,126.63,13.19,5.7
20180908,哈尔滨,45.75,126.63,10.83,0.23
20180909,哈尔滨,45.75,126.63,10.7,0.0
20180910,哈尔滨,45.75,126.63,14.1,0.0
20180911,哈尔滨,45.75,126.63,17.66,0.09
20180912,哈尔滨,45.75,126.63,17.08,17.84
20180913,哈尔滨,45.75,126.63,18.4,4.95
20180914,哈尔滨,45.75,126.63,18.4,0.43
20180915,哈尔滨,45.75,126.63,14.55,4.31
20180916,哈尔滨,45.75,126.63,13.51,0.08
20180917,哈尔滨,45.75,126.63,13.23,0.0
20180918,哈尔滨,45.75,126.63,14.32,0.01
20180919,哈尔滨,45.75,126.63,15.16,0.0
20180920,哈尔滨,45.75,126.63,15.2,0.0
20180921,哈尔滨,45.75,126.63,13.07,12.06
20180922,哈尔滨,45.75,126.63,10.74,0.16
20180923,哈尔滨,45.75,126.63,8.93,0.68
20180924,哈尔滨,45.75,126.63,9.63,0.31
20180925,哈尔滨,45.75,126.63,11.88,0.0
20180926,哈尔滨,45.75,126.63,13.93,0.0
20180927,哈尔滨,45.75,126.63,13.63,0.0
20180928,哈尔滨,45.75,126.63,12.31,0.53
20180929,哈尔滨,45.75,126.63,13.26,8.49
20180930,哈尔滨,45.75,126.63,12.18,3.11
20181001,哈尔滨,45.75,126.63,9.65,0.0
20181002,哈尔滨,45.75,126.63,11.41,0.0
20181003,哈尔滨,45.75,126.63,13.08,0.0
20181004,哈尔滨,45.75,126.63,13.36,0.0
20181005,哈尔滨,45.75,126.63,14.19,0.0
20181006,哈尔滨,45.75,126.63,10.81,0.01
20181007,哈尔滨,45.75,126.63,7.44,0.0
20181008,哈尔滨,45.75,126.63,5.32,0.01
20181009,哈尔滨,45.75,126.63,5.13,0.03
20181010,哈尔滨,45.75,126.63,5.29,0.76
20181011,哈尔滨,45.75,126.63,5.84,0.1
20181012,哈尔滨,45.75,126.63,8.19,0.0
20181013,哈尔滨,45.75,126.63,9.46,0.0
20181014,哈尔滨,45.75,126.63,6.86,0.04
20181015,哈尔滨,45.75,126.63,3.86,0.13
20181016,哈尔滨,45.75,126.63,2.33,0.02
20181017,哈尔滨,45.75,126.63,3.12,0.0
20181018,哈尔滨,45.75,126.63,4.58,0.0
20181019,哈尔滨,45.75,126.63,5.97,0.0
20181020,哈尔滨,45.75,126.63,6.05,0.0
20181021,哈尔滨,45.75,126.63,6.4,0.0
20181022,哈尔滨,45.75,126.63,8.58,0.88
20181023,哈尔滨,45.75,126.63,6.86,4.31
20181024,哈尔滨,45.75,126.63,4.68,0.0
20181025,哈尔滨,45.75,126.63,6.59,0.0
20181026,哈尔滨,45.75,126.63,6.58,4.87
20181027,哈尔滨,45.75,126.63,0.37,2.39
20181028,哈尔滨,45.75,126.63,-1.86,0.67
20181029,哈尔滨,45.75,126.63,-1.73,1.17
20181030,哈尔滨,45.75,126.63,-0.53,0.13
20181031,哈尔滨,45.75,126.63,0.9,0.01
20180401,长春,43.82,125.32,10.55,0.0
20180402,长春,43.82,125.32,9.43,0.78
20180403,长春,43.82,125.32,1.58,0.0
20180404,长春,43.82,125.32,-0.76,0.0
20180405,长春,43.82,125.32,-0.4,1.09
20180406,长春,43.82,125.32,-0.33,0.03
20180407,长春,43.82,125.32,0.1,0.0
20180408,长春,43.82,125.32,1.91,0.0
20180409,长春,43.82,125.32,6.14,0.0
20180410,长春,43.82,125.32,7.53,3.32
20180411,长春,43.82,125.32,6.22,0.23
20180412,长春,43.82,125.32,3.55,0.07
20180413,长春,43.82,125.32,7.55,0.52
20180414,长春,43.82,125.32,6.97,5.43
20180415,长春,43.82,125.32,5.69,0.28
20180416,长春,43.82,125.32,10.45,0.0
20180417,长春,43.82,125.32,13.75,0.0
20180418,长春,43.82,125.32,13.07,2.48
20180419,长春,43.82,125.32,14.34,0.04
20180420,长春,43.82,125.32,17.22,0.06
20180421,长春,43.82,125.32,8.31,2.16
20180422,长春,43.82,125.32,10.39,0.0
20180423,长春,43.82,125.32,10.2,0.01
20180424,长春,43.82,125.32,14.0,0.0
20180425,长春,43.82,125.32,16.42,0.0
20180426,长春,43.82,125.32,11.27,0.0
20180427,长春,43.82,125.32,11.81,0.0
20180428,长春,43.82,125.32,17.91,0.0
20180429,长春,43.82,125.32,16.98,0.82
20180430,长春,43.82,125.32,13.46,0.0
20180501,长春,43.82,125.32,13.66,0.05
20180502,长春,43.82,125.32,9.44,0.82
20180503,长春,43.82,125.32,10.97,0.0
20180504,长春,43.82,125.32,10.27,0.0
20180505,长春,43.82,125.32,12.9,0.0
20180506,长春,43.82,125.32,14.48,0.0
20180507,长春,43.82,125.32,12.81,0.0
20180508,长春,43.82,125.32,13.4,0.01
20180509,长春,43.82,125.32,14.04,0.0
20180510,长春,43.82,125.32,14.94,0.1
20180511,长春,43.82,125.32,14.38,0.01
20180512,长春,43.82,125.32,14.87,1.63
20180513,长春,43.82,125.32,17.64,0.03
20180514,长春,43.82,125.32,20.94,0.04
20180515,长春,43.82,125.32,22.95,1.54
20180516,长春,43.82,125.32,21.02,0.35
20180517,长春,43.82,125.32,16.04,0.47
20180518,长春,43.82,125.32,17.26,0.0
20180519,长春,43.82,125.32,19.21,0.0
20180520,长春,43.82,125.32,20.47,0.0
20180521,长春,43.82,125.32,19.76,0.0
20180522,长春,43.82,125.32,11.86,8.34
20180523,长春,43.82,125.32,13.43,0.11
20180524,长春,43.82,125.32,18.22,0.37
20180525,长春,43.82,125.32,17.8,0.22
20180526,长春,43.82,125.32,20.22,0.0
20180527,长春,43.82,125.32,15.45,37.42
20180528,长春,43.82,125.32,14.46,23.84
20180529,长春,43.82,125.32,13.83,3.19
20180530,长春,43.82,125.32,16.67,0.11
20180531,长春,43.82,125.32,21.08,0.0
20180601,长春,43.82,125.32,23.92,0.0
20180602,长春,43.82,125.32,24.46,0.0
20180603,长春,43.82,125.32,23.08,0.21
20180604,长春,43.82,125.32,21.93,0.18
20180605,长春,43.82,125.32,22.01,0.37
20180606,长春,43.82,125.32,21.12,1.21
20180607,长春,43.82,125.32,20.71,2.07
20180608,长春,43.82,125.32,19.84,0.61
20180609,长春,43.82,125.32,21.7,0.01
20180610,长春,43.82,125.32,18.47,4.26
20180611,长春,43.82,125.32,17.98,6.93
20180612,长春,43.82,125.32,20.15,4.52
20180613,长春,43.82,125.32,19.0,10.41
20180614,长春,43.82,125.32,17.41,7.42
20180615,长春,43.82,125.32,19.23,0.93
20180616,长春,43.82,125.32,19.97,3.63
20180617,长春,43.82,125.32,21.38,2.63
20180618,长春,43.82,125.32,21.93,7.33
20180619,长春,43.82,125.32,20.98,4.41
20180620,长春,43.82,125.32,17.44,11.86
20180621,长春,43.82,125.32,19.95,0.45
20180622,长春,43.82,125.32,20.87,1.06
20180623,长春,43.82,125.32,22.1,0.79
20180624,长春,43.82,125.32,22.04,0.51
20180625,长春,43.82,125.32,22.19,5.45
20180626,长春,43.82,125.32,22.67,8.79
20180627,长春,43.82,125.32,21.1,7.57
20180628,长春,43.82,125.32,20.95,0.15
20180629,长春,43.82,125.32,23.66,1.33
20180630,长春,43.82,125.32,24.0,0.81
20180701,长春,43.82,125.32,25.74,0.02
20180702,长春,43.82,125.32,24.4,2.31
20180703,长春,43.82,125.32,25.54,0.71
20180704,长春,43.82,125.32,23.0,3.13
20180705,长春,43.82,125.32,23.34,6.56
20180706,长春,43.82,125.32,21.19,1.8
20180707,长春,43.82,125.32,22.13,2.77
20180708,长春,43.82,125.32,19.67,18.02
20180709,长春,43.82,125.32,21.65,0.74
20180710,长春,43.82,125.32,24.48,0.02
20180711,长春,43.82,125.32,24.24,8.95
20180712,长春,43.82,125.32,24.2,14.87
20180713,长春,43.82,125.32,25.05,2.57
20180714,长春,43.82,125.32,24.5,7.06
20180715,长春,43.82,125.32,26.32,1.91
20180716,长春,43.82,125.32,25.02,8.55
20180717,长春,43.82,125.32,25.73,0.63
20180718,长春,43.82,125.32,25.29,8.41
20180719,长春,43.82,125.32,27.06,1.67
20180720,长春,43.82,125.32,26.36,0.3
20180721,长春,43.82,125.32,27.12,0.07
20180722,长春,43.82,125.32,28.04,0.21
20180723,长春,43.82,125.32,29.45,0.05
20180724,长春,43.82,125.32,28.76,3.84
20180725,长春,43.82,125.32,26.84,5.55
20180726,长春,43.82,125.32,23.25,13.59
20180727,长春,43.82,125.32,24.97,0.01
20180728,长春,43.82,125.32,26.33,0.0
20180729,长春,43.82,125.32,28.92,0.0
20180730,长春,43.82,125.32,30.5,0.13
20180731,长春,43.82,125.32,29.32,0.04
20180801,长春,43.82,125.32,26.29,0.0
20180802,长春,43.82,125.32,26.33,0.0
20180803,长春,43.82,125.32,30.59,0.22
20180804,长春,43.82,125.32,28.43,4.36
20180805,长春,43.82,125.32,22.35,0.38
20180806,长春,43.82,125.32,22.85,1.15
20180807,长春,43.82,125.32,23.71,7.21
20180808,长春,43.82,125.32,23.44,1.43
20180809,长春,43.82,125.32,25.33,1.6
20180810,长春,43.82,125.32,24.86,0.52
20180811,长春,43.82,125.32,24.5,0.18
20180812,长春,43.82,125.32,21.23,27.03
20180813,长春,43.82,125.32,23.07,15.87
20180814,长春,43.82,125.32,23.84,56.71
20180815,长春,43.82,125.32,22.52,1.34
20180816,长春,43.82,125.32,19.05,0.17
20180817,长春,43.82,125.32,20.08,0.0
20180818,长春,43.82,125.32,22.27,0.05
20180819,长春,43.82,125.32,22.97,0.02
20180820,长春,43.82,125.32,21.06,2.25
20180821,长春,43.82,125.32,20.24,3.75
20180822,长春,43.82,125.32,21.07,0.01
20180823,长春,43.82,125.32,21.13,0.09
20180824,长春,43.82,125.32,17.92,22.81
20180825,长春,43.82,125.32,19.15,9.36
20180826,长春,43.82,125.32,19.12,1.49
20180827,长春,43.82,125.32,20.16,0.18
20180828,长春,43.82,125.32,20.22,22.16
20180829,长春,43.82,125.32,19.88,34.89
20180830,长春,43.82,125.32,19.13,2.44
20180831,长春,43.82,125.32,19.33,1.41
20180901,长春,43.82,125.32,21.27,0.03
20180902,长春,43.82,125.32,20.14,6.47
20180903,长春,43.82,125.32,20.55,4.48
20180904,长春,43.82,125.32,17.85,6.84
20180905,长春,43.82,125.32,16.68,1.61
20180906,长春,43.82,125.32,16.9,3.21
20180907,长春,43.82,125.32,14.65,0.43
20180908,长春,43.82,125.32,12.69,0.18
20180909,长春,43.82,125.32,13.81,0.0
20180910,长春,43.82,125.32,15.05,0.0
20180911,长春,43.82,125.32,17.89,0.01
20180912,长春,43.82,125.32,17.79,3.12
20180913,长春,43.82,125.32,19.47,0.78
20180914,长春,43.82,125.32,19.82,0.83
20180915,长春,43.82,125.32,14.29,4.65
20180916,长春,43.82,125.32,14.02,0.0
20180917,长春,43.82,125.32,15.08,0.0
20180918,长春,43.82,125.32,17.47,0.0
20180919,长春,43.82,125.32,17.05,0.0
20180920,长春,43.82,125.32,16.94,0.0
20180921,长春,43.82,125.32,14.56,15.95
20180922,长春,43.82,125.32,10.64,0.04
20180923,长春,43.82,125.32,10.4,1.66
20180924,长春,43.82,125.32,9.9,1.09
20180925,长春,43.82,125.32,12.27,0.0
20180926,长春,43.82,125.32,13.46,0.0
20180927,长春,43.82,125.32,13.87,0.0
20180928,长春,43.82,125.32,13.04,3.23
20180929,长春,43.82,125.32,12.8,12.41
20180930,长春,43.82,125.32,9.58,16.01
20181001,长春,43.82,125.32,10.79,3.37
20181002,长春,43.82,125.32,11.79,0.01
20181003,长春,43.82,125.32,13.53,0.0
20181004,长春,43.82,125.32,14.63,0.0
20181005,长春,43.82,125.32,14.8,0.0
20181006,长春,43.82,125.32,11.14,0.0
20181007,长春,43.82,125.32,7.52,0.0
20181008,长春,43.82,125.32,6.1,0.0
20181009,长春,43.82,125.32,5.99,0.08
20181010,长春,43.82,125.32,3.51,8.51
20181011,长春,43.82,125.32,5.78,0.14
20181012,长春,43.82,125.32,7.62,0.0
20181013,长春,43.82,125.32,9.61,0.0
20181014,长春,43.82,125.32,8.68,0.11
20181015,长春,43.82,125.32,5.47,0.0
20181016,长春,43.82,125.32,3.24,0.0
20181017,长春,43.82,125.32,4.2,0.0
20181018,长春,43.82,125.32,5.69,0.0
20181019,长春,43.82,125.32,6.6,0.0
20181020,长春,43.82,125.32,6.46,0.0
20181021,长春,43.82,125.32,8.5,0.0
20181022,长春,43.82,125.32,10.96,0.82
20181023,长春,43.82,125.32,7.84,5.21
20181024,长春,43.82,125.32,6.7,0.0
20181025,长春,43.82,125.32,8.65,0.28
20181026,长春,43.82,125.32,6.78,7.02
20181027,长春,43.82,125.32,1.02,0.52
20181028,长春,43.82,125.32,-0.3,0.33
20181029,长春,43.82,125.32,-1.26,1.55
20181030,长春,43.82,125.32,-0.13,1.36
20181031,长春,43.82,125.32,0.59,0.0
20180401,沈阳,41.8,123.43,11.46,0.0
20180402,沈阳,41.8,123.43,10.58,0.0
20180403,沈阳,41.8,123.43,4.44,0.02
20180404,沈阳,41.8,123.43,2.5,0.0
20180405,沈阳,41.8,123.43,1.35,1.29
20180406,沈阳,41.8,123.43,1.11,1.8
20180407,沈阳,41.8,123.43,0.88,0.0
20180408,沈阳,41.8,123.43,3.73,0.0
20180409,沈阳,41.8,123.43,6.51,0.0
20180410,沈阳,41.8,123.43,10.45,2.04
20180411,沈阳,41.8,123.43,9.25,0.0
20180412,沈阳,41.8,123.43,7.76,0.0
20180413,沈阳,41.8,123.43,8.8,1.78
20180414,沈阳,41.8,123.43,8.69,6.99
20180415,沈阳,41.8,123.43,7.96,0.03
20180416,沈阳,41.8,123.43,10.69,0.0
20180417,沈阳,41.8,123.43,12.37,0.0
20180418,沈阳,41.8,123.43,12.47,0.44
20180419,沈阳,41.8,123.43,15.57,0.0
20180420,沈阳,41.8,123.43,16.58,0.0
20180421,沈阳,41.8,123.43,11.23,3.64
20180422,沈阳,41.8,123.43,12.36,4.05
20180423,沈阳,41.8,123.43,11.59,0.74
20180424,沈阳,41.8,123.43,14.2,0.0
20180425,沈阳,41.8,123.43,16.94,0.0
20180426,沈阳,41.8,123.43,14.33,0.0
20180427,沈阳,41.8,123.43,13.54,0.0
20180428,沈阳,41.8,123.43,18.14,0.0
20180429,沈阳,41.8,123.43,19.2,0.77
20180430,沈阳,41.8,123.43,17.06,0.34
20180501,沈阳,41.8,123.43,16.39,0.23
20180502,沈阳,41.8,123.43,13.46,0.38
20180503,沈阳,41.8,123.43,12.75,0.01
20180504,沈阳,41.8,123.43,15.73,0.0
20180505,沈阳,41.8,123.43,16.41,0.0
20180506,沈阳,41.8,123.43,17.89,0.0
20180507,沈阳,41.8,123.43,14.91,0.0
20180508,沈阳,41.8,123.43,16.09,0.0
20180509,沈阳,41.8,123.43,18.01,0.0
20180510,沈阳,41.8,123.43,18.14,0.23
20180511,沈阳,41.8,123.43,14.47,1.87
20180512,沈阳,41.8,123.43,14.8,0.18
20180513,沈阳,41.8,123.43,19.11,0.0
20180514,沈阳,41.8,123.43,20.48,0.01
20180515,沈阳,41.8,123.43,22.28,0.08
20180516,沈阳,41.8,123.43,22.36,0.28
20180517,沈阳,41.8,123.43,19.86,0.94
20180518,沈阳,41.8,123.43,20.41,0.23
20180519,沈阳,41.8,123.43,20.5,0.0
20180520,沈阳,41.8,123.43,20.84,0.0
20180521,沈阳,41.8,123.43,18.27,0.0
20180522,沈阳,41.8,123.43,12.6,18.33
20180523,沈阳,41.8,123.43,15.19,0.01
20180524,沈阳,41.8,123.43,21.42,0.0
20180525,沈阳,41.8,123.43,22.69,0.0
20180526,沈阳,41.8,123.43,22.33,1.0
20180527,沈阳,41.8,123.43,21.43,5.0
20180528,沈阳,41.8,123.43,16.34,15.83
20180529,沈阳,41.8,123.43,16.59,4.6
20180530,沈阳,41.8,123.43,17.69,0.94
20180531,沈阳,41.8,123.43,22.31,0.0
20180601,沈阳,41.8,123.43,24.59,0.0
20180602,沈阳,41.8,123.43,24.87,0.0
20180603,沈阳,41.8,123.43,23.2,0.64
20180604,沈阳,41.8,123.43,23.07,0.12
20180605,沈阳,41.8,123.43,23.41,0.0
20180606,沈阳,41.8,123.43,21.66,0.65
20180607,沈阳,41.8,123.43,20.17,4.87
20180608,沈阳,41.8,123.43,23.59,0.2
20180609,沈阳,41.8,123.43,23.77,3.15
20180610,沈阳,41.8,123.43,18.25,8.33
20180611,沈阳,41.8,123.43,18.88,2.41
20180612,沈阳,41.8,123.43,21.23,9.26
20180613,沈阳,41.8,123.43,19.72,8.04
20180614,沈阳,41.8,123.43,18.3,12.95
20180615,沈阳,41.8,123.43,20.88,0.96
20180616,沈阳,41.8,123.43,21.45,0.86
20180617,沈阳,41.8,123.43,20.97,8.09
20180618,沈阳,41.8,123.43,22.35,3.26
20180619,沈阳,41.8,123.43,22.55,3.62
20180620,沈阳,41.8,123.43,21.33,2.09
20180621,沈阳,41.8,123.43,23.97,0.0
20180622,沈阳,41.8,123.43,25.84,0.0
20180623,沈阳,41.8,123.43,26.28,0.0
20180624,沈阳,41.8,123.43,27.76,0.02
20180625,沈阳,41.8,123.43,25.43,2.84
20180626,沈阳,41.8,123.43,24.13,7.22
20180627,沈阳,41.8,123.43,24.7,4.87
20180628,沈阳,41.8,123.43,24.01,0.11
20180629,沈阳,41.8,123.43,26.71,1.04
20180630,沈阳,41.8,123.43,26.38,0.19
20180701,沈阳,41.8,123.43,26.53,0.08
20180702,沈阳,41.8,123.43,27.0,0.76
20180703,沈阳,41.8,123.43,26.15,0.0
20180704,沈阳,41.8,123.43,29.2,0.25
20180705,沈阳,41.8,123.43,27.63,1.78
20180706,沈阳,41.8,123.43,25.25,18.44
20180707,沈阳,41.8,123.43,23.16,4.19
20180708,沈阳,41.8,123.43,20.29,6.61
20180709,沈阳,41.8,123.43,23.12,0.45
20180710,沈阳,41.8,123.43,25.88,0.05
20180711,沈阳,41.8,123.43,24.05,6.98
20180712,沈阳,41.8,123.43,26.06,10.98
20180713,沈阳,41.8,123.43,26.25,4.47
20180714,沈阳,41.8,123.43,25.52,13.34
20180715,沈阳,41.8,123.43,27.38,3.71
20180716,沈阳,41.8,123.43,27.51,1.19
20180717,沈阳,41.8,123.43,27.59,0.24
20180718,沈阳,41.8,123.43,27.06,0.07
20180719,沈阳,41.8,123.43,28.87,0.0
20180720,沈阳,41.8,123.43,28.6,0.0
20180721,沈阳,41.8,123.43,28.72,0.0
20180722,沈阳,41.8,123.43,30.26,0.01
20180723,沈阳,41.8,123.43,30.62,0.01
20180724,沈阳,41.8,123.43,30.19,0.38
20180725,沈阳,41.8,123.43,29.81,3.4
20180726,沈阳,41.8,123.43,26.57,9.35
20180727,沈阳,41.8,123.43,28.51,0.19
20180728,沈阳,41.8,123.43,30.41,0.09
20180729,沈阳,41.8,123.43,32.78,0.0
20180730,沈阳,41.8,123.43,33.5,0.0
20180731,沈阳,41.8,123.43,33.47,0.08
20180801,沈阳,41.8,123.43,31.93,0.02
20180802,沈阳,41.8,123.43,32.51,0.0
20180803,沈阳,41.8,123.43,33.48,0.0
20180804,沈阳,41.8,123.43,32.55,0.03
20180805,沈阳,41.8,123.43,27.15,0.02
20180806,沈阳,41.8,123.43,26.46,1.74
20180807,沈阳,41.8,123.43,24.3,55.68
20180808,沈阳,41.8,123.43,24.48,0.08
20180809,沈阳,41.8,123.43,27.48,0.38
20180810,沈阳,41.8,123.43,27.16,0.05
20180811,沈阳,41.8,123.43,26.66,1.73
20180812,沈阳,41.8,123.43,25.57,4.45
20180813,沈阳,41.8,123.43,26.97,7.25
20180814,沈阳,41.8,123.43,25.63,47.74
20180815,沈阳,41.8,123.43,24.67,7.68
20180816,沈阳,41.8,123.43,22.67,0.0
20180817,沈阳,41.8,123.43,23.03,0.0
20180818,沈阳,41.8,123.43,23.94,4.01
20180819,沈阳,41.8,123.43,24.67,0.41
20180820,沈阳,41.8,123.43,22.52,20.17
20180821,沈阳,41.8,123.43,23.79,0.33
20180822,沈阳,41.8,123.43,22.11,0.0
20180823,沈阳,41.8,123.43,22.15,0.42
20180824,沈阳,41.8,123.43,20.3,3.76
20180825,沈阳,41.8,123.43,20.63,1.84
20180826,沈阳,41.8,123.43,22.54,0.11
20180827,沈阳,41.8,123.43,24.44,1.06
20180828,沈阳,41.8,123.43,22.69,8.3
20180829,沈阳,41.8,123.43,22.04,3.78
20180830,沈阳,41.8,123.43,22.05,3.75
20180831,沈阳,41.8,123.43,21.34,0.19
20180901,沈阳,41.8,123.43,23.0,0.1
20180902,沈阳,41.8,123.43,21.73,8.97
20180903,沈阳,41.8,123.43,22.52,10.16
20180904,沈阳,41.8,123.43,20.7,0.05
20180905,沈阳,41.8,123.43,20.2,0.26
20180906,沈阳,41.8,123.43,18.18,8.38
20180907,沈阳,41.8,123.43,17.13,0.12
20180908,沈阳,41.8,123.43,15.35,0.0
20180909,沈阳,41.8,123.43,16.0,0.0
20180910,沈阳,41.8,123.43,18.25,0.0
20180911,沈阳,41.8,123.43,19.13,0.15
20180912,沈阳,41.8,123.43,19.77,20.63
20180913,沈阳,41.8,123.43,21.67,3.76
20180914,沈阳,41.8,123.43,21.31,0.01
20180915,沈阳,41.8,123.43,15.88,1.11
20180916,沈阳,41.8,123.43,14.76,0.0
20180917,沈阳,41.8,123.43,17.97,0.0
20180918,沈阳,41.8,123.43,19.19,0.0
20180919,沈阳,41.8,123.43,19.54,0.0
20180920,沈阳,41.8,123.43,20.5,0.0
20180921,沈阳,41.8,123.43,17.46,7.27
20180922,沈阳,41.8,123.43,14.19,0.04
20180923,沈阳,41.8,123.43,12.71,0.09
20180924,沈阳,41.8,123.43,13.05,0.0
20180925,沈阳,41.8,123.43,15.69,0.0
20180926,沈阳,41.8,123.43,15.89,0.0
20180927,沈阳,41.8,123.43,15.66,0.0
20180928,沈阳,41.8,123.43,15.51,8.07
20180929,沈阳,41.8,123.43,11.07,8.15
20180930,沈阳,41.8,123.43,9.41,0.11
20181001,沈阳,41.8,123.43,11.71,6.53
20181002,沈阳,41.8,123.43,12.98,0.07
20181003,沈阳,41.8,123.43,15.44,0.0
20181004,沈阳,41.8,123.43,16.14,0.0
20181005,沈阳,41.8,123.43,15.96,0.0
20181006,沈阳,41.8,123.43,12.25,0.0
20181007,沈阳,41.8,123.43,9.53,0.0
20181008,沈阳,41.8,123.43,9.01,0.0
20181009,沈阳,41.8,123.43,7.8,1.19
20181010,沈阳,41.8,123.43,6.49,0.31
20181011,沈阳,41.8,123.43,7.78,0.0
20181012,沈阳,41.8,123.43,9.29,0.0
20181013,沈阳,41.8,123.43,11.02,0.0
20181014,沈阳,41.8,123.43,11.32,0.0
20181015,沈阳,41.8,123.43,9.02,0.0
20181016,沈阳,41.8,123.43,6.4,0.0
20181017,沈阳,41.8,123.43,5.74,0.0
20181018,沈阳,41.8,123.43,6.67,0.0
20181019,沈阳,41.8,123.43,8.57,0.0
20181020,沈阳,41.8,123.43,8.09,0.0
20181021,沈阳,41.8,123.43,11.66,0.0
20181022,沈阳,41.8,123.43,13.96,9.41
20181023,沈阳,41.8,123.43,9.42,1.89
20181024,沈阳,41.8,123.43,9.42,0.0
20181025,沈阳,41.8,123.43,11.82,8.25
20181026,沈阳,41.8,123.43,6.56,8.44
20181027,沈阳,41.8,123.43,3.87,0.14
20181028,沈阳,41.8,123.43,3.11,0.02
20181029,沈阳,41.8,123.43,0.38,0.2
20181030,沈阳,41.8,123.43,2.51,0.0
20181031,沈阳,41.8,123.43,3.46,0.0
20180401,呼和浩特,40.82,111.75,9.63,0.0
20180402,呼和浩特,40.82,111.75,8.1,0.0
20180403,呼和浩特,40.82,111.75,-1.33,4.22
20180404,呼和浩特,40.82,111.75,-2.09,12.05
20180405,呼和浩特,40.82,111.75,-4.07,0.27
20180406,呼和浩特,40.82,111.75,-7.87,0.62
20180407,呼和浩特,40.82,111.75,-1.4,0.0
20180408,呼和浩特,40.82,111.75,5.4,0.0
20180409,呼和浩特,40.82,111.75,6.95,0.0
20180410,呼和浩特,40.82,111.75,4.61,0.11
20180411,呼和浩特,40.82,111.75,7.3,0.0
20180412,呼和浩特,40.82,111.75,10.46,1.88
20180413,呼和浩特,40.82,111.75,4.84,3.94
20180414,呼和浩特,40.82,111.75,0.69,0.0
20180415,呼和浩特,40.82,111.75,4.98,0.0
20180416,呼和浩特,40.82,111.75,6.89,0.0
20180417,呼和浩特,40.82,111.75,10.39,0.0
20180418,呼和浩特,40.82,111.75,15.2,0.0
20180419,呼和浩特,40.82,111.75,17.16,0.0
20180420,呼和浩特,40.82,111.75,14.03,10.01
20180421,呼和浩特,40.82,111.75,11.3,0.19
20180422,呼和浩特,40.82,111.75,12.03,0.32
20180423,呼和浩特,40.82,111.75,7.02,0.03
20180424,呼和浩特,40.82,111.75,7.02,0.0
20180425,呼和浩特,40.82,111.75,10.34,0.0
20180426,呼和浩特,40.82,111.75,12.89,0.0
20180427,呼和浩特,40.82,111.75,13.31,0.0
20180428,呼和浩特,40.82,111.75,15.28,0.0
20180429,呼和浩特,40.82,111.75,12.15,0.0
20180430,呼和浩特,40.82,111.75,11.55,0.0
20180501,呼和浩特,40.82,111.75,6.94,0.06
20180502,呼和浩特,40.82,111.75,7.64,0.0
20180503,呼和浩特,40.82,111.75,11.15,0.0
20180504,呼和浩特,40.82,111.75,14.99,0.0
20180505,呼和浩特,40.82,111.75,12.33,0.0
20180506,呼和浩特,40.82,111.75,14.25,0.0
20180507,呼和浩特,40.82,111.75,15.93,0.0
20180508,呼和浩特,40.82,111.75,15.76,0.0
20180509,呼和浩特,40.82,111.75,14.46,0.03
20180510,呼和浩特,40.82,111.75,12.1,11.33
20180511,呼和浩特,40.82,111.75,13.61,1.37
20180512,呼和浩特,40.82,111.75,11.69,0.1
20180513,呼和浩特,40.82,111.75,16.54,0.0
20180514,呼和浩特,40.82,111.75,20.44,0.0
20180515,呼和浩特,40.82,111.75,20.9,0.0
20180516,呼和浩特,40.82,111.75,18.55,0.31
20180517,呼和浩特,40.82,111.75,16.91,4.53
20180518,呼和浩特,40.82,111.75,15.5,0.0
20180519,呼和浩特,40.82,111.75,12.66,25.82
20180520,呼和浩特,40.82,111.75,14.07,1.57
20180521,呼和浩特,40.82,111.75,13.26,6.07
20180522,呼和浩特,40.82,111.75,8.8,0.0
20180523,呼和浩特,40.82,111.75,13.54,0.0
20180524,呼和浩特,40.82,111.75,16.37,0.0
20180525,呼和浩特,40.82,111.75,21.12,0.0
20180526,呼和浩特,40.82,111.75,13.27,0.38
20180527,呼和浩特,40.82,111.75,15.16,0.0
20180528,呼和浩特,40.82,111.75,11.73,0.0
20180529,呼和浩特,40.82,111.75,13.45,0.0
20180530,呼和浩特,40.82,111.75,17.26,0.0
20180531,呼和浩特,40.82,111.75,18.91,0.0
20180601,呼和浩特,40.82,111.75,19.05,0.0
20180602,呼和浩特,40.82,111.75,17.98,0.27
20180603,呼和浩特,40.82,111.75,13.22,0.0
20180604,呼和浩特,40.82,111.75,17.42,0.0
20180605,呼和浩特,40.82,111.75,19.45,0.0
20180606,呼和浩特,40.82,111.75,17.94,0.0
20180607,呼和浩特,40.82,111.75,15.7,0.0
20180608,呼和浩特,40.82,111.75,15.73,0.01
20180609,呼和浩特,40.82,111.75,17.33,0.59
20180610,呼和浩特,40.82,111.75,19.63,0.0
20180611,呼和浩特,40.82,111.75,20.29,0.0
20180612,呼和浩特,40.82,111.75,19.05,0.12
20180613,呼和浩特,40.82,111.75,17.02,0.0
20180614,呼和浩特,40.82,111.75,20.85,0.0
20180615,呼和浩特,40.82,111.75,20.97,0.0
20180616,呼和浩特,40.82,111.75,18.45,6.65
20180617,呼和浩特,40.82,111.75,19.35,0.13
20180618,呼和浩特,40.82,111.75,20.1,0.35
20180619,呼和浩特,40.82,111.75,18.92,0.0
20180620,呼和浩特,40.82,111.75,21.09,0.0
20180621,呼和浩特,40.82,111.75,20.47,0.38
20180622,呼和浩特,40.82,111.75,21.34,0.58
20180623,呼和浩特,40.82,111.75,24.54,0.1
20180624,呼和浩特,40.82,111.75,21.66,5.63
20180625,呼和浩特,40.82,111.75,21.22,0.62
20180626,呼和浩特,40.82,111.75,22.98,0.0
20180627,呼和浩特,40.82,111.75,20.58,0.0
20180628,呼和浩特,40.82,111.75,21.04,0.0
20180629,呼和浩特,40.82,111.75,22.51,0.0
20180630,呼和浩特,40.82,111.75,23.18,0.86
20180701,呼和浩特,40.82,111.75,21.14,0.02
20180702,呼和浩特,40.82,111.75,18.75,3.61
20180703,呼和浩特,40.82,111.75,19.92,5.11
20180704,呼和浩特,40.82,111.75,23.39,0.21
20180705,呼和浩特,40.82,111.75,25.28,0.22
20180706,呼和浩特,40.82,111.75,23.5,2.2
20180707,呼和浩特,40.82,111.75,19.38,21.81
20180708,呼和浩特,40.82,111.75,21.44,5.47
20180709,呼和浩特,40.82,111.75,19.81,3.25
20180710,呼和浩特,40.82,111.75,19.14,3.67
20180711,呼和浩特,40.82,111.75,19.19,24.21
20180712,呼和浩特,40.82,111.75,21.15,0.44
20180713,呼和浩特,40.82,111.75,21.92,7.36
20180714,呼和浩特,40.82,111.75,23.02,0.41
20180715,呼和浩特,40.82,111.75,22.04,9.42
20180716,呼和浩特,40.82,111.75,19.48,29.6
20180717,呼和浩特,40.82,111.75,20.6,23.7
20180718,呼和浩特,40.82,111.75,22.87,0.73
20180719,呼和浩特,40.82,111.75,21.52,22.31
20180720,呼和浩特,40.82,111.75,22.2,9.82
20180721,呼和浩特,40.82,111.75,20.93,9.7
20180722,呼和浩特,40.82,111.75,22.06,0.14
20180723,呼和浩特,40.82,111.75,20.55,6.52
20180724,呼和浩特,40.82,111.75,18.22,17.91
20180725,呼和浩特,40.82,111.75,18.23,0.31
20180726,呼和浩特,40.82,111.75,19.8,0.0
20180727,呼和浩特,40.82,111.75,21.28,0.01
20180728,呼和浩特,40.82,111.75,22.09,0.03
20180729,呼和浩特,40.82,111.75,23.32,0.06
20180730,呼和浩特,40.82,111.75,25.09,0.0
20180731,呼和浩特,40.82,111.75,24.16,0.0
20180801,呼和浩特,40.82,111.75,23.04,0.0
20180802,呼和浩特,40.82,111.75,23.43,0.0
20180803,呼和浩特,40.82,111.75,23.9,0.31
20180804,呼和浩特,40.82,111.75,25.15,1.37
20180805,呼和浩特,40.82,111.75,25.14,3.13
20180806,呼和浩特,40.82,111.75,22.96,8.42
20180807,呼和浩特,40.82,111.75,19.9,7.64
20180808,呼和浩特,40.82,111.75,23.49,1.34
20180809,呼和浩特,40.82,111.75,23.72,0.11
20180810,呼和浩特,40.82,111.75,22.44,0.68
20180811,呼和浩特,40.82,111.75,20.05,6.17
20180812,呼和浩特,40.82,111.75,20.08,0.98
20180813,呼和浩特,40.82,111.75,21.04,0.42
20180814,呼和浩特,40.82,111.75,21.29,0.17
20180815,呼和浩特,40.82,111.75,21.35,0.0
20180816,呼和浩特,40.82,111.75,21.52,0.74
20180817,呼和浩特,40.82,111.75,16.76,1.91
20180818,呼和浩特,40.82,111.75,18.99,0.01
20180819,呼和浩特,40.82,111.75,20.28,0.07
20180820,呼和浩特,40.82,111.75,20.57,0.81
20180821,呼和浩特,40.82,111.75,16.97,0.0
20180822,呼和浩特,40.82,111.75,18.17,1.1
20180823,呼和浩特,40.82,111.75,18.49,6.55
20180824,呼和浩特,40.82,111.75,19.35,0.1
20180825,呼和浩特,40.82,111.75,17.52,2.78
20180826,呼和浩特,40.82,111.75,19.7,0.72
20180827,呼和浩特,40.82,111.75,19.99,13.78
20180828,呼和浩特,40.82,111.75,18.32,1.14
20180829,呼和浩特,40.82,111.75,18.75,1.14
20180830,呼和浩特,40.82,111.75,17.85,5.85
20180831,呼和浩特,40.82,111.75,18.18,1.64
20180901,呼和浩特,40.82,111.75,15.9,51.73
20180902,呼和浩特,40.82,111.75,16.32,0.09
20180903,呼和浩特,40.82,111.75,12.94,0.0
20180904,呼和浩特,40.82,111.75,14.19,0.0
20180905,呼和浩特,40.82,111.75,15.58,0.13
20180906,呼和浩特,40.82,111.75,8.96,0.45
20180907,呼和浩特,40.82,111.75,9.39,0.0
20180908,呼和浩特,40.82,111.75,11.2,0.0
20180909,呼和浩特,40.82,111.75,12.45,0.0
20180910,呼和浩特,40.82,111.75,11.1,3.78
20180911,呼和浩特,40.82,111.75,12.44,2.77
20180912,呼和浩特,40.82,111.75,13.87,1.41
20180913,呼和浩特,40.82,111.75,14.03,1.83
20180914,呼和浩特,40.82,111.75,12.68,2.0
20180915,呼和浩特,40.82,111.75,8.66,0.0
20180916,呼和浩特,40.82,111.75,9.92,0.0
20180917,呼和浩特,40.82,111.75,9.58,0.0
20180918,呼和浩特,40.82,111.75,11.63,0.06
20180919,呼和浩特,40.82,111.75,12.63,0.01
20180920,呼和浩特,40.82,111.75,9.95,0.0
20180921,呼和浩特,40.82,111.75,5.37,0.0
20180922,呼和浩特,40.82,111.75,4.56,0.0
20180923,呼和浩特,40.82,111.75,6.24,0.0
20180924,呼和浩特,40.82,111.75,9.21,0.0
20180925,呼和浩特,40.82,111.75,9.56,0.03
20180926,呼和浩特,40.82,111.75,10.83,0.04
20180927,呼和浩特,40.82,111.75,7.61,13.78
20180928,呼和浩特,40.82,111.75,5.29,1.01
20180929,呼和浩特,40.82,111.75,3.02,0.38
20180930,呼和浩特,40.82,111.75,3.36,0.37
20181001,呼和浩特,40.82,111.75,6.0,0.01
20181002,呼和浩特,40.82,111.75,6.92,0.0
20181003,呼和浩特,40.82,111.75,9.16,0.0
20181004,呼和浩特,40.82,111.75,8.47,0.0
20181005,呼和浩特,40.82,111.75,4.59,1.05
20181006,呼和浩特,40.82,111.75,0.94,0.0
20181007,呼和浩特,40.82,111.75,2.04,0.0
20181008,呼和浩特,40.82,111.75,0.99,0.0
20181009,呼和浩特,40.82,111.75,-1.45,0.0
20181010,呼和浩特,40.82,111.75,-0.54,0.0
20181011,呼和浩特,40.82,111.75,2.34,0.0
20181012,呼和浩特,40.82,111.75,4.65,0.0
20181013,呼和浩特,40.82,111.75,6.4,0.11
20181014,呼和浩特,40.82,111.75,7.12,0.76
20181015,呼和浩特,40.82,111.75,5.69,0.91
20181016,呼和浩特,40.82,111.75,3.59,0.0
20181017,呼和浩特,40.82,111.75,3.49,0.0
20181018,呼和浩特,40.82,111.75,2.61,0.04
20181019,呼和浩特,40.82,111.75,3.38,0.24
20181020,呼和浩特,40.82,111.75,3.38,0.02
20181021,呼和浩特,40.82,111.75,3.2,0.02
20181022,呼和浩特,40.82,111.75,-0.23,0.0
20181023,呼和浩特,40.82,111.75,0.92,0.0
20181024,呼和浩特,40.82,111.75,3.5,0.0
20181025,呼和浩特,40.82,111.75,0.95,0.01
20181026,呼和浩特,40.82,111.75,-3.2,0.0
20181027,呼和浩特,40.82,111.75,0.46,0.0
20181028,呼和浩特,40.82,111.75,2.13,0.1
20181029,呼和浩特,40.82,111.75,0.16,0.28
20181030,呼和浩特,40.82,111.75,1.92,0.0
20181031,呼和浩特,40.82,111.75,2.92,0.0
20180401,济南,36.67,116.98,19.53,0.0
20180402,济南,36.67,116.98,21.88,0.06
20180403,济南,36.67,116.98,12.61,0.1
20180404,济南,36.67,116.98,6.52,0.41
20180405,济南,36.67,116.98,3.99,1.47
20180406,济南,36.67,116.98,5.47,0.0
20180407,济南,36.67,116.98,6.39,0.0
20180408,济南,36.67,116.98,11.62,0.0
20180409,济南,36.67,116.98,17.55,0.0
20180410,济南,36.67,116.98,17.21,0.0
20180411,济南,36.67,116.98,17.8,0.0
20180412,济南,36.67,116.98,16.5,0.13
20180413,济南,36.67,116.98,11.55,5.0
20180414,济南,36.67,116.98,9.62,0.04
20180415,济南,36.67,116.98,12.02,0.0
20180416,济南,36.67,116.98,13.72,0.0
20180417,济南,36.67,116.98,16.05,0.0
20180418,济南,36.67,116.98,20.22,0.0
20180419,济南,36.67,116.98,23.36,0.0
20180420,济南,36.67,116.98,23.57,0.0
20180421,济南,36.67,116.98,22.41,9.47
20180422,济南,36.67,116.98,12.68,49.27
20180423,济南,36.67,116.98,13.05,2.86
20180424,济南,36.67,116.98,14.67,0.0
20180425,济南,36.67,116.98,17.24,0.0
20180426,济南,36.67,116.98,18.94,0.04
20180427,济南,36.67,116.98,20.16,0.0
20180428,济南,36.67,116.98,22.24,0.0
20180429,济南,36.67,116.98,23.09,0.0
20180430,济南,36.67,116.98,23.67,5.04
20180501,济南,36.67,116.98,19.75,15.5
20180502,济南,36.67,116.98,15.51,0.08
20180503,济南,36.67,116.98,16.38,0.0
20180504,济南,36.67,116.98,20.07,0.0
20180505,济南,36.67,116.98,18.67,4.67
20180506,济南,36.67,116.98,16.6,0.45
20180507,济南,36.67,116.98,20.63,0.0
20180508,济南,36.67,116.98,18.95,0.0
20180509,济南,36.67,116.98,19.97,0.0
20180510,济南,36.67,116.98,19.78,0.0
20180511,济南,36.67,116.98,18.44,0.53
20180512,济南,36.67,116.98,20.17,0.02
20180513,济南,36.67,116.98,24.4,0.0
20180514,济南,36.67,116.98,26.3,0.0
20180515,济南,36.67,116.98,25.58,28.84
20180516,济南,36.67,116.98,24.46,16.44
20180517,济南,36.67,116.98,23.14,1.07
20180518,济南,36.67,116.98,21.44,0.0
20180519,济南,36.67,116.98,21.53,4.37
20180520,济南,36.67,116.98,19.64,12.08
20180521,济南,36.67,116.98,17.19,8.71
20180522,济南,36.67,116.98,17.62,10.12
20180523,济南,36.67,116.98,20.08,0.0
20180524,济南,36.67,116.98,21.84,0.0
20180525,济南,36.67,116.98,21.58,0.01
20180526,济南,36.67,116.98,22.01,0.0
20180527,济南,36.67,116.98,23.99,0.0
20180528,济南,36.67,116.98,25.55,0.0
20180529,济南,36.67,116.98,24.02,0.0
20180530,济南,36.67,116.98,24.54,0.0
20180531,济南,36.67,116.98,25.17,0.0
20180601,济南,36.67,116.98,26.14,0.0
20180602,济南,36.67,116.98,24.49,0.0
20180603,济南,36.67,116.98,25.59,0.0
20180604,济南,36.67,116.98,26.39,2.44
20180605,济南,36.67,116.98,28.3,0.0
20180606,济南,36.67,116.98,28.65,0.0
20180607,济南,36.67,116.98,27.11,0.0
20180608,济南,36.67,116.98,25.61,2.46
20180609,济南,36.67,116.98,20.92,19.5
20180610,济南,36.67,116.98,19.67,5.79
20180611,济南,36.67,116.98,23.62,0.05
20180612,济南,36.67,116.98,27.73,0.0
20180613,济南,36.67,116.98,25.94,5.3
20180614,济南,36.67,116.98,23.6,0.07
20180615,济南,36.67,116.98,25.97,0.0
20180616,济南,36.67,116.98,25.36,0.0
20180617,济南,36.67,116.98,25.93,0.06
20180618,济南,36.67,116.98,26.4,0.59
20180619,济南,36.67,116.98,26.92,0.36
20180620,济南,36.67,116.98,28.98,0.0
20180621,济南,36.67,116.98,28.22,0.0
20180622,济南,36.67,116.98,27.48,0.0
20180623,济南,36.67,116.98,27.33,0.0
20180624,济南,36.67,116.98,28.23,0.0
20180625,济南,36.67,116.98,25.58,63.44
20180626,济南,36.67,116.98,23.73,26.74
20180627,济南,36.67,116.98,27.27,0.83
20180628,济南,36.67,116.98,27.42,7.16
20180629,济南,36.67,116.98,26.39,0.0
20180630,济南,36.67,116.98,26.87,0.0
20180701,济南,36.67,116.98,26.78,0.0
20180702,济南,36.67,116.98,26.95,0.0
20180703,济南,36.67,116.98,27.81,0.0
20180704,济南,36.67,116.98,27.75,0.1
20180705,济南,36.67,116.98,28.46,0.01
20180706,济南,36.67,116.98,28.52,0.01
20180707,济南,36.67,116.98,28.11,0.01
20180708,济南,36.67,116.98,26.73,0.28
20180709,济南,36.67,116.98,25.81,1.25
20180710,济南,36.67,116.98,25.89,0.87
20180711,济南,36.67,116.98,28.97,0.09
20180712,济南,36.67,116.98,30.5,0.94
20180713,济南,36.67,116.98,30.53,8.67
20180714,济南,36.67,116.98,29.83,19.07
20180715,济南,36.67,116.98,30.35,6.02
20180716,济南,36.67,116.98,31.05,0.01
20180717,济南,36.67,116.98,29.39,0.0
20180718,济南,36.67,116.98,30.75,0.0
20180719,济南,36.67,116.98,30.94,0.0
20180720,济南,36.67,116.98,31.51,0.0
20180721,济南,36.67,116.98,31.26,0.0
20180722,济南,36.67,116.98,30.95,0.24
20180723,济南,36.67,116.98,27.75,28.61
20180724,济南,36.67,116.98,29.06,4.17
20180725,济南,36.67,116.98,31.24,2.84
20180726,济南,36.67,116.98,29.02,19.33
20180727,济南,36.67,116.98,27.6,19.28
20180728,济南,36.67,116.98,27.1,14.41
20180729,济南,36.67,116.98,28.15,5.11
20180730,济南,36.67,116.98,28.31,0.6
20180731,济南,36.67,116.98,29.6,1.54
20180801,济南,36.67,116.98,30.64,0.04
20180802,济南,36.67,116.98,30.91,0.0
20180803,济南,36.67,116.98,30.87,0.01
20180804,济南,36.67,116.98,29.71,1.63
20180805,济南,36.67,116.98,30.2,7.46
20180806,济南,36.67,116.98,30.28,2.97
20180807,济南,36.67,116.98,30.49,1.15
20180808,济南,36.67,116.98,30.45,20.4
20180809,济南,36.67,116.98,28.67,9.98
20180810,济南,36.67,116.98,28.84,0.08
20180811,济南,36.67,116.98,29.24,0.01
20180812,济南,36.67,116.98,29.02,0.01
20180813,济南,36.67,116.98,27.83,17.58
20180814,济南,36.67,116.98,25.98,61.33
20180815,济南,36.67,116.98,25.81,11.9
20180816,济南,36.67,116.98,25.77,6.1
20180817,济南,36.67,116.98,24.45,0.38
20180818,济南,36.67,116.98,24.87,44.62
20180819,济南,36.67,116.98,24.71,104.43
20180820,济南,36.67,116.98,24.83,2.96
20180821,济南,36.67,116.98,25.93,0.11
20180822,济南,36.67,116.98,23.93,2.8
20180823,济南,36.67,116.98,23.08,0.04
20180824,济南,36.67,116.98,23.9,0.0
20180825,济南,36.67,116.98,24.21,0.0
20180826,济南,36.67,116.98,24.59,0.0
20180827,济南,36.67,116.98,24.33,0.15
20180828,济南,36.67,116.98,26.96,1.82
20180829,济南,36.67,116.98,26.65,3.25
20180830,济南,36.67,116.98,23.37,6.06
20180831,济南,36.67,116.98,22.41,6.38
20180901,济南,36.67,116.98,23.42,0.05
20180902,济南,36.67,116.98,23.37,4.27
20180903,济南,36.67,116.98,24.88,1.12
20180904,济南,36.67,116.98,22.34,0.0
20180905,济南,36.67,116.98,22.94,0.0
20180906,济南,36.67,116.98,21.93,0.0
20180907,济南,36.67,116.98,19.82,0.0
20180908,济南,36.67,116.98,20.97,0.0
20180909,济南,36.67,116.98,20.23,0.0
20180910,济南,36.67,116.98,20.27,0.0
20180911,济南,36.67,116.98,20.48,0.0
20180912,济南,36.67,116.98,20.45,0.0
20180913,济南,36.67,116.98,22.32,0.42
20180914,济南,36.67,116.98,22.21,0.04
20180915,济南,36.67,116.98,21.02,4.36
20180916,济南,36.67,116.98,19.56,0.8
20180917,济南,36.67,116.98,20.14,0.0
20180918,济南,36.67,116.98,20.13,5.21
20180919,济南,36.67,116.98,20.18,22.75
20180920,济南,36.67,116.98,19.78,2.31
20180921,济南,36.67,116.98,20.16,0.04
20180922,济南,36.67,116.98,17.89,0.0
20180923,济南,36.67,116.98,17.3,0.0
20180924,济南,36.67,116.98,16.86,0.0
20180925,济南,36.67,116.98,15.25,0.77
20180926,济南,36.67,116.98,16.82,0.07
20180927,济南,36.67,116.98,17.02,0.0
20180928,济南,36.67,116.98,18.4,0.01
20180929,济南,36.67,116.98,17.53,0.0
20180930,济南,36.67,116.98,14.8,0.0
20181001,济南,36.67,116.98,16.14,0.0
20181002,济南,36.67,116.98,17.25,0.0
20181003,济南,36.67,116.98,17.6,0.0
20181004,济南,36.67,116.98,17.86,0.0
20181005,济南,36.67,116.98,17.62,0.0
20181006,济南,36.67,116.98,16.3,0.0
20181007,济南,36.67,116.98,16.29,0.0
20181008,济南,36.67,116.98,16.56,3.02
20181009,济南,36.67,116.98,12.52,5.49
20181010,济南,36.67,116.98,9.88,0.0
20181011,济南,36.67,116.98,11.26,0.0
20181012,济南,36.67,116.98,11.67,0.0
20181013,济南,36.67,116.98,13.31,0.0
20181014,济南,36.67,116.98,13.22,0.0
20181015,济南,36.67,116.98,13.74,0.0
20181016,济南,36.67,116.98,12.61,0.0
20181017,济南,36.67,116.98,11.99,0.0
20181018,济南,36.67,116.98,9.8,0.0
20181019,济南,36.67,116.98,10.22,0.0
20181020,济南,36.67,116.98,11.73,0.0
20181021,济南,36.67,116.98,13.04,0.0
20181022,济南,36.67,116.98,14.12,0.01
20181023,济南,36.67,116.98,11.27,0.01
20181024,济南,36.67,116.98,13.4,0.0
20181025,济南,36.67,116.98,14.87,2.03
20181026,济南,36.67,116.98,8.16,0.0
20181027,济南,36.67,116.98,9.53,0.0
20181028,济南,36.67,116.98,11.22,0.0
20181029,济南,36.67,116.98,9.48,0.0
20181030,济南,36.67,116.98,9.08,0.0
20181031,济南,36.67,116.98,10.73,0.0
20180401,郑州,34.76,113.65,20.9,0.0
20180402,郑州,34.76,113.65,23.25,0.0
20180403,郑州,34.76,113.65,16.22,0.0
20180404,郑州,34.76,113.65,6.04,1.69
20180405,郑州,34.76,113.65,6.4,3.09
20180406,郑州,34.76,113.65,8.92,0.0
20180407,郑州,34.76,113.65,10.37,0.0
20180408,郑州,34.76,113.65,16.27,0.0
20180409,郑州,34.76,113.65,19.38,0.0
20180410,郑州,34.76,113.65,20.84,0.0
20180411,郑州,34.76,113.65,19.16,0.12
20180412,郑州,34.76,113.65,14.44,20.38
20180413,郑州,34.76,113.65,11.05,24.98
20180414,郑州,34.76,113.65,12.79,0.0
20180415,郑州,34.76,113.65,14.11,0.0
20180416,郑州,34.76,113.65,15.73,0.0
20180417,郑州,34.76,113.65,17.33,0.0
20180418,郑州,34.76,113.65,20.57,0.0
20180419,郑州,34.76,113.65,22.12,0.0
20180420,郑州,34.76,113.65,22.95,4.07
20180421,郑州,34.76,113.65,21.82,19.45
20180422,郑州,34.76,113.65,13.64,1.13
20180423,郑州,34.76,113.65,15.07,0.02
20180424,郑州,34.76,113.65,16.91,0.12
20180425,郑州,34.76,113.65,17.65,1.1
20180426,郑州,34.76,113.65,21.15,0.01
20180427,郑州,34.76,113.65,23.47,0.0
20180428,郑州,34.76,113.65,23.44,0.0
20180429,郑州,34.76,113.65,24.89,0.0
20180430,郑州,34.76,113.65,24.54,1.69
20180501,郑州,34.76,113.65,22.28,8.05
20180502,郑州,34.76,113.65,18.62,0.0
20180503,郑州,34.76,113.65,21.06,0.0
20180504,郑州,34.76,113.65,21.28,0.0
20180505,郑州,34.76,113.65,22.6,6.78
20180506,郑州,34.76,113.65,18.7,9.68
20180507,郑州,34.76,113.65,21.18,0.0
20180508,郑州,34.76,113.65,22.16,0.0
20180509,郑州,34.76,113.65,21.34,0.0
20180510,郑州,34.76,113.65,21.72,1.67
20180511,郑州,34.76,113.65,20.69,3.96
20180512,郑州,34.76,113.65,24.1,0.0
20180513,郑州,34.76,113.65,25.92,0.0
20180514,郑州,34.76,113.65,26.24,0.11
20180515,郑州,34.76,113.65,27.11,26.55
20180516,郑州,34.76,113.65,25.72,9.8
20180517,郑州,34.76,113.65,26.22,0.17
20180518,郑州,34.76,113.65,23.96,1.44
20180519,郑州,34.76,113.65,21.67,19.96
20180520,郑州,34.76,113.65,19.79,7.59
20180521,郑州,34.76,113.65,17.62,6.63
20180522,郑州,34.76,113.65,21.14,4.37
20180523,郑州,34.76,113.65,21.59,0.0
20180524,郑州,34.76,113.65,21.93,0.06
20180525,郑州,34.76,113.65,23.34,2.53
20180526,郑州,34.76,113.65,24.91,0.0
20180527,郑州,34.76,113.65,24.31,0.0
20180528,郑州,34.76,113.65,25.81,0.0
20180529,郑州,34.76,113.65,23.81,0.0
20180530,郑州,34.76,113.65,24.83,0.0
20180531,郑州,34.76,113.65,26.59,0.0
20180601,郑州,34.76,113.65,26.94,0.0
20180602,郑州,34.76,113.65,27.36,0.0
20180603,郑州,34.76,113.65,27.68,0.09
20180604,郑州,34.76,113.65,28.22,0.0
20180605,郑州,34.76,113.65,28.6,0.0
20180606,郑州,34.76,113.65,29.2,0.0
20180607,郑州,34.76,113.65,30.52,0.0
20180608,郑州,34.76,113.65,25.8,11.75
20180609,郑州,34.76,113.65,20.4,13.45
20180610,郑州,34.76,113.65,23.78,1.2
20180611,郑州,34.76,113.65,27.04,0.0
20180612,郑州,34.76,113.65,29.52,0.02
20180613,郑州,34.76,113.65,30.47,0.0
20180614,郑州,34.76,113.65,27.83,0.0
20180615,郑州,34.76,113.65,29.84,0.0
20180616,郑州,34.76,113.65,28.63,0.05
20180617,郑州,34.76,113.65,28.28,0.12
20180618,郑州,34.76,113.65,25.05,20.84
20180619,郑州,34.76,113.65,26.79,0.3
20180620,郑州,34.76,113.65,28.84,0.0
20180621,郑州,34.76,113.65,28.1,0.0
20180622,郑州,34.76,113.65,27.71,0.0
20180623,郑州,34.76,113.65,28.55,0.0
20180624,郑州,34.76,113.65,28.92,0.0
20180625,郑州,34.76,113.65,29.29,12.69
20180626,郑州,34.76,113.65,24.97,18.19
20180627,郑州,34.76,113.65,31.26,0.76
20180628,郑州,34.76,113.65,30.64,0.0
20180629,郑州,34.76,113.65,30.37,0.0
20180630,郑州,34.76,113.65,27.9,0.07
20180701,郑州,34.76,113.65,29.11,0.02
20180702,郑州,34.76,113.65,28.05,2.23
20180703,郑州,34.76,113.65,30.19,0.17
20180704,郑州,34.76,113.65,25.75,19.55
20180705,郑州,34.76,113.65,28.58,0.33
20180706,郑州,34.76,113.65,29.85,0.0
20180707,郑州,34.76,113.65,29.44,0.06
20180708,郑州,34.76,113.65,28.95,2.18
20180709,郑州,34.76,113.65,27.38,14.13
20180710,郑州,34.76,113.65,25.78,11.87
20180711,郑州,34.76,113.65,29.27,0.76
20180712,郑州,34.76,113.65,30.34,1.33
20180713,郑州,34.76,113.65,28.88,16.49
20180714,郑州,34.76,113.65,28.46,18.18
20180715,郑州,34.76,113.65,30.66,0.4
20180716,郑州,34.76,113.65,31.15,6.68
20180717,郑州,34.76,113.65,29.54,6.15
20180718,郑州,34.76,113.65,31.42,0.0
20180719,郑州,34.76,113.65,32.25,0.0
20180720,郑州,34.76,113.65,32.51,0.0
20180721,郑州,34.76,113.65,32.87,0.0
20180722,郑州,34.76,113.65,32.42,0.0
20180723,郑州,34.76,113.65,32.08,0.01
20180724,郑州,34.76,113.65,33.08,0.01
20180725,郑州,34.76,113.65,34.13,0.93
20180726,郑州,34.76,113.65,31.14,9.66
20180727,郑州,34.76,113.65,30.0,8.87
20180728,郑州,34.76,113.65,29.04,3.35
20180729,郑州,34.76,113.65,29.94,1.17
20180730,郑州,34.76,113.65,29.44,3.11
20180731,郑州,34.76,113.65,29.29,4.52
20180801,郑州,34.76,113.65,30.17,11.31
20180802,郑州,34.76,113.65,31.18,5.47
20180803,郑州,34.76,113.65,31.82,0.18
20180804,郑州,34.76,113.65,31.78,0.1
20180805,郑州,34.76,113.65,29.29,7.59
20180806,郑州,34.76,113.65,30.98,1.22
20180807,郑州,34.76,113.65,31.67,0.02
20180808,郑州,34.76,113.65,32.98,0.0
20180809,郑州,34.76,113.65,30.72,2.61
20180810,郑州,34.76,113.65,30.64,1.93
20180811,郑州,34.76,113.65,32.27,0.18
20180812,郑州,34.76,113.65,31.5,0.0
20180813,郑州,34.76,113.65,29.66,2.34
20180814,郑州,34.76,113.65,30.25,4.05
20180815,郑州,34.76,113.65,29.12,0.94
20180816,郑州,34.76,113.65,26.92,13.12
20180817,郑州,34.76,113.65,26.84,0.05
20180818,郑州,34.76,113.65,25.03,44.94
20180819,郑州,34.76,113.65,25.62,11.73
20180820,郑州,34.76,113.65,27.12,0.03
20180821,郑州,34.76,113.65,28.17,0.01
20180822,郑州,34.76,113.65,24.72,2.38
20180823,郑州,34.76,113.65,25.85,0.0
20180824,郑州,34.76,113.65,27.36,0.0
20180825,郑州,34.76,113.65,27.84,0.0
20180826,郑州,34.76,113.65,28.53,0.0
20180827,郑州,34.76,113.65,27.75,0.0
20180828,郑州,34.76,113.65,28.75,0.0
20180829,郑州,34.76,113.65,29.05,0.01
20180830,郑州,34.76,113.65,26.77,0.1
20180831,郑州,34.76,113.65,24.96,0.13
20180901,郑州,34.76,113.65,25.78,1.7
20180902,郑州,34.76,113.65,28.41,0.15
20180903,郑州,34.76,113.65,29.71,0.0
20180904,郑州,34.76,113.65,26.83,0.0
20180905,郑州,34.76,113.65,26.02,1.28
20180906,郑州,34.76,113.65,26.92,0.0
20180907,郑州,34.76,113.65,23.72,0.0
20180908,郑州,34.76,113.65,23.84,0.0
20180909,郑州,34.76,113.65,23.86,0.0
20180910,郑州,34.76,113.65,23.81,0.0
20180911,郑州,34.76,113.65,23.28,0.0
20180912,郑州,34.76,113.65,22.65,0.0
20180913,郑州,34.76,113.65,22.77,3.87
20180914,郑州,34.76,113.65,22.89,2.33
20180915,郑州,34.76,113.65,21.81,5.58
20180916,郑州,34.76,113.65,19.75,10.15
20180917,郑州,34.76,113.65,21.9,1.17
20180918,郑州,34.76,113.65,20.51,24.83
20180919,郑州,34.76,113.65,20.56,29.7
20180920,郑州,34.76,113.65,21.79,0.81
20180921,郑州,34.76,113.65,23.35,0.0
20180922,郑州,34.76,113.65,20.74,0.0
20180923,郑州,34.76,113.65,20.2,0.0
20180924,郑州,34.76,113.65,18.83,1.26
20180925,郑州,34.76,113.65,14.99,22.32
20180926,郑州,34.76,113.65,18.0,0.01
20180927,郑州,34.76,113.65,18.61,0.31
20180928,郑州,34.76,113.65,19.32,0.01
20180929,郑州,34.76,113.65,21.04,0.0
20180930,郑州,34.76,113.65,19.02,0.0
20181001,郑州,34.76,113.65,18.37,0.0
20181002,郑州,34.76,113.65,19.39,0.0
20181003,郑州,34.76,113.65,20.7,0.0
20181004,郑州,34.76,113.65,20.85,0.0
20181005,郑州,34.76,113.65,20.93,0.0
20181006,郑州,34.76,113.65,19.7,0.0
20181007,郑州,34.76,113.65,18.97,0.0
20181008,郑州,34.76,113.65,19.81,0.0
20181009,郑州,34.76,113.65,16.99,0.0
20181010,郑州,34.76,113.65,14.57,0.0
20181011,郑州,34.76,113.65,13.42,0.0
20181012,郑州,34.76,113.65,14.65,0.0
20181013,郑州,34.76,113.65,15.0,0.0
20181014,郑州,34.76,113.65,16.74,0.0
20181015,郑州,34.76,113.65,16.25,0.01
20181016,郑州,34.76,113.65,15.74,0.01
20181017,郑州,34.76,113.65,14.28,0.0
20181018,郑州,34.76,113.65,12.83,0.0
20181019,郑州,34.76,113.65,12.73,0.0
20181020,郑州,34.76,113.65,14.58,0.0
20181021,郑州,34.76,113.65,14.26,0.01
20181022,郑州,34.76,113.65,16.46,0.0
20181023,郑州,34.76,113.65,15.05,0.0
20181024,郑州,34.76,113.65,16.81,0.0
20181025,郑州,34.76,113.65,16.86,0.03
20181026,郑州,34.76,113.65,12.51,0.0
20181027,郑州,34.76,113.65,13.24,0.0
20181028,郑州,34.76,113.65,15.21,0.0
20181029,郑州,34.76,113.65,15.67,0.0
20181030,郑州,34.76,113.65,13.37,0.0
20181031,郑州,34.76,113.65,13.02,0.0
20190401,哈尔滨,45.75,126.63,-0.68,0.03
20190402,哈尔滨,45.75,126.63,0.23,0.0
20190403,哈尔滨,45.75,126.63,3.74,0.0
20190404,哈尔滨,45.75,126.63,0.38,5.51
20190405,哈尔滨,45.75,126.63,2.12,0.73
20190406,哈尔滨,45.75,126.63,2.23,0.06
20190407,哈尔滨,45.75,126.63,1.75,0.34
20190408,哈尔滨,45.75,126.63,2.58,0.19
20190409,哈尔滨,45.75,126.63,4.44,0.0
20190410,哈尔滨,45.75,126.63,6.9,0.0
20190411,哈尔滨,45.75,126.63,7.39,0.0
20190412,哈尔滨,45.75,126.63,8.74,0.0
20190413,哈尔滨,45.75,126.63,6.81,0.53
20190414,哈尔滨,45.75,126.63,5.73,0.0
20190415,哈尔滨,45.75,126.63,9.48,0.0
20190416,哈尔滨,45.75,126.63,14.18,0.0
20190417,哈尔滨,45.75,126.63,12.71,7.38
20190418,哈尔滨,45.75,126.63,3.93,0.51
20190419,哈尔滨,45.75,126.63,4.55,0.0
20190420,哈尔滨,45.75,126.63,7.36,0.0
20190421,哈尔滨,45.75,126.63,5.67,0.0
20190422,哈尔滨,45.75,126.63,11.09,0.16
20190423,哈尔滨,45.75,126.63,12.98,0.11
20190424,哈尔滨,45.75,126.63,7.12,0.0
20190425,哈尔滨,45.75,126.63,6.41,0.0
20190426,哈尔滨,45.75,126.63,8.54,0.0
20190427,哈尔滨,45.75,126.63,11.3,0.0
20190428,哈尔滨,45.75,126.63,11.24,0.0
20190429,哈尔滨,45.75,126.63,12.43,0.0
20190430,哈尔滨,45.75,126.63,12.26,0.49
20190501,哈尔滨,45.75,126.63,9.34,0.18
20190502,哈尔滨,45.75,126.63,10.57,0.0
20190503,哈尔滨,45.75,126.63,14.84,0.0
20190504,哈尔滨,45.75,126.63,16.37,0.0
20190505,哈尔滨,45.75,126.63,6.22,3.82
20190506,哈尔滨,45.75,126.63,8.48,0.0
20190507,哈尔滨,45.75,126.63,13.84,0.0
20190508,哈尔滨,45.75,126.63,13.96,0.03
20190509,哈尔滨,45.75,126.63,13.98,0.0
20190510,哈尔滨,45.75,126.63,17.0,0.0
20190511,哈尔滨,45.75,126.63,20.18,0.0
20190512,哈尔滨,45.75,126.63,20.7,0.08
20190513,哈尔滨,45.75,126.63,15.08,7.05
20190514,哈尔滨,45.75,126.63,13.98,0.42
20190515,哈尔滨,45.75,126.63,18.26,0.4
20190516,哈尔滨,45.75,126.63,18.7,5.47
20190517,哈尔滨,45.75,126.63,19.43,1.62
20190518,哈尔滨,45.75,126.63,13.51,8.54
20190519,哈尔滨,45.75,126.63,13.0,15.97
20190520,哈尔滨,45.75,126.63,10.08,4.53
20190521,哈尔滨,45.75,126.63,9.89,4.24
20190522,哈尔滨,45.75,126.63,11.03,0.33
20190523,哈尔滨,45.75,126.63,14.78,0.0
20190524,哈尔滨,45.75,126.63,22.75,0.0
20190525,哈尔滨,45.75,126.63,23.89,0.01
20190526,哈尔滨,45.75,126.63,14.4,20.76
20190527,哈尔滨,45.75,126.63,10.36,17.3
20190528,哈尔滨,45.75,126.63,12.35,2.69
20190529,哈尔滨,45.75,126.63,16.96,0.47
20190530,哈尔滨,45.75,126.63,16.1,2.93
20190531,哈尔滨,45.75,126.63,14.58,1.43
20190601,哈尔滨,45.75,126.63,16.77,0.36
20190602,哈尔滨,45.75,126.63,17.81,0.03
20190603,哈尔滨,45.75,126.63,17.43,0.03
20190604,哈尔滨,45.75,126.63,19.23,0.01
20190605,哈尔滨,45.75,126.63,18.91,4.7
20190606,哈尔滨,45.75,126.63,20.07,0.07
20190607,哈尔滨,45.75,126.63,16.75,7.93
20190608,哈尔滨,45.75,126.63,19.94,2.41
20190609,哈尔滨,45.75,126.63,17.89,5.11
20190610,哈尔滨,45.75,126.63,20.2,0.89
20190611,哈尔滨,45.75,126.63,18.02,8.15
20190612,哈尔滨,45.75,126.63,21.09,0.61
20190613,哈尔滨,45.75,126.63,20.5,8.64
20190614,哈尔滨,45.75,126.63,18.38,10.67
20190615,哈尔滨,45.75,126.63,14.65,14.67
20190616,哈尔滨,45.75,126.63,15.95,0.0
20190617,哈尔滨,45.75,126.63,18.23,0.25
20190618,哈尔滨,45.75,126.63,18.5,0.01
20190619,哈尔滨,45.75,126.63,20.29,0.89
20190620,哈尔滨,45.75,126.63,15.65,0.23
20190621,哈尔滨,45.75,126.63,19.06,0.33
20190622,哈尔滨,45.75,126.63,20.78,5.95
20190623,哈尔滨,45.75,126.63,22.91,0.0
20190624,哈尔滨,45.75,126.63,23.83,0.01
20190625,哈尔滨,45.75,126.63,24.2,0.57
20190626,哈尔滨,45.75,126.63,23.73,3.73
20190627,哈尔滨,45.75,126.63,23.62,1.37
20190628,哈尔滨,45.75,126.63,18.13,18.6
20190629,哈尔滨,45.75,126.63,19.3,1.02
20190630,哈尔滨,45.75,126.63,17.04,5.38
20190701,哈尔滨,45.75,126.63,18.32,3.14
20190702,哈尔滨,45.75,126.63,20.5,1.08
20190703,哈尔滨,45.75,126.63,19.6,19.96
20190704,哈尔滨,45.75,126.63,20.81,0.69
20190705,哈尔滨,45.75,126.63,21.45,17.24
20190706,哈尔滨,45.75,126.63,23.71,1.24
20190707,哈尔滨,45.75,126.63,24.63,0.2
20190708,哈尔滨,45.75,126.63,25.22,0.24
20190709,哈尔滨,45.75,126.63,25.37,0.37
20190710,哈尔滨,45.75,126.63,24.6,0.12
20190711,哈尔滨,45.75,126.63,21.04,0.0
20190712,哈尔滨,45.75,126.63,23.0,0.04
20190713,哈尔滨,45.75,126.63,23.06,0.59
20190714,哈尔滨,45.75,126.63,22.62,0.07
20190715,哈尔滨,45.75,126.63,24.13,0.38
20190716,哈尔滨,45.75,126.63,24.73,3.0
20190717,哈尔滨,45.75,126.63,24.1,9.09
20190718,哈尔滨,45.75,126.63,24.35,12.29
20190719,哈尔滨,45.75,126.63,25.46,0.31
20190720,哈尔滨,45.75,126.63,26.54,0.03
20190721,哈尔滨,45.75,126.63,25.48,17.18
20190722,哈尔滨,45.75,126.63,24.66,5.05
20190723,哈尔滨,45.75,126.63,23.15,24.43
20190724,哈尔滨,45.75,126.63,24.08,10.88
20190725,哈尔滨,45.75,126.63,21.7,5.77
20190726,哈尔滨,45.75,126.63,21.41,9.18
20190727,哈尔滨,45.75,126.63,22.88,1.4
20190728,哈尔滨,45.75,126.63,26.91,3.9
20190729,哈尔滨,45.75,126.63,26.37,1.55
20190730,哈尔滨,45.75,126.63,24.79,30.18
20190731,哈尔滨,45.75,126.63,24.79,3.26
20190801,哈尔滨,45.75,126.63,23.33,0.87
20190802,哈尔滨,45.75,126.63,24.04,0.1
20190803,哈尔滨,45.75,126.63,23.42,0.3
20190804,哈尔滨,45.75,126.63,24.01,0.0
20190805,哈尔滨,45.75,126.63,26.15,0.21
20190806,哈尔滨,45.75,126.63,25.42,5.09
20190807,哈尔滨,45.75,126.63,23.5,8.66
20190808,哈尔滨,45.75,126.63,20.55,18.09
20190809,哈尔滨,45.75,126.63,21.47,1.62
20190810,哈尔滨,45.75,126.63,19.25,17.43
20190811,哈尔滨,45.75,126.63,19.27,6.6
20190812,哈尔滨,45.75,126.63,21.28,0.92
20190813,哈尔滨,45.75,126.63,22.31,2.21
20190814,哈尔滨,45.75,126.63,22.65,24.59
20190815,哈尔滨,45.75,126.63,22.0,6.3
20190816,哈尔滨,45.75,126.63,20.79,14.39
20190817,哈尔滨,45.75,126.63,18.37,26.79
20190818,哈尔滨,45.75,126.63,18.24,10.18
20190819,哈尔滨,45.75,126.63,17.49,0.33
20190820,哈尔滨,45.75,126.63,18.37,1.77
20190821,哈尔滨,45.75,126.63,20.3,17.36
20190822,哈尔滨,45.75,126.63,17.37,11.68
20190823,哈尔滨,45.75,126.63,18.3,4.34
20190824,哈尔滨,45.75,126.63,18.74,0.41
20190825,哈尔滨,45.75,126.63,19.77,2.75
20190826,哈尔滨,45.75,126.63,20.32,10.25
20190827,哈尔滨,45.75,126.63,20.75,9.86
20190828,哈尔滨,45.75,126.63,18.38,9.63
20190829,哈尔滨,45.75,126.63,17.09,4.56
20190830,哈尔滨,45.75,126.63,17.71,3.5
20190831,哈尔滨,45.75,126.63,18.99,0.2
20190901,哈尔滨,45.75,126.63,19.55,3.86
20190902,哈尔滨,45.75,126.63,17.6,0.73
20190903,哈尔滨,45.75,126.63,18.33,0.0
20190904,哈尔滨,45.75,126.63,21.65,0.04
20190905,哈尔滨,45.75,126.63,21.94,0.88
20190906,哈尔滨,45.75,126.63,21.77,4.48
20190907,哈尔滨,45.75,126.63,21.39,4.94
20190908,哈尔滨,45.75,126.63,20.75,35.94
20190909,哈尔滨,45.75,126.63,15.16,0.0
20190910,哈尔滨,45.75,126.63,12.98,0.0
20190911,哈尔滨,45.75,126.63,14.72,0.0
20190912,哈尔滨,45.75,126.63,15.72,0.0
20190913,哈尔滨,45.75,126.63,16.51,14.33
20190914,哈尔滨,45.75,126.63,14.55,0.02
20190915,哈尔滨,45.75,126.63,15.58,3.56
20190916,哈尔滨,45.75,126.63,9.94,0.0
20190917,哈尔滨,45.75,126.63,11.91,3.29
20190918,哈尔滨,45.75,126.63,7.62,0.01
20190919,哈尔滨,45.75,126.63,8.4,0.0
20190920,哈尔滨,45.75,126.63,11.54,1.23
20190921,哈尔滨,45.75,126.63,10.95,0.08
20190922,哈尔滨,45.75,126.63,13.25,0.0
20190923,哈尔滨,45.75,126.63,14.98,0.0
20190924,哈尔滨,45.75,126.63,11.75,0.0
20190925,哈尔滨,45.75,126.63,13.94,0.0
20190926,哈尔滨,45.75,126.63,15.63,0.01
20190927,哈尔滨,45.75,126.63,17.7,0.01
20190928,哈尔滨,45.75,126.63,18.1,0.0
20190929,哈尔滨,45.75,126.63,12.01,0.01
20190930,哈尔滨,45.75,126.63,15.67,1.28
20191001,哈尔滨,45.75,126.63,20.41,0.0
20191002,哈尔滨,45.75,126.63,18.68,0.02
20191003,哈尔滨,45.75,126.63,8.36,1.6
20191004,哈尔滨,45.75,126.63,5.16,0.31
20191005,哈尔滨,45.75,126.63,5.44,0.04
20191006,哈尔滨,45.75,126.63,8.07,0.0
20191007,哈尔滨,45.75,126.63,9.85,2.18
20191008,哈尔滨,45.75,126.63,5.59,0.42
20191009,哈尔滨,45.75,126.63,10.16,0.0
20191010,哈尔滨,45.75,126.63,8.95,0.01
20191011,哈尔滨,45.75,126.63,3.6,0.0
20191012,哈尔滨,45.75,126.63,1.99,0.0
20191013,哈尔滨,45.75,126.63,0.43,0.0
20191014,哈尔滨,45.75,126.63,-0.23,0.0
20191015,哈尔滨,45.75,126.63,2.92,0.0
20191016,哈尔滨,45.75,126.63,5.35,0.0
20191017,哈尔滨,45.75,126.63,6.51,0.0
20191018,哈尔滨,45.75,126.63,6.85,0.0
20191019,哈尔滨,45.75,126.63,10.15,0.0
20191020,哈尔滨,45.75,126.63,8.55,0.05
20191021,哈尔滨,45.75,126.63,5.6,0.0
20191022,哈尔滨,45.75,126.63,5.73,0.0
20191023,哈尔滨,45.75,126.63,6.68,0.0
20191024,哈尔滨,45.75,126.63,9.46,0.06
20191025,哈尔滨,45.75,126.63,3.7,6.68
20191026,哈尔滨,45.75,126.63,0.54,0.05
20191027,哈尔滨,45.75,126.63,1.49,0.22
20191028,哈尔滨,45.75,126.63,5.31,2.35
20191029,哈尔滨,45.75,126.63,2.27,6.5
20191030,哈尔滨,45.75,126.63,1.97,0.53
20191031,哈尔滨,45.75,126.63,4.26,0.07
20190401,长春,43.82,125.32,0.54,0.0
20190402,长春,43.82,125.32,1.2,0.0
20190403,长春,43.82,125.32,5.0,0.0
20190404,长春,43.82,125.32,5.29,0.01
20190405,长春,43.82,125.32,1.11,0.16
20190406,长春,43.82,125.32,2.76,0.01
20190407,长春,43.82,125.32,3.15,0.0
20190408,长春,43.82,125.32,3.7,0.01
20190409,长春,43.82,125.32,6.0,0.0
20190410,长春,43.82,125.32,6.14,0.0
20190411,长春,43.82,125.32,7.57,0.0
20190412,长春,43.82,125.32,9.77,0.0
20190413,长春,43.82,125.32,8.41,0.13
20190414,长春,43.82,125.32,5.43,0.17
20190415,长春,43.82,125.32,10.28,0.0
20190416,长春,43.82,125.32,14.09,0.0
20190417,长春,43.82,125.32,12.52,0.67
20190418,长春,43.82,125.32,4.52,0.01
20190419,长春,43.82,125.32,6.39,0.0
20190420,长春,43.82,125.32,8.02,0.0
20190421,长春,43.82,125.32,6.99,0.0
20190422,长春,43.82,125.32,12.24,0.44
20190423,长春,43.82,125.32,15.16,0.23
20190424,长春,43.82,125.32,6.91,0.19
20190425,长春,43.82,125.32,6.23,0.0
20190426,长春,43.82,125.32,8.27,0.0
20190427,长春,43.82,125.32,12.33,0.0
20190428,长春,43.82,125.32,11.22,0.0
20190429,长春,43.82,125.32,11.07,0.01
20190430,长春,43.82,125.32,11.28,0.28
20190501,长春,43.82,125.32,10.02,0.0
20190502,长春,43.82,125.32,11.98,0.0
20190503,长春,43.82,125.32,16.71,0.0
20190504,长春,43.82,125.32,19.69,0.0
20190505,长春,43.82,125.32,6.69,5.92
20190506,长春,43.82,125.32,11.17,0.0
20190507,长春,43.82,125.32,15.25,0.0
20190508,长春,43.82,125.32,16.23,0.0
20190509,长春,43.82,125.32,16.36,0.0
20190510,长春,43.82,125.32,20.14,0.0
20190511,长春,43.82,125.32,21.08,0.0
20190512,长春,43.82,125.32,20.94,0.0
20190513,长春,43.82,125.32,14.96,6.58
20190514,长春,43.82,125.32,15.95,0.0
20190515,长春,43.82,125.32,18.83,0.49
20190516,长春,43.82,125.32,20.48,0.71
20190517,长春,43.82,125.32,21.19,0.11
20190518,长春,43.82,125.32,17.14,2.64
20190519,长春,43.82,125.32,15.6,9.26
20190520,长春,43.82,125.32,10.11,2.77
20190521,长春,43.82,125.32,11.2,0.95
20190522,长春,43.82,125.32,14.61,0.02
20190523,长春,43.82,125.32,19.14,0.0
20190524,长春,43.82,125.32,25.31,0.0
20190525,长春,43.82,125.32,25.76,0.0
20190526,长春,43.82,125.32,19.15,29.76
20190527,长春,43.82,125.32,11.14,24.58
20190528,长春,43.82,125.32,13.44,0.56
20190529,长春,43.82,125.32,16.97,0.0
20190530,长春,43.82,125.32,15.58,0.01
20190531,长春,43.82,125.32,15.63,3.41
20190601,长春,43.82,125.32,17.44,0.07
20190602,长春,43.82,125.32,20.59,14.42
20190603,长春,43.82,125.32,17.04,35.34
20190604,长春,43.82,125.32,18.52,4.54
20190605,长春,43.82,125.32,18.89,1.45
20190606,长春,43.82,125.32,20.91,0.25
20190607,长春,43.82,125.32,22.63,1.35
20190608,长春,43.82,125.32,18.63,10.21
20190609,长春,43.82,125.32,17.45,4.86
20190610,长春,43.82,125.32,18.2,2.21
20190611,长春,43.82,125.32,17.87,33.59
20190612,长春,43.82,125.32,21.4,2.01
20190613,长春,43.82,125.32,18.76,12.63
20190614,长春,43.82,125.32,18.97,7.4
20190615,长春,43.82,125.32,13.56,6.19
20190616,长春,43.82,125.32,14.83,0.02
20190617,长春,43.82,125.32,17.36,0.0
20190618,长春,43.82,125.32,19.21,0.01
20190619,长春,43.82,125.32,21.4,0.59
20190620,长春,43.82,125.32,18.47,0.52
20190621,长春,43.82,125.32,18.18,0.17
20190622,长春,43.82,125.32,19.9,1.95
20190623,长春,43.82,125.32,22.0,0.0
20190624,长春,43.82,125.32,23.79,0.0
20190625,长春,43.82,125.32,24.02,0.03
20190626,长春,43.82,125.32,23.98,0.23
20190627,长春,43.82,125.32,24.41,0.06
20190628,长春,43.82,125.32,20.69,9.34
20190629,长春,43.82,125.32,18.52,5.57
20190630,长春,43.82,125.32,18.74,2.18
20190701,长春,43.82,125.32,19.11,1.72
20190702,长春,43.82,125.32,22.48,4.44
20190703,长春,43.82,125.32,20.32,2.6
20190704,长春,43.82,125.32,22.82,0.15
20190705,长春,43.82,125.32,24.56,4.84
20190706,长春,43.82,125.32,24.68,0.18
20190707,长春,43.82,125.32,24.6,0.39
20190708,长春,43.82,125.32,25.39,0.03
20190709,长春,43.82,125.32,26.44,0.14
20190710,长春,43.82,125.32,25.63,0.0
20190711,长春,43.82,125.32,23.43,0.56
20190712,长春,43.82,125.32,21.7,7.06
20190713,长春,43.82,125.32,22.82,0.4
20190714,长春,43.82,125.32,24.64,0.89
20190715,长春,43.82,125.32,23.75,2.49
20190716,长春,43.82,125.32,24.48,3.34
20190717,长春,43.82,125.32,23.59,3.17
20190718,长春,43.82,125.32,24.64,1.47
20190719,长春,43.82,125.32,26.07,0.08
20190720,长春,43.82,125.32,28.02,0.01
20190721,长春,43.82,125.32,24.99,11.42
20190722,长春,43.82,125.32,26.42,5.83
20190723,长春,43.82,125.32,24.35,9.39
20190724,长春,43.82,125.32,25.98,17.35
20190725,长春,43.82,125.32,24.61,13.84
20190726,长春,43.82,125.32,24.99,4.64
20190727,长春,43.82,125.32,26.58,1.01
20190728,长春,43.82,125.32,27.57,0.01
20190729,长春,43.82,125.32,26.88,10.7
20190730,长春,43.82,125.32,25.42,20.74
20190731,长春,43.82,125.32,25.7,8.73
20190801,长春,43.82,125.32,25.37,2.15
20190802,长春,43.82,125.32,24.93,0.09
20190803,长春,43.82,125.32,22.55,19.2
20190804,长春,43.82,125.32,23.56,0.52
20190805,长春,43.82,125.32,24.96,0.18
20190806,长春,43.82,125.32,25.4,1.05
20190807,长春,43.82,125.32,25.07,4.65
20190808,长春,43.82,125.32,23.05,9.22
20190809,长春,43.82,125.32,22.83,3.49
20190810,长春,43.82,125.32,24.56,8.49
20190811,长春,43.82,125.32,21.68,14.05
20190812,长春,43.82,125.32,22.13,0.71
20190813,长春,43.82,125.32,22.35,5.01
20190814,长春,43.82,125.32,23.5,64.48
20190815,长春,43.82,125.32,22.92,10.42
20190816,长春,43.82,125.32,22.27,15.29
20190817,长春,43.82,125.32,19.08,18.99
20190818,长春,43.82,125.32,19.79,8.88
20190819,长春,43.82,125.32,20.11,0.74
20190820,长春,43.82,125.32,20.6,1.61
20190821,长春,43.82,125.32,20.96,5.25
20190822,长春,43.82,125.32,18.48,3.99
20190823,长春,43.82,125.32,18.4,4.04
20190824,长春,43.82,125.32,19.03,0.49
20190825,长春,43.82,125.32,20.64,0.37
20190826,长春,43.82,125.32,21.29,9.16
20190827,长春,43.82,125.32,21.32,8.14
20190828,长春,43.82,125.32,19.09,6.15
20190829,长春,43.82,125.32,17.59,8.36
20190830,长春,43.82,125.32,17.28,4.24
20190831,长春,43.82,125.32,18.81,0.15
20190901,长春,43.82,125.32,20.0,0.22
20190902,长春,43.82,125.32,21.11,0.21
20190903,长春,43.82,125.32,21.07,0.05
20190904,长春,43.82,125.32,22.73,0.01
20190905,长春,43.82,125.32,22.38,3.68
20190906,长春,43.82,125.32,21.56,2.52
20190907,长春,43.82,125.32,20.63,9.72
20190908,长春,43.82,125.32,21.77,12.33
20190909,长春,43.82,125.32,16.92,0.0
20190910,长春,43.82,125.32,14.55,0.0
20190911,长春,43.82,125.32,16.27,0.0
20190912,长春,43.82,125.32,15.79,0.0
20190913,长春,43.82,125.32,17.5,13.64
20190914,长春,43.82,125.32,15.92,0.01
20190915,长春,43.82,125.32,16.4,1.26
20190916,长春,43.82,125.32,11.98,0.0
20190917,长春,43.82,125.32,12.86,0.46
20190918,长春,43.82,125.32,9.28,0.0
20190919,长春,43.82,125.32,11.42,0.0
20190920,长春,43.82,125.32,13.77,0.09
20190921,长春,43.82,125.32,13.38,0.31
20190922,长春,43.82,125.32,13.39,0.0
20190923,长春,43.82,125.32,15.35,0.0
20190924,长春,43.82,125.32,14.66,0.0
20190925,长春,43.82,125.32,15.92,0.0
20190926,长春,43.82,125.32,17.04,0.0
20190927,长春,43.82,125.32,18.4,0.01
20190928,长春,43.82,125.32,18.29,0.0
20190929,长春,43.82,125.32,15.15,0.01
20190930,长春,43.82,125.32,18.01,0.0
20191001,长春,43.82,125.32,20.08,0.0
20191002,长春,43.82,125.32,19.1,0.0
20191003,长春,43.82,125.32,12.07,0.23
20191004,长春,43.82,125.32,5.29,7.04
20191005,长春,43.82,125.32,5.47,0.0
20191006,长春,43.82,125.32,7.51,0.0
20191007,长春,43.82,125.32,10.32,1.0
20191008,长春,43.82,125.32,6.09,0.0
20191009,长春,43.82,125.32,10.75,0.0
20191010,长春,43.82,125.32,10.43,0.0
20191011,长春,43.82,125.32,5.14,0.0
20191012,长春,43.82,125.32,5.08,0.0
20191013,长春,43.82,125.32,1.83,0.24
20191014,长春,43.82,125.32,0.54,0.0
20191015,长春,43.82,125.32,3.89,0.0
20191016,长春,43.82,125.32,6.6,0.0
20191017,长春,43.82,125.32,8.34,0.0
20191018,长春,43.82,125.32,8.85,0.15
20191019,长春,43.82,125.32,10.94,0.2
20191020,长春,43.82,125.32,9.81,0.03
20191021,长春,43.82,125.32,6.77,0.0
20191022,长春,43.82,125.32,9.8,0.0
20191023,长春,43.82,125.32,11.41,0.0
20191024,长春,43.82,125.32,11.9,0.04
20191025,长春,43.82,125.32,3.36,4.24
20191026,长春,43.82,125.32,1.06,0.0
20191027,长春,43.82,125.32,2.65,0.18
20191028,长春,43.82,125.32,5.99,6.95
20191029,长春,43.82,125.32,2.51,6.09
20191030,长春,43.82,125.32,4.66,7.96
20191031,长春,43.82,125.32,5.62,0.0
20190401,沈阳,41.8,123.43,2.64,0.0
20190402,沈阳,41.8,123.43,3.03,0.0
20190403,沈阳,41.8,123.43,7.52,0.0
20190404,沈阳,41.8,123.43,10.04,0.0
20190405,沈阳,41.8,123.43,6.78,0.0
20190406,沈阳,41.8,123.43,6.53,0.0
20190407,沈阳,41.8,123.43,2.63,0.0
20190408,沈阳,41.8,123.43,4.96,0.0
20190409,沈阳,41.8,123.43,6.53,0.0
20190410,沈阳,41.8,123.43,8.84,0.0
20190411,沈阳,41.8,123.43,9.01,0.0
20190412,沈阳,41.8,123.43,10.26,0.0
20190413,沈阳,41.8,123.43,10.39,0.9
20190414,沈阳,41.8,123.43,7.68,0.06
20190415,沈阳,41.8,123.43,12.41,0.0
20190416,沈阳,41.8,123.43,12.96,0.0
20190417,沈阳,41.8,123.43,12.26,0.02
20190418,沈阳,41.8,123.43,7.99,0.0
20190419,沈阳,41.8,123.43,11.0,0.0
20190420,沈阳,41.8,123.43,10.02,0.56
20190421,沈阳,41.8,123.43,10.36,0.0
20190422,沈阳,41.8,123.43,15.39,0.0
20190423,沈阳,41.8,123.43,18.6,0.0
20190424,沈阳,41.8,123.43,9.68,1.77
20190425,沈阳,41.8,123.43,7.74,1.16
20190426,沈阳,41.8,123.43,9.8,0.09
20190427,沈阳,41.8,123.43,12.98,0.0
20190428,沈阳,41.8,123.43,10.91,0.0
20190429,沈阳,41.8,123.43,11.32,0.27
20190430,沈阳,41.8,123.43,14.48,1.75
20190501,沈阳,41.8,123.43,13.31,0.0
20190502,沈阳,41.8,123.43,17.07,0.0
20190503,沈阳,41.8,123.43,19.6,0.0
20190504,沈阳,41.8,123.43,20.67,0.0
20190505,沈阳,41.8,123.43,11.67,3.91
20190506,沈阳,41.8,123.43,12.81,0.0
20190507,沈阳,41.8,123.43,16.01,0.0
20190508,沈阳,41.8,123.43,18.63,0.0
20190509,沈阳,41.8,123.43,18.96,0.0
20190510,沈阳,41.8,123.43,20.42,0.0
20190511,沈阳,41.8,123.43,20.33,0.0
20190512,沈阳,41.8,123.43,20.34,3.36
20190513,沈阳,41.8,123.43,14.89,14.37
20190514,沈阳,41.8,123.43,17.1,0.02
20190515,沈阳,41.8,123.43,18.18,0.01
20190516,沈阳,41.8,123.43,20.49,1.53
20190517,沈阳,41.8,123.43,21.6,0.18
20190518,沈阳,41.8,123.43,20.82,0.09
20190519,沈阳,41.8,123.43,17.58,10.23
20190520,沈阳,41.8,123.43,15.44,0.46
20190521,沈阳,41.8,123.43,17.99,0.0
20190522,沈阳,41.8,123.43,19.09,0.0
20190523,沈阳,41.8,123.43,23.28,0.0
20190524,沈阳,41.8,123.43,25.34,0.0
20190525,沈阳,41.8,123.43,24.87,0.0
20190526,沈阳,41.8,123.43,20.94,38.78
20190527,沈阳,41.8,123.43,14.72,22.44
20190528,沈阳,41.8,123.43,16.54,0.0
20190529,沈阳,41.8,123.43,18.47,0.0
20190530,沈阳,41.8,123.43,17.64,0.0
20190531,沈阳,41.8,123.43,18.13,0.13
20190601,沈阳,41.8,123.43,20.74,0.01
20190602,沈阳,41.8,123.43,20.7,11.86
20190603,沈阳,41.8,123.43,19.35,5.66
20190604,沈阳,41.8,123.43,20.41,0.36
20190605,沈阳,41.8,123.43,23.11,0.0
20190606,沈阳,41.8,123.43,21.8,0.0
20190607,沈阳,41.8,123.43,22.76,0.02
20190608,沈阳,41.8,123.43,20.68,5.05
20190609,沈阳,41.8,123.43,18.45,23.79
20190610,沈阳,41.8,123.43,19.7,0.38
20190611,沈阳,41.8,123.43,21.17,1.13
20190612,沈阳,41.8,123.43,23.2,0.07
20190613,沈阳,41.8,123.43,21.23,3.68
20190614,沈阳,41.8,123.43,21.61,0.97
20190615,沈阳,41.8,123.43,18.58,0.14
20190616,沈阳,41.8,123.43,18.89,0.0
20190617,沈阳,41.8,123.43,21.19,0.25
20190618,沈阳,41.8,123.43,19.73,11.23
20190619,沈阳,41.8,123.43,23.6,0.16
20190620,沈阳,41.8,123.43,23.71,0.0
20190621,沈阳,41.8,123.43,22.22,0.0
20190622,沈阳,41.8,123.43,23.13,0.02
20190623,沈阳,41.8,123.43,25.03,0.0
20190624,沈阳,41.8,123.43,26.43,0.0
20190625,沈阳,41.8,123.43,26.05,0.0
20190626,沈阳,41.8,123.43,24.47,0.01
20190627,沈阳,41.8,123.43,25.4,0.09
20190628,沈阳,41.8,123.43,23.76,1.03
20190629,沈阳,41.8,123.43,21.35,26.4
20190630,沈阳,41.8,123.43,20.34,0.35
20190701,沈阳,41.8,123.43,21.34,3.14
20190702,沈阳,41.8,123.43,23.52,0.06
20190703,沈阳,41.8,123.43,25.23,0.13
20190704,沈阳,41.8,123.43,26.86,0.02
20190705,沈阳,41.8,123.43,27.28,0.75
20190706,沈阳,41.8,123.43,26.6,0.49
20190707,沈阳,41.8,123.43,24.92,11.85
20190708,沈阳,41.8,123.43,24.95,1.6
20190709,沈阳,41.8,123.43,25.99,0.56
20190710,沈阳,41.8,123.43,25.07,9.43
20190711,沈阳,41.8,123.43,23.7,4.15
20190712,沈阳,41.8,123.43,24.01,8.48
20190713,沈阳,41.8,123.43,23.87,12.01
20190714,沈阳,41.8,123.43,24.66,9.19
20190715,沈阳,41.8,123.43,24.63,3.87
20190716,沈阳,41.8,123.43,25.29,0.03
20190717,沈阳,41.8,123.43,24.62,0.2
20190718,沈阳,41.8,123.43,25.31,0.12
20190719,沈阳,41.8,123.43,26.67,0.0
20190720,沈阳,41.8,123.43,27.08,2.55
20190721,沈阳,41.8,123.43,26.83,7.76
20190722,沈阳,41.8,123.43,29.46,0.02
20190723,沈阳,41.8,123.43,27.55,2.43
20190724,沈阳,41.8,123.43,29.41,2.07
20190725,沈阳,41.8,123.43,28.46,3.57
20190726,沈阳,41.8,123.43,29.33,0.61
20190727,沈阳,41.8,123.43,30.21,0.01
20190728,沈阳,41.8,123.43,30.26,0.0
20190729,沈阳,41.8,123.43,29.79,18.45
20190730,沈阳,41.8,123.43,28.3,5.77
20190731,沈阳,41.8,123.43,28.28,0.04
20190801,沈阳,41.8,123.43,28.52,2.87
20190802,沈阳,41.8,123.43,25.46,23.18
20190803,沈阳,41.8,123.43,23.82,47.96
20190804,沈阳,41.8,123.43,24.45,0.63
20190805,沈阳,41.8,123.43,25.18,1.99
20190806,沈阳,41.8,123.43,25.9,0.45
20190807,沈阳,41.8,123.43,26.08,15.13
20190808,沈阳,41.8,123.43,24.44,7.1
20190809,沈阳,41.8,123.43,25.77,0.19
20190810,沈阳,41.8,123.43,26.06,20.81
20190811,沈阳,41.8,123.43,23.44,31.09
20190812,沈阳,41.8,123.43,22.9,25.28
20190813,沈阳,41.8,123.43,23.25,33.46
20190814,沈阳,41.8,123.43,23.17,58.09
20190815,沈阳,41.8,123.43,23.15,5.66
20190816,沈阳,41.8,123.43,23.17,25.32
20190817,沈阳,41.8,123.43,19.92,14.13
20190818,沈阳,41.8,123.43,21.36,0.31
20190819,沈阳,41.8,123.43,22.6,0.0
20190820,沈阳,41.8,123.43,22.27,0.29
20190821,沈阳,41.8,123.43,22.45,1.95
20190822,沈阳,41.8,123.43,21.26,0.03
20190823,沈阳,41.8,123.43,20.55,0.44
20190824,沈阳,41.8,123.43,21.71,0.06
20190825,沈阳,41.8,123.43,23.06,4.03
20190826,沈阳,41.8,123.43,23.19,7.18
20190827,沈阳,41.8,123.43,23.15,4.85
20190828,沈阳,41.8,123.43,21.39,9.39
20190829,沈阳,41.8,123.43,17.6,5.71
20190830,沈阳,41.8,123.43,18.78,3.65
20190831,沈阳,41.8,123.43,20.24,0.02
20190901,沈阳,41.8,123.43,21.36,0.0
20190902,沈阳,41.8,123.43,22.18,0.0
20190903,沈阳,41.8,123.43,22.51,0.0
20190904,沈阳,41.8,123.43,22.0,0.31
20190905,沈阳,41.8,123.43,21.89,7.27
20190906,沈阳,41.8,123.43,22.64,2.42
20190907,沈阳,41.8,123.43,21.02,8.41
20190908,沈阳,41.8,123.43,23.34,1.71
20190909,沈阳,41.8,123.43,20.28,0.0
20190910,沈阳,41.8,123.43,16.73,0.0
20190911,沈阳,41.8,123.43,16.95,0.0
20190912,沈阳,41.8,123.43,18.61,0.12
20190913,沈阳,41.8,123.43,18.64,20.68
20190914,沈阳,41.8,123.43,17.87,0.0
20190915,沈阳,41.8,123.43,18.85,1.16
20190916,沈阳,41.8,123.43,13.84,0.0
20190917,沈阳,41.8,123.43,14.68,0.07
20190918,沈阳,41.8,123.43,11.6,0.28
20190919,沈阳,41.8,123.43,13.89,0.0
20190920,沈阳,41.8,123.43,17.41,0.0
20190921,沈阳,41.8,123.43,16.45,0.0
20190922,沈阳,41.8,123.43,15.35,0.0
20190923,沈阳,41.8,123.43,16.41,0.0
20190924,沈阳,41.8,123.43,16.11,0.0
20190925,沈阳,41.8,123.43,17.33,0.0
20190926,沈阳,41.8,123.43,19.13,0.0
20190927,沈阳,41.8,123.43,18.05,0.0
20190928,沈阳,41.8,123.43,19.0,0.0
20190929,沈阳,41.8,123.43,18.05,0.0
20190930,沈阳,41.8,123.43,19.83,0.0
20191001,沈阳,41.8,123.43,21.22,0.0
20191002,沈阳,41.8,123.43,20.15,0.0
20191003,沈阳,41.8,123.43,14.75,0.02
20191004,沈阳,41.8,123.43,6.43,2.4
20191005,沈阳,41.8,123.43,6.97,0.0
20191006,沈阳,41.8,123.43,8.2,0.0
20191007,沈阳,41.8,123.43,12.04,0.6
20191008,沈阳,41.8,123.43,8.4,0.0
20191009,沈阳,41.8,123.43,12.09,0.0
20191010,沈阳,41.8,123.43,12.65,0.0
20191011,沈阳,41.8,123.43,9.15,0.0
20191012,沈阳,41.8,123.43,8.39,0.0
20191013,沈阳,41.8,123.43,4.07,0.3
20191014,沈阳,41.8,123.43,1.97,0.0
20191015,沈阳,41.8,123.43,5.07,0.0
20191016,沈阳,41.8,123.43,8.71,0.0
20191017,沈阳,41.8,123.43,10.01,0.0
20191018,沈阳,41.8,123.43,11.12,0.21
20191019,沈阳,41.8,123.43,12.28,0.04
20191020,沈阳,41.8,123.43,12.61,0.01
20191021,沈阳,41.8,123.43,9.27,0.0
20191022,沈阳,41.8,123.43,11.82,0.0
20191023,沈阳,41.8,123.43,13.03,0.0
20191024,沈阳,41.8,123.43,12.56,0.78
20191025,沈阳,41.8,123.43,3.23,11.68
20191026,沈阳,41.8,123.43,2.41,2.4
20191027,沈阳,41.8,123.43,5.34,0.0
20191028,沈阳,41.8,123.43,7.2,9.27
20191029,沈阳,41.8,123.43,3.62,0.0
20191030,沈阳,41.8,123.43,8.23,5.55
20191031,沈阳,41.8,123.43,8.03,0.0
20190401,呼和浩特,40.82,111.75,2.57,0.0
20190402,呼和浩特,40.82,111.75,3.39,0.0
20190403,呼和浩特,40.82,111.75,6.26,0.0
20190404,呼和浩特,40.82,111.75,7.65,0.0
20190405,呼和浩特,40.82,111.75,8.28,0.0
20190406,呼和浩特,40.82,111.75,5.98,0.0
20190407,呼和浩特,40.82,111.75,6.92,0.0
20190408,呼和浩特,40.82,111.75,7.19,2.13
20190409,呼和浩特,40.82,111.75,2.99,1.47
20190410,呼和浩特,40.82,111.75,-0.25,1.75
20190411,呼和浩特,40.82,111.75,2.26,0.0
20190412,呼和浩特,40.82,111.75,4.95,0.0
20190413,呼和浩特,40.82,111.75,2.74,0.0
20190414,呼和浩特,40.82,111.75,5.02,0.0
20190415,呼和浩特,40.82,111.75,6.77,0.0
20190416,呼和浩特,40.82,111.75,9.51,0.0
20190417,呼和浩特,40.82,111.75,12.5,0.0
20190418,呼和浩特,40.82,111.75,10.04,0.06
20190419,呼和浩特,40.82,111.75,8.54,2.3
20190420,呼和浩特,40.82,111.75,10.59,0.2
20190421,呼和浩特,40.82,111.75,12.31,0.0
20190422,呼和浩特,40.82,111.75,14.38,0.0
20190423,呼和浩特,40.82,111.75,15.48,0.13
20190424,呼和浩特,40.82,111.75,4.33,9.6
20190425,呼和浩特,40.82,111.75,3.92,5.05
20190426,呼和浩特,40.82,111.75,5.75,0.32
20190427,呼和浩特,40.82,111.75,8.24,0.59
20190428,呼和浩特,40.82,111.75,9.0,0.5
20190429,呼和浩特,40.82,111.75,9.94,0.01
20190430,呼和浩特,40.82,111.75,6.64,0.0
20190501,呼和浩特,40.82,111.75,9.55,0.0
20190502,呼和浩特,40.82,111.75,11.96,0.0
20190503,呼和浩特,40.82,111.75,12.07,0.01
20190504,呼和浩特,40.82,111.75,13.93,0.28
20190505,呼和浩特,40.82,111.75,6.25,0.0
20190506,呼和浩特,40.82,111.75,7.45,0.0
20190507,呼和浩特,40.82,111.75,10.41,0.06
20190508,呼和浩特,40.82,111.75,10.6,0.8
20190509,呼和浩特,40.82,111.75,12.62,0.0
20190510,呼和浩特,40.82,111.75,11.02,1.76
20190511,呼和浩特,40.82,111.75,12.54,0.28
20190512,呼和浩特,40.82,111.75,4.24,0.54
20190513,呼和浩特,40.82,111.75,7.24,0.0
20190514,呼和浩特,40.82,111.75,11.57,0.0
20190515,呼和浩特,40.82,111.75,11.99,0.07
20190516,呼和浩特,40.82,111.75,16.11,0.01
20190517,呼和浩特,40.82,111.75,16.85,0.73
20190518,呼和浩特,40.82,111.75,12.93,11.71
20190519,呼和浩特,40.82,111.75,4.57,0.06
20190520,呼和浩特,40.82,111.75,8.34,0.0
20190521,呼和浩特,40.82,111.75,13.44,0.0
20190522,呼和浩特,40.82,111.75,18.18,0.0
20190523,呼和浩特,40.82,111.75,19.75,0.0
20190524,呼和浩特,40.82,111.75,18.2,0.0
20190525,呼和浩特,40.82,111.75,18.96,1.65
20190526,呼和浩特,40.82,111.75,11.84,4.27
20190527,呼和浩特,40.82,111.75,11.59,0.04
20190528,呼和浩特,40.82,111.75,16.69,0.0
20190529,呼和浩特,40.82,111.75,18.73,0.0
20190530,呼和浩特,40.82,111.75,12.6,0.0
20190531,呼和浩特,40.82,111.75,13.86,0.0
20190601,呼和浩特,40.82,111.75,15.8,0.35
20190602,呼和浩特,40.82,111.75,16.49,0.24
20190603,呼和浩特,40.82,111.75,18.17,0.0
20190604,呼和浩特,40.82,111.75,19.24,0.0
20190605,呼和浩特,40.82,111.75,17.62,0.0
20190606,呼和浩特,40.82,111.75,18.17,4.24
20190607,呼和浩特,40.82,111.75,17.55,0.03
20190608,呼和浩特,40.82,111.75,16.93,0.0
20190609,呼和浩特,40.82,111.75,16.99,0.0
20190610,呼和浩特,40.82,111.75,19.82,0.0
20190611,呼和浩特,40.82,111.75,22.3,0.33
20190612,呼和浩特,40.82,111.75,18.31,2.86
20190613,呼和浩特,40.82,111.75,19.56,0.18
20190614,呼和浩特,40.82,111.75,20.51,0.0
20190615,呼和浩特,40.82,111.75,19.82,18.3
20190616,呼和浩特,40.82,111.75,19.05,2.39
20190617,呼和浩特,40.82,111.75,21.1,1.44
20190618,呼和浩特,40.82,111.75,22.61,0.08
20190619,呼和浩特,40.82,111.75,22.78,0.03
20190620,呼和浩特,40.82,111.75,23.21,0.0
20190621,呼和浩特,40.82,111.75,23.06,0.0
20190622,呼和浩特,40.82,111.75,22.34,0.33
20190623,呼和浩特,40.82,111.75,18.77,13.14
20190624,呼和浩特,40.82,111.75,18.26,2.68
20190625,呼和浩特,40.82,111.75,18.94,0.28
20190626,呼和浩特,40.82,111.75,18.96,1.33
20190627,呼和浩特,40.82,111.75,15.63,8.82
20190628,呼和浩特,40.82,111.75,17.83,3.03
20190629,呼和浩特,40.82,111.75,15.23,0.49
20190630,呼和浩特,40.82,111.75,16.97,0.72
20190701,呼和浩特,40.82,111.75,19.13,2.19
20190702,呼和浩特,40.82,111.75,19.62,0.1
20190703,呼和浩特,40.82,111.75,21.01,0.0
20190704,呼和浩特,40.82,111.75,21.58,5.78
20190705,呼和浩特,40.82,111.75,16.36,9.48
20190706,呼和浩特,40.82,111.75,15.41,0.0
20190707,呼和浩特,40.82,111.75,18.31,0.0
20190708,呼和浩特,40.82,111.75,17.9,0.0
20190709,呼和浩特,40.82,111.75,17.34,1.54
20190710,呼和浩特,40.82,111.75,17.1,1.59
20190711,呼和浩特,40.82,111.75,19.04,0.33
20190712,呼和浩特,40.82,111.75,21.63,1.6
20190713,呼和浩特,40.82,111.75,21.46,1.2
20190714,呼和浩特,40.82,111.75,23.09,0.0
20190715,呼和浩特,40.82,111.75,22.35,2.73
20190716,呼和浩特,40.82,111.75,17.37,28.63
20190717,呼和浩特,40.82,111.75,19.97,2.47
20190718,呼和浩特,40.82,111.75,22.12,2.54
20190719,呼和浩特,40.82,111.75,18.87,20.1
20190720,呼和浩特,40.82,111.75,22.46,0.04
20190721,呼和浩特,40.82,111.75,23.09,0.25
20190722,呼和浩特,40.82,111.75,16.66,15.54
20190723,呼和浩特,40.82,111.75,21.12,0.07
20190724,呼和浩特,40.82,111.75,20.96,1.0
20190725,呼和浩特,40.82,111.75,21.13,0.21
20190726,呼和浩特,40.82,111.75,23.14,0.01
20190727,呼和浩特,40.82,111.75,23.24,4.9
20190728,呼和浩特,40.82,111.75,22.19,0.35
20190729,呼和浩特,40.82,111.75,20.28,5.42
20190730,呼和浩特,40.82,111.75,19.82,1.16
20190731,呼和浩特,40.82,111.75,20.21,0.03
20190801,呼和浩特,40.82,111.75,21.94,0.08
20190802,呼和浩特,40.82,111.75,21.35,0.22
20190803,呼和浩特,40.82,111.75,19.8,1.07
20190804,呼和浩特,40.82,111.75,16.72,37.66
20190805,呼和浩特,40.82,111.75,18.97,4.3
20190806,呼和浩特,40.82,111.75,20.23,1.15
20190807,呼和浩特,40.82,111.75,19.92,1.42
20190808,呼和浩特,40.82,111.75,20.12,3.56
20190809,呼和浩特,40.82,111.75,19.97,7.12
20190810,呼和浩特,40.82,111.75,17.84,1.21
20190811,呼和浩特,40.82,111.75,18.56,0.07
20190812,呼和浩特,40.82,111.75,18.61,0.0
20190813,呼和浩特,40.82,111.75,18.54,0.0
20190814,呼和浩特,40.82,111.75,20.78,4.49
20190815,呼和浩特,40.82,111.75,18.02,0.5
20190816,呼和浩特,40.82,111.75,13.67,0.02
20190817,呼和浩特,40.82,111.75,15.55,0.0
20190818,呼和浩特,40.82,111.75,17.94,0.0
20190819,呼和浩特,40.82,111.75,19.46,24.3
20190820,呼和浩特,40.82,111.75,18.5,14.65
20190821,呼和浩特,40.82,111.75,15.14,0.0
20190822,呼和浩特,40.82,111.75,16.3,0.0
20190823,呼和浩特,40.82,111.75,18.1,0.01
20190824,呼和浩特,40.82,111.75,18.03,0.0
20190825,呼和浩特,40.82,111.75,18.32,0.0
20190826,呼和浩特,40.82,111.75,16.14,2.32
20190827,呼和浩特,40.82,111.75,14.65,0.0
20190828,呼和浩特,40.82,111.75,13.29,0.0
20190829,呼和浩特,40.82,111.75,13.54,0.0
20190830,呼和浩特,40.82,111.75,15.5,0.0
20190831,呼和浩特,40.82,111.75,17.2,0.0
20190901,呼和浩特,40.82,111.75,18.38,0.0
20190902,呼和浩特,40.82,111.75,18.48,0.0
20190903,呼和浩特,40.82,111.75,19.44,0.0
20190904,呼和浩特,40.82,111.75,19.95,0.0
20190905,呼和浩特,40.82,111.75,20.56,0.0
20190906,呼和浩特,40.82,111.75,20.18,0.0
20190907,呼和浩特,40.82,111.75,18.32,0.07
20190908,呼和浩特,40.82,111.75,17.96,4.58
20190909,呼和浩特,40.82,111.75,13.26,19.13
20190910,呼和浩特,40.82,111.75,15.35,5.95
20190911,呼和浩特,40.82,111.75,13.81,18.4
20190912,呼和浩特,40.82,111.75,14.96,20.24
20190913,呼和浩特,40.82,111.75,12.44,0.05
20190914,呼和浩特,40.82,111.75,10.9,0.0
20190915,呼和浩特,40.82,111.75,12.72,0.0
20190916,呼和浩特,40.82,111.75,12.77,0.0
20190917,呼和浩特,40.82,111.75,13.26,0.0
20190918,呼和浩特,40.82,111.75,12.11,0.0
20190919,呼和浩特,40.82,111.75,11.64,1.3
20190920,呼和浩特,40.82,111.75,11.18,4.07
20190921,呼和浩特,40.82,111.75,12.81,0.0
20190922,呼和浩特,40.82,111.75,14.13,0.0
20190923,呼和浩特,40.82,111.75,14.34,0.0
20190924,呼和浩特,40.82,111.75,16.28,0.0
20190925,呼和浩特,40.82,111.75,15.83,0.0
20190926,呼和浩特,40.82,111.75,15.56,0.0
20190927,呼和浩特,40.82,111.75,12.62,0.0
20190928,呼和浩特,40.82,111.75,13.29,0.0
20190929,呼和浩特,40.82,111.75,13.53,0.0
20190930,呼和浩特,40.82,111.75,13.89,0.03
20191001,呼和浩特,40.82,111.75,14.87,0.01
20191002,呼和浩特,40.82,111.75,15.28,0.0
20191003,呼和浩特,40.82,111.75,12.35,8.68
20191004,呼和浩特,40.82,111.75,4.53,0.7
20191005,呼和浩特,40.82,111.75,3.86,0.0
20191006,呼和浩特,40.82,111.75,6.2,0.21
20191007,呼和浩特,40.82,111.75,6.45,0.0
20191008,呼和浩特,40.82,111.75,6.4,0.0
20191009,呼和浩特,40.82,111.75,8.52,0.0
20191010,呼和浩特,40.82,111.75,9.97,0.0
20191011,呼和浩特,40.82,111.75,9.41,0.0
20191012,呼和浩特,40.82,111.75,7.01,0.0
20191013,呼和浩特,40.82,111.75,0.21,0.0
20191014,呼和浩特,40.82,111.75,0.11,0.0
20191015,呼和浩特,40.82,111.75,4.7,0.07
20191016,呼和浩特,40.82,111.75,5.38,0.64
20191017,呼和浩特,40.82,111.75,3.98,0.12
20191018,呼和浩特,40.82,111.75,3.85,0.06
20191019,呼和浩特,40.82,111.75,3.61,0.0
20191020,呼和浩特,40.82,111.75,2.82,0.0
20191021,呼和浩特,40.82,111.75,4.75,0.0
20191022,呼和浩特,40.82,111.75,5.49,0.06
20191023,呼和浩特,40.82,111.75,5.96,1.48
20191024,呼和浩特,40.82,111.75,-1.95,6.52
20191025,呼和浩特,40.82,111.75,-3.26,2.24
20191026,呼和浩特,40.82,111.75,-1.16,0.02
20191027,呼和浩特,40.82,111.75,1.37,0.11
20191028,呼和浩特,40.82,111.75,-2.27,0.0
20191029,呼和浩特,40.82,111.75,1.12,0.21
20191030,呼和浩特,40.82,111.75,3.02,0.0
20191031,呼和浩特,40.82,111.75,5.84,0.0
20190401,济南,36.67,116.98,9.11,0.0
20190402,济南,36.67,116.98,11.27,0.0
20190403,济南,36.67,116.98,11.62,0.0
20190404,济南,36.67,116.98,13.81,0.0
20190405,济南,36.67,116.98,16.85,0.0
20190406,济南,36.67,116.98,14.83,0.03
20190407,济南,36.67,116.98,15.22,0.39
20190408,济南,36.67,116.98,13.66,1.16
20190409,济南,36.67,116.98,4.74,9.44
20190410,济南,36.67,116.98,8.19,0.0
20190411,济南,36.67,116.98,9.43,0.78
20190412,济南,36.67,116.98,10.98,0.0
20190413,济南,36.67,116.98,14.6,1.79
20190414,济南,36.67,116.98,13.04,0.02
20190415,济南,36.67,116.98,14.48,0.0
20190416,济南,36.67,116.98,16.23,0.0
20190417,济南,36.67,116.98,20.03,0.0
20190418,济南,36.67,116.98,17.89,0.0
20190419,济南,36.67,116.98,14.97,0.65
20190420,济南,36.67,116.98,16.62,0.01
20190421,济南,36.67,116.98,16.24,0.0
20190422,济南,36.67,116.98,18.88,3.87
20190423,济南,36.67,116.98,20.02,1.0
20190424,济南,36.67,116.98,20.01,4.58
20190425,济南,36.67,116.98,9.42,8.85
20190426,济南,36.67,116.98,11.32,0.95
20190427,济南,36.67,116.98,9.74,5.38
20190428,济南,36.67,116.98,12.43,0.01
20190429,济南,36.67,116.98,16.08,0.0
20190430,济南,36.67,116.98,17.05,0.0
20190501,济南,36.67,116.98,18.5,0.0
20190502,济南,36.67,116.98,19.25,0.0
20190503,济南,36.67,116.98,19.76,0.0
20190504,济南,36.67,116.98,19.44,0.1
20190505,济南,36.67,116.98,16.32,0.07
20190506,济南,36.67,116.98,15.05,0.0
20190507,济南,36.67,116.98,16.88,0.0
20190508,济南,36.67,116.98,16.42,0.0
20190509,济南,36.67,116.98,19.78,0.0
20190510,济南,36.67,116.98,20.93,4.82
20190511,济南,36.67,116.98,21.8,0.0
20190512,济南,36.67,116.98,21.73,4.18
20190513,济南,36.67,116.98,17.67,0.05
20190514,济南,36.67,116.98,18.85,0.0
20190515,济南,36.67,116.98,22.91,0.0
20190516,济南,36.67,116.98,23.93,0.0
20190517,济南,36.67,116.98,24.35,0.03
20190518,济南,36.67,116.98,21.09,0.01
20190519,济南,36.67,116.98,21.44,0.0
20190520,济南,36.67,116.98,18.5,0.0
20190521,济南,36.67,116.98,21.41,0.0
20190522,济南,36.67,116.98,24.83,0.0
20190523,济南,36.67,116.98,28.42,0.0
20190524,济南,36.67,116.98,26.32,0.0
20190525,济南,36.67,116.98,28.67,0.32
20190526,济南,36.67,116.98,27.84,5.99
20190527,济南,36.67,116.98,21.04,1.58
20190528,济南,36.67,116.98,22.25,0.0
20190529,济南,36.67,116.98,23.05,0.0
20190530,济南,36.67,116.98,22.04,0.35
20190531,济南,36.67,116.98,23.01,0.0
20190601,济南,36.67,116.98,25.67,1.87
20190602,济南,36.67,116.98,28.53,0.0
20190603,济南,36.67,116.98,28.93,0.62
20190604,济南,36.67,116.98,29.22,0.05
20190605,济南,36.67,116.98,26.26,8.63
20190606,济南,36.67,116.98,22.36,2.57
20190607,济南,36.67,116.98,25.16,0.11
20190608,济南,36.67,116.98,27.92,1.18
20190609,济南,36.67,116.98,26.1,0.39
20190610,济南,36.67,116.98,26.53,0.0
20190611,济南,36.67,116.98,28.77,0.0
20190612,济南,36.67,116.98,28.29,0.0
20190613,济南,36.67,116.98,27.12,0.24
20190614,济南,36.67,116.98,28.54,0.21
20190615,济南,36.67,116.98,29.81,0.0
20190616,济南,36.67,116.98,30.28,0.0
20190617,济南,36.67,116.98,29.75,0.0
20190618,济南,36.67,116.98,31.04,0.0
20190619,济南,36.67,116.98,31.58,3.06
20190620,济南,36.67,116.98,28.76,11.94
20190621,济南,36.67,116.98,29.03,0.77
20190622,济南,36.67,116.98,28.03,0.08
20190623,济南,36.67,116.98,28.21,0.0
20190624,济南,36.67,116.98,28.78,0.0
20190625,济南,36.67,116.98,27.63,0.0
20190626,济南,36.67,116.98,27.53,0.0
20190627,济南,36.67,116.98,29.38,0.04
20190628,济南,36.67,116.98,24.97,8.16
20190629,济南,36.67,116.98,28.26,0.1
20190630,济南,36.67,116.98,28.55,0.0
20190701,济南,36.67,116.98,29.13,0.0
20190702,济南,36.67,116.98,30.4,2.27
20190703,济南,36.67,116.98,30.06,0.57
20190704,济南,36.67,116.98,30.04,0.0
20190705,济南,36.67,116.98,31.25,0.0
20190706,济南,36.67,116.98,25.19,35.98
20190707,济南,36.67,116.98,23.41,1.64
20190708,济南,36.67,116.98,25.0,0.51
20190709,济南,36.67,116.98,24.5,4.37
20190710,济南,36.67,116.98,23.87,6.19
20190711,济南,36.67,116.98,24.32,1.33
20190712,济南,36.67,116.98,25.43,2.07
20190713,济南,36.67,116.98,27.82,0.05
20190714,济南,36.67,116.98,28.34,5.41
20190715,济南,36.67,116.98,29.37,0.98
20190716,济南,36.67,116.98,29.41,0.02
20190717,济南,36.67,116.98,28.67,2.03
20190718,济南,36.67,116.98,28.7,0.03
20190719,济南,36.67,116.98,29.36,0.02
20190720,济南,36.67,116.98,29.64,3.55
20190721,济南,36.67,116.98,30.91,0.01
20190722,济南,36.67,116.98,31.94,9.91
20190723,济南,36.67,116.98,30.28,11.27
20190724,济南,36.67,116.98,32.13,0.01
20190725,济南,36.67,116.98,31.57,3.13
20190726,济南,36.67,116.98,32.7,0.42
20190727,济南,36.67,116.98,30.33,9.59
20190728,济南,36.67,116.98,31.73,5.56
20190729,济南,36.67,116.98,31.19,15.58
20190730,济南,36.67,116.98,29.21,9.0
20190731,济南,36.67,116.98,28.57,0.46
20190801,济南,36.67,116.98,28.11,1.59
20190802,济南,36.67,116.98,25.81,7.93
20190803,济南,36.67,116.98,27.24,3.95
20190804,济南,36.67,116.98,28.79,0.15
20190805,济南,36.67,116.98,28.38,2.19
20190806,济南,36.67,116.98,27.4,23.51
20190807,济南,36.67,116.98,25.47,38.78
20190808,济南,36.67,116.98,27.2,1.66
20190809,济南,36.67,116.98,28.24,6.11
20190810,济南,36.67,116.98,26.65,39.36
20190811,济南,36.67,116.98,23.32,131.65
20190812,济南,36.67,116.98,22.52,45.42
20190813,济南,36.67,116.98,23.56,18.86
20190814,济南,36.67,116.98,24.31,0.09
20190815,济南,36.67,116.98,25.57,0.03
20190816,济南,36.67,116.98,23.39,3.65
20190817,济南,36.67,116.98,22.91,0.0
20190818,济南,36.67,116.98,23.92,0.0
20190819,济南,36.67,116.98,23.09,0.0
20190820,济南,36.67,116.98,22.75,0.01
20190821,济南,36.67,116.98,24.22,0.18
20190822,济南,36.67,116.98,23.96,0.0
20190823,济南,36.67,116.98,25.35,0.0
20190824,济南,36.67,116.98,24.13,0.92
20190825,济南,36.67,116.98,23.72,1.55
20190826,济南,36.67,116.98,24.06,0.96
20190827,济南,36.67,116.98,24.36,0.23
20190828,济南,36.67,116.98,24.67,0.0
20190829,济南,36.67,116.98,22.0,0.0
20190830,济南,36.67,116.98,22.51,0.0
20190831,济南,36.67,116.98,22.5,0.0
20190901,济南,36.67,116.98,23.01,1.42
20190902,济南,36.67,116.98,23.68,0.18
20190903,济南,36.67,116.98,22.98,0.0
20190904,济南,36.67,116.98,21.99,0.0
20190905,济南,36.67,116.98,22.42,0.0
20190906,济南,36.67,116.98,23.51,0.0
20190907,济南,36.67,116.98,23.82,0.0
20190908,济南,36.67,116.98,24.55,0.0
20190909,济南,36.67,116.98,24.69,0.0
20190910,济南,36.67,116.98,23.24,0.01
20190911,济南,36.67,116.98,20.67,3.24
20190912,济南,36.67,116.98,19.89,8.96
20190913,济南,36.67,116.98,20.54,7.96
20190914,济南,36.67,116.98,21.69,0.01
20190915,济南,36.67,116.98,20.9,0.19
20190916,济南,36.67,116.98,20.39,0.04
20190917,济南,36.67,116.98,19.42,0.0
20190918,济南,36.67,116.98,18.35,0.0
20190919,济南,36.67,116.98,17.85,0.0
20190920,济南,36.67,116.98,19.19,0.0
20190921,济南,36.67,116.98,19.19,0.0
20190922,济南,36.67,116.98,18.54,0.0
20190923,济南,36.67,116.98,21.05,0.0
20190924,济南,36.67,116.98,22.63,0.0
20190925,济南,36.67,116.98,22.58,0.0
20190926,济南,36.67,116.98,21.59,0.0
20190927,济南,36.67,116.98,21.43,0.0
20190928,济南,36.67,116.98,21.94,0.0
20190929,济南,36.67,116.98,22.4,0.0
20190930,济南,36.67,116.98,22.24,0.0
20191001,济南,36.67,116.98,21.79,0.0
20191002,济南,36.67,116.98,22.13,0.0
20191003,济南,36.67,116.98,23.14,0.0
20191004,济南,36.67,116.98,17.36,6.93
20191005,济南,36.67,116.98,13.53,0.19
20191006,济南,36.67,116.98,11.26,7.69
20191007,济南,36.67,116.98,13.15,0.03
20191008,济南,36.67,116.98,15.21,0.0
20191009,济南,36.67,116.98,15.68,12.74
20191010,济南,36.67,116.98,15.9,7.49
20191011,济南,36.67,116.98,16.83,0.78
20191012,济南,36.67,116.98,16.45,0.0
20191013,济南,36.67,116.98,15.73,0.0
20191014,济南,36.67,116.98,10.4,0.0
20191015,济南,36.67,116.98,9.46,0.0
20191016,济南,36.67,116.98,10.7,0.03
20191017,济南,36.67,116.98,12.23,0.37
20191018,济南,36.67,116.98,13.8,0.0
20191019,济南,36.67,116.98,14.46,0.0
20191020,济南,36.67,116.98,16.01,0.0
20191021,济南,36.67,116.98,16.9,0.0
20191022,济南,36.67,116.98,16.29,0.0
20191023,济南,36.67,116.98,16.24,0.0
20191024,济南,36.67,116.98,15.34,0.51
20191025,济南,36.67,116.98,8.1,0.01
20191026,济南,36.67,116.98,8.56,1.14
20191027,济南,36.67,116.98,10.78,0.0
20191028,济南,36.67,116.98,10.49,0.0
20191029,济南,36.67,116.98,10.35,0.0
20191030,济南,36.67,116.98,12.88,0.0
20191031,济南,36.67,116.98,14.68,0.0
20190401,郑州,34.76,113.65,13.16,0.0
20190402,郑州,34.76,113.65,14.0,0.0
20190403,郑州,34.76,113.65,14.75,0.0
20190404,郑州,34.76,113.65,16.4,0.0
20190405,郑州,34.76,113.65,21.39,0.0
20190406,郑州,34.76,113.65,18.13,0.0
20190407,郑州,34.76,113.65,17.85,0.0
20190408,郑州,34.76,113.65,15.45,5.69
20190409,郑州,34.76,113.65,7.11,8.8
20190410,郑州,34.76,113.65,8.95,0.0
20190411,郑州,34.76,113.65,13.82,0.01
20190412,郑州,34.76,113.65,14.16,1.07
20190413,郑州,34.76,113.65,17.22,0.03
20190414,郑州,34.76,113.65,15.71,0.0
20190415,郑州,34.76,113.65,14.73,0.07
20190416,郑州,34.76,113.65,19.44,2.46
20190417,郑州,34.76,113.65,21.58,0.0
20190418,郑州,34.76,113.65,22.0,0.02
20190419,郑州,34.76,113.65,16.16,0.44
20190420,郑州,34.76,113.65,17.8,5.44
20190421,郑州,34.76,113.65,17.94,6.86
20190422,郑州,34.76,113.65,17.64,6.16
20190423,郑州,34.76,113.65,21.06,0.02
20190424,郑州,34.76,113.65,23.06,1.95
20190425,郑州,34.76,113.65,14.54,1.0
20190426,郑州,34.76,113.65,13.67,0.03
20190427,郑州,34.76,113.65,11.6,2.9
20190428,郑州,34.76,113.65,13.08,2.93
20190429,郑州,34.76,113.65,18.01,0.06
20190430,郑州,34.76,113.65,20.17,0.0
20190501,郑州,34.76,113.65,20.05,0.0
20190502,郑州,34.76,113.65,20.52,0.0
20190503,郑州,34.76,113.65,20.87,0.01
20190504,郑州,34.76,113.65,22.04,0.55
20190505,郑州,34.76,113.65,20.86,4.8
20190506,郑州,34.76,113.65,17.84,0.09
20190507,郑州,34.76,113.65,17.06,0.0
20190508,郑州,34.76,113.65,19.17,0.0
20190509,郑州,34.76,113.65,21.19,0.0
20190510,郑州,34.76,113.65,23.96,0.22
20190511,郑州,34.76,113.65,24.07,0.02
20190512,郑州,34.76,113.65,24.83,0.17
20190513,郑州,34.76,113.65,19.97,0.0
20190514,郑州,34.76,113.65,21.75,0.02
20190515,郑州,34.76,113.65,24.33,0.05
20190516,郑州,34.76,113.65,25.9,0.0
20190517,郑州,34.76,113.65,27.78,0.0
20190518,郑州,34.76,113.65,24.62,0.0
20190519,郑州,34.76,113.65,24.74,0.0
20190520,郑州,34.76,113.65,22.72,0.0
20190521,郑州,34.76,113.65,25.46,0.0
20190522,郑州,34.76,113.65,28.93,0.0
20190523,郑州,34.76,113.65,30.52,0.0
20190524,郑州,34.76,113.65,27.98,0.0
20190525,郑州,34.76,113.65,30.28,0.0
20190526,郑州,34.76,113.65,31.0,0.02
20190527,郑州,34.76,113.65,24.98,0.0
20190528,郑州,34.76,113.65,22.93,0.02
20190529,郑州,34.76,113.65,23.82,0.15
20190530,郑州,34.76,113.65,26.38,0.16
20190531,郑州,34.76,113.65,25.05,0.0
20190601,郑州,34.76,113.65,28.92,0.0
20190602,郑州,34.76,113.65,31.42,0.0
20190603,郑州,34.76,113.65,31.82,0.31
20190604,郑州,34.76,113.65,31.91,0.01
20190605,郑州,34.76,113.65,26.1,29.19
20190606,郑州,34.76,113.65,24.47,7.82
20190607,郑州,34.76,113.65,27.72,0.41
20190608,郑州,34.76,113.65,30.03,1.11
20190609,郑州,34.76,113.65,30.0,0.0
20190610,郑州,34.76,113.65,28.37,0.0
20190611,郑州,34.76,113.65,29.22,0.0
20190612,郑州,34.76,113.65,29.08,0.0
20190613,郑州,34.76,113.65,29.48,0.01
20190614,郑州,34.76,113.65,30.1,0.07
20190615,郑州,34.76,113.65,30.36,0.0
20190616,郑州,34.76,113.65,30.51,0.0
20190617,郑州,34.76,113.65,28.21,0.0
20190618,郑州,34.76,113.65,29.85,0.0
20190619,郑州,34.76,113.65,30.45,4.21
20190620,郑州,34.76,113.65,27.45,25.24
20190621,郑州,34.76,113.65,28.58,0.04
20190622,郑州,34.76,113.65,29.94,0.03
20190623,郑州,34.76,113.65,30.65,0.0
20190624,郑州,34.76,113.65,28.45,0.0
20190625,郑州,34.76,113.65,29.03,0.0
20190626,郑州,34.76,113.65,29.2,0.0
20190627,郑州,34.76,113.65,29.74,0.74
20190628,郑州,34.76,113.65,25.03,20.15
20190629,郑州,34.76,113.65,29.86,0.0
20190630,郑州,34.76,113.65,30.36,0.0
20190701,郑州,34.76,113.65,30.95,0.0
20190702,郑州,34.76,113.65,30.37,0.0
20190703,郑州,34.76,113.65,31.48,0.0
20190704,郑州,34.76,113.65,29.93,0.0
20190705,郑州,34.76,113.65,30.76,0.0
20190706,郑州,34.76,113.65,29.78,0.02
20190707,郑州,34.76,113.65,27.47,0.0
20190708,郑州,34.76,113.65,25.45,0.0
20190709,郑州,34.76,113.65,27.86,1.75
20190710,郑州,34.76,113.65,26.28,3.02
20190711,郑州,34.76,113.65,27.4,0.14
20190712,郑州,34.76,113.65,26.43,19.51
20190713,郑州,34.76,113.65,29.68,0.01
20190714,郑州,34.76,113.65,30.78,0.36
20190715,郑州,34.76,113.65,30.98,0.0
20190716,郑州,34.76,113.65,30.17,0.09
20190717,郑州,34.76,113.65,27.61,5.31
20190718,郑州,34.76,113.65,29.83,1.55
20190719,郑州,34.76,113.65,31.11,0.0
20190720,郑州,34.76,113.65,31.67,6.06
20190721,郑州,34.76,113.65,32.6,0.02
20190722,郑州,34.76,113.65,33.75,0.68
20190723,郑州,34.76,113.65,32.89,1.24
20190724,郑州,34.76,113.65,33.43,0.29
20190725,郑州,34.76,113.65,33.6,0.02
20190726,郑州,34.76,113.65,34.76,0.35
20190727,郑州,34.76,113.65,33.02,2.43
20190728,郑州,34.76,113.65,34.04,0.1
20190729,郑州,34.76,113.65,32.37,6.08
20190730,郑州,34.76,113.65,29.86,13.71
20190731,郑州,34.76,113.65,31.7,0.02
20190801,郑州,34.76,113.65,28.95,46.43
20190802,郑州,34.76,113.65,27.67,10.67
20190803,郑州,34.76,113.65,25.58,24.52
20190804,郑州,34.76,113.65,26.07,31.73
20190805,郑州,34.76,113.65,28.43,2.28
20190806,郑州,34.76,113.65,28.23,15.04
20190807,郑州,34.76,113.65,28.24,5.3
20190808,郑州,34.76,113.65,28.47,0.21
20190809,郑州,34.76,113.65,29.92,14.15
20190810,郑州,34.76,113.65,25.55,10.42
20190811,郑州,34.76,113.65,26.11,18.11
20190812,郑州,34.76,113.65,26.69,3.64
20190813,郑州,34.76,113.65,27.26,0.02
20190814,郑州,34.76,113.65,27.9,17.71
20190815,郑州,34.76,113.65,29.01,1.88
20190816,郑州,34.76,113.65,26.75,0.0
20190817,郑州,34.76,113.65,26.96,0.0
20190818,郑州,34.76,113.65,26.73,0.0
20190819,郑州,34.76,113.65,27.24,0.0
20190820,郑州,34.76,113.65,26.69,0.16
20190821,郑州,34.76,113.65,24.93,8.17
20190822,郑州,34.76,113.65,27.35,0.07
20190823,郑州,34.76,113.65,27.87,0.0
20190824,郑州,34.76,113.65,27.37,0.01
20190825,郑州,34.76,113.65,24.32,0.78
20190826,郑州,34.76,113.65,26.08,3.2
20190827,郑州,34.76,113.65,26.11,2.36
20190828,郑州,34.76,113.65,26.87,0.0
20190829,郑州,34.76,113.65,26.25,0.0
20190830,郑州,34.76,113.65,26.31,0.0
20190831,郑州,34.76,113.65,26.78,0.0
20190901,郑州,34.76,113.65,25.73,0.0
20190902,郑州,34.76,113.65,24.52,0.0
20190903,郑州,34.76,113.65,25.43,0.0
20190904,郑州,34.76,113.65,25.01,0.01
20190905,郑州,34.76,113.65,25.33,0.0
20190906,郑州,34.76,113.65,26.22,0.0
20190907,郑州,34.76,113.65,26.84,0.0
20190908,郑州,34.76,113.65,27.7,0.0
20190909,郑州,34.76,113.65,27.26,0.35
20190910,郑州,34.76,113.65,25.18,3.53
20190911,郑州,34.76,113.65,20.34,39.48
20190912,郑州,34.76,113.65,20.8,5.9
20190913,郑州,34.76,113.65,23.66,1.03
20190914,郑州,34.76,113.65,21.75,12.17
20190915,郑州,34.76,113.65,19.05,10.25
20190916,郑州,34.76,113.65,20.91,0.26
20190917,郑州,34.76,113.65,20.28,6.44
20190918,郑州,34.76,113.65,21.2,0.0
20190919,郑州,34.76,113.65,20.13,0.73
20190920,郑州,34.76,113.65,21.52,0.19
20190921,郑州,34.76,113.65,21.15,0.01
20190922,郑州,34.76,113.65,21.54,0.0
20190923,郑州,34.76,113.65,22.74,0.0
20190924,郑州,34.76,113.65,24.92,0.0
20190925,郑州,34.76,113.65,24.09,0.0
20190926,郑州,34.76,113.65,23.95,0.0
20190927,郑州,34.76,113.65,23.48,0.0
20190928,郑州,34.76,113.65,23.51,0.0
20190929,郑州,34.76,113.65,23.47,0.0
20190930,郑州,34.76,113.65,24.07,0.0
20191001,郑州,34.76,113.65,24.03,0.0
20191002,郑州,34.76,113.65,25.61,0.0
20191003,郑州,34.76,113.65,26.93,0.04
20191004,郑州,34.76,113.65,19.79,18.01
20191005,郑州,34.76,113.65,14.47,8.14
20191006,郑州,34.76,113.65,11.78,20.85
20191007,郑州,34.76,113.65,15.18,0.01
20191008,郑州,34.76,113.65,17.09,0.0
20191009,郑州,34.76,113.65,14.78,29.81
20191010,郑州,34.76,113.65,17.36,0.06
20191011,郑州,34.76,113.65,17.47,0.21
20191012,郑州,34.76,113.65,17.76,0.15
20191013,郑州,34.76,113.65,18.14,0.24
20191014,郑州,34.76,113.65,12.42,4.19
20191015,郑州,34.76,113.65,10.79,1.29
20191016,郑州,34.76,113.65,11.01,2.44
20191017,郑州,34.76,113.65,12.55,0.01
20191018,郑州,34.76,113.65,14.27,0.0
20191019,郑州,34.76,113.65,16.44,0.0
20191020,郑州,34.76,113.65,17.16,0.0
20191021,郑州,34.76,113.65,17.29,0.01
20191022,郑州,34.76,113.65,16.0,0.54
20191023,郑州,34.76,113.65,17.46,0.3
20191024,郑州,34.76,113.65,16.53,0.0
20191025,郑州,34.76,113.65,11.16,0.0
20191026,郑州,34.76,113.65,11.71,0.0
20191027,郑州,34.76,113.65,14.17,0.0
20191028,郑州,34.76,113.65,13.52,0.0
20191029,郑州,34.76,113.65,13.07,0.0
20191030,郑州,34.76,113.65,15.84,0.0
20191031,郑州,34.76,113.65,16.7,0.0
20200401,哈尔滨,45.75,126.63,3.45,0.0
20200402,哈尔滨,45.75,126.63,3.47,0.0
20200403,哈尔滨,45.75,126.63,1.67,0.03
20200404,哈尔滨,45.75,126.63,-0.36,0.0
20200405,哈尔滨,45.75,126.63,1.94,0.0
20200406,哈尔滨,45.75,126.63,2.14,0.2
20200407,哈尔滨,45.75,126.63,0.46,1.0
20200408,哈尔滨,45.75,126.63,1.68,1.39
20200409,哈尔滨,45.75,126.63,4.28,0.03
20200410,哈尔滨,45.75,126.63,7.23,0.0
20200411,哈尔滨,45.75,126.63,6.59,0.0
20200412,哈尔滨,45.75,126.63,9.01,0.0
20200413,哈尔滨,45.75,126.63,11.27,0.0
20200414,哈尔滨,45.75,126.63,8.59,0.0
20200415,哈尔滨,45.75,126.63,7.84,0.0
20200416,哈尔滨,45.75,126.63,7.61,0.0
20200417,哈尔滨,45.75,126.63,10.23,0.1
20200418,哈尔滨,45.75,126.63,12.46,0.15
20200419,哈尔滨,45.75,126.63,11.36,0.77
20200420,哈尔滨,45.75,126.63,6.17,9.06
20200421,哈尔滨,45.75,126.63,-0.71,1.2
20200422,哈尔滨,45.75,126.63,-0.17,1.11
20200423,哈尔滨,45.75,126.63,2.68,0.03
20200424,哈尔滨,45.75,126.63,4.55,0.01
20200425,哈尔滨,45.75,126.63,4.36,0.0
20200426,哈尔滨,45.75,126.63,5.0,0.06
20200427,哈尔滨,45.75,126.63,8.79,0.06
20200428,哈尔滨,45.75,126.63,11.53,0.36
20200429,哈尔滨,45.75,126.63,12.18,0.02
20200430,哈尔滨,45.75,126.63,11.17,0.88
20200501,哈尔滨,45.75,126.63,17.18,0.3
20200502,哈尔滨,45.75,126.63,13.79,5.45
20200503,哈尔滨,45.75,126.63,7.26,19.01
20200504,哈尔滨,45.75,126.63,8.35,0.65
20200505,哈尔滨,45.75,126.63,9.06,0.79
20200506,哈尔滨,45.75,126.63,11.7,0.0
20200507,哈尔滨,45.75,126.63,13.19,0.0
20200508,哈尔滨,45.75,126.63,14.83,0.0
20200509,哈尔滨,45.75,126.63,13.13,0.05
20200510,哈尔滨,45.75,126.63,15.35,5.73
20200511,哈尔滨,45.75,126.63,11.08,4.43
20200512,哈尔滨,45.75,126.63,9.79,3.13
20200513,哈尔滨,45.75,126.63,11.96,0.16
20200514,哈尔滨,45.75,126.63,16.24,0.0
20200515,哈尔滨,45.75,126.63,16.88,0.01
20200516,哈尔滨,45.75,126.63,16.9,0.04
20200517,哈尔滨,45.75,126.63,15.09,12.97
20200518,哈尔滨,45.75,126.63,13.25,3.39
20200519,哈尔滨,45.75,126.63,12.41,0.58
20200520,哈尔滨,45.75,126.63,14.54,0.0
20200521,哈尔滨,45.75,126.63,15.63,0.03
20200522,哈尔滨,45.75,126.63,15.74,0.46
20200523,哈尔滨,45.75,126.63,14.64,4.01
20200524,哈尔滨,45.75,126.63,14.37,5.44
20200525,哈尔滨,45.75,126.63,10.66,6.53
20200526,哈尔滨,45.75,126.63,12.48,1.44
20200527,哈尔滨,45.75,126.63,15.41,0.83
20200528,哈尔滨,45.75,126.63,17.75,0.35
20200529,哈尔滨,45.75,126.63,20.03,0.0
20200530,哈尔滨,45.75,126.63,21.51,0.07
20200531,哈尔滨,45.75,126.63,20.2,4.44
20200601,哈尔滨,45.75,126.63,14.75,24.03
20200602,哈尔滨,45.75,126.63,16.28,0.02
20200603,哈尔滨,45.75,126.63,17.42,8.37
20200604,哈尔滨,45.75,126.63,15.66,4.02
20200605,哈尔滨,45.75,126.63,16.93,1.39
20200606,哈尔滨,45.75,126.63,18.11,2.01
20200607,哈尔滨,45.75,126.63,21.15,4.28
20200608,哈尔滨,45.75,126.63,24.56,1.76
20200609,哈尔滨,45.75,126.63,21.56,0.91
20200610,哈尔滨,45.75,126.63,18.97,14.6
20200611,哈尔滨,45.75,126.63,18.46,1.12
20200612,哈尔滨,45.75,126.63,18.67,6.19
20200613,哈尔滨,45.75,126.63,20.22,8.11
20200614,哈尔滨,45.75,126.63,16.95,29.19
20200615,哈尔滨,45.75,126.63,17.28,7.4
20200616,哈尔滨,45.75,126.63,21.5,2.35
20200617,哈尔滨,45.75,126.63,18.66,4.64
20200618,哈尔滨,45.75,126.63,16.26,0.21
20200619,哈尔滨,45.75,126.63,17.76,0.35
20200620,哈尔滨,45.75,126.63,17.29,26.56
20200621,哈尔滨,45.75,126.63,20.8,3.51
20200622,哈尔滨,45.75,126.63,18.75,10.01
20200623,哈尔滨,45.75,126.63,19.44,17.11
20200624,哈尔滨,45.75,126.63,17.92,2.65
20200625,哈尔滨,45.75,126.63,18.02,0.23
20200626,哈尔滨,45.75,126.63,20.09,2.31
20200627,哈尔滨,45.75,126.63,18.73,8.67
20200628,哈尔滨,45.75,126.63,21.38,15.43
20200629,哈尔滨,45.75,126.63,20.65,1.05
20200630,哈尔滨,45.75,126.63,21.03,0.1
20200701,哈尔滨,45.75,126.63,22.97,0.04
20200702,哈尔滨,45.75,126.63,24.2,0.12
20200703,哈尔滨,45.75,126.63,23.91,1.85
20200704,哈尔滨,45.75,126.63,22.11,5.55
20200705,哈尔滨,45.75,126.63,21.46,6.73
20200706,哈尔滨,45.75,126.63,21.88,6.55
20200707,哈尔滨,45.75,126.63,19.45,11.31
20200708,哈尔滨,45.75,126.63,21.03,0.21
20200709,哈尔滨,45.75,126.63,22.57,0.0
20200710,哈尔滨,45.75,126.63,22.28,0.0
20200711,哈尔滨,45.75,126.63,21.46,0.16
20200712,哈尔滨,45.75,126.63,22.89,0.01
20200713,哈尔滨,45.75,126.63,24.48,0.16
20200714,哈尔滨,45.75,126.63,24.84,1.11
20200715,哈尔滨,45.75,126.63,25.88,1.41
20200716,哈尔滨,45.75,126.63,25.99,0.02
20200717,哈尔滨,45.75,126.63,25.84,0.0
20200718,哈尔滨,45.75,126.63,25.94,0.02
20200719,哈尔滨,45.75,126.63,22.79,7.63
20200720,哈尔滨,45.75,126.63,21.42,9.98
20200721,哈尔滨,45.75,126.63,21.42,0.06
20200722,哈尔滨,45.75,126.63,22.4,8.51
20200723,哈尔滨,45.75,126.63,25.16,1.5
20200724,哈尔滨,45.75,126.63,25.18,0.0
20200725,哈尔滨,45.75,126.63,25.62,0.03
20200726,哈尔滨,45.75,126.63,24.99,0.01
20200727,哈尔滨,45.75,126.63,24.4,0.02
20200728,哈尔滨,45.75,126.63,24.55,1.25
20200729,哈尔滨,45.75,126.63,24.84,15.84
20200730,哈尔滨,45.75,126.63,23.59,11.99
20200731,哈尔滨,45.75,126.63,24.67,14.8
20200801,哈尔滨,45.75,126.63,25.63,6.42
20200802,哈尔滨,45.75,126.63,25.15,9.45
20200803,哈尔滨,45.75,126.63,24.07,8.97
20200804,哈尔滨,45.75,126.63,23.42,7.57
20200805,哈尔滨,45.75,126.63,22.25,2.34
20200806,哈尔滨,45.75,126.63,21.72,0.19
20200807,哈尔滨,45.75,126.63,20.91,0.53
20200808,哈尔滨,45.75,126.63,21.44,3.31
20200809,哈尔滨,45.75,126.63,22.75,22.91
20200810,哈尔滨,45.75,126.63,23.6,7.97
20200811,哈尔滨,45.75,126.63,22.79,2.24
20200812,哈尔滨,45.75,126.63,21.08,0.38
20200813,哈尔滨,45.75,126.63,20.71,22.88
20200814,哈尔滨,45.75,126.63,21.69,4.33
20200815,哈尔滨,45.75,126.63,21.17,0.41
20200816,哈尔滨,45.75,126.63,22.7,2.41
20200817,哈尔滨,45.75,126.63,23.11,1.24
20200818,哈尔滨,45.75,126.63,23.74,3.95
20200819,哈尔滨,45.75,126.63,17.81,4.85
20200820,哈尔滨,45.75,126.63,16.45,0.0
20200821,哈尔滨,45.75,126.63,18.37,0.0
20200822,哈尔滨,45.75,126.63,18.44,0.0
20200823,哈尔滨,45.75,126.63,20.51,0.11
20200824,哈尔滨,45.75,126.63,19.41,14.22
20200825,哈尔滨,45.75,126.63,21.62,1.14
20200826,哈尔滨,45.75,126.63,22.5,0.29
20200827,哈尔滨,45.75,126.63,21.35,29.46
20200828,哈尔滨,45.75,126.63,22.18,7.84
20200829,哈尔滨,45.75,126.63,19.69,8.2
20200830,哈尔滨,45.75,126.63,19.12,0.9
20200831,哈尔滨,45.75,126.63,22.03,1.56
20200901,哈尔滨,45.75,126.63,22.01,16.43
20200902,哈尔滨,45.75,126.63,21.24,8.01
20200903,哈尔滨,45.75,126.63,18.98,71.47
20200904,哈尔滨,45.75,126.63,17.08,8.65
20200905,哈尔滨,45.75,126.63,19.81,0.39
20200906,哈尔滨,45.75,126.63,20.15,0.32
20200907,哈尔滨,45.75,126.63,19.19,3.48
20200908,哈尔滨,45.75,126.63,18.68,56.04
20200909,哈尔滨,45.75,126.63,18.81,14.13
20200910,哈尔滨,45.75,126.63,16.93,1.92
20200911,哈尔滨,45.75,126.63,14.76,0.04
20200912,哈尔滨,45.75,126.63,15.55,0.05
20200913,哈尔滨,45.75,126.63,15.13,0.0
20200914,哈尔滨,45.75,126.63,15.63,0.02
20200915,哈尔滨,45.75,126.63,16.6,0.01
20200916,哈尔滨,45.75,126.63,15.83,10.17
20200917,哈尔滨,45.75,126.63,12.92,7.56
20200918,哈尔滨,45.75,126.63,12.53,7.84
20200919,哈尔滨,45.75,126.63,11.74,0.9
20200920,哈尔滨,45.75,126.63,12.12,0.26
20200921,哈尔滨,45.75,126.63,12.39,0.2
20200922,哈尔滨,45.75,126.63,12.17,2.06
20200923,哈尔滨,45.75,126.63,13.75,0.06
20200924,哈尔滨,45.75,126.63,14.14,0.03
20200925,哈尔滨,45.75,126.63,15.09,0.32
20200926,哈尔滨,45.75,126.63,14.94,0.03
20200927,哈尔滨,45.75,126.63,15.99,0.17
20200928,哈尔滨,45.75,126.63,12.37,3.34
20200929,哈尔滨,45.75,126.63,9.98,0.2
20200930,哈尔滨,45.75,126.63,9.76,0.0
20201001,哈尔滨,45.75,126.63,10.01,0.28
20201002,哈尔滨,45.75,126.63,11.82,2.48
20201003,哈尔滨,45.75,126.63,8.54,0.42
20201004,哈尔滨,45.75,126.63,6.5,10.35
20201005,哈尔滨,45.75,126.63,7.31,2.78
20201006,哈尔滨,45.75,126.63,7.43,0.05
20201007,哈尔滨,45.75,126.63,8.82,0.0
20201008,哈尔滨,45.75,126.63,9.51,0.0
20201009,哈尔滨,45.75,126.63,11.07,0.32
20201010,哈尔滨,45.75,126.63,12.71,0.03
20201011,哈尔滨,45.75,126.63,6.92,2.97
20201012,哈尔滨,45.75,126.63,2.82,0.02
20201013,哈尔滨,45.75,126.63,1.49,1.28
20201014,哈尔滨,45.75,126.63,-0.18,0.0
20201015,哈尔滨,45.75,126.63,1.92,0.0
20201016,哈尔滨,45.75,126.63,2.44,0.0
20201017,哈尔滨,45.75,126.63,4.41,0.0
20201018,哈尔滨,45.75,126.63,2.73,0.01
20201019,哈尔滨,45.75,126.63,5.08,0.0
20201020,哈尔滨,45.75,126.63,9.15,0.01
20201021,哈尔滨,45.75,126.63,8.78,0.58
20201022,哈尔滨,45.75,126.63,0.71,0.01
20201023,哈尔滨,45.75,126.63,-1.07,0.0
20201024,哈尔滨,45.75,126.63,0.91,0.0
20201025,哈尔滨,45.75,126.63,2.84,0.01
20201026,哈尔滨,45.75,126.63,5.07,0.01
20201027,哈尔滨,45.75,126.63,2.78,0.0
20201028,哈尔滨,45.75,126.63,-0.3,0.0
20201029,哈尔滨,45.75,126.63,-0.76,0.0
20201030,哈尔滨,45.75,126.63,1.5,0.0
20201031,哈尔滨,45.75,126.63,4.16,1.32
20200401,长春,43.82,125.32,3.34,0.0
20200402,长春,43.82,125.32,4.51,0.0
20200403,长春,43.82,125.32,4.02,0.12
20200404,长春,43.82,125.32,-0.99,0.0
20200405,长春,43.82,125.32,2.23,0.0
20200406,长春,43.82,125.32,4.89,0.0
20200407,长春,43.82,125.32,1.04,0.01
20200408,长春,43.82,125.32,0.52,0.91
20200409,长春,43.82,125.32,3.64,0.03
20200410,长春,43.82,125.32,6.19,0.0
20200411,长春,43.82,125.32,6.51,0.0
20200412,长春,43.82,125.32,7.95,0.0
20200413,长春,43.82,125.32,11.09,0.0
20200414,长春,43.82,125.32,10.96,0.0
20200415,长春,43.82,125.32,10.68,0.0
20200416,长春,43.82,125.32,12.73,0.0
20200417,长春,43.82,125.32,11.5,0.5
20200418,长春,43.82,125.32,11.51,0.02
20200419,长春,43.82,125.32,10.52,3.11
20200420,长春,43.82,125.32,4.17,5.17
20200421,长春,43.82,125.32,-1.61,2.29
20200422,长春,43.82,125.32,0.03,2.47
20200423,长春,43.82,125.32,2.14,0.01
20200424,长春,43.82,125.32,4.39,1.57
20200425,长春,43.82,125.32,5.75,1.73
20200426,长春,43.82,125.32,5.7,0.9
20200427,长春,43.82,125.32,9.39,0.0
20200428,长春,43.82,125.32,11.36,0.5
20200429,长春,43.82,125.32,10.31,0.1
20200430,长春,43.82,125.32,12.08,0.87
20200501,长春,43.82,125.32,18.46,0.01
20200502,长春,43.82,125.32,18.05,1.43
20200503,长春,43.82,125.32,9.83,8.57
20200504,长春,43.82,125.32,8.2,0.04
20200505,长春,43.82,125.32,10.28,0.13
20200506,长春,43.82,125.32,12.04,0.0
20200507,长春,43.82,125.32,13.15,0.0
20200508,长春,43.82,125.32,13.76,0.03
20200509,长春,43.82,125.32,14.86,0.1
20200510,长春,43.82,125.32,16.51,0.36
20200511,长春,43.82,125.32,13.28,3.83
20200512,长春,43.82,125.32,10.89,1.28
20200513,长春,43.82,125.32,13.86,0.11
20200514,长春,43.82,125.32,18.8,0.0
20200515,长春,43.82,125.32,14.43,0.06
20200516,长春,43.82,125.32,15.74,0.45
20200517,长春,43.82,125.32,15.15,16.77
20200518,长春,43.82,125.32,13.76,0.15
20200519,长春,43.82,125.32,9.45,0.88
20200520,长春,43.82,125.32,9.81,1.44
20200521,长春,43.82,125.32,14.07,2.98
20200522,长春,43.82,125.32,14.01,4.53
20200523,长春,43.82,125.32,13.89,9.4
20200524,长春,43.82,125.32,15.12,4.22
20200525,长春,43.82,125.32,13.75,0.19
20200526,长春,43.82,125.32,14.36,0.03
20200527,长春,43.82,125.32,16.94,0.64
20200528,长春,43.82,125.32,17.09,0.16
20200529,长春,43.82,125.32,19.79,0.0
20200530,长春,43.82,125.32,19.12,0.69
20200531,长春,43.82,125.32,19.98,4.82
20200601,长春,43.82,125.32,16.25,8.19
20200602,长春,43.82,125.32,16.64,0.18
20200603,长春,43.82,125.32,17.36,3.1
20200604,长春,43.82,125.32,15.79,0.96
20200605,长春,43.82,125.32,17.31,0.18
20200606,长春,43.82,125.32,20.26,0.0
20200607,长春,43.82,125.32,22.92,0.0
20200608,长春,43.82,125.32,25.45,0.0
20200609,长春,43.82,125.32,22.76,0.43
20200610,长春,43.82,125.32,20.7,7.32
20200611,长春,43.82,125.32,19.83,0.53
20200612,长春,43.82,125.32,23.65,0.01
20200613,长春,43.82,125.32,20.94,7.16
20200614,长春,43.82,125.32,18.98,4.47
20200615,长春,43.82,125.32,17.31,0.47
20200616,长春,43.82,125.32,21.9,0.04
20200617,长春,43.82,125.32,22.73,0.06
20200618,长春,43.82,125.32,19.76,0.01
20200619,长春,43.82,125.32,21.55,8.96
20200620,长春,43.82,125.32,23.31,11.28
20200621,长春,43.82,125.32,22.51,6.49
20200622,长春,43.82,125.32,20.95,17.8
20200623,长春,43.82,125.32,20.69,4.1
20200624,长春,43.82,125.32,19.87,5.41
20200625,长春,43.82,125.32,19.8,1.94
20200626,长春,43.82,125.32,18.95,2.6
20200627,长春,43.82,125.32,20.35,2.74
20200628,长春,43.82,125.32,23.46,0.73
20200629,长春,43.82,125.32,22.81,1.72
20200630,长春,43.82,125.32,22.33,0.48
20200701,长春,43.82,125.32,22.39,0.05
20200702,长春,43.82,125.32,24.07,0.0
20200703,长春,43.82,125.32,24.12,0.3
20200704,长春,43.82,125.32,22.31,2.61
20200705,长春,43.82,125.32,21.27,9.33
20200706,长春,43.82,125.32,20.55,6.1
20200707,长春,43.82,125.32,20.45,7.14
20200708,长春,43.82,125.32,21.46,0.02
20200709,长春,43.82,125.32,22.84,0.01
20200710,长春,43.82,125.32,24.14,0.0
20200711,长春,43.82,125.32,23.29,0.03
20200712,长春,43.82,125.32,25.17,0.0
20200713,长春,43.82,125.32,25.42,0.0
20200714,长春,43.82,125.32,24.93,0.0
20200715,长春,43.82,125.32,25.73,10.62
20200716,长春,43.82,125.32,26.55,0.02
20200717,长春,43.82,125.32,26.83,0.0
20200718,长春,43.82,125.32,26.53,0.04
20200719,长春,43.82,125.32,21.98,9.4
20200720,长春,43.82,125.32,22.33,6.82
20200721,长春,43.82,125.32,23.2,0.05
20200722,长春,43.82,125.32,25.26,3.38
20200723,长春,43.82,125.32,26.44,0.3
20200724,长春,43.82,125.32,27.07,0.0
20200725,长春,43.82,125.32,27.33,0.0
20200726,长春,43.82,125.32,26.49,0.0
20200727,长春,43.82,125.32,25.28,3.07
20200728,长春,43.82,125.32,23.27,6.07
20200729,长春,43.82,125.32,24.88,9.26
20200730,长春,43.82,125.32,24.36,3.74
20200731,长春,43.82,125.32,25.94,1.21
20200801,长春,43.82,125.32,25.2,0.18
20200802,长春,43.82,125.32,24.45,1.52
20200803,长春,43.82,125.32,25.63,9.87
20200804,长春,43.82,125.32,25.15,3.06
20200805,长春,43.82,125.32,24.32,0.09
20200806,长春,43.82,125.32,23.85,0.09
20200807,长春,43.82,125.32,23.1,0.02
20200808,长春,43.82,125.32,25.8,0.52
20200809,长春,43.82,125.32,24.72,3.34
20200810,长春,43.82,125.32,25.62,2.49
20200811,长春,43.82,125.32,25.4,7.89
20200812,长春,43.82,125.32,24.22,0.2
20200813,长春,43.82,125.32,22.54,22.21
20200814,长春,43.82,125.32,24.34,1.24
20200815,长春,43.82,125.32,23.23,0.08
20200816,长春,43.82,125.32,24.37,0.02
20200817,长春,43.82,125.32,24.15,4.63
20200818,长春,43.82,125.32,25.74,13.63
20200819,长春,43.82,125.32,19.51,7.98
20200820,长春,43.82,125.32,16.78,0.0
20200821,长春,43.82,125.32,18.17,0.05
20200822,长春,43.82,125.32,21.21,0.0
20200823,长春,43.82,125.32,22.25,0.32
20200824,长春,43.82,125.32,19.76,36.03
20200825,长春,43.82,125.32,22.27,0.09
20200826,长春,43.82,125.32,22.94,0.38
20200827,长春,43.82,125.32,21.92,35.33
20200828,长春,43.82,125.32,23.12,7.89
20200829,长春,43.82,125.32,20.21,0.13
20200830,长春,43.82,125.32,20.72,0.02
20200831,长春,43.82,125.32,23.01,3.39
20200901,长春,43.82,125.32,22.35,20.35
20200902,长春,43.82,125.32,21.69,2.33
20200903,长春,43.82,125.32,17.81,89.74
20200904,长春,43.82,125.32,16.65,7.3
20200905,长春,43.82,125.32,20.09,1.45
20200906,长春,43.82,125.32,20.74,2.27
20200907,长春,43.82,125.32,19.1,15.67
20200908,长春,43.82,125.32,16.62,59.09
20200909,长春,43.82,125.32,15.93,37.18
20200910,长春,43.82,125.32,17.1,4.78
20200911,长春,43.82,125.32,17.73,0.23
20200912,长春,43.82,125.32,16.95,0.06
20200913,长春,43.82,125.32,16.66,0.03
20200914,长春,43.82,125.32,16.63,0.1
20200915,长春,43.82,125.32,18.08,3.45
20200916,长春,43.82,125.32,17.13,4.41
20200917,长春,43.82,125.32,13.33,4.61
20200918,长春,43.82,125.32,12.73,2.28
20200919,长春,43.82,125.32,11.47,4.63
20200920,长春,43.82,125.32,11.73,0.46
20200921,长春,43.82,125.32,13.54,0.07
20200922,长春,43.82,125.32,12.7,5.01
20200923,长春,43.82,125.32,13.73,0.13
20200924,长春,43.82,125.32,14.22,0.16
20200925,长春,43.82,125.32,16.23,0.07
20200926,长春,43.82,125.32,16.16,0.0
20200927,长春,43.82,125.32,16.38,0.0
20200928,长春,43.82,125.32,14.9,1.98
20200929,长春,43.82,125.32,10.6,0.34
20200930,长春,43.82,125.32,9.8,0.16
20201001,长春,43.82,125.32,9.2,0.22
20201002,长春,43.82,125.32,11.87,2.64
20201003,长春,43.82,125.32,9.27,0.15
20201004,长春,43.82,125.32,7.66,5.24
20201005,长春,43.82,125.32,7.27,0.59
20201006,长春,43.82,125.32,7.25,0.0
20201007,长春,43.82,125.32,8.67,0.0
20201008,长春,43.82,125.32,10.74,0.0
20201009,长春,43.82,125.32,13.21,0.09
20201010,长春,43.82,125.32,13.81,0.01
20201011,长春,43.82,125.32,8.38,2.39
20201012,长春,43.82,125.32,4.31,0.01
20201013,长春,43.82,125.32,3.15,0.01
20201014,长春,43.82,125.32,0.08,0.0
20201015,长春,43.82,125.32,4.15,0.0
20201016,长春,43.82,125.32,4.04,0.0
20201017,长春,43.82,125.32,6.62,0.0
20201018,长春,43.82,125.32,4.22,0.0
20201019,长春,43.82,125.32,7.41,0.0
20201020,长春,43.82,125.32,11.53,0.0
20201021,长春,43.82,125.32,8.08,9.66
20201022,长春,43.82,125.32,0.59,0.0
20201023,长春,43.82,125.32,-0.55,0.0
20201024,长春,43.82,125.32,1.63,0.0
20201025,长春,43.82,125.32,3.46,0.0
20201026,长春,43.82,125.32,6.52,0.0
20201027,长春,43.82,125.32,2.79,0.0
20201028,长春,43.82,125.32,-0.17,0.0
20201029,长春,43.82,125.32,-0.11,0.0
20201030,长春,43.82,125.32,2.15,0.0
20201031,长春,43.82,125.32,5.11,1.33
20200401,沈阳,41.8,123.43,5.03,0.0
20200402,沈阳,41.8,123.43,7.66,0.0
20200403,沈阳,41.8,123.43,8.88,0.0
20200404,沈阳,41.8,123.43,1.69,0.0
20200405,沈阳,41.8,123.43,4.64,0.0
20200406,沈阳,41.8,123.43,8.0,0.0
20200407,沈阳,41.8,123.43,4.28,0.0
20200408,沈阳,41.8,123.43,3.8,0.0
20200409,沈阳,41.8,123.43,4.5,0.0
20200410,沈阳,41.8,123.43,8.5,0.0
20200411,沈阳,41.8,123.43,9.96,0.0
20200412,沈阳,41.8,123.43,9.59,0.0
20200413,沈阳,41.8,123.43,11.83,0.0
20200414,沈阳,41.8,123.43,12.33,0.0
20200415,沈阳,41.8,123.43,12.21,0.0
20200416,沈阳,41.8,123.43,10.26,0.24
20200417,沈阳,41.8,123.43,10.35,2.14
20200418,沈阳,41.8,123.43,13.57,0.0
20200419,沈阳,41.8,123.43,10.29,1.58
20200420,沈阳,41.8,123.43,6.79,14.76
20200421,沈阳,41.8,123.43,1.3,2.35
20200422,沈阳,41.8,123.43,2.42,0.45
20200423,沈阳,41.8,123.43,6.18,0.0
20200424,沈阳,41.8,123.43,7.97,0.07
20200425,沈阳,41.8,123.43,8.96,0.0
20200426,沈阳,41.8,123.43,9.61,0.01
20200427,沈阳,41.8,123.43,12.44,0.0
20200428,沈阳,41.8,123.43,14.72,0.0
20200429,沈阳,41.8,123.43,14.69,0.0
20200430,沈阳,41.8,123.43,15.54,0.0
20200501,沈阳,41.8,123.43,18.56,0.0
20200502,沈阳,41.8,123.43,20.12,0.0
20200503,沈阳,41.8,123.43,13.75,2.04
20200504,沈阳,41.8,123.43,10.05,0.0
20200505,沈阳,41.8,123.43,13.92,0.0
20200506,沈阳,41.8,123.43,15.61,0.0
20200507,沈阳,41.8,123.43,17.59,0.0
20200508,沈阳,41.8,123.43,13.06,6.41
20200509,沈阳,41.8,123.43,14.97,1.03
20200510,沈阳,41.8,123.43,17.07,0.07
20200511,沈阳,41.8,123.43,15.6,4.54
20200512,沈阳,41.8,123.43,13.29,2.36
20200513,沈阳,41.8,123.43,16.51,0.19
20200514,沈阳,41.8,123.43,19.0,0.01
20200515,沈阳,41.8,123.43,14.4,1.34
20200516,沈阳,41.8,123.43,16.35,19.12
20200517,沈阳,41.8,123.43,17.65,5.18
20200518,沈阳,41.8,123.43,15.08,13.85
20200519,沈阳,41.8,123.43,14.81,6.94
20200520,沈阳,41.8,123.43,15.67,0.89
20200521,沈阳,41.8,123.43,16.27,0.46
20200522,沈阳,41.8,123.43,13.97,28.8
20200523,沈阳,41.8,123.43,14.68,4.41
20200524,沈阳,41.8,123.43,17.38,0.74
20200525,沈阳,41.8,123.43,17.2,0.0
20200526,沈阳,41.8,123.43,16.9,0.01
20200527,沈阳,41.8,123.43,14.03,3.37
20200528,沈阳,41.8,123.43,16.73,0.13
20200529,沈阳,41.8,123.43,19.71,0.0
20200530,沈阳,41.8,123.43,20.55,0.0
20200531,沈阳,41.8,123.43,18.28,21.22
20200601,沈阳,41.8,123.43,18.43,0.75
20200602,沈阳,41.8,123.43,16.51,5.27
20200603,沈阳,41.8,123.43,18.69,2.01
20200604,沈阳,41.8,123.43,17.78,0.0
20200605,沈阳,41.8,123.43,20.5,0.0
20200606,沈阳,41.8,123.43,22.43,0.0
20200607,沈阳,41.8,123.43,22.28,0.0
20200608,沈阳,41.8,123.43,25.05,0.0
20200609,沈阳,41.8,123.43,22.99,0.14
20200610,沈阳,41.8,123.43,21.66,3.25
20200611,沈阳,41.8,123.43,20.89,0.13
20200612,沈阳,41.8,123.43,22.9,0.15
20200613,沈阳,41.8,123.43,22.37,3.59
20200614,沈阳,41.8,123.43,22.11,0.3
20200615,沈阳,41.8,123.43,21.83,0.73
20200616,沈阳,41.8,123.43,23.68,0.05
20200617,沈阳,41.8,123.43,24.86,0.09
20200618,沈阳,41.8,123.43,22.93,0.0
20200619,沈阳,41.8,123.43,24.57,0.0
20200620,沈阳,41.8,123.43,26.02,0.54
20200621,沈阳,41.8,123.43,26.46,1.42
20200622,沈阳,41.8,123.43,25.12,0.7
20200623,沈阳,41.8,123.43,22.47,0.73
20200624,沈阳,41.8,123.43,21.54,1.92
20200625,沈阳,41.8,123.43,22.74,9.66
20200626,沈阳,41.8,123.43,21.11,15.13
20200627,沈阳,41.8,123.43,23.28,4.62
20200628,沈阳,41.8,123.43,24.58,0.0
20200629,沈阳,41.8,123.43,24.0,0.1
20200630,沈阳,41.8,123.43,23.53,4.17
20200701,沈阳,41.8,123.43,24.7,0.02
20200702,沈阳,41.8,123.43,25.58,0.0
20200703,沈阳,41.8,123.43,24.42,0.02
20200704,沈阳,41.8,123.43,23.04,4.46
20200705,沈阳,41.8,123.43,23.26,2.69
20200706,沈阳,41.8,123.43,21.43,0.2
20200707,沈阳,41.8,123.43,23.13,0.05
20200708,沈阳,41.8,123.43,23.39,0.0
20200709,沈阳,41.8,123.43,24.73,0.0
20200710,沈阳,41.8,123.43,24.8,0.21
20200711,沈阳,41.8,123.43,26.31,0.53
20200712,沈阳,41.8,123.43,25.75,0.26
20200713,沈阳,41.8,123.43,25.34,0.54
20200714,沈阳,41.8,123.43,26.13,0.1
20200715,沈阳,41.8,123.43,27.55,0.0
20200716,沈阳,41.8,123.43,27.25,0.0
20200717,沈阳,41.8,123.43,27.28,0.0
20200718,沈阳,41.8,123.43,24.77,0.04
20200719,沈阳,41.8,123.43,22.08,26.28
20200720,沈阳,41.8,123.43,24.33,2.79
20200721,沈阳,41.8,123.43,25.83,0.44
20200722,沈阳,41.8,123.43,26.63,0.01
20200723,沈阳,41.8,123.43,28.11,0.02
20200724,沈阳,41.8,123.43,28.1,0.0
20200725,沈阳,41.8,123.43,28.27,0.0
20200726,沈阳,41.8,123.43,26.53,0.38
20200727,沈阳,41.8,123.43,23.71,13.45
20200728,沈阳,41.8,123.43,25.37,0.73
20200729,沈阳,41.8,123.43,24.45,4.64
20200730,沈阳,41.8,123.43,26.13,6.29
20200731,沈阳,41.8,123.43,27.31,0.06
20200801,沈阳,41.8,123.43,27.25,0.71
20200802,沈阳,41.8,123.43,25.36,0.14
20200803,沈阳,41.8,123.43,26.67,21.28
20200804,沈阳,41.8,123.43,26.87,18.08
20200805,沈阳,41.8,123.43,26.82,5.41
20200806,沈阳,41.8,123.43,26.36,0.77
20200807,沈阳,41.8,123.43,26.2,0.0
20200808,沈阳,41.8,123.43,26.23,0.01
20200809,沈阳,41.8,123.43,25.62,4.51
20200810,沈阳,41.8,123.43,26.53,2.48
20200811,沈阳,41.8,123.43,27.31,3.86
20200812,沈阳,41.8,123.43,27.07,1.1
20200813,沈阳,41.8,123.43,25.6,42.5
20200814,沈阳,41.8,123.43,26.45,0.43
20200815,沈阳,41.8,123.43,24.99,0.7
20200816,沈阳,41.8,123.43,25.77,0.03
20200817,沈阳,41.8,123.43,26.42,5.07
20200818,沈阳,41.8,123.43,27.6,41.45
20200819,沈阳,41.8,123.43,20.53,37.17
20200820,沈阳,41.8,123.43,17.42,0.03
20200821,沈阳,41.8,123.43,19.5,0.4
20200822,沈阳,41.8,123.43,21.18,0.0
20200823,沈阳,41.8,123.43,21.49,0.21
20200824,沈阳,41.8,123.43,21.27,90.6
20200825,沈阳,41.8,123.43,24.05,0.07
20200826,沈阳,41.8,123.43,23.03,19.11
20200827,沈阳,41.8,123.43,23.83,13.85
20200828,沈阳,41.8,123.43,23.56,17.67
20200829,沈阳,41.8,123.43,21.25,0.01
20200830,沈阳,41.8,123.43,22.97,0.0
20200831,沈阳,41.8,123.43,24.38,19.81
20200901,沈阳,41.8,123.43,23.29,4.46
20200902,沈阳,41.8,123.43,21.03,1.64
20200903,沈阳,41.8,123.43,17.13,27.25
20200904,沈阳,41.8,123.43,17.63,2.6
20200905,沈阳,41.8,123.43,20.85,5.35
20200906,沈阳,41.8,123.43,22.07,0.57
20200907,沈阳,41.8,123.43,20.52,5.21
20200908,沈阳,41.8,123.43,18.27,21.16
20200909,沈阳,41.8,123.43,17.45,6.07
20200910,沈阳,41.8,123.43,18.1,5.83
20200911,沈阳,41.8,123.43,19.53,5.35
20200912,沈阳,41.8,123.43,19.71,0.93
20200913,沈阳,41.8,123.43,19.12,0.15
20200914,沈阳,41.8,123.43,19.52,0.03
20200915,沈阳,41.8,123.43,18.69,11.33
20200916,沈阳,41.8,123.43,18.0,8.19
20200917,沈阳,41.8,123.43,15.55,0.3
20200918,沈阳,41.8,123.43,15.69,0.02
20200919,沈阳,41.8,123.43,14.65,1.52
20200920,沈阳,41.8,123.43,14.09,0.07
20200921,沈阳,41.8,123.43,15.8,0.0
20200922,沈阳,41.8,123.43,16.74,0.82
20200923,沈阳,41.8,123.43,16.49,0.0
20200924,沈阳,41.8,123.43,16.88,0.01
20200925,沈阳,41.8,123.43,17.69,0.02
20200926,沈阳,41.8,123.43,18.36,0.0
20200927,沈阳,41.8,123.43,17.92,0.0
20200928,沈阳,41.8,123.43,17.64,1.22
20200929,沈阳,41.8,123.43,12.71,1.24
20200930,沈阳,41.8,123.43,11.01,0.37
20201001,沈阳,41.8,123.43,10.79,2.47
20201002,沈阳,41.8,123.43,12.21,0.64
20201003,沈阳,41.8,123.43,11.55,0.27
20201004,沈阳,41.8,123.43,9.38,2.08
20201005,沈阳,41.8,123.43,9.01,0.06
20201006,沈阳,41.8,123.43,9.37,0.01
20201007,沈阳,41.8,123.43,10.88,0.0
20201008,沈阳,41.8,123.43,13.53,0.0
20201009,沈阳,41.8,123.43,15.46,0.0
20201010,沈阳,41.8,123.43,15.58,0.0
20201011,沈阳,41.8,123.43,10.63,0.43
20201012,沈阳,41.8,123.43,6.91,0.0
20201013,沈阳,41.8,123.43,5.25,0.0
20201014,沈阳,41.8,123.43,2.95,0.0
20201015,沈阳,41.8,123.43,6.96,0.1
20201016,沈阳,41.8,123.43,7.62,0.16
20201017,沈阳,41.8,123.43,9.65,0.05
20201018,沈阳,41.8,123.43,7.96,0.0
20201019,沈阳,41.8,123.43,9.8,0.0
20201020,沈阳,41.8,123.43,13.46,0.0
20201021,沈阳,41.8,123.43,9.76,9.53
20201022,沈阳,41.8,123.43,2.45,0.0
20201023,沈阳,41.8,123.43,1.68,0.0
20201024,沈阳,41.8,123.43,3.64,0.0
20201025,沈阳,41.8,123.43,7.18,0.0
20201026,沈阳,41.8,123.43,8.42,0.0
20201027,沈阳,41.8,123.43,5.24,0.0
20201028,沈阳,41.8,123.43,3.34,0.0
20201029,沈阳,41.8,123.43,3.44,0.0
20201030,沈阳,41.8,123.43,5.33,0.0
20201031,沈阳,41.8,123.43,8.4,0.61
20200401,呼和浩特,40.82,111.75,-0.65,0.0
20200402,呼和浩特,40.82,111.75,1.16,0.0
20200403,呼和浩特,40.82,111.75,4.63,0.0
20200404,呼和浩特,40.82,111.75,6.64,0.0
20200405,呼和浩特,40.82,111.75,5.91,0.0
20200406,呼和浩特,40.82,111.75,8.39,0.0
20200407,呼和浩特,40.82,111.75,6.46,0.02
20200408,呼和浩特,40.82,111.75,6.43,0.0
20200409,呼和浩特,40.82,111.75,2.61,0.0
20200410,呼和浩特,40.82,111.75,0.42,0.0
20200411,呼和浩特,40.82,111.75,2.69,0.0
20200412,呼和浩特,40.82,111.75,5.38,0.0
20200413,呼和浩特,40.82,111.75,8.8,0.0
20200414,呼和浩特,40.82,111.75,9.89,0.0
20200415,呼和浩特,40.82,111.75,5.14,0.03
20200416,呼和浩特,40.82,111.75,1.89,0.21
20200417,呼和浩特,40.82,111.75,5.03,0.0
20200418,呼和浩特,40.82,111.75,4.66,0.11
20200419,呼和浩特,40.82,111.75,2.96,0.46
20200420,呼和浩特,40.82,111.75,-1.76,0.0
20200421,呼和浩特,40.82,111.75,-3.12,0.0
20200422,呼和浩特,40.82,111.75,-2.12,0.0
20200423,呼和浩特,40.82,111.75,0.41,0.0
20200424,呼和浩特,40.82,111.75,7.44,0.0
20200425,呼和浩特,40.82,111.75,6.09,0.0
20200426,呼和浩特,40.82,111.75,5.74,0.0
20200427,呼和浩特,40.82,111.75,9.55,0.0
20200428,呼和浩特,40.82,111.75,11.94,0.0
20200429,呼和浩特,40.82,111.75,15.22,0.0
20200430,呼和浩特,40.82,111.75,18.97,0.0
20200501,呼和浩特,40.82,111.75,20.72,0.0
20200502,呼和浩特,40.82,111.75,20.86,0.0
20200503,呼和浩特,40.82,111.75,12.35,0.01
20200504,呼和浩特,40.82,111.75,12.54,0.0
20200505,呼和浩特,40.82,111.75,14.69,0.01
20200506,呼和浩特,40.82,111.75,14.45,3.41
20200507,呼和浩特,40.82,111.75,15.53,1.17
20200508,呼和浩特,40.82,111.75,12.92,0.43
20200509,呼和浩特,40.82,111.75,11.7,1.16
20200510,呼和浩特,40.82,111.75,5.52,0.0
20200511,呼和浩特,40.82,111.75,10.21,0.0
20200512,呼和浩特,40.82,111.75,11.92,0.0
20200513,呼和浩特,40.82,111.75,15.11,0.0
20200514,呼和浩特,40.82,111.75,15.64,0.0
20200515,呼和浩特,40.82,111.75,16.26,0.05
20200516,呼和浩特,40.82,111.75,8.61,0.01
20200517,呼和浩特,40.82,111.75,5.62,0.08
20200518,呼和浩特,40.82,111.75,10.7,0.06
20200519,呼和浩特,40.82,111.75,14.99,0.05
20200520,呼和浩特,40.82,111.75,16.62,0.06
20200521,呼和浩特,40.82,111.75,15.34,0.08
20200522,呼和浩特,40.82,111.75,11.98,2.26
20200523,呼和浩特,40.82,111.75,9.89,0.38
20200524,呼和浩特,40.82,111.75,11.77,0.63
20200525,呼和浩特,40.82,111.75,10.19,6.78
20200526,呼和浩特,40.82,111.75,11.5,1.19
20200527,呼和浩特,40.82,111.75,13.77,0.0
20200528,呼和浩特,40.82,111.75,17.85,0.0
20200529,呼和浩特,40.82,111.75,17.4,0.36
20200530,呼和浩特,40.82,111.75,13.01,6.0
20200531,呼和浩特,40.82,111.75,11.51,3.83
20200601,呼和浩特,40.82,111.75,13.77,0.72
20200602,呼和浩特,40.82,111.75,18.26,0.0
20200603,呼和浩特,40.82,111.75,17.39,0.0
20200604,呼和浩特,40.82,111.75,19.76,0.0
20200605,呼和浩特,40.82,111.75,21.42,0.0
20200606,呼和浩特,40.82,111.75,22.8,0.0
20200607,呼和浩特,40.82,111.75,22.79,0.23
20200608,呼和浩特,40.82,111.75,16.09,1.77
20200609,呼和浩特,40.82,111.75,17.79,0.43
20200610,呼和浩特,40.82,111.75,18.5,0.0
20200611,呼和浩特,40.82,111.75,14.53,6.49
20200612,呼和浩特,40.82,111.75,18.83,0.08
20200613,呼和浩特,40.82,111.75,15.67,1.65
20200614,呼和浩特,40.82,111.75,18.01,0.02
20200615,呼和浩特,40.82,111.75,20.25,0.0
20200616,呼和浩特,40.82,111.75,22.06,0.05
20200617,呼和浩特,40.82,111.75,17.65,2.08
20200618,呼和浩特,40.82,111.75,20.38,3.08
20200619,呼和浩特,40.82,111.75,22.05,0.64
20200620,呼和浩特,40.82,111.75,23.79,0.25
20200621,呼和浩特,40.82,111.75,23.71,0.75
20200622,呼和浩特,40.82,111.75,18.47,7.51
20200623,呼和浩特,40.82,111.75,21.28,0.0
20200624,呼和浩特,40.82,111.75,19.79,0.09
20200625,呼和浩特,40.82,111.75,18.21,0.05
20200626,呼和浩特,40.82,111.75,19.83,0.0
20200627,呼和浩特,40.82,111.75,21.95,0.0
20200628,呼和浩特,40.82,111.75,17.8,5.63
20200629,呼和浩特,40.82,111.75,17.52,13.07
20200630,呼和浩特,40.82,111.75,18.7,2.72
20200701,呼和浩特,40.82,111.75,21.16,5.63
20200702,呼和浩特,40.82,111.75,17.5,2.11
20200703,呼和浩特,40.82,111.75,20.11,0.91
20200704,呼和浩特,40.82,111.75,17.77,4.67
20200705,呼和浩特,40.82,111.75,19.08,1.55
20200706,呼和浩特,40.82,111.75,21.18,0.59
20200707,呼和浩特,40.82,111.75,22.44,0.0
20200708,呼和浩特,40.82,111.75,21.98,6.26
20200709,呼和浩特,40.82,111.75,20.44,2.55
20200710,呼和浩特,40.82,111.75,22.53,0.66
20200711,呼和浩特,40.82,111.75,19.64,8.09
20200712,呼和浩特,40.82,111.75,16.77,9.63
20200713,呼和浩特,40.82,111.75,19.7,1.5
20200714,呼和浩特,40.82,111.75,21.93,0.02
20200715,呼和浩特,40.82,111.75,23.08,0.21
20200716,呼和浩特,40.82,111.75,21.49,20.14
20200717,呼和浩特,40.82,111.75,18.32,17.11
20200718,呼和浩特,40.82,111.75,17.64,6.87
20200719,呼和浩特,40.82,111.75,19.22,0.0
20200720,呼和浩特,40.82,111.75,21.8,0.04
20200721,呼和浩特,40.82,111.75,21.77,0.05
20200722,呼和浩特,40.82,111.75,19.45,0.0
20200723,呼和浩特,40.82,111.75,20.94,0.0
20200724,呼和浩特,40.82,111.75,22.38,0.16
20200725,呼和浩特,40.82,111.75,19.07,6.82
20200726,呼和浩特,40.82,111.75,18.86,11.28
20200727,呼和浩特,40.82,111.75,20.98,11.9
20200728,呼和浩特,40.82,111.75,21.06,3.47
20200729,呼和浩特,40.82,111.75,22.25,0.27
20200730,呼和浩特,40.82,111.75,21.85,3.76
20200731,呼和浩特,40.82,111.75,22.06,4.75
20200801,呼和浩特,40.82,111.75,20.36,23.19
20200802,呼和浩特,40.82,111.75,20.32,0.98
20200803,呼和浩特,40.82,111.75,19.24,0.0
20200804,呼和浩特,40.82,111.75,20.82,0.0
20200805,呼和浩特,40.82,111.75,20.62,0.0
20200806,呼和浩特,40.82,111.75,20.15,0.0
20200807,呼和浩特,40.82,111.75,21.5,0.45
20200808,呼和浩特,40.82,111.75,21.52,6.51
20200809,呼和浩特,40.82,111.75,20.34,0.56
20200810,呼和浩特,40.82,111.75,19.92,1.1
20200811,呼和浩特,40.82,111.75,20.92,0.38
20200812,呼和浩特,40.82,111.75,18.95,7.95
20200813,呼和浩特,40.82,111.75,19.59,0.23
20200814,呼和浩特,40.82,111.75,20.59,0.0
20200815,呼和浩特,40.82,111.75,20.58,0.02
20200816,呼和浩特,40.82,111.75,19.74,2.2
20200817,呼和浩特,40.82,111.75,16.64,12.71
20200818,呼和浩特,40.82,111.75,15.32,10.72
20200819,呼和浩特,40.82,111.75,17.27,0.09
20200820,呼和浩特,40.82,111.75,17.68,0.04
20200821,呼和浩特,40.82,111.75,17.88,0.02
20200822,呼和浩特,40.82,111.75,17.49,4.21
20200823,呼和浩特,40.82,111.75,15.66,28.8
20200824,呼和浩特,40.82,111.75,17.31,0.08
20200825,呼和浩特,40.82,111.75,18.68,0.12
20200826,呼和浩特,40.82,111.75,18.76,0.02
20200827,呼和浩特,40.82,111.75,19.76,0.15
20200828,呼和浩特,40.82,111.75,17.66,19.79
20200829,呼和浩特,40.82,111.75,18.21,2.32
20200830,呼和浩特,40.82,111.75,15.23,10.67
20200831,呼和浩特,40.82,111.75,15.03,4.13
20200901,呼和浩特,40.82,111.75,13.85,0.29
20200902,呼和浩特,40.82,111.75,11.41,0.31
20200903,呼和浩特,40.82,111.75,11.48,0.0
20200904,呼和浩特,40.82,111.75,14.68,0.0
20200905,呼和浩特,40.82,111.75,15.0,0.45
20200906,呼和浩特,40.82,111.75,15.95,8.68
20200907,呼和浩特,40.82,111.75,15.42,0.54
20200908,呼和浩特,40.82,111.75,14.22,0.0
20200909,呼和浩特,40.82,111.75,13.44,0.0
20200910,呼和浩特,40.82,111.75,13.04,0.0
20200911,呼和浩特,40.82,111.75,13.01,0.0
20200912,呼和浩特,40.82,111.75,14.66,0.75
20200913,呼和浩特,40.82,111.75,12.33,16.99
20200914,呼和浩特,40.82,111.75,11.08,0.0
20200915,呼和浩特,40.82,111.75,10.42,4.85
20200916,呼和浩特,40.82,111.75,6.51,0.0
20200917,呼和浩特,40.82,111.75,8.78,0.0
20200918,呼和浩特,40.82,111.75,11.12,0.0
20200919,呼和浩特,40.82,111.75,13.88,0.0
20200920,呼和浩特,40.82,111.75,13.41,0.0
20200921,呼和浩特,40.82,111.75,12.2,0.0
20200922,呼和浩特,40.82,111.75,10.66,0.44
20200923,呼和浩特,40.82,111.75,10.01,2.09
20200924,呼和浩特,40.82,111.75,11.54,0.0
20200925,呼和浩特,40.82,111.75,12.28,0.15
20200926,呼和浩特,40.82,111.75,12.45,0.3
20200927,呼和浩特,40.82,111.75,12.54,0.11
20200928,呼和浩特,40.82,111.75,10.25,2.08
20200929,呼和浩特,40.82,111.75,8.4,0.11
20200930,呼和浩特,40.82,111.75,8.99,5.3
20201001,呼和浩特,40.82,111.75,4.74,0.0
20201002,呼和浩特,40.82,111.75,4.03,0.32
20201003,呼和浩特,40.82,111.75,1.68,0.0
20201004,呼和浩特,40.82,111.75,-0.83,0.0
20201005,呼和浩特,40.82,111.75,2.27,0.0
20201006,呼和浩特,40.82,111.75,5.18,0.0
20201007,呼和浩特,40.82,111.75,7.28,0.0
20201008,呼和浩特,40.82,111.75,6.81,0.64
20201009,呼和浩特,40.82,111.75,7.59,0.04
20201010,呼和浩特,40.82,111.75,7.38,4.03
20201011,呼和浩特,40.82,111.75,1.86,0.85
20201012,呼和浩特,40.82,111.75,1.41,1.82
20201013,呼和浩特,40.82,111.75,1.16,0.0
20201014,呼和浩特,40.82,111.75,3.05,0.01
20201015,呼和浩特,40.82,111.75,2.98,0.0
20201016,呼和浩特,40.82,111.75,1.23,0.0
20201017,呼和浩特,40.82,111.75,2.65,0.0
20201018,呼和浩特,40.82,111.75,4.13,0.0
20201019,呼和浩特,40.82,111.75,4.26,0.0
20201020,呼和浩特,40.82,111.75,3.22,0.0
20201021,呼和浩特,40.82,111.75,-1.04,0.0
20201022,呼和浩特,40.82,111.75,-1.85,0.0
20201023,呼和浩特,40.82,111.75,2.13,0.0
20201024,呼和浩特,40.82,111.75,4.52,0.0
20201025,呼和浩特,40.82,111.75,8.15,0.04
20201026,呼和浩特,40.82,111.75,2.68,0.0
20201027,呼和浩特,40.82,111.75,-0.1,0.0
20201028,呼和浩特,40.82,111.75,3.17,0.0
20201029,呼和浩特,40.82,111.75,3.7,0.0
20201030,呼和浩特,40.82,111.75,3.36,0.12
20201031,呼和浩特,40.82,111.75,0.16,0.0
20200401,济南,36.67,116.98,9.74,0.09
20200402,济南,36.67,116.98,8.43,1.19
20200403,济南,36.67,116.98,11.37,0.0
20200404,济南,36.67,116.98,10.18,0.01
20200405,济南,36.67,116.98,9.79,0.0
20200406,济南,36.67,116.98,13.56,0.0
20200407,济南,36.67,116.98,14.56,0.0
20200408,济南,36.67,116.98,12.3,1.42
20200409,济南,36.67,116.98,8.28,13.63
20200410,济南,36.67,116.98,6.69,7.43
20200411,济南,36.67,116.98,9.51,0.1
20200412,济南,36.67,116.98,10.25,0.0
20200413,济南,36.67,116.98,13.81,0.0
20200414,济南,36.67,116.98,14.88,0.0
20200415,济南,36.67,116.98,16.79,0.0
20200416,济南,36.67,116.98,16.26,16.79
20200417,济南,36.67,116.98,12.59,0.0
20200418,济南,36.67,116.98,14.41,0.76
20200419,济南,36.67,116.98,13.05,5.59
20200420,济南,36.67,116.98,13.12,0.0
20200421,济南,36.67,116.98,10.26,0.0
20200422,济南,36.67,116.98,8.83,0.0
20200423,济南,36.67,116.98,9.01,0.0
20200424,济南,36.67,116.98,13.08,0.0
20200425,济南,36.67,116.98,13.05,0.0
20200426,济南,36.67,116.98,13.08,0.0
20200427,济南,36.67,116.98,14.75,0.0
20200428,济南,36.67,116.98,16.58,0.0
20200429,济南,36.67,116.98,19.37,0.0
20200430,济南,36.67,116.98,24.14,0.0
20200501,济南,36.67,116.98,24.89,0.0
20200502,济南,36.67,116.98,24.34,0.0
20200503,济南,36.67,116.98,25.42,0.16
20200504,济南,36.67,116.98,16.26,1.81
20200505,济南,36.67,116.98,16.86,6.64
20200506,济南,36.67,116.98,19.42,4.19
20200507,济南,36.67,116.98,19.02,2.66
20200508,济南,36.67,116.98,15.05,35.72
20200509,济南,36.67,116.98,14.25,1.03
20200510,济南,36.67,116.98,19.13,0.24
20200511,济南,36.67,116.98,16.87,5.54
20200512,济南,36.67,116.98,17.79,0.0
20200513,济南,36.67,116.98,21.34,0.0
20200514,济南,36.67,116.98,19.95,0.27
20200515,济南,36.67,116.98,21.47,0.0
20200516,济南,36.67,116.98,23.16,2.39
20200517,济南,36.67,116.98,21.58,2.18
20200518,济南,36.67,116.98,15.89,0.8
20200519,济南,36.67,116.98,19.11,0.01
20200520,济南,36.67,116.98,22.67,0.0
20200521,济南,36.67,116.98,24.64,0.0
20200522,济南,36.67,116.98,24.12,0.16
20200523,济南,36.67,116.98,21.78,1.38
20200524,济南,36.67,116.98,22.25,0.0
20200525,济南,36.67,116.98,23.63,0.51
20200526,济南,36.67,116.98,20.54,3.19
20200527,济南,36.67,116.98,21.74,0.68
20200528,济南,36.67,116.98,24.51,0.0
20200529,济南,36.67,116.98,25.27,0.0
20200530,济南,36.67,116.98,20.74,3.48
20200531,济南,36.67,116.98,22.14,1.88
20200601,济南,36.67,116.98,23.39,17.67
20200602,济南,36.67,116.98,24.74,0.96
20200603,济南,36.67,116.98,27.4,0.47
20200604,济南,36.67,116.98,28.51,0.0
20200605,济南,36.67,116.98,26.36,0.0
20200606,济南,36.67,116.98,27.36,0.0
20200607,济南,36.67,116.98,28.58,0.0
20200608,济南,36.67,116.98,29.1,0.0
20200609,济南,36.67,116.98,25.28,0.09
20200610,济南,36.67,116.98,27.14,0.54
20200611,济南,36.67,116.98,27.22,0.92
20200612,济南,36.67,116.98,24.81,4.82
20200613,济南,36.67,116.98,25.73,1.9
20200614,济南,36.67,116.98,27.15,0.0
20200615,济南,36.67,116.98,28.29,0.0
20200616,济南,36.67,116.98,25.8,1.57
20200617,济南,36.67,116.98,20.28,16.19
20200618,济南,36.67,116.98,20.9,5.34
20200619,济南,36.67,116.98,22.53,0.11
20200620,济南,36.67,116.98,25.34,0.0
20200621,济南,36.67,116.98,26.07,0.0
20200622,济南,36.67,116.98,24.79,0.11
20200623,济南,36.67,116.98,23.52,7.12
20200624,济南,36.67,116.98,24.78,0.29
20200625,济南,36.67,116.98,25.65,16.94
20200626,济南,36.67,116.98,26.39,15.13
20200627,济南,36.67,116.98,28.62,1.12
20200628,济南,36.67,116.98,28.2,1.35
20200629,济南,36.67,116.98,26.86,2.95
20200630,济南,36.67,116.98,24.34,26.96
20200701,济南,36.67,116.98,24.79,0.0
20200702,济南,36.67,116.98,24.55,1.22
20200703,济南,36.67,116.98,23.07,31.04
20200704,济南,36.67,116.98,23.11,0.42
20200705,济南,36.67,116.98,25.64,8.57
20200706,济南,36.67,116.98,26.77,3.21
20200707,济南,36.67,116.98,27.43,0.14
20200708,济南,36.67,116.98,27.61,0.09
20200709,济南,36.67,116.98,23.0,8.66
20200710,济南,36.67,116.98,25.02,0.19
20200711,济南,36.67,116.98,26.36,4.53
20200712,济南,36.67,116.98,21.09,29.08
20200713,济南,36.67,116.98,23.27,1.42
20200714,济南,36.67,116.98,24.62,0.0
20200715,济南,36.67,116.98,25.07,1.39
20200716,济南,36.67,116.98,26.16,0.01
20200717,济南,36.67,116.98,24.86,0.03
20200718,济南,36.67,116.98,24.08,0.27
20200719,济南,36.67,116.98,23.51,1.05
20200720,济南,36.67,116.98,26.07,0.0
20200721,济南,36.67,116.98,25.74,0.06
20200722,济南,36.67,116.98,22.6,37.56
20200723,济南,36.67,116.98,23.79,0.81
20200724,济南,36.67,116.98,25.46,0.16
20200725,济南,36.67,116.98,26.33,0.01
20200726,济南,36.67,116.98,23.73,7.9
20200727,济南,36.67,116.98,24.98,0.09
20200728,济南,36.67,116.98,26.14,0.18
20200729,济南,36.67,116.98,26.4,0.09
20200730,济南,36.67,116.98,27.38,2.69
20200731,济南,36.67,116.98,27.25,10.91
20200801,济南,36.67,116.98,27.76,13.49
20200802,济南,36.67,116.98,27.01,60.08
20200803,济南,36.67,116.98,28.73,7.68
20200804,济南,36.67,116.98,28.55,5.69
20200805,济南,36.67,116.98,26.8,5.64
20200806,济南,36.67,116.98,26.11,45.98
20200807,济南,36.67,116.98,26.99,27.81
20200808,济南,36.67,116.98,25.88,2.57
20200809,济南,36.67,116.98,26.86,0.53
20200810,济南,36.67,116.98,27.15,0.02
20200811,济南,36.67,116.98,27.28,0.2
20200812,济南,36.67,116.98,26.83,21.0
20200813,济南,36.67,116.98,26.26,46.21
20200814,济南,36.67,116.98,28.18,6.36
20200815,济南,36.67,116.98,26.42,31.03
20200816,济南,36.67,116.98,26.61,4.01
20200817,济南,36.67,116.98,28.4,1.71
20200818,济南,36.67,116.98,28.6,2.26
20200819,济南,36.67,116.98,24.94,4.65
20200820,济南,36.67,116.98,21.38,18.92
20200821,济南,36.67,116.98,21.29,0.77
20200822,济南,36.67,116.98,22.39,0.01
20200823,济南,36.67,116.98,25.19,6.27
20200824,济南,36.67,116.98,24.41,20.46
20200825,济南,36.67,116.98,24.06,0.03
20200826,济南,36.67,116.98,21.82,1.99
20200827,济南,36.67,116.98,22.8,0.47
20200828,济南,36.67,116.98,24.86,0.0
20200829,济南,36.67,116.98,25.17,0.0
20200830,济南,36.67,116.98,25.32,0.19
20200831,济南,36.67,116.98,25.55,2.61
20200901,济南,36.67,116.98,24.22,1.57
20200902,济南,36.67,116.98,21.96,0.01
20200903,济南,36.67,116.98,20.11,0.0
20200904,济南,36.67,116.98,21.64,0.0
20200905,济南,36.67,116.98,23.76,0.0
20200906,济南,36.67,116.98,25.24,0.0
20200907,济南,36.67,116.98,24.23,6.56
20200908,济南,36.67,116.98,23.98,5.75
20200909,济南,36.67,116.98,22.99,0.18
20200910,济南,36.67,116.98,22.33,0.03
20200911,济南,36.67,116.98,19.57,0.13
20200912,济南,36.67,116.98,19.83,0.1
20200913,济南,36.67,116.98,20.95,0.06
20200914,济南,36.67,116.98,21.19,3.29
20200915,济南,36.67,116.98,22.09,5.51
20200916,济南,36.67,116.98,19.93,0.85
20200917,济南,36.67,116.98,18.04,0.32
20200918,济南,36.67,116.98,19.01,0.0
20200919,济南,36.67,116.98,20.04,0.0
20200920,济南,36.67,116.98,21.24,0.0
20200921,济南,36.67,116.98,21.66,1.17
20200922,济南,36.67,116.98,21.63,0.52
20200923,济南,36.67,116.98,19.87,2.27
20200924,济南,36.67,116.98,18.76,3.65
20200925,济南,36.67,116.98,18.13,0.29
20200926,济南,36.67,116.98,18.7,0.0
20200927,济南,36.67,116.98,19.47,0.0
20200928,济南,36.67,116.98,19.55,0.04
20200929,济南,36.67,116.98,18.59,0.6
20200930,济南,36.67,116.98,17.14,0.02
20201001,济南,36.67,116.98,18.5,0.2
20201002,济南,36.67,116.98,14.96,0.01
20201003,济南,36.67,116.98,14.35,0.03
20201004,济南,36.67,116.98,10.41,0.0
20201005,济南,36.67,116.98,9.71,0.0
20201006,济南,36.67,116.98,11.1,0.0
20201007,济南,36.67,116.98,13.56,0.0
20201008,济南,36.67,116.98,14.24,0.0
20201009,济南,36.67,116.98,15.67,0.0
20201010,济南,36.67,116.98,16.21,0.06
20201011,济南,36.67,116.98,16.4,0.81
20201012,济南,36.67,116.98,14.2,0.12
20201013,济南,36.67,116.98,14.63,2.37
20201014,济南,36.67,116.98,12.22,6.15
20201015,济南,36.67,116.98,11.96,0.11
20201016,济南,36.67,116.98,12.05,0.52
20201017,济南,36.67,116.98,11.3,0.0
20201018,济南,36.67,116.98,11.93,0.0
20201019,济南,36.67,116.98,13.32,0.0
20201020,济南,36.67,116.98,12.21,0.0
20201021,济南,36.67,116.98,11.75,0.0
20201022,济南,36.67,116.98,10.38,0.0
20201023,济南,36.67,116.98,8.1,0.0
20201024,济南,36.67,116.98,9.75,0.0
20201025,济南,36.67,116.98,12.21,0.0
20201026,济南,36.67,116.98,15.15,0.0
20201027,济南,36.67,116.98,12.0,0.18
20201028,济南,36.67,116.98,11.24,0.04
20201029,济南,36.67,116.98,11.27,0.28
20201030,济南,36.67,116.98,11.97,0.01
20201031,济南,36.67,116.98,13.49,0.76
20200401,郑州,34.76,113.65,8.79,1.47
20200402,郑州,34.76,113.65,9.59,0.9
20200403,郑州,34.76,113.65,12.93,0.0
20200404,郑州,34.76,113.65,15.07,0.0
20200405,郑州,34.76,113.65,13.85,0.0
20200406,郑州,34.76,113.65,16.06,0.0
20200407,郑州,34.76,113.65,17.27,0.0
20200408,郑州,34.76,113.65,16.22,0.0
20200409,郑州,34.76,113.65,10.23,0.02
20200410,郑州,34.76,113.65,5.5,11.85
20200411,郑州,34.76,113.65,10.75,0.02
20200412,郑州,34.76,113.65,14.29,0.03
20200413,郑州,34.76,113.65,16.6,0.0
20200414,郑州,34.76,113.65,16.54,0.0
20200415,郑州,34.76,113.65,19.49,0.0
20200416,郑州,34.76,113.65,20.28,0.0
20200417,郑州,34.76,113.65,17.81,0.0
20200418,郑州,34.76,113.65,14.49,4.58
20200419,郑州,34.76,113.65,17.04,0.03
20200420,郑州,34.76,113.65,17.36,0.04
20200421,郑州,34.76,113.65,15.54,0.0
20200422,郑州,34.76,113.65,13.25,0.0
20200423,郑州,34.76,113.65,13.87,0.0
20200424,郑州,34.76,113.65,16.69,0.0
20200425,郑州,34.76,113.65,17.61,0.0
20200426,郑州,34.76,113.65,17.65,0.0
20200427,郑州,34.76,113.65,17.33,0.01
20200428,郑州,34.76,113.65,19.25,0.0
20200429,郑州,34.76,113.65,23.14,0.0
20200430,郑州,34.76,113.65,26.48,0.0
20200501,郑州,34.76,113.65,26.07,0.0
20200502,郑州,34.76,113.65,27.57,0.0
20200503,郑州,34.76,113.65,30.42,0.0
20200504,郑州,34.76,113.65,20.94,1.54
20200505,郑州,34.76,113.65,19.33,3.11
20200506,郑州,34.76,113.65,21.16,0.02
20200507,郑州,34.76,113.65,19.28,25.37
20200508,郑州,34.76,113.65,19.11,18.14
20200509,郑州,34.76,113.65,16.58,6.65
20200510,郑州,34.76,113.65,21.25,0.0
20200511,郑州,34.76,113.65,21.3,0.0
20200512,郑州,34.76,113.65,22.14,0.0
20200513,郑州,34.76,113.65,23.77,0.0
20200514,郑州,34.76,113.65,22.73,0.0
20200515,郑州,34.76,113.65,25.08,0.0
20200516,郑州,34.76,113.65,24.57,1.71
20200517,郑州,34.76,113.65,24.54,0.01
20200518,郑州,34.76,113.65,21.79,0.15
20200519,郑州,34.76,113.65,23.93,0.0
20200520,郑州,34.76,113.65,26.46,0.07
20200521,郑州,34.76,113.65,27.82,0.21
20200522,郑州,34.76,113.65,27.37,0.05
20200523,郑州,34.76,113.65,27.52,0.0
20200524,郑州,34.76,113.65,24.25,0.01
20200525,郑州,34.76,113.65,25.88,0.0
20200526,郑州,34.76,113.65,25.23,0.0
20200527,郑州,34.76,113.65,27.79,0.0
20200528,郑州,34.76,113.65,27.52,0.0
20200529,郑州,34.76,113.65,26.27,0.03
20200530,郑州,34.76,113.65,24.84,2.86
20200531,郑州,34.76,113.65,26.79,0.7
20200601,郑州,34.76,113.65,28.47,0.92
20200602,郑州,34.76,113.65,27.73,0.0
20200603,郑州,34.76,113.65,29.81,0.0
20200604,郑州,34.76,113.65,31.19,0.0
20200605,郑州,34.76,113.65,28.77,0.0
20200606,郑州,34.76,113.65,29.51,0.0
20200607,郑州,34.76,113.65,30.02,0.0
20200608,郑州,34.76,113.65,29.66,0.29
20200609,郑州,34.76,113.65,28.48,7.39
20200610,郑州,34.76,113.65,28.74,0.23
20200611,郑州,34.76,113.65,27.57,11.43
20200612,郑州,34.76,113.65,25.39,3.83
20200613,郑州,34.76,113.65,28.56,0.01
20200614,郑州,34.76,113.65,29.44,0.0
20200615,郑州,34.76,113.65,27.04,8.3
20200616,郑州,34.76,113.65,22.64,30.49
20200617,郑州,34.76,113.65,20.06,51.98
20200618,郑州,34.76,113.65,23.03,0.19
20200619,郑州,34.76,113.65,23.97,0.17
20200620,郑州,34.76,113.65,25.62,0.0
20200621,郑州,34.76,113.65,26.34,0.1
20200622,郑州,34.76,113.65,24.37,2.34
20200623,郑州,34.76,113.65,26.45,0.01
20200624,郑州,34.76,113.65,28.23,0.62
20200625,郑州,34.76,113.65,29.66,1.29
20200626,郑州,34.76,113.65,27.89,6.68
20200627,郑州,34.76,113.65,29.04,7.27
20200628,郑州,34.76,113.65,25.06,13.64
20200629,郑州,34.76,113.65,27.27,1.5
20200630,郑州,34.76,113.65,26.76,0.45
20200701,郑州,34.76,113.65,26.62,0.01
20200702,郑州,34.76,113.65,24.61,7.71
20200703,郑州,34.76,113.65,26.48,0.1
20200704,郑州,34.76,113.65,26.57,25.05
20200705,郑州,34.76,113.65,28.81,3.74
20200706,郑州,34.76,113.65,30.58,0.0
20200707,郑州,34.76,113.65,30.84,0.0
20200708,郑州,34.76,113.65,29.43,3.88
20200709,郑州,34.76,113.65,28.54,2.08
20200710,郑州,34.76,113.65,27.01,0.24
20200711,郑州,34.76,113.65,25.59,14.76
20200712,郑州,34.76,113.65,23.26,7.94
20200713,郑州,34.76,113.65,25.93,0.04
20200714,郑州,34.76,113.65,25.07,2.22
20200715,郑州,34.76,113.65,26.66,0.03
20200716,郑州,34.76,113.65,27.53,0.28
20200717,郑州,34.76,113.65,23.72,8.06
20200718,郑州,34.76,113.65,23.94,1.04
20200719,郑州,34.76,113.65,26.29,1.21
20200720,郑州,34.76,113.65,27.94,0.0
20200721,郑州,34.76,113.65,26.9,0.42
20200722,郑州,34.76,113.65,24.19,24.83
20200723,郑州,34.76,113.65,26.59,0.01
20200724,郑州,34.76,113.65,26.99,1.75
20200725,郑州,34.76,113.65,26.51,0.54
20200726,郑州,34.76,113.65,25.1,2.91
20200727,郑州,34.76,113.65,25.89,0.12
20200728,郑州,34.76,113.65,27.61,0.0
20200729,郑州,34.76,113.65,28.7,0.0
20200730,郑州,34.76,113.65,29.31,0.11
20200731,郑州,34.76,113.65,30.01,0.53
20200801,郑州,34.76,113.65,29.49,0.98
20200802,郑州,34.76,113.65,30.33,2.37
20200803,郑州,34.76,113.65,30.36,6.68
20200804,郑州,34.76,113.65,29.8,18.77
20200805,郑州,34.76,113.65,29.12,5.07
20200806,郑州,34.76,113.65,26.64,38.6
20200807,郑州,34.76,113.65,27.29,52.23
20200808,郑州,34.76,113.65,27.04,2.4
20200809,郑州,34.76,113.65,29.34,1.38
20200810,郑州,34.76,113.65,29.69,0.0
20200811,郑州,34.76,113.65,28.72,0.26
20200812,郑州,34.76,113.65,29.16,3.07
20200813,郑州,34.76,113.65,28.5,7.33
20200814,郑州,34.76,113.65,29.37,1.15
20200815,郑州,34.76,113.65,26.74,10.54
20200816,郑州,34.76,113.65,26.74,3.72
20200817,郑州,34.76,113.65,29.1,6.14
20200818,郑州,34.76,113.65,28.54,3.3
20200819,郑州,34.76,113.65,24.64,9.22
20200820,郑州,34.76,113.65,22.33,9.16
20200821,郑州,34.76,113.65,22.69,2.73
20200822,郑州,34.76,113.65,23.43,0.93
20200823,郑州,34.76,113.65,26.48,2.86
20200824,郑州,34.76,113.65,26.53,2.93
20200825,郑州,34.76,113.65,27.36,0.0
20200826,郑州,34.76,113.65,26.14,0.12
20200827,郑州,34.76,113.65,26.08,0.04
20200828,郑州,34.76,113.65,27.15,0.0
20200829,郑州,34.76,113.65,27.34,0.0
20200830,郑州,34.76,113.65,27.96,0.0
20200831,郑州,34.76,113.65,27.9,0.12
20200901,郑州,34.76,113.65,27.13,0.04
20200902,郑州,34.76,113.65,25.26,0.33
20200903,郑州,34.76,113.65,25.73,0.01
20200904,郑州,34.76,113.65,26.38,0.0
20200905,郑州,34.76,113.65,26.37,0.0
20200906,郑州,34.76,113.65,27.75,0.0
20200907,郑州,34.76,113.65,28.4,7.17
20200908,郑州,34.76,113.65,27.37,1.84
20200909,郑州,34.76,113.65,26.06,8.43
20200910,郑州,34.76,113.65,24.62,6.05
20200911,郑州,34.76,113.65,22.78,0.0
20200912,郑州,34.76,113.65,23.11,0.0
20200913,郑州,34.76,113.65,23.51,0.0
20200914,郑州,34.76,113.65,24.71,0.88
20200915,郑州,34.76,113.65,24.65,0.83
20200916,郑州,34.76,113.65,22.08,0.0
20200917,郑州,34.76,113.65,20.85,0.0
20200918,郑州,34.76,113.65,23.04,0.0
20200919,郑州,34.76,113.65,23.44,0.0
20200920,郑州,34.76,113.65,22.94,0.02
20200921,郑州,34.76,113.65,20.37,2.59
20200922,郑州,34.76,113.65,21.64,0.01
20200923,郑州,34.76,113.65,22.61,0.97
20200924,郑州,34.76,113.65,22.04,0.06
20200925,郑州,34.76,113.65,21.55,0.0
20200926,郑州,34.76,113.65,21.35,0.44
20200927,郑州,34.76,113.65,21.41,1.76
20200928,郑州,34.76,113.65,21.15,0.01
20200929,郑州,34.76,113.65,20.87,0.0
20200930,郑州,34.76,113.65,18.61,0.0
20201001,郑州,34.76,113.65,21.47,0.01
20201002,郑州,34.76,113.65,18.29,4.18
20201003,郑州,34.76,113.65,17.99,0.36
20201004,郑州,34.76,113.65,14.66,0.0
20201005,郑州,34.76,113.65,13.28,0.3
20201006,郑州,34.76,113.65,14.17,0.0
20201007,郑州,34.76,113.65,15.8,0.0
20201008,郑州,34.76,113.65,16.16,0.0
20201009,郑州,34.76,113.65,17.8,0.0
20201010,郑州,34.76,113.65,18.13,0.25
20201011,郑州,34.76,113.65,18.05,0.41
20201012,郑州,34.76,113.65,16.96,0.02
20201013,郑州,34.76,113.65,15.82,17.14
20201014,郑州,34.76,113.65,13.4,14.15
20201015,郑州,34.76,113.65,13.08,0.51
20201016,郑州,34.76,113.65,14.18,0.0
20201017,郑州,34.76,113.65,14.1,0.0
20201018,郑州,34.76,113.65,15.34,0.0
20201019,郑州,34.76,113.65,15.48,0.0
20201020,郑州,34.76,113.65,15.17,0.0
20201021,郑州,34.76,113.65,15.78,0.0
20201022,郑州,34.76,113.65,13.41,0.0
20201023,郑州,34.76,113.65,10.91,0.0
20201024,郑州,34.76,113.65,11.86,0.0
20201025,郑州,34.76,113.65,15.24,0.0
20201026,郑州,34.76,113.65,18.59,0.0
20201027,郑州,34.76,113.65,14.24,0.93
20201028,郑州,34.76,113.65,13.32,0.18
20201029,郑州,34.76,113.65,13.96,0.01
20201030,郑州,34.76,113.65,13.51,0.14
20201031,郑州,34.76,113.65,16.18,0.78
20210401,哈尔滨,45.75,126.63,7.35,0.0
20210402,哈尔滨,45.75,126.63,8.98,0.18
20210403,哈尔滨,45.75,126.63,2.58,0.0
20210404,哈尔滨,45.75,126.63,4.03,0.0
20210405,哈尔滨,45.75,126.63,7.1,0.0
20210406,哈尔滨,45.75,126.63,2.65,0.0
20210407,哈尔滨,45.75,126.63,-1.03,0.0
20210408,哈尔滨,45.75,126.63,0.03,0.0
20210409,哈尔滨,45.75,126.63,4.7,0.0
20210410,哈尔滨,45.75,126.63,8.92,0.0
20210411,哈尔滨,45.75,126.63,9.52,1.23
20210412,哈尔滨,45.75,126.63,6.87,3.84
20210413,哈尔滨,45.75,126.63,-2.14,0.02
20210414,哈尔滨,45.75,126.63,1.83,0.0
20210415,哈尔滨,45.75,126.63,6.32,0.0
20210416,哈尔滨,45.75,126.63,6.05,0.49
20210417,哈尔滨,45.75,126.63,5.15,0.06
20210418,哈尔滨,45.75,126.63,6.85,0.0
20210419,哈尔滨,45.75,126.63,7.71,0.0
20210420,哈尔滨,45.75,126.63,5.89,0.0
20210421,哈尔滨,45.75,126.63,12.23,0.0
20210422,哈尔滨,45.75,126.63,13.67,0.73
20210423,哈尔滨,45.75,126.63,12.45,0.35
20210424,哈尔滨,45.75,126.63,7.15,0.8
20210425,哈尔滨,45.75,126.63,7.53,0.08
20210426,哈尔滨,45.75,126.63,10.29,0.0
20210427,哈尔滨,45.75,126.63,11.09,1.14
20210428,哈尔滨,45.75,126.63,8.1,0.16
20210429,哈尔滨,45.75,126.63,7.89,1.32
20210430,哈尔滨,45.75,126.63,7.69,2.36
20210501,哈尔滨,45.75,126.63,8.12,0.98
20210502,哈尔滨,45.75,126.63,10.73,0.07
20210503,哈尔滨,45.75,126.63,12.37,1.21
20210504,哈尔滨,45.75,126.63,11.72,1.81
20210505,哈尔滨,45.75,126.63,9.01,2.83
20210506,哈尔滨,45.75,126.63,12.46,0.2
20210507,哈尔滨,45.75,126.63,10.44,7.15
20210508,哈尔滨,45.75,126.63,8.31,16.49
20210509,哈尔滨,45.75,126.63,7.71,8.22
20210510,哈尔滨,45.75,126.63,9.92,0.69
20210511,哈尔滨,45.75,126.63,12.98,0.23
20210512,哈尔滨,45.75,126.63,14.69,0.97
20210513,哈尔滨,45.75,126.63,14.14,0.0
20210514,哈尔滨,45.75,126.63,16.73,19.21
20210515,哈尔滨,45.75,126.63,14.05,8.61
20210516,哈尔滨,45.75,126.63,15.49,0.34
20210517,哈尔滨,45.75,126.63,17.36,0.0
20210518,哈尔滨,45.75,126.63,19.95,0.0
20210519,哈尔滨,45.75,126.63,17.37,2.07
20210520,哈尔滨,45.75,126.63,21.0,0.17
20210521,哈尔滨,45.75,126.63,22.23,0.38
20210522,哈尔滨,45.75,126.63,22.36,0.86
20210523,哈尔滨,45.75,126.63,15.67,4.48
20210524,哈尔滨,45.75,126.63,11.35,0.95
20210525,哈尔滨,45.75,126.63,12.79,0.0
20210526,哈尔滨,45.75,126.63,14.43,0.0
20210527,哈尔滨,45.75,126.63,13.26,1.82
20210528,哈尔滨,45.75,126.63,12.41,11.3
20210529,哈尔滨,45.75,126.63,15.35,0.33
20210530,哈尔滨,45.75,126.63,16.33,1.51
20210531,哈尔滨,45.75,126.63,18.38,0.41
20210601,哈尔滨,45.75,126.63,16.17,9.72
20210602,哈尔滨,45.75,126.63,14.0,2.96
20210603,哈尔滨,45.75,126.63,13.33,8.4
20210604,哈尔滨,45.75,126.63,11.91,7.27
20210605,哈尔滨,45.75,126.63,13.81,8.86
20210606,哈尔滨,45.75,126.63,16.06,1.77
20210607,哈尔滨,45.75,126.63,19.24,0.0
20210608,哈尔滨,45.75,126.63,20.68,0.0
20210609,哈尔滨,45.75,126.63,20.77,1.82
20210610,哈尔滨,45.75,126.63,19.47,5.2
20210611,哈尔滨,45.75,126.63,20.98,2.08
20210612,哈尔滨,45.75,126.63,21.63,0.32
20210613,哈尔滨,45.75,126.63,21.15,3.38
20210614,哈尔滨,45.75,126.63,23.01,0.48
20210615,哈尔滨,45.75,126.63,21.08,3.74
20210616,哈尔滨,45.75,126.63,22.85,0.42
20210617,哈尔滨,45.75,126.63,20.61,10.46
20210618,哈尔滨,45.75,126.63,16.35,10.38
20210619,哈尔滨,45.75,126.63,17.76,8.65
20210620,哈尔滨,45.75,126.63,18.23,1.9
20210621,哈尔滨,45.75,126.63,17.68,0.02
20210622,哈尔滨,45.75,126.63,20.31,0.0
20210623,哈尔滨,45.75,126.63,22.46,0.0
20210624,哈尔滨,45.75,126.63,21.97,0.11
20210625,哈尔滨,45.75,126.63,22.45,0.17
20210626,哈尔滨,45.75,126.63,22.35,0.99
20210627,哈尔滨,45.75,126.63,21.44,2.26
20210628,哈尔滨,45.75,126.63,22.91,1.05
20210629,哈尔滨,45.75,126.63,23.76,0.33
20210630,哈尔滨,45.75,126.63,23.56,3.7
20210701,哈尔滨,45.75,126.63,20.45,36.02
20210702,哈尔滨,45.75,126.63,21.89,29.06
20210703,哈尔滨,45.75,126.63,24.08,3.86
20210704,哈尔滨,45.75,126.63,20.61,10.13
20210705,哈尔滨,45.75,126.63,21.55,4.58
20210706,哈尔滨,45.75,126.63,23.19,1.65
20210707,哈尔滨,45.75,126.63,21.63,5.78
20210708,哈尔滨,45.75,126.63,23.03,7.62
20210709,哈尔滨,45.75,126.63,21.82,8.03
20210710,哈尔滨,45.75,126.63,22.57,2.86
20210711,哈尔滨,45.75,126.63,24.1,0.63
20210712,哈尔滨,45.75,126.63,25.72,0.66
20210713,哈尔滨,45.75,126.63,27.18,3.43
20210714,哈尔滨,45.75,126.63,26.89,10.67
20210715,哈尔滨,45.75,126.63,26.28,2.77
20210716,哈尔滨,45.75,126.63,26.86,2.32
20210717,哈尔滨,45.75,126.63,26.58,1.12
20210718,哈尔滨,45.75,126.63,26.79,1.52
20210719,哈尔滨,45.75,126.63,26.7,0.85
20210720,哈尔滨,45.75,126.63,25.93,0.46
20210721,哈尔滨,45.75,126.63,26.6,0.27
20210722,哈尔滨,45.75,126.63,26.46,0.93
20210723,哈尔滨,45.75,126.63,26.34,1.18
20210724,哈尔滨,45.75,126.63,26.55,0.24
20210725,哈尔滨,45.75,126.63,24.65,10.32
20210726,哈尔滨,45.75,126.63,25.74,1.17
20210727,哈尔滨,45.75,126.63,26.52,3.0
20210728,哈尔滨,45.75,126.63,26.46,0.3
20210729,哈尔滨,45.75,126.63,25.73,0.05
20210730,哈尔滨,45.75,126.63,25.94,7.38
20210731,哈尔滨,45.75,126.63,26.14,31.67
20210801,哈尔滨,45.75,126.63,24.92,4.4
20210802,哈尔滨,45.75,126.63,21.25,9.97
20210803,哈尔滨,45.75,126.63,22.6,1.59
20210804,哈尔滨,45.75,126.63,22.59,1.55
20210805,哈尔滨,45.75,126.63,23.38,18.4
20210806,哈尔滨,45.75,126.63,22.47,1.24
20210807,哈尔滨,45.75,126.63,23.17,0.15
20210808,哈尔滨,45.75,126.63,23.04,0.39
20210809,哈尔滨,45.75,126.63,19.65,0.12
20210810,哈尔滨,45.75,126.63,18.73,0.03
20210811,哈尔滨,45.75,126.63,19.48,1.11
20210812,哈尔滨,45.75,126.63,18.14,5.17
20210813,哈尔滨,45.75,126.63,19.03,2.7
20210814,哈尔滨,45.75,126.63,19.26,0.13
20210815,哈尔滨,45.75,126.63,20.28,0.07
20210816,哈尔滨,45.75,126.63,21.22,0.08
20210817,哈尔滨,45.75,126.63,21.7,0.01
20210818,哈尔滨,45.75,126.63,22.78,0.0
20210819,哈尔滨,45.75,126.63,23.05,0.01
20210820,哈尔滨,45.75,126.63,22.86,0.98
20210821,哈尔滨,45.75,126.63,20.6,20.5
20210822,哈尔滨,45.75,126.63,19.22,19.26
20210823,哈尔滨,45.75,126.63,20.91,25.06
20210824,哈尔滨,45.75,126.63,21.28,2.48
20210825,哈尔滨,45.75,126.63,21.54,9.69
20210826,哈尔滨,45.75,126.63,20.08,6.26
20210827,哈尔滨,45.75,126.63,19.34,4.35
20210828,哈尔滨,45.75,126.63,18.02,4.48
20210829,哈尔滨,45.75,126.63,16.38,0.56
20210830,哈尔滨,45.75,126.63,14.57,0.37
20210831,哈尔滨,45.75,126.63,16.85,0.02
20210901,哈尔滨,45.75,126.63,18.99,0.01
20210902,哈尔滨,45.75,126.63,19.71,0.1
20210903,哈尔滨,45.75,126.63,19.42,0.0
20210904,哈尔滨,45.75,126.63,19.86,0.04
20210905,哈尔滨,45.75,126.63,19.37,0.01
20210906,哈尔滨,45.75,126.63,18.93,0.25
20210907,哈尔滨,45.75,126.63,17.47,11.37
20210908,哈尔滨,45.75,126.63,17.12,1.73
20210909,哈尔滨,45.75,126.63,17.44,7.67
20210910,哈尔滨,45.75,126.63,14.73,0.22
20210911,哈尔滨,45.75,126.63,12.27,7.94
20210912,哈尔滨,45.75,126.63,13.17,0.16
20210913,哈尔滨,45.75,126.63,13.38,2.43
20210914,哈尔滨,45.75,126.63,14.73,0.99
20210915,哈尔滨,45.75,126.63,14.97,0.07
20210916,哈尔滨,45.75,126.63,14.96,4.68
20210917,哈尔滨,45.75,126.63,16.18,0.03
20210918,哈尔滨,45.75,126.63,14.06,0.28
20210919,哈尔滨,45.75,126.63,10.61,1.24
20210920,哈尔滨,45.75,126.63,11.89,1.11
20210921,哈尔滨,45.75,126.63,14.88,19.69
20210922,哈尔滨,45.75,126.63,14.23,6.94
20210923,哈尔滨,45.75,126.63,13.24,0.16
20210924,哈尔滨,45.75,126.63,12.01,0.07
20210925,哈尔滨,45.75,126.63,11.87,0.52
20210926,哈尔滨,45.75,126.63,15.93,0.66
20210927,哈尔滨,45.75,126.63,16.65,5.43
20210928,哈尔滨,45.75,126.63,15.57,0.05
20210929,哈尔滨,45.75,126.63,12.06,0.38
20210930,哈尔滨,45.75,126.63,7.28,0.04
20211001,哈尔滨,45.75,126.63,7.99,0.01
20211002,哈尔滨,45.75,126.63,9.02,0.0
20211003,哈尔滨,45.75,126.63,11.02,1.81
20211004,哈尔滨,45.75,126.63,8.43,0.45
20211005,哈尔滨,45.75,126.63,9.27,0.0
20211006,哈尔滨,45.75,126.63,6.61,0.0
20211007,哈尔滨,45.75,126.63,8.25,0.0
20211008,哈尔滨,45.75,126.63,9.29,0.01
20211009,哈尔滨,45.75,126.63,12.11,4.35
20211010,哈尔滨,45.75,126.63,9.9,1.43
20211011,哈尔滨,45.75,126.63,8.01,0.11
20211012,哈尔滨,45.75,126.63,9.19,0.0
20211013,哈尔滨,45.75,126.63,11.02,0.01
20211014,哈尔滨,45.75,126.63,8.59,0.0
20211015,哈尔滨,45.75,126.63,3.27,0.55
20211016,哈尔滨,45.75,126.63,-2.3,0.2
20211017,哈尔滨,45.75,126.63,-1.39,0.0
20211018,哈尔滨,45.75,126.63,-1.09,0.83
20211019,哈尔滨,45.75,126.63,-0.47,0.01
20211020,哈尔滨,45.75,126.63,0.91,0.0
20211021,哈尔滨,45.75,126.63,2.41,0.0
20211022,哈尔滨,45.75,126.63,2.55,0.0
20211023,哈尔滨,45.75,126.63,3.95,0.0
20211024,哈尔滨,45.75,126.63,5.45,0.01
20211025,哈尔滨,45.75,126.63,6.57,0.01
20211026,哈尔滨,45.75,126.63,6.59,0.06
20211027,哈尔滨,45.75,126.63,4.41,0.02
20211028,哈尔滨,45.75,126.63,3.97,0.02
20211029,哈尔滨,45.75,126.63,5.86,0.0
20211030,哈尔滨,45.75,126.63,6.74,1.38
20211031,哈尔滨,45.75,126.63,1.22,5.33
20210401,长春,43.82,125.32,8.16,0.0
20210402,长春,43.82,125.32,11.06,0.21
20210403,长春,43.82,125.32,4.61,0.01
20210404,长春,43.82,125.32,4.54,0.02
20210405,长春,43.82,125.32,8.55,0.0
20210406,长春,43.82,125.32,5.48,0.0
20210407,长春,43.82,125.32,1.48,0.0
20210408,长春,43.82,125.32,1.85,0.0
20210409,长春,43.82,125.32,4.61,0.0
20210410,长春,43.82,125.32,9.29,0.0
20210411,长春,43.82,125.32,11.52,0.58
20210412,长春,43.82,125.32,8.19,5.5
20210413,长春,43.82,125.32,0.06,0.01
20210414,长春,43.82,125.32,3.16,0.01
20210415,长春,43.82,125.32,7.66,0.0
20210416,长春,43.82,125.32,5.67,0.55
20210417,长春,43.82,125.32,3.29,0.99
20210418,长春,43.82,125.32,6.44,0.0
20210419,长春,43.82,125.32,9.23,0.0
20210420,长春,43.82,125.32,8.12,0.0
20210421,长春,43.82,125.32,13.98,0.0
20210422,长春,43.82,125.32,13.53,0.26
20210423,长春,43.82,125.32,10.43,2.11
20210424,长春,43.82,125.32,7.84,0.08
20210425,长春,43.82,125.32,8.23,0.0
20210426,长春,43.82,125.32,12.22,0.0
20210427,长春,43.82,125.32,10.69,1.68
20210428,长春,43.82,125.32,8.01,0.01
20210429,长春,43.82,125.32,8.85,1.4
20210430,长春,43.82,125.32,5.66,1.93
20210501,长春,43.82,125.32,6.71,0.04
20210502,长春,43.82,125.32,10.52,0.02
20210503,长春,43.82,125.32,13.02,0.01
20210504,长春,43.82,125.32,11.5,0.88
20210505,长春,43.82,125.32,9.97,0.16
20210506,长春,43.82,125.32,14.34,0.01
20210507,长春,43.82,125.32,11.48,3.78
20210508,长春,43.82,125.32,8.16,7.75
20210509,长春,43.82,125.32,9.91,0.83
20210510,长春,43.82,125.32,12.79,0.24
20210511,长春,43.82,125.32,14.57,0.01
20210512,长春,43.82,125.32,15.12,0.84
20210513,长春,43.82,125.32,15.11,0.34
20210514,长春,43.82,125.32,18.03,2.2
20210515,长春,43.82,125.32,14.46,2.09
20210516,长春,43.82,125.32,15.67,0.0
20210517,长春,43.82,125.32,17.17,0.0
20210518,长春,43.82,125.32,19.72,0.0
20210519,长春,43.82,125.32,20.23,0.0
20210520,长春,43.82,125.32,20.71,0.0
20210521,长春,43.82,125.32,20.11,0.14
20210522,长春,43.82,125.32,22.13,0.0
20210523,长春,43.82,125.32,15.4,5.78
20210524,长春,43.82,125.32,12.13,0.17
20210525,长春,43.82,125.32,13.34,0.01
20210526,长春,43.82,125.32,13.95,0.09
20210527,长春,43.82,125.32,15.53,0.06
20210528,长春,43.82,125.32,13.57,1.57
20210529,长春,43.82,125.32,16.41,0.33
20210530,长春,43.82,125.32,15.98,0.49
20210531,长春,43.82,125.32,19.18,0.54
20210601,长春,43.82,125.32,17.97,4.71
20210602,长春,43.82,125.32,15.92,61.22
20210603,长春,43.82,125.32,13.65,2.14
20210604,长春,43.82,125.32,13.87,3.41
20210605,长春,43.82,125.32,13.18,7.52
20210606,长春,43.82,125.32,16.37,5.05
20210607,长春,43.82,125.32,18.78,2.46
20210608,长春,43.82,125.32,20.66,2.17
20210609,长春,43.82,125.32,21.93,0.86
20210610,长春,43.82,125.32,19.84,10.14
20210611,长春,43.82,125.32,21.05,0.37
20210612,长春,43.82,125.32,23.13,0.05
20210613,长春,43.82,125.32,22.55,2.32
20210614,长春,43.82,125.32,21.3,2.83
20210615,长春,43.82,125.32,20.06,3.43
20210616,长春,43.82,125.32,22.12,0.04
20210617,长春,43.82,125.32,19.63,23.2
20210618,长春,43.82,125.32,17.82,5.33
20210619,长春,43.82,125.32,19.2,1.59
20210620,长春,43.82,125.32,18.28,6.49
20210621,长春,43.82,125.32,17.33,1.51
20210622,长春,43.82,125.32,19.2,0.07
20210623,长春,43.82,125.32,21.42,0.0
20210624,长春,43.82,125.32,22.15,0.0
20210625,长春,43.82,125.32,22.17,0.02
20210626,长春,43.82,125.32,20.11,2.36
20210627,长春,43.82,125.32,19.74,2.87
20210628,长春,43.82,125.32,21.24,1.1
20210629,长春,43.82,125.32,22.47,1.37
20210630,长春,43.82,125.32,22.11,6.89
20210701,长春,43.82,125.32,22.22,8.1
20210702,长春,43.82,125.32,22.46,2.21
20210703,长春,43.82,125.32,22.53,0.43
20210704,长春,43.82,125.32,21.15,9.69
20210705,长春,43.82,125.32,21.42,2.14
20210706,长春,43.82,125.32,22.7,10.28
20210707,长春,43.82,125.32,22.51,28.23
20210708,长春,43.82,125.32,22.92,5.16
20210709,长春,43.82,125.32,21.85,9.91
20210710,长春,43.82,125.32,21.64,1.41
20210711,长春,43.82,125.32,23.66,0.23
20210712,长春,43.82,125.32,25.24,0.07
20210713,长春,43.82,125.32,26.52,1.03
20210714,长春,43.82,125.32,26.69,1.24
20210715,长春,43.82,125.32,26.92,0.4
20210716,长春,43.82,125.32,27.24,0.29
20210717,长春,43.82,125.32,26.91,0.24
20210718,长春,43.82,125.32,26.58,0.21
20210719,长春,43.82,125.32,26.23,0.12
20210720,长春,43.82,125.32,25.66,0.19
20210721,长春,43.82,125.32,26.27,0.09
20210722,长春,43.82,125.32,26.72,0.18
20210723,长春,43.82,125.32,27.0,0.07
20210724,长春,43.82,125.32,27.18,0.4
20210725,长春,43.82,125.32,25.61,5.11
20210726,长春,43.82,125.32,26.81,1.31
20210727,长春,43.82,125.32,27.25,1.5
20210728,长春,43.82,125.32,27.31,1.9
20210729,长春,43.82,125.32,26.58,1.43
20210730,长春,43.82,125.32,26.84,38.89
20210731,长春,43.82,125.32,26.47,8.67
20210801,长春,43.82,125.32,25.02,7.33
20210802,长春,43.82,125.32,21.7,27.82
20210803,长春,43.82,125.32,21.9,1.96
20210804,长春,43.82,125.32,22.62,0.17
20210805,长春,43.82,125.32,23.02,4.4
20210806,长春,43.82,125.32,21.81,1.36
20210807,长春,43.82,125.32,23.88,0.41
20210808,长春,43.82,125.32,23.74,0.0
20210809,长春,43.82,125.32,23.18,0.48
20210810,长春,43.82,125.32,20.94,8.53
20210811,长春,43.82,125.32,20.55,32.33
20210812,长春,43.82,125.32,18.9,30.34
20210813,长春,43.82,125.32,18.49,5.13
20210814,长春,43.82,125.32,20.36,0.52
20210815,长春,43.82,125.32,21.47,0.12
20210816,长春,43.82,125.32,21.05,9.42
20210817,长春,43.82,125.32,19.62,12.71
20210818,长春,43.82,125.32,21.54,0.12
20210819,长春,43.82,125.32,22.68,0.0
20210820,长春,43.82,125.32,21.17,5.04
20210821,长春,43.82,125.32,19.95,44.35
20210822,长春,43.82,125.32,21.06,4.0
20210823,长春,43.82,125.32,22.78,9.36
20210824,长春,43.82,125.32,22.16,14.14
20210825,长春,43.82,125.32,21.07,2.4
20210826,长春,43.82,125.32,20.19,4.62
20210827,长春,43.82,125.32,19.31,0.67
20210828,长春,43.82,125.32,18.9,1.3
20210829,长春,43.82,125.32,18.27,4.96
20210830,长春,43.82,125.32,17.03,1.6
20210831,长春,43.82,125.32,18.7,0.0
20210901,长春,43.82,125.32,20.66,0.0
20210902,长春,43.82,125.32,20.61,0.0
20210903,长春,43.82,125.32,20.62,0.2
20210904,长春,43.82,125.32,19.99,0.19
20210905,长春,43.82,125.32,20.65,0.07
20210906,长春,43.82,125.32,18.4,2.61
20210907,长春,43.82,125.32,16.85,10.74
20210908,长春,43.82,125.32,17.43,6.53
20210909,长春,43.82,125.32,17.8,30.53
20210910,长春,43.82,125.32,16.54,7.67
20210911,长春,43.82,125.32,14.86,2.62
20210912,长春,43.82,125.32,13.81,0.7
20210913,长春,43.82,125.32,15.11,3.16
20210914,长春,43.82,125.32,16.0,0.01
20210915,长春,43.82,125.32,16.68,0.01
20210916,长春,43.82,125.32,15.69,8.78
20210917,长春,43.82,125.32,16.84,0.03
20210918,长春,43.82,125.32,16.72,0.01
20210919,长春,43.82,125.32,17.65,0.0
20210920,长春,43.82,125.32,15.17,11.39
20210921,长春,43.82,125.32,16.9,25.4
20210922,长春,43.82,125.32,14.02,4.74
20210923,长春,43.82,125.32,13.77,0.35
20210924,长春,43.82,125.32,13.7,1.06
20210925,长春,43.82,125.32,15.33,11.08
20210926,长春,43.82,125.32,17.96,0.85
20210927,长春,43.82,125.32,16.85,3.79
20210928,长春,43.82,125.32,15.74,0.03
20210929,长春,43.82,125.32,12.9,0.57
20210930,长春,43.82,125.32,9.74,0.06
20211001,长春,43.82,125.32,8.69,0.0
20211002,长春,43.82,125.32,10.42,0.0
20211003,长春,43.82,125.32,14.26,1.87
20211004,长春,43.82,125.32,8.58,0.79
20211005,长春,43.82,125.32,9.9,0.47
20211006,长春,43.82,125.32,8.15,0.13
20211007,长春,43.82,125.32,8.7,0.23
20211008,长春,43.82,125.32,10.12,0.26
20211009,长春,43.82,125.32,14.51,12.71
20211010,长春,43.82,125.32,9.75,1.05
20211011,长春,43.82,125.32,7.67,1.84
20211012,长春,43.82,125.32,10.0,0.04
20211013,长春,43.82,125.32,11.84,0.18
20211014,长春,43.82,125.32,10.76,0.62
20211015,长春,43.82,125.32,5.45,0.21
20211016,长春,43.82,125.32,-1.49,0.57
20211017,长春,43.82,125.32,-0.32,0.01
20211018,长春,43.82,125.32,1.02,0.46
20211019,长春,43.82,125.32,-0.06,0.0
20211020,长春,43.82,125.32,1.87,0.0
20211021,长春,43.82,125.32,3.17,0.0
20211022,长春,43.82,125.32,3.7,0.0
20211023,长春,43.82,125.32,4.55,0.0
20211024,长春,43.82,125.32,6.21,0.0
20211025,长春,43.82,125.32,8.2,0.01
20211026,长春,43.82,125.32,7.9,0.38
20211027,长春,43.82,125.32,4.94,0.04
20211028,长春,43.82,125.32,5.77,0.0
20211029,长春,43.82,125.32,6.45,0.0
20211030,长春,43.82,125.32,8.47,0.6
20211031,长春,43.82,125.32,3.4,0.98
20210401,沈阳,41.8,123.43,12.77,0.0
20210402,沈阳,41.8,123.43,11.57,1.75
20210403,沈阳,41.8,123.43,6.88,0.85
20210404,沈阳,41.8,123.43,6.66,0.23
20210405,沈阳,41.8,123.43,9.96,0.0
20210406,沈阳,41.8,123.43,9.53,0.0
20210407,沈阳,41.8,123.43,4.87,0.0
20210408,沈阳,41.8,123.43,5.17,0.0
20210409,沈阳,41.8,123.43,7.28,0.0
20210410,沈阳,41.8,123.43,10.56,0.0
20210411,沈阳,41.8,123.43,10.88,0.0
20210412,沈阳,41.8,123.43,7.57,3.15
20210413,沈阳,41.8,123.43,3.22,0.0
20210414,沈阳,41.8,123.43,6.22,0.09
20210415,沈阳,41.8,123.43,10.04,0.57
20210416,沈阳,41.8,123.43,7.97,0.56
20210417,沈阳,41.8,123.43,5.28,1.55
20210418,沈阳,41.8,123.43,9.29,0.0
20210419,沈阳,41.8,123.43,12.34,0.0
20210420,沈阳,41.8,123.43,11.6,0.0
20210421,沈阳,41.8,123.43,14.66,0.0
20210422,沈阳,41.8,123.43,12.86,1.21
20210423,沈阳,41.8,123.43,11.55,9.76
20210424,沈阳,41.8,123.43,12.29,0.07
20210425,沈阳,41.8,123.43,11.08,0.0
20210426,沈阳,41.8,123.43,14.24,0.0
20210427,沈阳,41.8,123.43,12.59,3.15
20210428,沈阳,41.8,123.43,11.0,0.0
20210429,沈阳,41.8,123.43,9.67,8.06
20210430,沈阳,41.8,123.43,9.89,2.51
20210501,沈阳,41.8,123.43,10.3,0.31
20210502,沈阳,41.8,123.43,11.93,0.0
20210503,沈阳,41.8,123.43,12.98,0.06
20210504,沈阳,41.8,123.43,13.19,1.29
20210505,沈阳,41.8,123.43,12.98,2.16
20210506,沈阳,41.8,123.43,16.02,5.5
20210507,沈阳,41.8,123.43,12.34,1.98
20210508,沈阳,41.8,123.43,11.57,5.58
20210509,沈阳,41.8,123.43,13.77,0.0
20210510,沈阳,41.8,123.43,14.94,0.04
20210511,沈阳,41.8,123.43,16.15,0.0
20210512,沈阳,41.8,123.43,16.67,0.18
20210513,沈阳,41.8,123.43,16.53,0.66
20210514,沈阳,41.8,123.43,19.42,0.41
20210515,沈阳,41.8,123.43,14.98,5.59
20210516,沈阳,41.8,123.43,15.57,0.0
20210517,沈阳,41.8,123.43,18.68,0.0
20210518,沈阳,41.8,123.43,19.47,0.0
20210519,沈阳,41.8,123.43,20.8,0.0
20210520,沈阳,41.8,123.43,18.46,0.0
20210521,沈阳,41.8,123.43,20.42,0.0
20210522,沈阳,41.8,123.43,21.74,0.0
20210523,沈阳,41.8,123.43,15.25,22.37
20210524,沈阳,41.8,123.43,14.76,0.0
20210525,沈阳,41.8,123.43,15.48,0.0
20210526,沈阳,41.8,123.43,12.52,4.66
20210527,沈阳,41.8,123.43,15.23,5.61
20210528,沈阳,41.8,123.43,14.14,14.75
20210529,沈阳,41.8,123.43,17.0,0.08
20210530,沈阳,41.8,123.43,15.32,0.27
20210531,沈阳,41.8,123.43,17.5,1.95
20210601,沈阳,41.8,123.43,19.58,1.31
20210602,沈阳,41.8,123.43,17.77,50.78
20210603,沈阳,41.8,123.43,16.56,1.03
20210604,沈阳,41.8,123.43,16.1,4.04
20210605,沈阳,41.8,123.43,17.2,1.14
20210606,沈阳,41.8,123.43,19.75,0.0
20210607,沈阳,41.8,123.43,20.69,0.0
20210608,沈阳,41.8,123.43,20.95,0.01
20210609,沈阳,41.8,123.43,22.18,0.95
20210610,沈阳,41.8,123.43,20.32,23.33
20210611,沈阳,41.8,123.43,22.15,1.25
20210612,沈阳,41.8,123.43,23.09,0.1
20210613,沈阳,41.8,123.43,24.31,0.55
20210614,沈阳,41.8,123.43,20.38,11.97
20210615,沈阳,41.8,123.43,20.21,8.73
20210616,沈阳,41.8,123.43,21.39,1.1
20210617,沈阳,41.8,123.43,20.96,35.22
20210618,沈阳,41.8,123.43,20.62,1.07
20210619,沈阳,41.8,123.43,21.29,9.13
20210620,沈阳,41.8,123.43,20.36,0.29
20210621,沈阳,41.8,123.43,20.17,7.35
20210622,沈阳,41.8,123.43,20.27,0.97
20210623,沈阳,41.8,123.43,22.09,0.01
20210624,沈阳,41.8,123.43,22.51,0.0
20210625,沈阳,41.8,123.43,21.03,5.35
20210626,沈阳,41.8,123.43,20.24,20.64
20210627,沈阳,41.8,123.43,20.95,12.67
20210628,沈阳,41.8,123.43,22.44,4.62
20210629,沈阳,41.8,123.43,21.99,4.41
20210630,沈阳,41.8,123.43,21.1,4.99
20210701,沈阳,41.8,123.43,23.25,1.16
20210702,沈阳,41.8,123.43,23.85,0.16
20210703,沈阳,41.8,123.43,21.42,5.42
20210704,沈阳,41.8,123.43,21.72,6.47
20210705,沈阳,41.8,123.43,23.36,0.65
20210706,沈阳,41.8,123.43,24.08,0.88
20210707,沈阳,41.8,123.43,24.39,0.08
20210708,沈阳,41.8,123.43,22.46,6.7
20210709,沈阳,41.8,123.43,22.44,5.76
20210710,沈阳,41.8,123.43,24.06,1.09
20210711,沈阳,41.8,123.43,25.55,0.01
20210712,沈阳,41.8,123.43,26.08,0.75
20210713,沈阳,41.8,123.43,25.6,14.6
20210714,沈阳,41.8,123.43,25.97,11.41
20210715,沈阳,41.8,123.43,26.19,3.95
20210716,沈阳,41.8,123.43,26.6,0.5
20210717,沈阳,41.8,123.43,26.29,0.14
20210718,沈阳,41.8,123.43,26.43,0.27
20210719,沈阳,41.8,123.43,26.16,0.05
20210720,沈阳,41.8,123.43,25.99,0.01
20210721,沈阳,41.8,123.43,26.35,2.14
20210722,沈阳,41.8,123.43,25.99,0.21
20210723,沈阳,41.8,123.43,26.0,0.04
20210724,沈阳,41.8,123.43,26.83,0.0
20210725,沈阳,41.8,123.43,26.81,0.03
20210726,沈阳,41.8,123.43,26.61,0.54
20210727,沈阳,41.8,123.43,27.66,0.04
20210728,沈阳,41.8,123.43,29.25,0.02
20210729,沈阳,41.8,123.43,28.12,7.35
20210730,沈阳,41.8,123.43,26.62,24.85
20210731,沈阳,41.8,123.43,25.5,14.97
20210801,沈阳,41.8,123.43,25.32,11.01
20210802,沈阳,41.8,123.43,24.01,10.28
20210803,沈阳,41.8,123.43,23.12,10.29
20210804,沈阳,41.8,123.43,23.66,0.91
20210805,沈阳,41.8,123.43,23.78,1.04
20210806,沈阳,41.8,123.43,24.04,4.28
20210807,沈阳,41.8,123.43,24.76,0.37
20210808,沈阳,41.8,123.43,24.99,0.0
20210809,沈阳,41.8,123.43,23.77,9.93
20210810,沈阳,41.8,123.43,22.63,11.27
20210811,沈阳,41.8,123.43,21.03,3.49
20210812,沈阳,41.8,123.43,20.55,4.5
20210813,沈阳,41.8,123.43,20.61,0.14
20210814,沈阳,41.8,123.43,21.59,0.0
20210815,沈阳,41.8,123.43,23.01,1.14
20210816,沈阳,41.8,123.43,21.57,14.51
20210817,沈阳,41.8,123.43,20.81,15.48
20210818,沈阳,41.8,123.43,22.28,0.07
20210819,沈阳,41.8,123.43,23.1,0.49
20210820,沈阳,41.8,123.43,21.89,19.99
20210821,沈阳,41.8,123.43,22.34,4.74
20210822,沈阳,41.8,123.43,22.96,0.13
20210823,沈阳,41.8,123.43,24.69,2.68
20210824,沈阳,41.8,123.43,21.47,15.22
20210825,沈阳,41.8,123.43,21.8,13.21
20210826,沈阳,41.8,123.43,20.99,1.64
20210827,沈阳,41.8,123.43,20.1,0.67
20210828,沈阳,41.8,123.43,20.36,0.12
20210829,沈阳,41.8,123.43,20.12,0.0
20210830,沈阳,41.8,123.43,21.43,0.0
20210831,沈阳,41.8,123.43,21.49,0.0
20210901,沈阳,41.8,123.43,22.69,0.0
20210902,沈阳,41.8,123.43,22.22,0.22
20210903,沈阳,41.8,123.43,21.14,1.21
20210904,沈阳,41.8,123.43,21.62,0.49
20210905,沈阳,41.8,123.43,21.83,0.02
20210906,沈阳,41.8,123.43,18.99,5.14
20210907,沈阳,41.8,123.43,18.91,1.58
20210908,沈阳,41.8,123.43,19.48,3.13
20210909,沈阳,41.8,123.43,20.0,15.38
20210910,沈阳,41.8,123.43,20.11,12.45
20210911,沈阳,41.8,123.43,18.85,7.97
20210912,沈阳,41.8,123.43,16.99,0.93
20210913,沈阳,41.8,123.43,18.18,2.43
20210914,沈阳,41.8,123.43,17.25,0.04
20210915,沈阳,41.8,123.43,18.22,0.0
20210916,沈阳,41.8,123.43,18.13,2.66
20210917,沈阳,41.8,123.43,17.88,0.02
20210918,沈阳,41.8,123.43,19.53,0.0
20210919,沈阳,41.8,123.43,20.41,0.08
20210920,沈阳,41.8,123.43,17.98,31.87
20210921,沈阳,41.8,123.43,18.26,3.3
20210922,沈阳,41.8,123.43,15.13,1.87
20210923,沈阳,41.8,123.43,15.76,0.34
20210924,沈阳,41.8,123.43,16.2,0.71
20210925,沈阳,41.8,123.43,18.41,10.79
20210926,沈阳,41.8,123.43,19.51,0.41
20210927,沈阳,41.8,123.43,19.45,4.51
20210928,沈阳,41.8,123.43,17.02,0.1
20210929,沈阳,41.8,123.43,15.45,0.32
20210930,沈阳,41.8,123.43,13.75,1.08
20211001,沈阳,41.8,123.43,11.52,0.0
20211002,沈阳,41.8,123.43,12.58,0.05
20211003,沈阳,41.8,123.43,17.02,52.94
20211004,沈阳,41.8,123.43,11.31,4.05
20211005,沈阳,41.8,123.43,11.89,1.32
20211006,沈阳,41.8,123.43,11.31,10.36
20211007,沈阳,41.8,123.43,11.61,0.11
20211008,沈阳,41.8,123.43,12.84,0.76
20211009,沈阳,41.8,123.43,15.06,20.95
20211010,沈阳,41.8,123.43,10.49,0.38
20211011,沈阳,41.8,123.43,8.79,4.52
20211012,沈阳,41.8,123.43,11.25,0.0
20211013,沈阳,41.8,123.43,12.69,0.0
20211014,沈阳,41.8,123.43,12.9,0.07
20211015,沈阳,41.8,123.43,8.14,0.0
20211016,沈阳,41.8,123.43,0.46,0.0
20211017,沈阳,41.8,123.43,2.54,0.0
20211018,沈阳,41.8,123.43,4.93,0.01
20211019,沈阳,41.8,123.43,2.33,0.0
20211020,沈阳,41.8,123.43,4.74,0.0
20211021,沈阳,41.8,123.43,6.47,0.0
20211022,沈阳,41.8,123.43,5.44,0.0
20211023,沈阳,41.8,123.43,6.33,0.0
20211024,沈阳,41.8,123.43,7.68,0.0
20211025,沈阳,41.8,123.43,9.94,0.0
20211026,沈阳,41.8,123.43,10.03,0.01
20211027,沈阳,41.8,123.43,6.95,0.02
20211028,沈阳,41.8,123.43,8.22,0.0
20211029,沈阳,41.8,123.43,9.13,0.0
20211030,沈阳,41.8,123.43,11.11,0.33
20211031,沈阳,41.8,123.43,4.11,2.29
20210401,呼和浩特,40.82,111.75,3.48,9.69
20210402,呼和浩特,40.82,111.75,3.21,0.16
20210403,呼和浩特,40.82,111.75,0.87,0.0
20210404,呼和浩特,40.82,111.75,3.4,0.0
20210405,呼和浩特,40.82,111.75,2.57,2.41
20210406,呼和浩特,40.82,111.75,3.91,0.05
20210407,呼和浩特,40.82,111.75,6.57,0.0
20210408,呼和浩特,40.82,111.75,8.29,0.0
20210409,呼和浩特,40.82,111.75,8.23,0.0
20210410,呼和浩特,40.82,111.75,6.36,0.29
20210411,呼和浩特,40.82,111.75,5.73,0.87
20210412,呼和浩特,40.82,111.75,-0.02,1.26
20210413,呼和浩特,40.82,111.75,-1.32,0.0
20210414,呼和浩特,40.82,111.75,3.84,0.0
20210415,呼和浩特,40.82,111.75,0.36,0.02
20210416,呼和浩特,40.82,111.75,-1.54,0.08
20210417,呼和浩特,40.82,111.75,2.85,0.0
20210418,呼和浩特,40.82,111.75,7.15,0.0
20210419,呼和浩特,40.82,111.75,11.89,0.0
20210420,呼和浩特,40.82,111.75,14.01,0.01
20210421,呼和浩特,40.82,111.75,11.43,0.35
20210422,呼和浩特,40.82,111.75,10.58,2.31
20210423,呼和浩特,40.82,111.75,12.81,0.02
20210424,呼和浩特,40.82,111.75,12.04,0.0
20210425,呼和浩特,40.82,111.75,8.65,0.18
20210426,呼和浩特,40.82,111.75,6.16,0.0
20210427,呼和浩特,40.82,111.75,1.86,0.03
20210428,呼和浩特,40.82,111.75,3.11,0.15
20210429,呼和浩特,40.82,111.75,2.83,0.48
20210430,呼和浩特,40.82,111.75,3.5,3.47
20210501,呼和浩特,40.82,111.75,4.75,0.0
20210502,呼和浩特,40.82,111.75,10.22,0.0
20210503,呼和浩特,40.82,111.75,7.26,0.0
20210504,呼和浩特,40.82,111.75,3.04,0.27
20210505,呼和浩特,40.82,111.75,8.93,0.0
20210506,呼和浩特,40.82,111.75,3.42,0.1
20210507,呼和浩特,40.82,111.75,9.17,0.01
20210508,呼和浩特,40.82,111.75,9.94,0.03
20210509,呼和浩特,40.82,111.75,12.09,0.01
20210510,呼和浩特,40.82,111.75,12.77,0.0
20210511,呼和浩特,40.82,111.75,14.23,0.14
20210512,呼和浩特,40.82,111.75,14.75,0.24
20210513,呼和浩特,40.82,111.75,16.74,2.44
20210514,呼和浩特,40.82,111.75,14.74,9.85
20210515,呼和浩特,40.82,111.75,7.57,3.45
20210516,呼和浩特,40.82,111.75,10.96,0.01
20210517,呼和浩特,40.82,111.75,13.64,0.15
20210518,呼和浩特,40.82,111.75,15.43,0.0
20210519,呼和浩特,40.82,111.75,13.69,0.22
20210520,呼和浩特,40.82,111.75,13.57,0.08
20210521,呼和浩特,40.82,111.75,17.2,0.0
20210522,呼和浩特,40.82,111.75,13.68,0.78
20210523,呼和浩特,40.82,111.75,7.87,0.0
20210524,呼和浩特,40.82,111.75,6.47,0.03
20210525,呼和浩特,40.82,111.75,13.76,0.03
20210526,呼和浩特,40.82,111.75,10.92,0.17
20210527,呼和浩特,40.82,111.75,11.11,0.67
20210528,呼和浩特,40.82,111.75,14.13,0.0
20210529,呼和浩特,40.82,111.75,19.06,0.57
20210530,呼和浩特,40.82,111.75,17.58,0.0
20210531,呼和浩特,40.82,111.75,15.04,3.01
20210601,呼和浩特,40.82,111.75,14.23,0.01
20210602,呼和浩特,40.82,111.75,9.86,0.0
20210603,呼和浩特,40.82,111.75,10.58,0.0
20210604,呼和浩特,40.82,111.75,13.54,0.0
20210605,呼和浩特,40.82,111.75,17.09,0.0
20210606,呼和浩特,40.82,111.75,19.39,0.03
20210607,呼和浩特,40.82,111.75,18.78,0.03
20210608,呼和浩特,40.82,111.75,17.04,1.64
20210609,呼和浩特,40.82,111.75,14.61,0.82
20210610,呼和浩特,40.82,111.75,18.17,0.07
20210611,呼和浩特,40.82,111.75,18.57,0.05
20210612,呼和浩特,40.82,111.75,19.43,0.7
20210613,呼和浩特,40.82,111.75,19.52,8.37
20210614,呼和浩特,40.82,111.75,20.42,1.88
20210615,呼和浩特,40.82,111.75,21.82,0.11
20210616,呼和浩特,40.82,111.75,15.14,31.19
20210617,呼和浩特,40.82,111.75,14.83,0.0
20210618,呼和浩特,40.82,111.75,15.62,0.0
20210619,呼和浩特,40.82,111.75,17.32,0.0
20210620,呼和浩特,40.82,111.75,17.78,0.0
20210621,呼和浩特,40.82,111.75,19.27,0.04
20210622,呼和浩特,40.82,111.75,21.07,0.01
20210623,呼和浩特,40.82,111.75,19.06,13.95
20210624,呼和浩特,40.82,111.75,17.13,6.63
20210625,呼和浩特,40.82,111.75,21.27,0.3
20210626,呼和浩特,40.82,111.75,21.28,0.01
20210627,呼和浩特,40.82,111.75,23.19,0.0
20210628,呼和浩特,40.82,111.75,23.56,0.04
20210629,呼和浩特,40.82,111.75,21.42,0.04
20210630,呼和浩特,40.82,111.75,20.5,0.0
20210701,呼和浩特,40.82,111.75,21.55,0.09
20210702,呼和浩特,40.82,111.75,16.18,4.8
20210703,呼和浩特,40.82,111.75,17.75,2.43
20210704,呼和浩特,40.82,111.75,20.65,0.98
20210705,呼和浩特,40.82,111.75,18.53,14.38
20210706,呼和浩特,40.82,111.75,19.03,0.38
20210707,呼和浩特,40.82,111.75,22.14,2.48
20210708,呼和浩特,40.82,111.75,23.15,6.39
20210709,呼和浩特,40.82,111.75,24.89,0.02
20210710,呼和浩特,40.82,111.75,24.08,2.94
20210711,呼和浩特,40.82,111.75,23.08,3.79
20210712,呼和浩特,40.82,111.75,19.6,17.4
20210713,呼和浩特,40.82,111.75,23.09,0.6
20210714,呼和浩特,40.82,111.75,25.47,0.3
20210715,呼和浩特,40.82,111.75,22.28,7.77
20210716,呼和浩特,40.82,111.75,24.13,0.83
20210717,呼和浩特,40.82,111.75,22.79,4.02
20210718,呼和浩特,40.82,111.75,23.82,0.38
20210719,呼和浩特,40.82,111.75,23.13,0.17
20210720,呼和浩特,40.82,111.75,22.26,0.13
20210721,呼和浩特,40.82,111.75,21.12,0.0
20210722,呼和浩特,40.82,111.75,20.71,0.01
20210723,呼和浩特,40.82,111.75,21.41,0.09
20210724,呼和浩特,40.82,111.75,22.6,3.34
20210725,呼和浩特,40.82,111.75,20.91,10.55
20210726,呼和浩特,40.82,111.75,19.65,12.44
20210727,呼和浩特,40.82,111.75,19.85,2.69
20210728,呼和浩特,40.82,111.75,19.23,1.11
20210729,呼和浩特,40.82,111.75,21.47,0.84
20210730,呼和浩特,40.82,111.75,23.79,0.68
20210731,呼和浩特,40.82,111.75,20.5,0.0
20210801,呼和浩特,40.82,111.75,16.9,0.0
20210802,呼和浩特,40.82,111.75,19.83,0.01
20210803,呼和浩特,40.82,111.75,18.19,4.19
20210804,呼和浩特,40.82,111.75,18.65,0.68
20210805,呼和浩特,40.82,111.75,18.54,0.05
20210806,呼和浩特,40.82,111.75,19.81,0.0
20210807,呼和浩特,40.82,111.75,21.61,0.0
20210808,呼和浩特,40.82,111.75,18.21,4.67
20210809,呼和浩特,40.82,111.75,18.71,1.51
20210810,呼和浩特,40.82,111.75,17.99,0.0
20210811,呼和浩特,40.82,111.75,19.44,0.03
20210812,呼和浩特,40.82,111.75,20.6,0.0
20210813,呼和浩特,40.82,111.75,20.57,0.0
20210814,呼和浩特,40.82,111.75,17.69,3.71
20210815,呼和浩特,40.82,111.75,18.36,0.93
20210816,呼和浩特,40.82,111.75,20.77,0.01
20210817,呼和浩特,40.82,111.75,21.82,0.0
20210818,呼和浩特,40.82,111.75,19.66,23.03
20210819,呼和浩特,40.82,111.75,20.96,17.1
20210820,呼和浩特,40.82,111.75,17.55,9.45
20210821,呼和浩特,40.82,111.75,18.45,0.33
20210822,呼和浩特,40.82,111.75,18.96,0.02
20210823,呼和浩特,40.82,111.75,14.92,4.07
20210824,呼和浩特,40.82,111.75,9.73,4.55
20210825,呼和浩特,40.82,111.75,11.93,2.0
20210826,呼和浩特,40.82,111.75,12.65,1.1
20210827,呼和浩特,40.82,111.75,13.65,0.11
20210828,呼和浩特,40.82,111.75,13.93,3.66
20210829,呼和浩特,40.82,111.75,15.27,0.61
20210830,呼和浩特,40.82,111.75,16.18,0.55
20210831,呼和浩特,40.82,111.75,17.32,0.83
20210901,呼和浩特,40.82,111.75,16.85,1.0
20210902,呼和浩特,40.82,111.75,17.85,1.9
20210903,呼和浩特,40.82,111.75,19.06,0.13
20210904,呼和浩特,40.82,111.75,15.59,8.77
20210905,呼和浩特,40.82,111.75,11.89,0.75
20210906,呼和浩特,40.82,111.75,12.51,0.8
20210907,呼和浩特,40.82,111.75,15.34,0.52
20210908,呼和浩特,40.82,111.75,16.79,0.1
20210909,呼和浩特,40.82,111.75,15.22,0.0
20210910,呼和浩特,40.82,111.75,17.76,0.0
20210911,呼和浩特,40.82,111.75,19.58,0.44
20210912,呼和浩特,40.82,111.75,17.39,1.43
20210913,呼和浩特,40.82,111.75,17.5,1.9
20210914,呼和浩特,40.82,111.75,16.46,0.79
20210915,呼和浩特,40.82,111.75,14.73,8.97
20210916,呼和浩特,40.82,111.75,13.58,0.48
20210917,呼和浩特,40.82,111.75,13.85,0.0
20210918,呼和浩特,40.82,111.75,14.0,0.0
20210919,呼和浩特,40.82,111.75,11.74,1.91
20210920,呼和浩特,40.82,111.75,11.9,1.73
20210921,呼和浩特,40.82,111.75,13.16,0.0
20210922,呼和浩特,40.82,111.75,16.1,0.0
20210923,呼和浩特,40.82,111.75,15.54,0.45
20210924,呼和浩特,40.82,111.75,12.98,0.4
20210925,呼和浩特,40.82,111.75,13.55,0.04
20210926,呼和浩特,40.82,111.75,12.0,0.2
20210927,呼和浩特,40.82,111.75,12.8,0.0
20210928,呼和浩特,40.82,111.75,13.23,2.59
20210929,呼和浩特,40.82,111.75,12.5,0.0
20210930,呼和浩特,40.82,111.75,11.09,0.0
20211001,呼和浩特,40.82,111.75,10.39,0.0
20211002,呼和浩特,40.82,111.75,13.43,0.0
20211003,呼和浩特,40.82,111.75,10.5,0.35
20211004,呼和浩特,40.82,111.75,6.97,1.48
20211005,呼和浩特,40.82,111.75,5.32,0.46
20211006,呼和浩特,40.82,111.75,4.89,4.01
20211007,呼和浩特,40.82,111.75,6.83,0.12
20211008,呼和浩特,40.82,111.75,6.01,0.08
20211009,呼和浩特,40.82,111.75,5.47,0.17
20211010,呼和浩特,40.82,111.75,1.6,0.0
20211011,呼和浩特,40.82,111.75,3.4,0.0
20211012,呼和浩特,40.82,111.75,6.16,0.67
20211013,呼和浩特,40.82,111.75,7.69,6.73
20211014,呼和浩特,40.82,111.75,6.63,4.59
20211015,呼和浩特,40.82,111.75,-0.12,1.23
20211016,呼和浩特,40.82,111.75,-3.07,0.0
20211017,呼和浩特,40.82,111.75,0.86,0.0
20211018,呼和浩特,40.82,111.75,1.49,0.04
20211019,呼和浩特,40.82,111.75,0.42,0.01
20211020,呼和浩特,40.82,111.75,1.53,0.13
20211021,呼和浩特,40.82,111.75,0.36,0.04
20211022,呼和浩特,40.82,111.75,1.87,0.0
20211023,呼和浩特,40.82,111.75,3.23,0.0
20211024,呼和浩特,40.82,111.75,4.87,0.0
20211025,呼和浩特,40.82,111.75,4.03,0.0
20211026,呼和浩特,40.82,111.75,2.65,0.0
20211027,呼和浩特,40.82,111.75,4.27,0.0
20211028,呼和浩特,40.82,111.75,4.0,0.0
20211029,呼和浩特,40.82,111.75,3.08,0.0
20211030,呼和浩特,40.82,111.75,0.77,0.0
20211031,呼和浩特,40.82,111.75,0.47,0.0
20210401,济南,36.67,116.98,13.56,0.02
20210402,济南,36.67,116.98,12.49,14.83
20210403,济南,36.67,116.98,7.76,6.5
20210404,济南,36.67,116.98,9.2,0.0
20210405,济南,36.67,116.98,11.14,0.0
20210406,济南,36.67,116.98,12.5,0.0
20210407,济南,36.67,116.98,14.03,0.0
20210408,济南,36.67,116.98,13.81,0.0
20210409,济南,36.67,116.98,14.24,0.0
20210410,济南,36.67,116.98,14.88,0.0
20210411,济南,36.67,116.98,13.6,0.38
20210412,济南,36.67,116.98,15.39,0.82
20210413,济南,36.67,116.98,10.45,1.03
20210414,济南,36.67,116.98,11.21,0.36
20210415,济南,36.67,116.98,13.96,1.6
20210416,济南,36.67,116.98,12.65,0.0
20210417,济南,36.67,116.98,10.11,0.03
20210418,济南,36.67,116.98,12.63,0.03
20210419,济南,36.67,116.98,15.71,0.0
20210420,济南,36.67,116.98,14.65,0.04
20210421,济南,36.67,116.98,14.11,0.83
20210422,济南,36.67,116.98,13.52,14.17
20210423,济南,36.67,116.98,12.59,0.8
20210424,济南,36.67,116.98,12.87,0.52
20210425,济南,36.67,116.98,13.21,1.29
20210426,济南,36.67,116.98,13.58,10.82
20210427,济南,36.67,116.98,15.56,0.03
20210428,济南,36.67,116.98,14.93,0.0
20210429,济南,36.67,116.98,13.89,0.0
20210430,济南,36.67,116.98,12.66,1.34
20210501,济南,36.67,116.98,13.23,0.0
20210502,济南,36.67,116.98,13.4,0.0
20210503,济南,36.67,116.98,13.6,6.17
20210504,济南,36.67,116.98,15.8,0.27
20210505,济南,36.67,116.98,17.37,0.88
20210506,济南,36.67,116.98,20.0,0.0
20210507,济南,36.67,116.98,16.65,0.0
20210508,济南,36.67,116.98,18.57,0.0
20210509,济南,36.67,116.98,21.0,0.0
20210510,济南,36.67,116.98,19.92,0.0
20210511,济南,36.67,116.98,17.87,0.0
20210512,济南,36.67,116.98,21.0,0.0
20210513,济南,36.67,116.98,22.35,0.03
20210514,济南,36.67,116.98,21.56,1.56
20210515,济南,36.67,116.98,18.75,5.88
20210516,济南,36.67,116.98,14.86,8.41
20210517,济南,36.67,116.98,18.23,0.0
20210518,济南,36.67,116.98,19.83,0.0
20210519,济南,36.67,116.98,19.82,0.0
20210520,济南,36.67,116.98,20.02,0.0
20210521,济南,36.67,116.98,22.44,0.0
20210522,济南,36.67,116.98,25.03,0.41
20210523,济南,36.67,116.98,19.92,2.76
20210524,济南,36.67,116.98,21.63,0.04
20210525,济南,36.67,116.98,21.63,0.04
20210526,济南,36.67,116.98,23.09,5.39
20210527,济南,36.67,116.98,24.29,0.07
20210528,济南,36.67,116.98,21.48,0.07
20210529,济南,36.67,116.98,22.83,0.0
20210530,济南,36.67,116.98,22.21,0.0
20210531,济南,36.67,116.98,25.68,2.0
20210601,济南,36.67,116.98,22.98,3.75
20210602,济南,36.67,116.98,25.39,12.6
20210603,济南,36.67,116.98,21.54,4.35
20210604,济南,36.67,116.98,22.92,0.1
20210605,济南,36.67,116.98,24.68,0.0
20210606,济南,36.67,116.98,27.04,0.0
20210607,济南,36.67,116.98,26.85,0.0
20210608,济南,36.67,116.98,27.43,0.0
20210609,济南,36.67,116.98,26.19,1.01
20210610,济南,36.67,116.98,23.86,3.52
20210611,济南,36.67,116.98,26.82,0.0
20210612,济南,36.67,116.98,27.21,1.34
20210613,济南,36.67,116.98,27.88,1.6
20210614,济南,36.67,116.98,25.24,52.98
20210615,济南,36.67,116.98,24.69,1.31
20210616,济南,36.67,116.98,24.08,2.05
20210617,济南,36.67,116.98,22.96,16.59
20210618,济南,36.67,116.98,24.07,0.0
20210619,济南,36.67,116.98,25.39,0.0
20210620,济南,36.67,116.98,26.89,0.0
20210621,济南,36.67,116.98,27.68,0.0
20210622,济南,36.67,116.98,28.13,0.0
20210623,济南,36.67,116.98,26.33,0.07
20210624,济南,36.67,116.98,26.87,0.0
20210625,济南,36.67,116.98,26.14,0.22
20210626,济南,36.67,116.98,27.04,0.25
20210627,济南,36.67,116.98,27.66,5.83
20210628,济南,36.67,116.98,28.99,0.74
20210629,济南,36.67,116.98,25.45,23.05
20210630,济南,36.67,116.98,27.25,10.21
20210701,济南,36.67,116.98,24.86,1.62
20210702,济南,36.67,116.98,25.96,0.99
20210703,济南,36.67,116.98,24.72,8.92
20210704,济南,36.67,116.98,27.3,0.01
20210705,济南,36.67,116.98,27.13,13.32
20210706,济南,36.67,116.98,25.47,0.0
20210707,济南,36.67,116.98,26.76,3.03
20210708,济南,36.67,116.98,27.18,1.98
20210709,济南,36.67,116.98,28.58,8.83
20210710,济南,36.67,116.98,29.16,9.99
20210711,济南,36.67,116.98,27.45,24.0
20210712,济南,36.67,116.98,27.67,52.54
20210713,济南,36.67,116.98,28.11,19.14
20210714,济南,36.67,116.98,28.11,16.64
20210715,济南,36.67,116.98,25.91,10.92
20210716,济南,36.67,116.98,26.34,21.57
20210717,济南,36.67,116.98,25.25,6.11
20210718,济南,36.67,116.98,26.02,0.16
20210719,济南,36.67,116.98,26.15,0.0
20210720,济南,36.67,116.98,24.99,0.9
20210721,济南,36.67,116.98,25.49,4.58
20210722,济南,36.67,116.98,25.04,0.4
20210723,济南,36.67,116.98,26.69,0.02
20210724,济南,36.67,116.98,27.25,1.09
20210725,济南,36.67,116.98,26.8,0.0
20210726,济南,36.67,116.98,27.55,0.02
20210727,济南,36.67,116.98,25.64,9.77
20210728,济南,36.67,116.98,23.47,36.2
20210729,济南,36.67,116.98,22.51,102.33
20210730,济南,36.67,116.98,23.47,1.67
20210731,济南,36.67,116.98,27.28,6.48
20210801,济南,36.67,116.98,26.28,24.83
20210802,济南,36.67,116.98,24.75,0.11
20210803,济南,36.67,116.98,25.78,0.0
20210804,济南,36.67,116.98,26.87,0.0
20210805,济南,36.67,116.98,26.06,5.07
20210806,济南,36.67,116.98,26.7,0.5
20210807,济南,36.67,116.98,26.09,14.08
20210808,济南,36.67,116.98,25.8,0.0
20210809,济南,36.67,116.98,25.72,0.62
20210810,济南,36.67,116.98,26.05,1.52
20210811,济南,36.67,116.98,26.28,0.42
20210812,济南,36.67,116.98,24.74,6.99
20210813,济南,36.67,116.98,22.56,0.28
20210814,济南,36.67,116.98,22.64,0.05
20210815,济南,36.67,116.98,24.19,0.0
20210816,济南,36.67,116.98,24.97,0.2
20210817,济南,36.67,116.98,24.79,0.54
20210818,济南,36.67,116.98,23.39,0.01
20210819,济南,36.67,116.98,23.47,1.26
20210820,济南,36.67,116.98,23.23,15.86
20210821,济南,36.67,116.98,23.75,0.17
20210822,济南,36.67,116.98,24.43,4.53
20210823,济南,36.67,116.98,24.48,7.67
20210824,济南,36.67,116.98,23.0,0.0
20210825,济南,36.67,116.98,22.91,0.07
20210826,济南,36.67,116.98,23.33,0.06
20210827,济南,36.67,116.98,21.51,0.01
20210828,济南,36.67,116.98,20.52,4.31
20210829,济南,36.67,116.98,21.86,17.95
20210830,济南,36.67,116.98,22.42,53.63
20210831,济南,36.67,116.98,21.7,50.01
20210901,济南,36.67,116.98,20.69,3.97
20210902,济南,36.67,116.98,22.93,0.83
20210903,济南,36.67,116.98,23.09,0.05
20210904,济南,36.67,116.98,22.04,45.75
20210905,济南,36.67,116.98,20.97,7.31
20210906,济南,36.67,116.98,20.09,10.58
20210907,济南,36.67,116.98,20.04,0.49
20210908,济南,36.67,116.98,20.82,0.1
20210909,济南,36.67,116.98,22.56,0.0
20210910,济南,36.67,116.98,23.92,0.0
20210911,济南,36.67,116.98,24.86,0.0
20210912,济南,36.67,116.98,25.15,0.0
20210913,济南,36.67,116.98,23.9,0.0
20210914,济南,36.67,116.98,21.7,0.0
20210915,济南,36.67,116.98,20.1,0.0
20210916,济南,36.67,116.98,21.58,0.04
20210917,济南,36.67,116.98,20.77,0.29
20210918,济南,36.67,116.98,19.95,6.66
20210919,济南,36.67,116.98,20.84,49.79
20210920,济南,36.67,116.98,19.06,29.61
20210921,济南,36.67,116.98,21.26,0.96
20210922,济南,36.67,116.98,21.82,0.0
20210923,济南,36.67,116.98,22.48,9.37
20210924,济南,36.67,116.98,22.22,2.57
20210925,济南,36.67,116.98,19.53,35.55
20210926,济南,36.67,116.98,20.88,8.95
20210927,济南,36.67,116.98,20.06,1.14
20210928,济南,36.67,116.98,18.83,2.61
20210929,济南,36.67,116.98,20.12,0.02
20210930,济南,36.67,116.98,20.37,0.0
20211001,济南,36.67,116.98,20.25,0.0
20211002,济南,36.67,116.98,21.55,0.04
20211003,济南,36.67,116.98,22.88,12.2
20211004,济南,36.67,116.98,19.33,10.98
20211005,济南,36.67,116.98,14.35,10.94
20211006,济南,36.67,116.98,13.92,5.96
20211007,济南,36.67,116.98,13.47,6.34
20211008,济南,36.67,116.98,15.22,3.54
20211009,济南,36.67,116.98,17.28,1.39
20211010,济南,36.67,116.98,13.38,1.06
20211011,济南,36.67,116.98,10.75,0.0
20211012,济南,36.67,116.98,11.61,0.0
20211013,济南,36.67,116.98,14.68,0.0
20211014,济南,36.67,116.98,15.97,5.0
20211015,济南,36.67,116.98,14.56,1.03
20211016,济南,36.67,116.98,7.53,0.0
20211017,济南,36.67,116.98,6.36,0.0
20211018,济南,36.67,116.98,9.29,0.0
20211019,济南,36.67,116.98,8.65,0.0
20211020,济南,36.67,116.98,8.88,0.02
20211021,济南,36.67,116.98,10.4,0.03
20211022,济南,36.67,116.98,8.68,0.0
20211023,济南,36.67,116.98,10.46,0.0
20211024,济南,36.67,116.98,10.26,0.0
20211025,济南,36.67,116.98,10.68,0.0
20211026,济南,36.67,116.98,11.13,0.0
20211027,济南,36.67,116.98,12.59,0.0
20211028,济南,36.67,116.98,13.53,0.0
20211029,济南,36.67,116.98,12.3,0.23
20211030,济南,36.67,116.98,13.33,0.22
20211031,济南,36.67,116.98,12.3,1.04
20210401,郑州,34.76,113.65,13.8,0.68
20210402,郑州,34.76,113.65,12.49,7.02
20210403,郑州,34.76,113.65,10.85,1.06
20210404,郑州,34.76,113.65,11.98,0.0
20210405,郑州,34.76,113.65,12.27,0.0
20210406,郑州,34.76,113.65,13.83,0.0
20210407,郑州,34.76,113.65,14.55,0.01
20210408,郑州,34.76,113.65,14.83,0.0
20210409,郑州,34.76,113.65,14.64,0.0
20210410,郑州,34.76,113.65,15.13,0.0
20210411,郑州,34.76,113.65,15.23,0.0
20210412,郑州,34.76,113.65,18.84,0.0
20210413,郑州,34.76,113.65,15.05,0.0
20210414,郑州,34.76,113.65,15.57,0.0
20210415,郑州,34.76,113.65,17.79,0.0
20210416,郑州,34.76,113.65,16.47,0.0
20210417,郑州,34.76,113.65,14.73,0.0
20210418,郑州,34.76,113.65,15.93,0.0
20210419,郑州,34.76,113.65,18.58,0.0
20210420,郑州,34.76,113.65,16.07,15.14
20210421,郑州,34.76,113.65,14.8,3.17
20210422,郑州,34.76,113.65,16.91,0.4
20210423,郑州,34.76,113.65,16.26,5.79
20210424,郑州,34.76,113.65,14.14,3.18
20210425,郑州,34.76,113.65,16.12,1.36
20210426,郑州,34.76,113.65,17.56,0.06
20210427,郑州,34.76,113.65,20.21,0.0
20210428,郑州,34.76,113.65,19.12,0.0
20210429,郑州,34.76,113.65,20.8,0.0
20210430,郑州,34.76,113.65,20.74,0.0
20210501,郑州,34.76,113.65,19.61,0.0
20210502,郑州,34.76,113.65,16.35,0.76
20210503,郑州,34.76,113.65,16.22,2.41
20210504,郑州,34.76,113.65,19.65,0.0
20210505,郑州,34.76,113.65,20.28,0.0
20210506,郑州,34.76,113.65,23.95,0.0
20210507,郑州,34.76,113.65,21.76,0.0
20210508,郑州,34.76,113.65,25.43,0.0
20210509,郑州,34.76,113.65,24.38,0.0
20210510,郑州,34.76,113.65,23.46,0.0
20210511,郑州,34.76,113.65,21.35,0.0
20210512,郑州,34.76,113.65,23.89,0.0
20210513,郑州,34.76,113.65,24.2,0.09
20210514,郑州,34.76,113.65,24.77,2.94
20210515,郑州,34.76,113.65,21.8,22.2
20210516,郑州,34.76,113.65,17.62,3.76
20210517,郑州,34.76,113.65,19.05,0.0
20210518,郑州,34.76,113.65,22.36,0.0
20210519,郑州,34.76,113.65,20.95,0.0
20210520,郑州,34.76,113.65,22.82,0.12
20210521,郑州,34.76,113.65,24.59,0.06
20210522,郑州,34.76,113.65,26.14,0.03
20210523,郑州,34.76,113.65,23.24,0.47
20210524,郑州,34.76,113.65,25.16,0.0
20210525,郑州,34.76,113.65,22.85,0.0
20210526,郑州,34.76,113.65,25.92,0.0
20210527,郑州,34.76,113.65,27.98,0.03
20210528,郑州,34.76,113.65,26.52,0.0
20210529,郑州,34.76,113.65,28.61,0.0
20210530,郑州,34.76,113.65,27.0,0.0
20210531,郑州,34.76,113.65,29.24,0.08
20210601,郑州,34.76,113.65,24.45,1.31
20210602,郑州,34.76,113.65,29.19,5.65
20210603,郑州,34.76,113.65,23.77,8.12
20210604,郑州,34.76,113.65,26.48,0.14
20210605,郑州,34.76,113.65,29.54,0.0
20210606,郑州,34.76,113.65,30.47,0.0
20210607,郑州,34.76,113.65,31.2,1.41
20210608,郑州,34.76,113.65,28.62,0.0
20210609,郑州,34.76,113.65,28.39,0.04
20210610,郑州,34.76,113.65,26.81,0.83
20210611,郑州,34.76,113.65,29.81,0.05
20210612,郑州,34.76,113.65,30.19,2.0
20210613,郑州,34.76,113.65,28.61,1.85
20210614,郑州,34.76,113.65,28.72,18.07
20210615,郑州,34.76,113.65,29.07,0.61
20210616,郑州,34.76,113.65,27.34,1.54
20210617,郑州,34.76,113.65,26.02,0.72
20210618,郑州,34.76,113.65,26.69,0.44
20210619,郑州,34.76,113.65,28.84,0.09
20210620,郑州,34.76,113.65,30.16,0.0
20210621,郑州,34.76,113.65,31.23,0.0
20210622,郑州,34.76,113.65,30.51,0.0
20210623,郑州,34.76,113.65,30.27,0.0
20210624,郑州,34.76,113.65,30.45,0.0
20210625,郑州,34.76,113.65,29.34,5.04
20210626,郑州,34.76,113.65,30.28,0.0
20210627,郑州,34.76,113.65,30.94,0.03
20210628,郑州,34.76,113.65,33.5,0.56
20210629,郑州,34.76,113.65,31.92,3.75
20210630,郑州,34.76,113.65,33.1,2.59
20210701,郑州,34.76,113.65,27.14,0.13
20210702,郑州,34.76,113.65,27.69,37.49
20210703,郑州,34.76,113.65,27.99,2.08
20210704,郑州,34.76,113.65,30.03,0.0
20210705,郑州,34.76,113.65,29.04,0.01
20210706,郑州,34.76,113.65,28.87,0.06
20210707,郑州,34.76,113.65,30.56,0.07
20210708,郑州,34.76,113.65,31.04,2.29
20210709,郑州,34.76,113.65,32.59,1.63
20210710,郑州,34.76,113.65,32.81,0.42
20210711,郑州,34.76,113.65,28.91,48.95
20210712,郑州,34.76,113.65,30.6,1.65
20210713,郑州,34.76,113.65,32.42,0.2
20210714,郑州,34.76,113.65,32.81,9.5
20210715,郑州,34.76,113.65,31.21,6.34
20210716,郑州,34.76,113.65,29.51,1.78
20210717,郑州,34.76,113.65,28.44,0.53
20210718,郑州,34.76,113.65,26.92,22.45
20210719,郑州,34.76,113.65,25.4,65.47
20210720,郑州,34.76,113.65,25.28,306.96
20210721,郑州,34.76,113.65,26.09,104.41
20210722,郑州,34.76,113.65,26.32,27.32
20210723,郑州,34.76,113.65,26.13,5.83
20210724,郑州,34.76,113.65,26.94,2.8
20210725,郑州,34.76,113.65,28.16,0.0
20210726,郑州,34.76,113.65,28.67,0.0
20210727,郑州,34.76,113.65,27.91,2.91
20210728,郑州,34.76,113.65,26.04,3.21
20210729,郑州,34.76,113.65,25.01,1.23
20210730,郑州,34.76,113.65,27.09,0.13
20210731,郑州,34.76,113.65,29.82,0.27
20210801,郑州,34.76,113.65,27.82,0.51
20210802,郑州,34.76,113.65,26.29,0.02
20210803,郑州,34.76,113.65,26.66,0.0
20210804,郑州,34.76,113.65,28.57,0.25
20210805,郑州,34.76,113.65,28.23,2.95
20210806,郑州,34.76,113.65,28.0,0.01
20210807,郑州,34.76,113.65,28.69,3.71
20210808,郑州,34.76,113.65,27.73,1.04
20210809,郑州,34.76,113.65,27.95,0.1
20210810,郑州,34.76,113.65,26.24,1.26
20210811,郑州,34.76,113.65,26.69,0.06
20210812,郑州,34.76,113.65,26.1,9.06
20210813,郑州,34.76,113.65,24.56,13.95
20210814,郑州,34.76,113.65,24.66,0.05
20210815,郑州,34.76,113.65,25.19,0.03
20210816,郑州,34.76,113.65,26.35,0.09
20210817,郑州,34.76,113.65,27.4,0.0
20210818,郑州,34.76,113.65,26.89,0.01
20210819,郑州,34.76,113.65,26.73,2.86
20210820,郑州,34.76,113.65,25.94,7.03
20210821,郑州,34.76,113.65,26.27,0.03
20210822,郑州,34.76,113.65,25.06,56.21
20210823,郑州,34.76,113.65,25.08,1.71
20210824,郑州,34.76,113.65,24.53,0.0
20210825,郑州,34.76,113.65,23.36,0.0
20210826,郑州,34.76,113.65,23.38,0.13
20210827,郑州,34.76,113.65,23.06,0.07
20210828,郑州,34.76,113.65,21.01,16.05
20210829,郑州,34.76,113.65,21.38,35.26
20210830,郑州,34.76,113.65,22.33,65.61
20210831,郑州,34.76,113.65,22.46,15.48
20210901,郑州,34.76,113.65,20.64,37.94
20210902,郑州,34.76,113.65,23.59,0.05
20210903,郑州,34.76,113.65,24.05,2.44
20210904,郑州,34.76,113.65,21.93,38.96
20210905,郑州,34.76,113.65,21.12,7.31
20210906,郑州,34.76,113.65,22.15,2.99
20210907,郑州,34.76,113.65,22.78,0.24
20210908,郑州,34.76,113.65,23.03,0.0
20210909,郑州,34.76,113.65,24.78,0.0
20210910,郑州,34.76,113.65,25.59,0.0
20210911,郑州,34.76,113.65,25.96,0.0
20210912,郑州,34.76,113.65,25.75,0.0
20210913,郑州,34.76,113.65,25.16,0.0
20210914,郑州,34.76,113.65,24.77,0.0
20210915,郑州,34.76,113.65,23.63,0.0
20210916,郑州,34.76,113.65,23.07,1.08
20210917,郑州,34.76,113.65,20.88,8.21
20210918,郑州,34.76,113.65,20.67,34.18
20210919,郑州,34.76,113.65,18.39,31.43
20210920,郑州,34.76,113.65,20.53,0.01
20210921,郑州,34.76,113.65,23.08,0.0
20210922,郑州,34.76,113.65,23.31,0.38
20210923,郑州,34.76,113.65,23.88,1.75
20210924,郑州,34.76,113.65,21.6,37.73
20210925,郑州,34.76,113.65,20.07,14.38
20210926,郑州,34.76,113.65,20.36,12.62
20210927,郑州,34.76,113.65,20.03,10.44
20210928,郑州,34.76,113.65,18.94,41.53
20210929,郑州,34.76,113.65,20.36,0.02
20210930,郑州,34.76,113.65,21.74,0.0
20211001,郑州,34.76,113.65,20.78,0.0
20211002,郑州,34.76,113.65,22.88,0.1
20211003,郑州,34.76,113.65,25.25,6.41
20211004,郑州,34.76,113.65,17.94,4.4
20211005,郑州,34.76,113.65,12.74,9.29
20211006,郑州,34.76,113.65,12.78,5.97
20211007,郑州,34.76,113.65,12.71,2.67
20211008,郑州,34.76,113.65,14.09,2.71
20211009,郑州,34.76,113.65,16.69,1.62
20211010,郑州,34.76,113.65,14.77,0.77
20211011,郑州,34.76,113.65,13.28,1.73
20211012,郑州,34.76,113.65,13.36,0.02
20211013,郑州,34.76,113.65,16.22,0.54
20211014,郑州,34.76,113.65,18.44,5.88
20211015,郑州,34.76,113.65,16.57,1.55
20211016,郑州,34.76,113.65,10.23,0.0
20211017,郑州,34.76,113.65,7.89,0.01
20211018,郑州,34.76,113.65,12.19,0.0
20211019,郑州,34.76,113.65,10.33,1.26
20211020,郑州,34.76,113.65,10.4,2.89
20211021,郑州,34.76,113.65,10.85,0.03
20211022,郑州,34.76,113.65,11.02,0.0
20211023,郑州,34.76,113.65,11.24,0.0
20211024,郑州,34.76,113.65,12.84,0.0
20211025,郑州,34.76,113.65,13.62,0.0
20211026,郑州,34.76,113.65,13.41,0.0
20211027,郑州,34.76,113.65,12.91,0.0
20211028,郑州,34.76,113.65,14.7,0.03
20211029,郑州,34.76,113.65,15.1,0.01
20211030,郑州,34.76,113.65,15.65,0.0
20211031,郑州,34.76,113.65,13.19,0.0
20220401,哈尔滨,45.75,126.63,1.76,0.0
20220402,哈尔滨,45.75,126.63,4.03,0.0
20220403,哈尔滨,45.75,126.63,8.07,0.0
20220404,哈尔滨,45.75,126.63,8.79,0.0
20220405,哈尔滨,45.75,126.63,3.03,0.44
20220406,哈尔滨,45.75,126.63,-0.19,0.06
20220407,哈尔滨,45.75,126.63,1.16,0.06
20220408,哈尔滨,45.75,126.63,6.54,0.11
20220409,哈尔滨,45.75,126.63,9.35,0.02
20220410,哈尔滨,45.75,126.63,11.27,0.01
20220411,哈尔滨,45.75,126.63,4.33,6.01
20220412,哈尔滨,45.75,126.63,4.94,0.01
20220413,哈尔滨,45.75,126.63,5.78,0.0
20220414,哈尔滨,45.75,126.63,5.5,0.0
20220415,哈尔滨,45.75,126.63,6.81,0.0
20220416,哈尔滨,45.75,126.63,6.02,0.0
20220417,哈尔滨,45.75,126.63,4.27,0.0
20220418,哈尔滨,45.75,126.63,6.43,0.0
20220419,哈尔滨,45.75,126.63,13.46,0.0
20220420,哈尔滨,45.75,126.63,16.97,0.08
20220421,哈尔滨,45.75,126.63,11.03,11.09
20220422,哈尔滨,45.75,126.63,6.41,1.04
20220423,哈尔滨,45.75,126.63,11.13,0.15
20220424,哈尔滨,45.75,126.63,9.36,0.26
20220425,哈尔滨,45.75,126.63,12.36,3.47
20220426,哈尔滨,45.75,126.63,9.28,2.85
20220427,哈尔滨,45.75,126.63,5.96,0.03
20220428,哈尔滨,45.75,126.63,7.21,0.0
20220429,哈尔滨,45.75,126.63,9.2,0.27
20220430,哈尔滨,45.75,126.63,4.95,7.33
20220501,哈尔滨,45.75,126.63,4.35,1.45
20220502,哈尔滨,45.75,126.63,8.6,0.27
20220503,哈尔滨,45.75,126.63,13.63,0.44
20220504,哈尔滨,45.75,126.63,16.14,0.11
20220505,哈尔滨,45.75,126.63,18.39,6.39
20220506,哈尔滨,45.75,126.63,7.68,1.8
20220507,哈尔滨,45.75,126.63,9.3,0.24
20220508,哈尔滨,45.75,126.63,11.67,0.0
20220509,哈尔滨,45.75,126.63,14.82,0.0
20220510,哈尔滨,45.75,126.63,16.04,0.01
20220511,哈尔滨,45.75,126.63,10.62,3.58
20220512,哈尔滨,45.75,126.63,9.03,0.1
20220513,哈尔滨,45.75,126.63,8.4,0.49
20220514,哈尔滨,45.75,126.63,9.53,0.27
20220515,哈尔滨,45.75,126.63,11.58,0.3
20220516,哈尔滨,45.75,126.63,12.85,0.02
20220517,哈尔滨,45.75,126.63,14.55,0.29
20220518,哈尔滨,45.75,126.63,15.19,0.0
20220519,哈尔滨,45.75,126.63,16.95,0.07
20220520,哈尔滨,45.75,126.63,20.68,0.28
20220521,哈尔滨,45.75,126.63,17.86,1.48
20220522,哈尔滨,45.75,126.63,16.75,0.07
20220523,哈尔滨,45.75,126.63,21.03,0.46
20220524,哈尔滨,45.75,126.63,14.72,4.31
20220525,哈尔滨,45.75,126.63,11.27,3.99
20220526,哈尔滨,45.75,126.63,13.46,21.84
20220527,哈尔滨,45.75,126.63,14.98,0.88
20220528,哈尔滨,45.75,126.63,18.67,0.48
20220529,哈尔滨,45.75,126.63,17.01,15.54
20220530,哈尔滨,45.75,126.63,13.95,4.94
20220531,哈尔滨,45.75,126.63,14.83,0.16
20220601,哈尔滨,45.75,126.63,14.54,2.24
20220602,哈尔滨,45.75,126.63,15.11,0.63
20220603,哈尔滨,45.75,126.63,17.12,0.01
20220604,哈尔滨,45.75,126.63,16.11,1.92
20220605,哈尔滨,45.75,126.63,10.69,15.09
20220606,哈尔滨,45.75,126.63,11.44,8.54
20220607,哈尔滨,45.75,126.63,16.84,0.18
20220608,哈尔滨,45.75,126.63,19.37,0.02
20220609,哈尔滨,45.75,126.63,19.59,0.46
20220610,哈尔滨,45.75,126.63,17.43,3.2
20220611,哈尔滨,45.75,126.63,19.31,0.15
20220612,哈尔滨,45.75,126.63,20.69,2.63
20220613,哈尔滨,45.75,126.63,18.61,9.17
20220614,哈尔滨,45.75,126.63,20.06,1.24
20220615,哈尔滨,45.75,126.63,20.64,1.3
20220616,哈尔滨,45.75,126.63,19.62,18.96
20220617,哈尔滨,45.75,126.63,20.08,3.28
20220618,哈尔滨,45.75,126.63,22.18,1.56
20220619,哈尔滨,45.75,126.63,22.87,0.87
20220620,哈尔滨,45.75,126.63,23.57,9.44
20220621,哈尔滨,45.75,126.63,24.58,6.15
20220622,哈尔滨,45.75,126.63,23.76,2.04
20220623,哈尔滨,45.75,126.63,20.97,2.56
20220624,哈尔滨,45.75,126.63,19.79,17.51
20220625,哈尔滨,45.75,126.63,20.3,6.04
20220626,哈尔滨,45.75,126.63,22.2,1.36
20220627,哈尔滨,45.75,126.63,24.16,0.91
20220628,哈尔滨,45.75,126.63,22.18,3.22
20220629,哈尔滨,45.75,126.63,23.06,0.15
20220630,哈尔滨,45.75,126.63,23.48,0.1
20220701,哈尔滨,45.75,126.63,23.78,3.35
20220702,哈尔滨,45.75,126.63,23.43,8.21
20220703,哈尔滨,45.75,126.63,24.46,3.38
20220704,哈尔滨,45.75,126.63,25.44,0.68
20220705,哈尔滨,45.75,126.63,25.07,1.05
20220706,哈尔滨,45.75,126.63,25.84,6.54
20220707,哈尔滨,45.75,126.63,23.97,8.21
20220708,哈尔滨,45.75,126.63,24.16,2.28
20220709,哈尔滨,45.75,126.63,23.41,0.77
20220710,哈尔滨,45.75,126.63,23.05,3.65
20220711,哈尔滨,45.75,126.63,23.99,2.14
20220712,哈尔滨,45.75,126.63,24.79,1.66
20220713,哈尔滨,45.75,126.63,23.75,1.03
20220714,哈尔滨,45.75,126.63,21.4,7.46
20220715,哈尔滨,45.75,126.63,21.5,0.68
20220716,哈尔滨,45.75,126.63,22.48,0.17
20220717,哈尔滨,45.75,126.63,21.53,0.26
20220718,哈尔滨,45.75,126.63,21.86,4.64
20220719,哈尔滨,45.75,126.63,23.07,1.41
20220720,哈尔滨,45.75,126.63,24.98,0.09
20220721,哈尔滨,45.75,126.63,24.66,0.22
20220722,哈尔滨,45.75,126.63,24.04,0.21
20220723,哈尔滨,45.75,126.63,23.54,0.1
20220724,哈尔滨,45.75,126.63,20.91,6.46
20220725,哈尔滨,45.75,126.63,23.57,0.74
20220726,哈尔滨,45.75,126.63,24.8,0.34
20220727,哈尔滨,45.75,126.63,27.09,0.08
20220728,哈尔滨,45.75,126.63,27.53,3.82
20220729,哈尔滨,45.75,126.63,25.2,13.04
20220730,哈尔滨,45.75,126.63,24.28,9.02
20220731,哈尔滨,45.75,126.63,25.86,5.32
20220801,哈尔滨,45.75,126.63,26.73,4.02
20220802,哈尔滨,45.75,126.63,27.55,2.44
20220803,哈尔滨,45.75,126.63,26.45,0.63
20220804,哈尔滨,45.75,126.63,26.81,7.14
20220805,哈尔滨,45.75,126.63,26.04,28.28
20220806,哈尔滨,45.75,126.63,24.88,0.78
20220807,哈尔滨,45.75,126.63,22.55,29.41
20220808,哈尔滨,45.75,126.63,19.67,0.04
20220809,哈尔滨,45.75,126.63,20.56,0.14
20220810,哈尔滨,45.75,126.63,20.71,0.2
20220811,哈尔滨,45.75,126.63,20.32,0.4
20220812,哈尔滨,45.75,126.63,20.08,0.3
20220813,哈尔滨,45.75,126.63,20.08,16.75
20220814,哈尔滨,45.75,126.63,20.25,0.29
20220815,哈尔滨,45.75,126.63,20.2,0.31
20220816,哈尔滨,45.75,126.63,21.72,0.01
20220817,哈尔滨,45.75,126.63,22.39,0.04
20220818,哈尔滨,45.75,126.63,23.15,11.44
20220819,哈尔滨,45.75,126.63,19.82,44.59
20220820,哈尔滨,45.75,126.63,17.79,0.81
20220821,哈尔滨,45.75,126.63,18.83,3.23
20220822,哈尔滨,45.75,126.63,16.65,36.71
20220823,哈尔滨,45.75,126.63,16.28,0.24
20220824,哈尔滨,45.75,126.63,17.5,0.41
20220825,哈尔滨,45.75,126.63,16.02,10.48
20220826,哈尔滨,45.75,126.63,14.65,0.25
20220827,哈尔滨,45.75,126.63,14.25,0.32
20220828,哈尔滨,45.75,126.63,17.39,0.0
20220829,哈尔滨,45.75,126.63,16.6,1.52
20220830,哈尔滨,45.75,126.63,17.0,0.41
20220831,哈尔滨,45.75,126.63,18.22,1.51
20220901,哈尔滨,45.75,126.63,14.91,1.73
20220902,哈尔滨,45.75,126.63,16.69,0.97
20220903,哈尔滨,45.75,126.63,18.63,0.0
20220904,哈尔滨,45.75,126.63,17.62,2.97
20220905,哈尔滨,45.75,126.63,16.88,1.85
20220906,哈尔滨,45.75,126.63,14.47,1.65
20220907,哈尔滨,45.75,126.63,15.38,0.82
20220908,哈尔滨,45.75,126.63,18.87,0.14
20220909,哈尔滨,45.75,126.63,18.39,0.01
20220910,哈尔滨,45.75,126.63,19.91,0.0
20220911,哈尔滨,45.75,126.63,21.15,0.02
20220912,哈尔滨,45.75,126.63,20.64,0.02
20220913,哈尔滨,45.75,126.63,14.56,0.02
20220914,哈尔滨,45.75,126.63,16.85,0.0
20220915,哈尔滨,45.75,126.63,17.53,0.36
20220916,哈尔滨,45.75,126.63,16.58,0.21
20220917,哈尔滨,45.75,126.63,16.31,1.76
20220918,哈尔滨,45.75,126.63,15.0,0.05
20220919,哈尔滨,45.75,126.63,8.79,0.0
20220920,哈尔滨,45.75,126.63,7.72,0.0
20220921,哈尔滨,45.75,126.63,13.82,0.0
20220922,哈尔滨,45.75,126.63,15.43,0.32
20220923,哈尔滨,45.75,126.63,12.87,6.41
20220924,哈尔滨,45.75,126.63,12.77,1.86
20220925,哈尔滨,45.75,126.63,15.24,0.0
20220926,哈尔滨,45.75,126.63,12.14,0.0
20220927,哈尔滨,45.75,126.63,15.15,0.0
20220928,哈尔滨,45.75,126.63,15.28,0.05
20220929,哈尔滨,45.75,126.63,15.69,0.02
20220930,哈尔滨,45.75,126.63,15.33,2.93
20221001,哈尔滨,45.75,126.63,9.55,0.01
20221002,哈尔滨,45.75,126.63,13.98,1.67
20221003,哈尔滨,45.75,126.63,5.86,10.41
20221004,哈尔滨,45.75,126.63,2.41,0.01
20221005,哈尔滨,45.75,126.63,1.7,0.0
20221006,哈尔滨,45.75,126.63,3.48,0.0
20221007,哈尔滨,45.75,126.63,5.55,0.0
20221008,哈尔滨,45.75,126.63,7.31,6.61
20221009,哈尔滨,45.75,126.63,7.82,7.6
20221010,哈尔滨,45.75,126.63,6.35,0.49
20221011,哈尔滨,45.75,126.63,4.59,0.02
20221012,哈尔滨,45.75,126.63,7.36,0.0
20221013,哈尔滨,45.75,126.63,10.42,0.0
20221014,哈尔滨,45.75,126.63,8.93,0.03
20221015,哈尔滨,45.75,126.63,8.95,0.21
20221016,哈尔滨,45.75,126.63,4.33,0.01
20221017,哈尔滨,45.75,126.63,2.12,0.03
20221018,哈尔滨,45.75,126.63,1.42,0.0
20221019,哈尔滨,45.75,126.63,4.38,0.0
20221020,哈尔滨,45.75,126.63,7.69,0.01
20221021,哈尔滨,45.75,126.63,8.9,3.27
20221022,哈尔滨,45.75,126.63,2.75,0.02
20221023,哈尔滨,45.75,126.63,1.7,1.66
20221024,哈尔滨,45.75,126.63,0.81,0.0
20221025,哈尔滨,45.75,126.63,4.84,0.0
20221026,哈尔滨,45.75,126.63,6.02,9.84
20221027,哈尔滨,45.75,126.63,0.01,0.02
20221028,哈尔滨,45.75,126.63,0.25,0.34
20221029,哈尔滨,45.75,126.63,1.5,0.0
20221030,哈尔滨,45.75,126.63,3.16,0.34
20221031,哈尔滨,45.75,126.63,6.11,6.85
20220401,长春,43.82,125.32,1.81,0.0
20220402,长春,43.82,125.32,3.61,0.0
20220403,长春,43.82,125.32,7.74,0.25
20220404,长春,43.82,125.32,10.22,0.1
20220405,长春,43.82,125.32,4.11,0.06
20220406,长春,43.82,125.32,0.38,0.0
20220407,长春,43.82,125.32,2.37,0.09
20220408,长春,43.82,125.32,9.99,0.09
20220409,长春,43.82,125.32,12.4,0.25
20220410,长春,43.82,125.32,12.23,0.13
20220411,长春,43.82,125.32,7.75,5.83
20220412,长春,43.82,125.32,5.39,0.02
20220413,长春,43.82,125.32,7.81,0.37
20220414,长春,43.82,125.32,6.06,0.14
20220415,长春,43.82,125.32,6.2,0.0
20220416,长春,43.82,125.32,7.6,0.05
20220417,长春,43.82,125.32,6.93,0.11
20220418,长春,43.82,125.32,7.76,0.04
20220419,长春,43.82,125.32,13.59,0.1
20220420,长春,43.82,125.32,15.77,0.05
20220421,长春,43.82,125.32,13.08,9.54
20220422,长春,43.82,125.32,7.02,2.06
20220423,长春,43.82,125.32,11.36,0.3
20220424,长春,43.82,125.32,10.79,0.07
20220425,长春,43.82,125.32,15.46,0.08
20220426,长春,43.82,125.32,10.36,1.42
20220427,长春,43.82,125.32,7.24,0.0
20220428,长春,43.82,125.32,10.04,0.0
20220429,长春,43.82,125.32,10.48,0.88
20220430,长春,43.82,125.32,5.19,0.95
20220501,长春,43.82,125.32,3.84,0.19
20220502,长春,43.82,125.32,8.05,0.01
20220503,长春,43.82,125.32,14.0,0.49
20220504,长春,43.82,125.32,17.64,0.0
20220505,长春,43.82,125.32,18.78,4.57
20220506,长春,43.82,125.32,10.48,1.37
20220507,长春,43.82,125.32,9.79,0.09
20220508,长春,43.82,125.32,12.11,0.0
20220509,长春,43.82,125.32,13.42,0.0
20220510,长春,43.82,125.32,15.2,0.6
20220511,长春,43.82,125.32,11.18,3.09
20220512,长春,43.82,125.32,9.61,0.0
20220513,长春,43.82,125.32,9.45,2.19
20220514,长春,43.82,125.32,8.02,2.29
20220515,长春,43.82,125.32,12.4,0.81
20220516,长春,43.82,125.32,13.77,0.78
20220517,长春,43.82,125.32,15.94,0.5
20220518,长春,43.82,125.32,16.09,0.5
20220519,长春,43.82,125.32,17.63,0.06
20220520,长春,43.82,125.32,19.18,0.07
20220521,长春,43.82,125.32,19.76,0.94
20220522,长春,43.82,125.32,18.42,0.04
20220523,长春,43.82,125.32,21.64,0.84
20220524,长春,43.82,125.32,19.57,18.8
20220525,长春,43.82,125.32,11.87,8.48
20220526,长春,43.82,125.32,12.68,5.9
20220527,长春,43.82,125.32,15.31,3.37
20220528,长春,43.82,125.32,19.29,0.1
20220529,长春,43.82,125.32,18.77,11.59
20220530,长春,43.82,125.32,13.71,1.12
20220531,长春,43.82,125.32,15.22,0.15
20220601,长春,43.82,125.32,17.57,0.66
20220602,长春,43.82,125.32,17.26,0.08
20220603,长春,43.82,125.32,17.28,3.69
20220604,长春,43.82,125.32,17.54,20.68
20220605,长春,43.82,125.32,17.7,18.83
20220606,长春,43.82,125.32,15.95,8.27
20220607,长春,43.82,125.32,14.26,5.03
20220608,长春,43.82,125.32,16.54,1.42
20220609,长春,43.82,125.32,16.01,2.25
20220610,长春,43.82,125.32,17.93,0.69
20220611,长春,43.82,125.32,19.42,0.89
20220612,长春,43.82,125.32,18.77,3.69
20220613,长春,43.82,125.32,18.15,7.83
20220614,长春,43.82,125.32,18.09,4.8
20220615,长春,43.82,125.32,18.97,0.66
20220616,长春,43.82,125.32,19.99,2.29
20220617,长春,43.82,125.32,21.19,9.68
20220618,长春,43.82,125.32,21.61,5.52
20220619,长春,43.82,125.32,23.07,5.69
20220620,长春,43.82,125.32,23.59,6.17
20220621,长春,43.82,125.32,22.79,0.61
20220622,长春,43.82,125.32,20.95,12.12
20220623,长春,43.82,125.32,21.12,18.93
20220624,长春,43.82,125.32,19.9,5.84
20220625,长春,43.82,125.32,20.38,6.39
20220626,长春,43.82,125.32,22.63,0.84
20220627,长春,43.82,125.32,23.13,12.65
20220628,长春,43.82,125.32,22.24,17.69
20220629,长春,43.82,125.32,22.87,2.73
20220630,长春,43.82,125.32,23.89,1.88
20220701,长春,43.82,125.32,22.73,6.52
20220702,长春,43.82,125.32,22.89,14.24
20220703,长春,43.82,125.32,23.86,0.98
20220704,长春,43.82,125.32,23.71,0.06
20220705,长春,43.82,125.32,24.73,2.87
20220706,长春,43.82,125.32,24.96,9.03
20220707,长春,43.82,125.32,23.81,40.76
20220708,长春,43.82,125.32,23.59,3.54
20220709,长春,43.82,125.32,24.26,8.28
20220710,长春,43.82,125.32,22.4,0.05
20220711,长春,43.82,125.32,24.33,0.32
20220712,长春,43.82,125.32,24.24,1.44
20220713,长春,43.82,125.32,22.78,20.24
20220714,长春,43.82,125.32,21.67,10.5
20220715,长春,43.82,125.32,21.88,4.98
20220716,长春,43.82,125.32,21.58,2.18
20220717,长春,43.82,125.32,22.39,2.07
20220718,长春,43.82,125.32,22.26,3.07
20220719,长春,43.82,125.32,22.93,10.8
20220720,长春,43.82,125.32,24.2,0.75
20220721,长春,43.82,125.32,23.51,4.72
20220722,长春,43.82,125.32,23.35,0.25
20220723,长春,43.82,125.32,23.96,5.02
20220724,长春,43.82,125.32,21.79,13.42
20220725,长春,43.82,125.32,23.32,0.54
20220726,长春,43.82,125.32,24.45,0.29
20220727,长春,43.82,125.32,25.76,0.17
20220728,长春,43.82,125.32,25.81,8.13
20220729,长春,43.82,125.32,24.77,15.55
20220730,长春,43.82,125.32,24.51,5.97
20220731,长春,43.82,125.32,25.78,3.49
20220801,长春,43.82,125.32,26.75,0.42
20220802,长春,43.82,125.32,27.9,0.11
20220803,长春,43.82,125.32,25.95,5.27
20220804,长春,43.82,125.32,26.1,7.85
20220805,长春,43.82,125.32,25.68,8.58
20220806,长春,43.82,125.32,25.22,10.59
20220807,长春,43.82,125.32,23.91,35.36
20220808,长春,43.82,125.32,20.21,0.12
20220809,长春,43.82,125.32,19.65,0.03
20220810,长春,43.82,125.32,20.9,0.99
20220811,长春,43.82,125.32,21.16,2.33
20220812,长春,43.82,125.32,20.75,0.85
20220813,长春,43.82,125.32,20.52,0.79
20220814,长春,43.82,125.32,20.86,12.26
20220815,长春,43.82,125.32,19.86,5.3
20220816,长春,43.82,125.32,21.19,0.34
20220817,长春,43.82,125.32,22.17,0.22
20220818,长春,43.82,125.32,22.55,5.6
20220819,长春,43.82,125.32,20.11,28.37
20220820,长春,43.82,125.32,18.33,0.07
20220821,长春,43.82,125.32,20.81,4.45
20220822,长春,43.82,125.32,17.99,9.55
20220823,长春,43.82,125.32,16.77,0.01
20220824,长春,43.82,125.32,17.97,0.12
20220825,长春,43.82,125.32,16.42,4.01
20220826,长春,43.82,125.32,13.14,5.72
20220827,长春,43.82,125.32,14.73,0.24
20220828,长春,43.82,125.32,16.27,0.0
20220829,长春,43.82,125.32,15.91,4.75
20220830,长春,43.82,125.32,17.98,0.23
20220831,长春,43.82,125.32,17.9,3.18
20220901,长春,43.82,125.32,14.76,0.1
20220902,长春,43.82,125.32,15.96,0.02
20220903,长春,43.82,125.32,19.27,0.0
20220904,长春,43.82,125.32,16.93,1.34
20220905,长春,43.82,125.32,15.72,0.57
20220906,长春,43.82,125.32,13.57,0.62
20220907,长春,43.82,125.32,15.39,0.02
20220908,长春,43.82,125.32,19.17,0.01
20220909,长春,43.82,125.32,19.85,0.01
20220910,长春,43.82,125.32,21.15,0.0
20220911,长春,43.82,125.32,21.19,0.31
20220912,长春,43.82,125.32,20.64,0.21
20220913,长春,43.82,125.32,16.5,0.03
20220914,长春,43.82,125.32,17.27,0.01
20220915,长春,43.82,125.32,16.88,10.47
20220916,长春,43.82,125.32,15.93,6.08
20220917,长春,43.82,125.32,17.01,4.0
20220918,长春,43.82,125.32,14.48,0.01
20220919,长春,43.82,125.32,10.35,0.0
20220920,长春,43.82,125.32,8.24,0.0
20220921,长春,43.82,125.32,13.19,0.09
20220922,长春,43.82,125.32,13.78,4.6
20220923,长春,43.82,125.32,11.09,6.73
20220924,长春,43.82,125.32,12.13,0.21
20220925,长春,43.82,125.32,14.85,0.0
20220926,长春,43.82,125.32,15.08,0.0
20220927,长春,43.82,125.32,16.82,0.01
20220928,长春,43.82,125.32,18.04,0.05
20220929,长春,43.82,125.32,17.81,0.01
20220930,长春,43.82,125.32,18.86,2.28
20221001,长春,43.82,125.32,12.95,0.41
20221002,长春,43.82,125.32,17.46,1.96
20221003,长春,43.82,125.32,8.57,7.67
20221004,长春,43.82,125.32,2.58,0.0
20221005,长春,43.82,125.32,3.12,0.0
20221006,长春,43.82,125.32,3.82,0.0
20221007,长春,43.82,125.32,5.48,0.0
20221008,长春,43.82,125.32,8.91,7.38
20221009,长春,43.82,125.32,8.77,28.74
20221010,长春,43.82,125.32,6.31,19.0
20221011,长春,43.82,125.32,4.24,0.02
20221012,长春,43.82,125.32,8.22,0.0
20221013,长春,43.82,125.32,10.9,0.01
20221014,长春,43.82,125.32,9.02,0.05
20221015,长春,43.82,125.32,9.72,0.02
20221016,长春,43.82,125.32,5.35,0.0
20221017,长春,43.82,125.32,2.49,0.53
20221018,长春,43.82,125.32,2.08,0.0
20221019,长春,43.82,125.32,4.92,0.0
20221020,长春,43.82,125.32,10.4,0.03
20221021,长春,43.82,125.32,10.98,0.07
20221022,长春,43.82,125.32,4.17,2.15
20221023,长春,43.82,125.32,2.81,0.56
20221024,长春,43.82,125.32,1.73,0.0
20221025,长春,43.82,125.32,5.64,0.02
20221026,长春,43.82,125.32,6.46,3.8
20221027,长春,43.82,125.32,0.54,0.03
20221028,长春,43.82,125.32,0.05,0.0
20221029,长春,43.82,125.32,1.52,0.0
20221030,长春,43.82,125.32,5.16,0.91
20221031,长春,43.82,125.32,7.43,1.8
20220401,沈阳,41.8,123.43,3.41,0.0
20220402,沈阳,41.8,123.43,5.39,0.0
20220403,沈阳,41.8,123.43,7.76,0.0
20220404,沈阳,41.8,123.43,9.48,0.0
20220405,沈阳,41.8,123.43,6.52,0.0
20220406,沈阳,41.8,123.43,2.64,0.0
20220407,沈阳,41.8,123.43,5.41,0.0
20220408,沈阳,41.8,123.43,10.52,0.0
20220409,沈阳,41.8,123.43,13.23,0.0
20220410,沈阳,41.8,123.43,13.98,0.0
20220411,沈阳,41.8,123.43,11.49,3.57
20220412,沈阳,41.8,123.43,7.64,0.19
20220413,沈阳,41.8,123.43,8.57,0.45
20220414,沈阳,41.8,123.43,8.99,0.0
20220415,沈阳,41.8,123.43,8.23,0.0
20220416,沈阳,41.8,123.43,9.99,0.0
20220417,沈阳,41.8,123.43,11.72,0.0
20220418,沈阳,41.8,123.43,11.65,0.0
20220419,沈阳,41.8,123.43,13.47,0.0
20220420,沈阳,41.8,123.43,14.55,0.0
20220421,沈阳,41.8,123.43,13.19,3.32
20220422,沈阳,41.8,123.43,10.04,0.28
20220423,沈阳,41.8,123.43,12.49,1.13
20220424,沈阳,41.8,123.43,13.4,0.0
20220425,沈阳,41.8,123.43,15.67,0.0
20220426,沈阳,41.8,123.43,12.37,0.04
20220427,沈阳,41.8,123.43,9.76,0.0
20220428,沈阳,41.8,123.43,10.87,0.0
20220429,沈阳,41.8,123.43,11.37,0.04
20220430,沈阳,41.8,123.43,9.61,0.01
20220501,沈阳,41.8,123.43,9.92,0.02
20220502,沈阳,41.8,123.43,9.89,0.0
20220503,沈阳,41.8,123.43,15.91,0.0
20220504,沈阳,41.8,123.43,18.27,0.0
20220505,沈阳,41.8,123.43,18.86,1.2
20220506,沈阳,41.8,123.43,13.11,6.46
20220507,沈阳,41.8,123.43,11.67,0.72
20220508,沈阳,41.8,123.43,11.61,0.0
20220509,沈阳,41.8,123.43,13.33,0.0
20220510,沈阳,41.8,123.43,13.06,0.19
20220511,沈阳,41.8,123.43,12.62,0.61
20220512,沈阳,41.8,123.43,11.39,0.07
20220513,沈阳,41.8,123.43,12.37,0.03
20220514,沈阳,41.8,123.43,10.93,0.35
20220515,沈阳,41.8,123.43,14.42,0.04
20220516,沈阳,41.8,123.43,16.34,0.04
20220517,沈阳,41.8,123.43,17.23,0.0
20220518,沈阳,41.8,123.43,18.21,0.01
20220519,沈阳,41.8,123.43,20.23,1.14
20220520,沈阳,41.8,123.43,20.33,0.03
20220521,沈阳,41.8,123.43,19.86,1.28
20220522,沈阳,41.8,123.43,20.68,0.04
20220523,沈阳,41.8,123.43,22.33,1.21
20220524,沈阳,41.8,123.43,22.34,18.02
20220525,沈阳,41.8,123.43,14.91,6.36
20220526,沈阳,41.8,123.43,13.91,7.05
20220527,沈阳,41.8,123.43,19.59,0.77
20220528,沈阳,41.8,123.43,22.03,0.0
20220529,沈阳,41.8,123.43,18.86,12.64
20220530,沈阳,41.8,123.43,15.76,2.33
20220531,沈阳,41.8,123.43,18.43,0.45
20220601,沈阳,41.8,123.43,19.9,0.64
20220602,沈阳,41.8,123.43,20.2,0.01
20220603,沈阳,41.8,123.43,22.29,1.6
20220604,沈阳,41.8,123.43,18.22,25.34
20220605,沈阳,41.8,123.43,20.64,7.22
20220606,沈阳,41.8,123.43,15.75,28.59
20220607,沈阳,41.8,123.43,15.22,5.13
20220608,沈阳,41.8,123.43,17.01,6.86
20220609,沈阳,41.8,123.43,17.3,4.89
20220610,沈阳,41.8,123.43,19.22,8.09
20220611,沈阳,41.8,123.43,19.87,4.62
20220612,沈阳,41.8,123.43,18.14,9.97
20220613,沈阳,41.8,123.43,19.43,6.53
20220614,沈阳,41.8,123.43,18.01,8.71
20220615,沈阳,41.8,123.43,18.86,2.15
20220616,沈阳,41.8,123.43,20.62,2.16
20220617,沈阳,41.8,123.43,22.41,6.64
20220618,沈阳,41.8,123.43,22.51,6.13
20220619,沈阳,41.8,123.43,23.46,0.19
20220620,沈阳,41.8,123.43,23.75,0.03
20220621,沈阳,41.8,123.43,24.71,0.88
20220622,沈阳,41.8,123.43,22.33,36.35
20220623,沈阳,41.8,123.43,23.17,14.57
20220624,沈阳,41.8,123.43,21.38,2.56
20220625,沈阳,41.8,123.43,23.05,11.84
20220626,沈阳,41.8,123.43,23.72,1.25
20220627,沈阳,41.8,123.43,23.69,36.66
20220628,沈阳,41.8,123.43,24.31,4.35
20220629,沈阳,41.8,123.43,25.05,2.2
20220630,沈阳,41.8,123.43,25.56,0.63
20220701,沈阳,41.8,123.43,24.27,28.79
20220702,沈阳,41.8,123.43,23.67,17.29
20220703,沈阳,41.8,123.43,24.63,2.79
20220704,沈阳,41.8,123.43,24.17,0.03
20220705,沈阳,41.8,123.43,25.61,0.13
20220706,沈阳,41.8,123.43,24.29,34.94
20220707,沈阳,41.8,123.43,24.52,77.5
20220708,沈阳,41.8,123.43,25.33,0.85
20220709,沈阳,41.8,123.43,25.72,0.38
20220710,沈阳,41.8,123.43,23.65,2.41
20220711,沈阳,41.8,123.43,25.35,0.13
20220712,沈阳,41.8,123.43,25.35,2.28
20220713,沈阳,41.8,123.43,24.25,18.02
20220714,沈阳,41.8,123.43,23.81,22.23
20220715,沈阳,41.8,123.43,23.25,8.15
20220716,沈阳,41.8,123.43,23.25,1.33
20220717,沈阳,41.8,123.43,22.84,26.64
20220718,沈阳,41.8,123.43,23.52,10.79
20220719,沈阳,41.8,123.43,24.67,1.69
20220720,沈阳,41.8,123.43,24.99,1.81
20220721,沈阳,41.8,123.43,23.6,6.0
20220722,沈阳,41.8,123.43,25.46,0.04
20220723,沈阳,41.8,123.43,23.73,13.82
20220724,沈阳,41.8,123.43,23.7,3.28
20220725,沈阳,41.8,123.43,24.97,0.78
20220726,沈阳,41.8,123.43,25.1,0.09
20220727,沈阳,41.8,123.43,25.49,0.08
20220728,沈阳,41.8,123.43,25.11,29.78
20220729,沈阳,41.8,123.43,25.13,10.17
20220730,沈阳,41.8,123.43,25.54,1.59
20220731,沈阳,41.8,123.43,26.51,0.31
20220801,沈阳,41.8,123.43,27.59,0.06
20220802,沈阳,41.8,123.43,28.35,0.65
20220803,沈阳,41.8,123.43,26.77,2.25
20220804,沈阳,41.8,123.43,27.49,5.05
20220805,沈阳,41.8,123.43,27.54,6.87
20220806,沈阳,41.8,123.43,27.21,0.94
20220807,沈阳,41.8,123.43,26.14,23.74
20220808,沈阳,41.8,123.43,22.39,0.03
20220809,沈阳,41.8,123.43,21.88,0.09
20220810,沈阳,41.8,123.43,23.26,0.56
20220811,沈阳,41.8,123.43,23.83,1.43
20220812,沈阳,41.8,123.43,21.1,10.51
20220813,沈阳,41.8,123.43,22.76,0.33
20220814,沈阳,41.8,123.43,22.16,23.64
20220815,沈阳,41.8,123.43,21.49,2.28
20220816,沈阳,41.8,123.43,22.09,0.17
20220817,沈阳,41.8,123.43,22.84,0.02
20220818,沈阳,41.8,123.43,23.72,3.57
20220819,沈阳,41.8,123.43,22.3,32.34
20220820,沈阳,41.8,123.43,20.16,0.75
20220821,沈阳,41.8,123.43,22.29,0.12
20220822,沈阳,41.8,123.43,20.24,5.25
20220823,沈阳,41.8,123.43,18.62,0.0
20220824,沈阳,41.8,123.43,20.13,0.03
20220825,沈阳,41.8,123.43,19.57,1.05
20220826,沈阳,41.8,123.43,16.42,6.91
20220827,沈阳,41.8,123.43,16.6,0.04
20220828,沈阳,41.8,123.43,16.83,0.01
20220829,沈阳,41.8,123.43,17.75,2.83
20220830,沈阳,41.8,123.43,19.77,0.32
20220831,沈阳,41.8,123.43,19.87,3.37
20220901,沈阳,41.8,123.43,15.91,0.49
20220902,沈阳,41.8,123.43,18.19,0.36
20220903,沈阳,41.8,123.43,19.97,0.2
20220904,沈阳,41.8,123.43,18.75,6.73
20220905,沈阳,41.8,123.43,17.06,0.6
20220906,沈阳,41.8,123.43,14.77,0.0
20220907,沈阳,41.8,123.43,17.55,0.0
20220908,沈阳,41.8,123.43,20.03,0.0
20220909,沈阳,41.8,123.43,21.79,0.0
20220910,沈阳,41.8,123.43,20.57,0.0
20220911,沈阳,41.8,123.43,20.86,1.66
20220912,沈阳,41.8,123.43,20.85,0.59
20220913,沈阳,41.8,123.43,20.41,0.0
20220914,沈阳,41.8,123.43,17.29,3.6
20220915,沈阳,41.8,123.43,18.19,13.98
20220916,沈阳,41.8,123.43,17.28,39.7
20220917,沈阳,41.8,123.43,18.02,7.1
20220918,沈阳,41.8,123.43,15.73,0.16
20220919,沈阳,41.8,123.43,12.85,0.0
20220920,沈阳,41.8,123.43,10.77,0.0
20220921,沈阳,41.8,123.43,14.36,0.0
20220922,沈阳,41.8,123.43,14.69,19.17
20220923,沈阳,41.8,123.43,10.97,13.27
20220924,沈阳,41.8,123.43,12.7,0.0
20220925,沈阳,41.8,123.43,16.14,0.0
20220926,沈阳,41.8,123.43,16.76,0.0
20220927,沈阳,41.8,123.43,17.85,0.0
20220928,沈阳,41.8,123.43,18.68,0.0
20220929,沈阳,41.8,123.43,18.39,0.0
20220930,沈阳,41.8,123.43,20.14,0.0
20221001,沈阳,41.8,123.43,17.65,0.0
20221002,沈阳,41.8,123.43,16.66,2.64
20221003,沈阳,41.8,123.43,9.9,4.99
20221004,沈阳,41.8,123.43,4.0,0.0
20221005,沈阳,41.8,123.43,5.84,0.0
20221006,沈阳,41.8,123.43,6.34,0.0
20221007,沈阳,41.8,123.43,8.29,0.0
20221008,沈阳,41.8,123.43,11.57,2.54
20221009,沈阳,41.8,123.43,5.3,31.89
20221010,沈阳,41.8,123.43,1.8,11.06
20221011,沈阳,41.8,123.43,3.91,0.06
20221012,沈阳,41.8,123.43,9.55,0.03
20221013,沈阳,41.8,123.43,11.56,0.0
20221014,沈阳,41.8,123.43,11.39,0.0
20221015,沈阳,41.8,123.43,11.97,0.0
20221016,沈阳,41.8,123.43,6.91,0.0
20221017,沈阳,41.8,123.43,3.95,0.07
20221018,沈阳,41.8,123.43,3.58,0.0
20221019,沈阳,41.8,123.43,7.0,0.0
20221020,沈阳,41.8,123.43,11.77,0.0
20221021,沈阳,41.8,123.43,12.15,0.0
20221022,沈阳,41.8,123.43,6.88,0.46
20221023,沈阳,41.8,123.43,4.87,0.03
20221024,沈阳,41.8,123.43,4.98,0.0
20221025,沈阳,41.8,123.43,8.1,0.0
20221026,沈阳,41.8,123.43,9.29,6.33
20221027,沈阳,41.8,123.43,3.85,0.0
20221028,沈阳,41.8,123.43,2.07,0.05
20221029,沈阳,41.8,123.43,3.29,0.0
20221030,沈阳,41.8,123.43,7.31,1.1
20221031,沈阳,41.8,123.43,8.22,2.61
20220401,呼和浩特,40.82,111.75,0.93,0.07
20220402,呼和浩特,40.82,111.75,1.47,0.0
20220403,呼和浩特,40.82,111.75,3.97,0.01
20220404,呼和浩特,40.82,111.75,6.78,0.0
20220405,呼和浩特,40.82,111.75,7.43,0.0
20220406,呼和浩特,40.82,111.75,6.81,0.01
20220407,呼和浩特,40.82,111.75,9.66,0.0
20220408,呼和浩特,40.82,111.75,10.78,0.0
20220409,呼和浩特,40.82,111.75,12.86,0.0
20220410,呼和浩特,40.82,111.75,14.41,0.0
20220411,呼和浩特,40.82,111.75,4.2,0.0
20220412,呼和浩特,40.82,111.75,3.35,0.01
20220413,呼和浩特,40.82,111.75,2.66,0.01
20220414,呼和浩特,40.82,111.75,1.83,0.0
20220415,呼和浩特,40.82,111.75,3.43,0.0
20220416,呼和浩特,40.82,111.75,5.92,0.0
20220417,呼和浩特,40.82,111.75,3.79,2.84
20220418,呼和浩特,40.82,111.75,6.18,0.14
20220419,呼和浩特,40.82,111.75,7.85,0.5
20220420,呼和浩特,40.82,111.75,9.7,0.0
20220421,呼和浩特,40.82,111.75,5.19,0.0
20220422,呼和浩特,40.82,111.75,7.17,0.0
20220423,呼和浩特,40.82,111.75,11.78,0.0
20220424,呼和浩特,40.82,111.75,13.4,0.0
20220425,呼和浩特,40.82,111.75,13.24,0.0
20220426,呼和浩特,40.82,111.75,1.81,0.23
20220427,呼和浩特,40.82,111.75,2.32,5.48
20220428,呼和浩特,40.82,111.75,6.2,0.2
20220429,呼和浩特,40.82,111.75,5.4,0.02
20220430,呼和浩特,40.82,111.75,4.27,0.0
20220501,呼和浩特,40.82,111.75,8.83,0.06
20220502,呼和浩特,40.82,111.75,13.42,0.0
20220503,呼和浩特,40.82,111.75,14.32,0.0
20220504,呼和浩特,40.82,111.75,15.03,0.0
20220505,呼和浩特,40.82,111.75,12.49,0.31
20220506,呼和浩特,40.82,111.75,8.89,0.01
20220507,呼和浩特,40.82,111.75,5.67,1.64
20220508,呼和浩特,40.82,111.75,10.68,0.06
20220509,呼和浩特,40.82,111.75,11.76,0.41
20220510,呼和浩特,40.82,111.75,8.09,3.26
20220511,呼和浩特,40.82,111.75,5.69,0.02
20220512,呼和浩特,40.82,111.75,6.03,0.0
20220513,呼和浩特,40.82,111.75,5.31,0.0
20220514,呼和浩特,40.82,111.75,7.67,0.0
20220515,呼和浩特,40.82,111.75,9.56,0.0
20220516,呼和浩特,40.82,111.75,12.78,0.0
20220517,呼和浩特,40.82,111.75,14.42,0.0
20220518,呼和浩特,40.82,111.75,15.45,0.0
20220519,呼和浩特,40.82,111.75,16.31,0.0
20220520,呼和浩特,40.82,111.75,18.77,0.0
20220521,呼和浩特,40.82,111.75,18.32,0.0
20220522,呼和浩特,40.82,111.75,18.32,0.06
20220523,呼和浩特,40.82,111.75,17.52,0.02
20220524,呼和浩特,40.82,111.75,17.93,0.0
20220525,呼和浩特,40.82,111.75,13.11,0.0
20220526,呼和浩特,40.82,111.75,15.03,0.0
20220527,呼和浩特,40.82,111.75,18.48,0.01
20220528,呼和浩特,40.82,111.75,20.37,0.67
20220529,呼和浩特,40.82,111.75,10.05,1.79
20220530,呼和浩特,40.82,111.75,13.15,0.31
20220531,呼和浩特,40.82,111.75,14.07,0.0
20220601,呼和浩特,40.82,111.75,18.28,0.0
20220602,呼和浩特,40.82,111.75,19.84,0.0
20220603,呼和浩特,40.82,111.75,17.24,5.89
20220604,呼和浩特,40.82,111.75,16.18,0.01
20220605,呼和浩特,40.82,111.75,15.05,2.67
20220606,呼和浩特,40.82,111.75,14.87,0.02
20220607,呼和浩特,40.82,111.75,17.84,0.0
20220608,呼和浩特,40.82,111.75,17.18,0.0
20220609,呼和浩特,40.82,111.75,18.57,0.0
20220610,呼和浩特,40.82,111.75,20.3,0.15
20220611,呼和浩特,40.82,111.75,16.87,1.52
20220612,呼和浩特,40.82,111.75,15.15,0.1
20220613,呼和浩特,40.82,111.75,14.7,0.23
20220614,呼和浩特,40.82,111.75,16.84,0.0
20220615,呼和浩特,40.82,111.75,19.42,0.0
20220616,呼和浩特,40.82,111.75,22.95,0.0
20220617,呼和浩特,40.82,111.75,23.79,0.0
20220618,呼和浩特,40.82,111.75,25.02,0.23
20220619,呼和浩特,40.82,111.75,25.18,0.0
20220620,呼和浩特,40.82,111.75,25.61,0.86
20220621,呼和浩特,40.82,111.75,19.51,6.7
20220622,呼和浩特,40.82,111.75,20.58,7.03
20220623,呼和浩特,40.82,111.75,21.93,0.0
20220624,呼和浩特,40.82,111.75,23.23,0.0
20220625,呼和浩特,40.82,111.75,24.85,0.0
20220626,呼和浩特,40.82,111.75,19.8,6.62
20220627,呼和浩特,40.82,111.75,18.71,6.66
20220628,呼和浩特,40.82,111.75,16.35,12.26
20220629,呼和浩特,40.82,111.75,17.42,1.51
20220630,呼和浩特,40.82,111.75,20.0,0.1
20220701,呼和浩特,40.82,111.75,22.62,0.0
20220702,呼和浩特,40.82,111.75,19.31,3.1
20220703,呼和浩特,40.82,111.75,18.38,7.15
20220704,呼和浩特,40.82,111.75,22.37,1.89
20220705,呼和浩特,40.82,111.75,18.04,8.25
20220706,呼和浩特,40.82,111.75,21.46,0.0
20220707,呼和浩特,40.82,111.75,23.96,0.36
20220708,呼和浩特,40.82,111.75,23.18,0.59
20220709,呼和浩特,40.82,111.75,18.72,0.31
20220710,呼和浩特,40.82,111.75,21.11,0.07
20220711,呼和浩特,40.82,111.75,17.68,1.15
20220712,呼和浩特,40.82,111.75,20.99,0.72
20220713,呼和浩特,40.82,111.75,22.2,0.01
20220714,呼和浩特,40.82,111.75,22.73,0.0
20220715,呼和浩特,40.82,111.75,24.19,0.0
20220716,呼和浩特,40.82,111.75,23.27,0.01
20220717,呼和浩特,40.82,111.75,20.38,0.0
20220718,呼和浩特,40.82,111.75,22.67,0.0
20220719,呼和浩特,40.82,111.75,22.51,0.0
20220720,呼和浩特,40.82,111.75,22.83,0.07
20220721,呼和浩特,40.82,111.75,25.01,0.0
20220722,呼和浩特,40.82,111.75,18.97,4.6
20220723,呼和浩特,40.82,111.75,20.72,0.09
20220724,呼和浩特,40.82,111.75,22.1,1.26
20220725,呼和浩特,40.82,111.75,22.16,1.44
20220726,呼和浩特,40.82,111.75,20.32,6.07
20220727,呼和浩特,40.82,111.75,18.33,4.37
20220728,呼和浩特,40.82,111.75,21.35,0.14
20220729,呼和浩特,40.82,111.75,22.5,0.41
20220730,呼和浩特,40.82,111.75,20.57,0.66
20220731,呼和浩特,40.82,111.75,22.97,0.02
20220801,呼和浩特,40.82,111.75,24.93,0.2
20220802,呼和浩特,40.82,111.75,24.49,1.19
20220803,呼和浩特,40.82,111.75,24.2,0.52
20220804,呼和浩特,40.82,111.75,22.93,9.72
20220805,呼和浩特,40.82,111.75,24.86,0.0
20220806,呼和浩特,40.82,111.75,23.47,4.69
20220807,呼和浩特,40.82,111.75,24.55,1.28
20220808,呼和浩特,40.82,111.75,21.89,10.96
20220809,呼和浩特,40.82,111.75,21.46,2.36
20220810,呼和浩特,40.82,111.75,22.17,0.25
20220811,呼和浩特,40.82,111.75,25.33,0.0
20220812,呼和浩特,40.82,111.75,24.52,0.07
20220813,呼和浩特,40.82,111.75,23.06,7.63
20220814,呼和浩特,40.82,111.75,23.88,20.51
20220815,呼和浩特,40.82,111.75,20.43,0.01
20220816,呼和浩特,40.82,111.75,20.59,0.0
20220817,呼和浩特,40.82,111.75,20.21,1.15
20220818,呼和浩特,40.82,111.75,21.32,23.74
20220819,呼和浩特,40.82,111.75,19.64,0.12
20220820,呼和浩特,40.82,111.75,20.09,0.04
20220821,呼和浩特,40.82,111.75,19.26,25.55
20220822,呼和浩特,40.82,111.75,15.97,0.0
20220823,呼和浩特,40.82,111.75,13.14,4.29
20220824,呼和浩特,40.82,111.75,15.94,0.49
20220825,呼和浩特,40.82,111.75,15.88,0.0
20220826,呼和浩特,40.82,111.75,11.88,0.0
20220827,呼和浩特,40.82,111.75,11.59,0.0
20220828,呼和浩特,40.82,111.75,11.03,8.51
20220829,呼和浩特,40.82,111.75,14.45,0.05
20220830,呼和浩特,40.82,111.75,15.28,2.1
20220831,呼和浩特,40.82,111.75,14.64,0.0
20220901,呼和浩特,40.82,111.75,15.29,0.0
20220902,呼和浩特,40.82,111.75,15.55,0.35
20220903,呼和浩特,40.82,111.75,14.84,9.6
20220904,呼和浩特,40.82,111.75,14.36,0.82
20220905,呼和浩特,40.82,111.75,10.73,0.0
20220906,呼和浩特,40.82,111.75,11.65,0.0
20220907,呼和浩特,40.82,111.75,16.21,0.0
20220908,呼和浩特,40.82,111.75,17.85,0.0
20220909,呼和浩特,40.82,111.75,18.07,0.0
20220910,呼和浩特,40.82,111.75,16.53,0.0
20220911,呼和浩特,40.82,111.75,16.8,0.0
20220912,呼和浩特,40.82,111.75,19.0,0.02
20220913,呼和浩特,40.82,111.75,18.65,0.17
20220914,呼和浩特,40.82,111.75,16.27,0.0
20220915,呼和浩特,40.82,111.75,16.55,0.0
20220916,呼和浩特,40.82,111.75,16.14,0.01
20220917,呼和浩特,40.82,111.75,15.96,0.01
20220918,呼和浩特,40.82,111.75,14.38,0.0
20220919,呼和浩特,40.82,111.75,9.75,0.34
20220920,呼和浩特,40.82,111.75,9.62,0.0
20220921,呼和浩特,40.82,111.75,10.35,0.75
20220922,呼和浩特,40.82,111.75,5.59,0.0
20220923,呼和浩特,40.82,111.75,6.71,0.0
20220924,呼和浩特,40.82,111.75,8.85,0.0
20220925,呼和浩特,40.82,111.75,12.37,0.0
20220926,呼和浩特,40.82,111.75,14.22,0.0
20220927,呼和浩特,40.82,111.75,14.9,0.0
20220928,呼和浩特,40.82,111.75,14.41,0.02
20220929,呼和浩特,40.82,111.75,14.56,0.0
20220930,呼和浩特,40.82,111.75,15.36,0.0
20221001,呼和浩特,40.82,111.75,15.91,0.0
20221002,呼和浩特,40.82,111.75,14.94,2.05
20221003,呼和浩特,40.82,111.75,3.34,4.0
20221004,呼和浩特,40.82,111.75,-0.39,0.0
20221005,呼和浩特,40.82,111.75,1.43,0.0
20221006,呼和浩特,40.82,111.75,4.05,0.0
20221007,呼和浩特,40.82,111.75,5.71,0.34
20221008,呼和浩特,40.82,111.75,1.51,0.45
20221009,呼和浩特,40.82,111.75,-2.28,0.46
20221010,呼和浩特,40.82,111.75,2.29,0.0
20221011,呼和浩特,40.82,111.75,3.9,0.0
20221012,呼和浩特,40.82,111.75,4.97,0.0
20221013,呼和浩特,40.82,111.75,8.3,0.0
20221014,呼和浩特,40.82,111.75,7.77,0.0
20221015,呼和浩特,40.82,111.75,6.83,0.0
20221016,呼和浩特,40.82,111.75,-0.03,0.0
20221017,呼和浩特,40.82,111.75,-0.29,0.0
20221018,呼和浩特,40.82,111.75,2.01,0.0
20221019,呼和浩特,40.82,111.75,5.43,0.0
20221020,呼和浩特,40.82,111.75,6.0,0.0
20221021,呼和浩特,40.82,111.75,6.88,0.0
20221022,呼和浩特,40.82,111.75,3.51,0.0
20221023,呼和浩特,40.82,111.75,5.44,0.0
20221024,呼和浩特,40.82,111.75,5.89,0.0
20221025,呼和浩特,40.82,111.75,6.61,0.23
20221026,呼和浩特,40.82,111.75,3.61,0.03
20221027,呼和浩特,40.82,111.75,4.47,0.11
20221028,呼和浩特,40.82,111.75,6.72,0.11
20221029,呼和浩特,40.82,111.75,5.12,6.91
20221030,呼和浩特,40.82,111.75,4.96,0.56
20221031,呼和浩特,40.82,111.75,-0.45,0.0
20220401,济南,36.67,116.98,7.64,0.0
20220402,济南,36.67,116.98,9.02,0.71
20220403,济南,36.67,116.98,10.06,0.0
20220404,济南,36.67,116.98,12.25,0.0
20220405,济南,36.67,116.98,14.13,0.0
20220406,济南,36.67,116.98,11.67,0.0
20220407,济南,36.67,116.98,12.02,0.0
20220408,济南,36.67,116.98,17.02,0.0
20220409,济南,36.67,116.98,19.52,0.0
20220410,济南,36.67,116.98,20.84,0.0
20220411,济南,36.67,116.98,21.88,0.06
20220412,济南,36.67,116.98,11.36,22.07
20220413,济南,36.67,116.98,10.45,0.0
20220414,济南,36.67,116.98,10.68,0.0
20220415,济南,36.67,116.98,9.55,0.0
20220416,济南,36.67,116.98,11.93,0.0
20220417,济南,36.67,116.98,11.64,0.0
20220418,济南,36.67,116.98,13.09,0.0
20220419,济南,36.67,116.98,15.01,0.0
20220420,济南,36.67,116.98,16.35,0.0
20220421,济南,36.67,116.98,18.3,0.0
20220422,济南,36.67,116.98,13.72,0.0
20220423,济南,36.67,116.98,16.8,0.0
20220424,济南,36.67,116.98,20.62,0.36
20220425,济南,36.67,116.98,20.51,0.03
20220426,济南,36.67,116.98,17.75,0.0
20220427,济南,36.67,116.98,15.4,0.01
20220428,济南,36.67,116.98,10.13,3.42
20220429,济南,36.67,116.98,10.89,0.02
20220430,济南,36.67,116.98,12.58,0.0
20220501,济南,36.67,116.98,14.1,0.0
20220502,济南,36.67,116.98,17.26,0.0
20220503,济南,36.67,116.98,19.1,0.0
20220504,济南,36.67,116.98,20.07,0.0
20220505,济南,36.67,116.98,21.12,0.0
20220506,济南,36.67,116.98,18.13,0.0
20220507,济南,36.67,116.98,13.39,0.01
20220508,济南,36.67,116.98,12.13,0.3
20220509,济南,36.67,116.98,9.16,6.53
20220510,济南,36.67,116.98,13.7,0.11
20220511,济南,36.67,116.98,15.0,0.15
20220512,济南,36.67,116.98,13.62,0.98
20220513,济南,36.67,116.98,14.59,0.73
20220514,济南,36.67,116.98,14.47,0.0
20220515,济南,36.67,116.98,16.67,0.0
20220516,济南,36.67,116.98,19.92,0.0
20220517,济南,36.67,116.98,21.06,0.0
20220518,济南,36.67,116.98,22.19,0.0
20220519,济南,36.67,116.98,21.59,0.0
20220520,济南,36.67,116.98,21.2,0.0
20220521,济南,36.67,116.98,22.91,0.0
20220522,济南,36.67,116.98,23.45,0.0
20220523,济南,36.67,116.98,23.87,0.0
20220524,济南,36.67,116.98,24.17,0.0
20220525,济南,36.67,116.98,20.22,0.12
20220526,济南,36.67,116.98,20.43,0.12
20220527,济南,36.67,116.98,23.37,0.0
20220528,济南,36.67,116.98,25.62,0.0
20220529,济南,36.67,116.98,24.32,1.56
20220530,济南,36.67,116.98,22.01,0.0
20220531,济南,36.67,116.98,24.87,0.0
20220601,济南,36.67,116.98,24.84,0.0
20220602,济南,36.67,116.98,27.45,0.0
20220603,济南,36.67,116.98,28.72,0.0
20220604,济南,36.67,116.98,27.07,0.0
20220605,济南,36.67,116.98,27.42,0.0
20220606,济南,36.67,116.98,22.49,0.0
20220607,济南,36.67,116.98,23.37,0.31
20220608,济南,36.67,116.98,25.68,0.29
20220609,济南,36.67,116.98,23.77,1.73
20220610,济南,36.67,116.98,22.29,9.39
20220611,济南,36.67,116.98,25.29,0.02
20220612,济南,36.67,116.98,24.41,0.01
20220613,济南,36.67,116.98,24.78,13.7
20220614,济南,36.67,116.98,21.35,3.89
20220615,济南,36.67,116.98,24.25,0.08
20220616,济南,36.67,116.98,26.87,12.31
20220617,济南,36.67,116.98,28.84,2.47
20220618,济南,36.67,116.98,29.7,0.23
20220619,济南,36.67,116.98,30.5,0.89
20220620,济南,36.67,116.98,30.76,0.03
20220621,济南,36.67,116.98,29.17,0.0
20220622,济南,36.67,116.98,29.91,23.3
20220623,济南,36.67,116.98,27.58,21.65
20220624,济南,36.67,116.98,27.75,2.74
20220625,济南,36.67,116.98,30.48,0.0
20220626,济南,36.67,116.98,30.25,15.53
20220627,济南,36.67,116.98,26.5,30.43
20220628,济南,36.67,116.98,26.24,3.62
20220629,济南,36.67,116.98,25.45,6.15
20220630,济南,36.67,116.98,25.45,8.41
20220701,济南,36.67,116.98,25.95,3.53
20220702,济南,36.67,116.98,27.91,4.42
20220703,济南,36.67,116.98,26.44,1.83
20220704,济南,36.67,116.98,27.09,8.04
20220705,济南,36.67,116.98,26.13,11.87
20220706,济南,36.67,116.98,24.19,107.14
20220707,济南,36.67,116.98,25.96,0.79
20220708,济南,36.67,116.98,26.69,0.18
20220709,济南,36.67,116.98,28.8,13.87
20220710,济南,36.67,116.98,24.4,23.57
20220711,济南,36.67,116.98,24.57,43.19
20220712,济南,36.67,116.98,26.18,44.14
20220713,济南,36.67,116.98,24.31,18.67
20220714,济南,36.67,116.98,27.31,1.3
20220715,济南,36.67,116.98,28.99,0.15
20220716,济南,36.67,116.98,26.6,16.27
20220717,济南,36.67,116.98,25.09,7.14
20220718,济南,36.67,116.98,26.68,1.35
20220719,济南,36.67,116.98,25.42,0.78
20220720,济南,36.67,116.98,24.44,7.01
20220721,济南,36.67,116.98,25.16,0.47
20220722,济南,36.67,116.98,25.6,9.76
20220723,济南,36.67,116.98,23.36,33.8
20220724,济南,36.67,116.98,25.2,0.0
20220725,济南,36.67,116.98,25.94,0.02
20220726,济南,36.67,116.98,26.55,19.55
20220727,济南,36.67,116.98,26.84,2.66
20220728,济南,36.67,116.98,25.19,15.36
20220729,济南,36.67,116.98,25.49,13.72
20220730,济南,36.67,116.98,26.56,5.06
20220731,济南,36.67,116.98,26.94,0.21
20220801,济南,36.67,116.98,28.24,0.0
20220802,济南,36.67,116.98,28.59,0.49
20220803,济南,36.67,116.98,28.99,0.1
20220804,济南,36.67,116.98,29.23,0.0
20220805,济南,36.67,116.98,29.7,2.55
20220806,济南,36.67,116.98,28.91,0.78
20220807,济南,36.67,116.98,28.21,1.68
20220808,济南,36.67,116.98,27.9,20.2
20220809,济南,36.67,116.98,23.17,42.09
20220810,济南,36.67,116.98,23.94,20.38
20220811,济南,36.67,116.98,25.26,21.04
20220812,济南,36.67,116.98,28.47,4.37
20220813,济南,36.67,116.98,28.55,9.57
20220814,济南,36.67,116.98,29.0,2.98
20220815,济南,36.67,116.98,28.91,0.12
20220816,济南,36.67,116.98,25.87,0.0
20220817,济南,36.67,116.98,26.16,0.0
20220818,济南,36.67,116.98,27.08,0.0
20220819,济南,36.67,116.98,26.57,22.63
20220820,济南,36.67,116.98,23.87,0.01
20220821,济南,36.67,116.98,25.0,0.02
20220822,济南,36.67,116.98,27.15,5.15
20220823,济南,36.67,116.98,22.3,0.06
20220824,济南,36.67,116.98,21.43,0.04
20220825,济南,36.67,116.98,22.6,2.24
20220826,济南,36.67,116.98,22.18,2.59
20220827,济南,36.67,116.98,19.78,0.49
20220828,济南,36.67,116.98,17.86,29.3
20220829,济南,36.67,116.98,19.47,8.3
20220830,济南,36.67,116.98,20.89,5.26
20220831,济南,36.67,116.98,22.03,0.09
20220901,济南,36.67,116.98,23.48,0.0
20220902,济南,36.67,116.98,22.01,0.0
20220903,济南,36.67,116.98,19.8,0.0
20220904,济南,36.67,116.98,22.17,0.0
20220905,济南,36.67,116.98,22.18,0.0
20220906,济南,36.67,116.98,22.34,0.0
20220907,济南,36.67,116.98,22.64,0.0
20220908,济南,36.67,116.98,20.98,0.0
20220909,济南,36.67,116.98,22.49,0.0
20220910,济南,36.67,116.98,23.13,0.0
20220911,济南,36.67,116.98,23.4,0.0
20220912,济南,36.67,116.98,22.72,0.0
20220913,济南,36.67,116.98,21.56,0.0
20220914,济南,36.67,116.98,20.11,1.91
20220915,济南,36.67,116.98,20.28,5.22
20220916,济南,36.67,116.98,21.06,0.87
20220917,济南,36.67,116.98,21.54,0.05
20220918,济南,36.67,116.98,21.64,0.0
20220919,济南,36.67,116.98,18.32,0.0
20220920,济南,36.67,116.98,18.06,0.0
20220921,济南,36.67,116.98,17.84,0.0
20220922,济南,36.67,116.98,18.35,0.0
20220923,济南,36.67,116.98,14.01,0.0
20220924,济南,36.67,116.98,14.82,0.0
20220925,济南,36.67,116.98,16.09,0.0
20220926,济南,36.67,116.98,18.02,0.0
20220927,济南,36.67,116.98,18.93,0.0
20220928,济南,36.67,116.98,19.16,0.0
20220929,济南,36.67,116.98,20.06,0.0
20220930,济南,36.67,116.98,20.64,0.0
20221001,济南,36.67,116.98,20.57,45.07
20221002,济南,36.67,116.98,21.89,34.19
20221003,济南,36.67,116.98,17.99,64.31
20221004,济南,36.67,116.98,8.75,0.12
20221005,济南,36.67,116.98,9.3,0.81
20221006,济南,36.67,116.98,10.48,0.01
20221007,济南,36.67,116.98,11.07,0.0
20221008,济南,36.67,116.98,11.9,1.95
20221009,济南,36.67,116.98,9.59,0.47
20221010,济南,36.67,116.98,7.63,2.31
20221011,济南,36.67,116.98,10.62,0.0
20221012,济南,36.67,116.98,10.21,0.0
20221013,济南,36.67,116.98,12.3,0.0
20221014,济南,36.67,116.98,14.44,0.0
20221015,济南,36.67,116.98,15.71,0.0
20221016,济南,36.67,116.98,13.53,0.0
20221017,济南,36.67,116.98,8.01,0.0
20221018,济南,36.67,116.98,8.37,0.0
20221019,济南,36.67,116.98,9.26,0.0
20221020,济南,36.67,116.98,10.93,0.0
20221021,济南,36.67,116.98,13.62,0.0
20221022,济南,36.67,116.98,12.9,0.0
20221023,济南,36.67,116.98,12.43,0.0
20221024,济南,36.67,116.98,12.78,0.0
20221025,济南,36.67,116.98,13.21,0.0
20221026,济南,36.67,116.98,12.94,0.0
20221027,济南,36.67,116.98,11.97,0.0
20221028,济南,36.67,116.98,10.44,0.0
20221029,济南,36.67,116.98,11.6,0.0
20221030,济南,36.67,116.98,12.11,0.02
20221031,济南,36.67,116.98,10.91,0.0
20220401,郑州,34.76,113.65,11.41,0.0
20220402,郑州,34.76,113.65,11.12,0.0
20220403,郑州,34.76,113.65,12.7,0.0
20220404,郑州,34.76,113.65,14.73,0.0
20220405,郑州,34.76,113.65,18.35,0.0
20220406,郑州,34.76,113.65,14.7,0.0
20220407,郑州,34.76,113.65,14.33,0.0
20220408,郑州,34.76,113.65,19.04,0.0
20220409,郑州,34.76,113.65,22.76,0.0
20220410,郑州,34.76,113.65,23.28,0.0
20220411,郑州,34.76,113.65,23.85,0.0
20220412,郑州,34.76,113.65,14.63,4.47
20220413,郑州,34.76,113.65,14.07,0.0
20220414,郑州,34.76,113.65,13.55,0.36
20220415,郑州,34.76,113.65,11.14,0.0
20220416,郑州,34.76,113.65,13.04,0.0
20220417,郑州,34.76,113.65,14.51,0.0
20220418,郑州,34.76,113.65,15.81,0.0
20220419,郑州,34.76,113.65,17.72,0.0
20220420,郑州,34.76,113.65,19.22,0.0
20220421,郑州,34.76,113.65,20.47,0.0
20220422,郑州,34.76,113.65,17.97,0.0
20220423,郑州,34.76,113.65,19.67,0.0
20220424,郑州,34.76,113.65,20.93,0.01
20220425,郑州,34.76,113.65,23.6,0.06
20220426,郑州,34.76,113.65,20.96,0.0
20220427,郑州,34.76,113.65,16.03,0.05
20220428,郑州,34.76,113.65,10.29,11.05
20220429,郑州,34.76,113.65,13.28,0.01
20220430,郑州,34.76,113.65,14.67,0.03
20220501,郑州,34.76,113.65,18.15,0.44
20220502,郑州,34.76,113.65,20.5,0.0
20220503,郑州,34.76,113.65,22.57,0.0
20220504,郑州,34.76,113.65,22.1,0.0
20220505,郑州,34.76,113.65,22.93,0.0
20220506,郑州,34.76,113.65,21.52,0.0
20220507,郑州,34.76,113.65,16.66,0.0
20220508,郑州,34.76,113.65,13.87,0.47
20220509,郑州,34.76,113.65,11.01,10.97
20220510,郑州,34.76,113.65,15.63,0.02
20220511,郑州,34.76,113.65,16.88,0.01
20220512,郑州,34.76,113.65,14.59,0.68
20220513,郑州,34.76,113.65,16.73,0.55
20220514,郑州,34.76,113.65,15.64,0.19
20220515,郑州,34.76,113.65,18.54,0.0
20220516,郑州,34.76,113.65,21.56,0.0
20220517,郑州,34.76,113.65,23.3,0.0
20220518,郑州,34.76,113.65,23.73,0.0
20220519,郑州,34.76,113.65,21.69,0.0
20220520,郑州,34.76,113.65,22.71,0.0
20220521,郑州,34.76,113.65,24.9,0.0
20220522,郑州,34.76,113.65,24.49,0.0
20220523,郑州,34.76,113.65,25.33,0.0
20220524,郑州,34.76,113.65,26.57,0.54
20220525,郑州,34.76,113.65,24.56,0.15
20220526,郑州,34.76,113.65,24.42,0.17
20220527,郑州,34.76,113.65,26.48,0.01
20220528,郑州,34.76,113.65,27.23,0.0
20220529,郑州,34.76,113.65,27.58,0.0
20220530,郑州,34.76,113.65,26.18,0.0
20220531,郑州,34.76,113.65,26.99,0.0
20220601,郑州,34.76,113.65,27.75,0.0
20220602,郑州,34.76,113.65,29.35,0.0
20220603,郑州,34.76,113.65,30.74,0.64
20220604,郑州,34.76,113.65,28.11,6.25
20220605,郑州,34.76,113.65,29.58,0.0
20220606,郑州,34.76,113.65,28.86,0.06
20220607,郑州,34.76,113.65,27.35,0.0
20220608,郑州,34.76,113.65,29.28,0.07
20220609,郑州,34.76,113.65,25.58,4.35
20220610,郑州,34.76,113.65,26.98,5.33
20220611,郑州,34.76,113.65,27.83,0.1
20220612,郑州,34.76,113.65,25.74,1.03
20220613,郑州,34.76,113.65,29.05,2.05
20220614,郑州,34.76,113.65,27.27,0.24
20220615,郑州,34.76,113.65,28.23,1.98
20220616,郑州,34.76,113.65,31.5,0.0
20220617,郑州,34.76,113.65,33.19,0.0
20220618,郑州,34.76,113.65,32.81,0.0
20220619,郑州,34.76,113.65,33.18,0.0
20220620,郑州,34.76,113.65,34.24,0.0
20220621,郑州,34.76,113.65,33.49,0.0
20220622,郑州,34.76,113.65,33.97,3.92
20220623,郑州,34.76,113.65,32.66,1.56
20220624,郑州,34.76,113.65,35.22,0.0
20220625,郑州,34.76,113.65,34.8,0.0
20220626,郑州,34.76,113.65,32.64,6.66
20220627,郑州,34.76,113.65,29.73,13.35
20220628,郑州,34.76,113.65,31.52,0.09
20220629,郑州,34.76,113.65,29.86,3.53
20220630,郑州,34.76,113.65,28.31,4.71
20220701,郑州,34.76,113.65,29.39,2.21
20220702,郑州,34.76,113.65,28.86,9.47
20220703,郑州,34.76,113.65,27.82,9.06
20220704,郑州,34.76,113.65,29.98,5.95
20220705,郑州,34.76,113.65,27.89,28.65
20220706,郑州,34.76,113.65,27.86,0.94
20220707,郑州,34.76,113.65,30.93,0.0
20220708,郑州,34.76,113.65,31.55,0.0
20220709,郑州,34.76,113.65,32.6,0.1
20220710,郑州,34.76,113.65,25.88,3.09
20220711,郑州,34.76,113.65,25.25,4.08
20220712,郑州,34.76,113.65,26.86,5.47
20220713,郑州,34.76,113.65,26.93,11.05
20220714,郑州,34.76,113.65,30.51,3.13
20220715,郑州,34.76,113.65,30.74,3.5
20220716,郑州,34.76,113.65,29.17,17.57
20220717,郑州,34.76,113.65,30.11,0.01
20220718,郑州,34.76,113.65,30.99,0.0
20220719,郑州,34.76,113.65,27.96,8.28
20220720,郑州,34.76,113.65,24.61,23.74
20220721,郑州,34.76,113.65,28.62,0.0
20220722,郑州,34.76,113.65,24.85,61.28
20220723,郑州,34.76,113.65,25.83,0.01
20220724,郑州,34.76,113.65,27.97,0.01
20220725,郑州,34.76,113.65,28.18,17.74
20220726,郑州,34.76,113.65,27.06,5.31
20220727,郑州,34.76,113.65,27.12,3.91
20220728,郑州,34.76,113.65,25.89,51.56
20220729,郑州,34.76,113.65,26.11,0.13
20220730,郑州,34.76,113.65,27.4,0.05
20220731,郑州,34.76,113.65,28.5,0.0
20220801,郑州,34.76,113.65,29.52,0.0
20220802,郑州,34.76,113.65,29.87,0.05
20220803,郑州,34.76,113.65,30.99,0.31
20220804,郑州,34.76,113.65,31.77,0.09
20220805,郑州,34.76,113.65,32.5,0.39
20220806,郑州,34.76,113.65,32.37,0.35
20220807,郑州,34.76,113.65,33.04,0.02
20220808,郑州,34.76,113.65,31.92,10.7
20220809,郑州,34.76,113.65,25.73,13.65
20220810,郑州,34.76,113.65,25.67,0.51
20220811,郑州,34.76,113.65,29.78,0.0
20220812,郑州,34.76,113.65,32.61,0.0
20220813,郑州,34.76,113.65,32.98,2.23
20220814,郑州,34.76,113.65,32.43,2.44
20220815,郑州,34.76,113.65,32.79,0.32
20220816,郑州,34.76,113.65,29.7,0.14
20220817,郑州,34.76,113.65,29.77,0.0
20220818,郑州,34.76,113.65,32.36,0.09
20220819,郑州,34.76,113.65,31.37,0.79
20220820,郑州,34.76,113.65,28.56,0.06
20220821,郑州,34.76,113.65,30.71,0.0
20220822,郑州,34.76,113.65,30.54,0.78
20220823,郑州,34.76,113.65,26.58,0.4
20220824,郑州,34.76,113.65,26.35,0.52
20220825,郑州,34.76,113.65,25.52,7.31
20220826,郑州,34.76,113.65,26.17,3.17
20220827,郑州,34.76,113.65,22.91,0.83
20220828,郑州,34.76,113.65,19.22,23.63
20220829,郑州,34.76,113.65,21.82,7.17
20220830,郑州,34.76,113.65,22.39,6.69
20220831,郑州,34.76,113.65,25.84,0.0
20220901,郑州,34.76,113.65,25.89,0.0
20220902,郑州,34.76,113.65,24.66,0.0
20220903,郑州,34.76,113.65,23.64,0.89
20220904,郑州,34.76,113.65,25.57,0.0
20220905,郑州,34.76,113.65,27.51,0.0
20220906,郑州,34.76,113.65,28.02,0.0
20220907,郑州,34.76,113.65,25.61,0.0
20220908,郑州,34.76,113.65,26.61,0.0
20220909,郑州,34.76,113.65,25.66,1.2
20220910,郑州,34.76,113.65,23.89,5.51
20220911,郑州,34.76,113.65,25.04,0.0
20220912,郑州,34.76,113.65,25.56,0.02
20220913,郑州,34.76,113.65,25.62,0.32
20220914,郑州,34.76,113.65,23.8,0.0
20220915,郑州,34.76,113.65,24.38,0.0
20220916,郑州,34.76,113.65,25.29,0.0
20220917,郑州,34.76,113.65,26.91,0.0
20220918,郑州,34.76,113.65,26.84,0.0
20220919,郑州,34.76,113.65,24.32,0.0
20220920,郑州,34.76,113.65,21.95,0.01
20220921,郑州,34.76,113.65,21.68,0.0
20220922,郑州,34.76,113.65,23.43,0.0
20220923,郑州,34.76,113.65,18.79,0.0
20220924,郑州,34.76,113.65,19.59,0.0
20220925,郑州,34.76,113.65,21.0,0.0
20220926,郑州,34.76,113.65,22.38,0.0
20220927,郑州,34.76,113.65,21.63,0.0
20220928,郑州,34.76,113.65,22.95,7.28
20220929,郑州,34.76,113.65,24.18,0.0
20220930,郑州,34.76,113.65,24.04,4.98
20221001,郑州,34.76,113.65,23.79,10.63
20221002,郑州,34.76,113.65,23.65,1.62
20221003,郑州,34.76,113.65,20.44,19.36
20221004,郑州,34.76,113.65,11.16,20.37
20221005,郑州,34.76,113.65,9.58,12.44
20221006,郑州,34.76,113.65,10.82,0.42
20221007,郑州,34.76,113.65,12.24,0.01
20221008,郑州,34.76,113.65,13.52,0.0
20221009,郑州,34.76,113.65,12.67,0.0
20221010,郑州,34.76,113.65,11.68,0.0
20221011,郑州,34.76,113.65,13.72,0.0
20221012,郑州,34.76,113.65,13.8,0.0
20221013,郑州,34.76,113.65,15.68,0.0
20221014,郑州,34.76,113.65,17.16,0.0
20221015,郑州,34.76,113.65,18.68,0.0
20221016,郑州,34.76,113.65,17.02,0.0
20221017,郑州,34.76,113.65,12.59,0.0
20221018,郑州,34.76,113.65,12.44,0.0
20221019,郑州,34.76,113.65,13.43,0.0
20221020,郑州,34.76,113.65,13.83,0.0
20221021,郑州,34.76,113.65,17.31,0.0
20221022,郑州,34.76,113.65,17.3,0.0
20221023,郑州,34.76,113.65,16.44,0.0
20221024,郑州,34.76,113.65,16.66,0.0
20221025,郑州,34.76,113.65,15.56,0.05
20221026,郑州,34.76,113.65,15.74,0.71
20221027,郑州,34.76,113.65,13.72,0.0
20221028,郑州,34.76,113.65,12.92,0.19
20221029,郑州,34.76,113.65,14.66,0.21
20221030,郑州,34.76,113.65,14.99,0.47
20221031,郑州,34.76,113.65,14.35,0.0
20230401,哈尔滨,45.75,126.63,10.97,0.05
20230402,哈尔滨,45.75,126.63,12.18,0.0
20230403,哈尔滨,45.75,126.63,8.7,0.02
20230404,哈尔滨,45.75,126.63,2.62,0.0
20230405,哈尔滨,45.75,126.63,4.99,0.0
20230406,哈尔滨,45.75,126.63,5.74,0.0
20230407,哈尔滨,45.75,126.63,-0.56,0.02
20230408,哈尔滨,45.75,126.63,3.5,0.34
20230409,哈尔滨,45.75,126.63,8.8,0.01
20230410,哈尔滨,45.75,126.63,10.64,0.62
20230411,哈尔滨,45.75,126.63,4.14,4.71
20230412,哈尔滨,45.75,126.63,2.69,0.01
20230413,哈尔滨,45.75,126.63,4.1,0.03
20230414,哈尔滨,45.75,126.63,4.3,0.02
20230415,哈尔滨,45.75,126.63,6.21,0.04
20230416,哈尔滨,45.75,126.63,5.55,0.06
20230417,哈尔滨,45.75,126.63,7.77,0.0
20230418,哈尔滨,45.75,126.63,8.02,3.54
20230419,哈尔滨,45.75,126.63,8.08,1.67
20230420,哈尔滨,45.75,126.63,7.07,0.34
20230421,哈尔滨,45.75,126.63,3.47,0.06
20230422,哈尔滨,45.75,126.63,3.84,0.0
20230423,哈尔滨,45.75,126.63,3.81,0.0
20230424,哈尔滨,45.75,126.63,6.9,0.04
20230425,哈尔滨,45.75,126.63,4.23,2.62
20230426,哈尔滨,45.75,126.63,6.05,0.0
20230427,哈尔滨,45.75,126.63,11.29,1.36
20230428,哈尔滨,45.75,126.63,8.77,3.92
20230429,哈尔滨,45.75,126.63,8.07,5.91
20230430,哈尔滨,45.75,126.63,6.35,8.57
20230501,哈尔滨,45.75,126.63,10.6,0.02
20230502,哈尔滨,45.75,126.63,14.62,1.7
20230503,哈尔滨,45.75,126.63,16.75,0.43
20230504,哈尔滨,45.75,126.63,11.86,3.5
20230505,哈尔滨,45.75,126.63,11.19,0.0
20230506,哈尔滨,45.75,126.63,11.95,0.0
20230507,哈尔滨,45.75,126.63,13.72,0.0
20230508,哈尔滨,45.75,126.63,12.3,0.0
20230509,哈尔滨,45.75,126.63,9.64,0.0
20230510,哈尔滨,45.75,126.63,10.57,0.22
20230511,哈尔滨,45.75,126.63,15.42,0.0
20230512,哈尔滨,45.75,126.63,14.84,2.39
20230513,哈尔滨,45.75,126.63,14.88,2.73
20230514,哈尔滨,45.75,126.63,16.53,0.89
20230515,哈尔滨,45.75,126.63,15.6,0.81
20230516,哈尔滨,45.75,126.63,11.55,2.17
20230517,哈尔滨,45.75,126.63,13.28,0.0
20230518,哈尔滨,45.75,126.63,15.86,0.0
20230519,哈尔滨,45.75,126.63,18.16,3.75
20230520,哈尔滨,45.75,126.63,15.37,6.99
20230521,哈尔滨,45.75,126.63,12.24,5.0
20230522,哈尔滨,45.75,126.63,16.48,0.0
20230523,哈尔滨,45.75,126.63,18.59,0.0
20230524,哈尔滨,45.75,126.63,21.51,0.0
20230525,哈尔滨,45.75,126.63,18.16,3.68
20230526,哈尔滨,45.75,126.63,17.91,8.02
20230527,哈尔滨,45.75,126.63,16.93,2.73
20230528,哈尔滨,45.75,126.63,16.17,0.02
20230529,哈尔滨,45.75,126.63,15.61,1.74
20230530,哈尔滨,45.75,126.63,17.24,0.4
20230531,哈尔滨,45.75,126.63,18.74,2.49
20230601,哈尔滨,45.75,126.63,16.45,12.52
20230602,哈尔滨,45.75,126.63,16.55,2.07
20230603,哈尔滨,45.75,126.63,15.87,0.27
20230604,哈尔滨,45.75,126.63,18.09,0.05
20230605,哈尔滨,45.75,126.63,19.86,0.39
20230606,哈尔滨,45.75,126.63,17.34,1.75
20230607,哈尔滨,45.75,126.63,17.96,2.45
20230608,哈尔滨,45.75,126.63,17.87,0.09
20230609,哈尔滨,45.75,126.63,16.76,7.94
20230610,哈尔滨,45.75,126.63,18.39,3.44
20230611,哈尔滨,45.75,126.63,17.87,1.18
20230612,哈尔滨,45.75,126.63,18.69,0.19
20230613,哈尔滨,45.75,126.63,21.91,0.22
20230614,哈尔滨,45.75,126.63,23.58,0.89
20230615,哈尔滨,45.75,126.63,23.07,2.19
20230616,哈尔滨,45.75,126.63,24.45,0.85
20230617,哈尔滨,45.75,126.63,20.8,1.47
20230618,哈尔滨,45.75,126.63,22.04,0.09
20230619,哈尔滨,45.75,126.63,26.03,0.56
20230620,哈尔滨,45.75,126.63,23.46,4.88
20230621,哈尔滨,45.75,126.63,20.86,3.2
20230622,哈尔滨,45.75,126.63,22.28,1.06
20230623,哈尔滨,45.75,126.63,23.6,0.18
20230624,哈尔滨,45.75,126.63,25.62,1.07
20230625,哈尔滨,45.75,126.63,28.23,0.35
20230626,哈尔滨,45.75,126.63,29.06,0.41
20230627,哈尔滨,45.75,126.63,24.63,11.1
20230628,哈尔滨,45.75,126.63,24.59,4.31
20230629,哈尔滨,45.75,126.63,24.98,3.58
20230630,哈尔滨,45.75,126.63,24.88,4.01
20230701,哈尔滨,45.75,126.63,21.51,27.05
20230702,哈尔滨,45.75,126.63,22.33,0.56
20230703,哈尔滨,45.75,126.63,23.62,2.76
20230704,哈尔滨,45.75,126.63,24.38,0.69
20230705,哈尔滨,45.75,126.63,21.13,19.69
20230706,哈尔滨,45.75,126.63,21.65,9.69
20230707,哈尔滨,45.75,126.63,22.79,0.41
20230708,哈尔滨,45.75,126.63,23.59,3.67
20230709,哈尔滨,45.75,126.63,23.93,15.1
20230710,哈尔滨,45.75,126.63,22.11,16.58
20230711,哈尔滨,45.75,126.63,23.68,3.54
20230712,哈尔滨,45.75,126.63,24.58,0.11
20230713,哈尔滨,45.75,126.63,24.83,0.06
20230714,哈尔滨,45.75,126.63,20.91,39.49
20230715,哈尔滨,45.75,126.63,19.11,21.43
20230716,哈尔滨,45.75,126.63,20.74,12.54
20230717,哈尔滨,45.75,126.63,19.64,3.48
20230718,哈尔滨,45.75,126.63,20.69,0.52
20230719,哈尔滨,45.75,126.63,23.6,0.04
20230720,哈尔滨,45.75,126.63,24.78,0.76
20230721,哈尔滨,45.75,126.63,24.5,0.29
20230722,哈尔滨,45.75,126.63,22.77,18.47
20230723,哈尔滨,45.75,126.63,23.57,69.56
20230724,哈尔滨,45.75,126.63,21.08,10.56
20230725,哈尔滨,45.75,126.63,23.27,0.29
20230726,哈尔滨,45.75,126.63,24.69,1.24
20230727,哈尔滨,45.75,126.63,25.11,6.18
20230728,哈尔滨,45.75,126.63,24.61,7.62
20230729,哈尔滨,45.75,126.63,26.26,7.99
20230730,哈尔滨,45.75,126.63,25.42,8.69
20230731,哈尔滨,45.75,126.63,25.13,5.75
20230801,哈尔滨,45.75,126.63,25.98,0.53
20230802,哈尔滨,45.75,126.63,24.82,32.54
20230803,哈尔滨,45.75,126.63,25.12,38.32
20230804,哈尔滨,45.75,126.63,25.62,15.16
20230805,哈尔滨,45.75,126.63,20.73,9.73
20230806,哈尔滨,45.75,126.63,19.87,0.29
20230807,哈尔滨,45.75,126.63,18.44,1.33
20230808,哈尔滨,45.75,126.63,20.95,1.74
20230809,哈尔滨,45.75,126.63,21.71,1.38
20230810,哈尔滨,45.75,126.63,21.66,0.06
20230811,哈尔滨,45.75,126.63,22.04,4.73
20230812,哈尔滨,45.75,126.63,22.93,16.19
20230813,哈尔滨,45.75,126.63,21.99,13.81
20230814,哈尔滨,45.75,126.63,24.03,1.47
20230815,哈尔滨,45.75,126.63,24.22,0.05
20230816,哈尔滨,45.75,126.63,24.75,0.9
20230817,哈尔滨,45.75,126.63,25.69,0.76
20230818,哈尔滨,45.75,126.63,25.31,6.62
20230819,哈尔滨,45.75,126.63,21.95,0.11
20230820,哈尔滨,45.75,126.63,22.84,0.01
20230821,哈尔滨,45.75,126.63,22.41,28.11
20230822,哈尔滨,45.75,126.63,21.12,10.76
20230823,哈尔滨,45.75,126.63,20.05,0.53
20230824,哈尔滨,45.75,126.63,19.5,0.0
20230825,哈尔滨,45.75,126.63,20.41,2.08
20230826,哈尔滨,45.75,126.63,19.01,4.53
20230827,哈尔滨,45.75,126.63,17.85,1.52
20230828,哈尔滨,45.75,126.63,18.81,0.23
20230829,哈尔滨,45.75,126.63,17.89,22.59
20230830,哈尔滨,45.75,126.63,17.73,9.2
20230831,哈尔滨,45.75,126.63,17.24,1.63
20230901,哈尔滨,45.75,126.63,17.66,1.9
20230902,哈尔滨,45.75,126.63,20.56,0.04
20230903,哈尔滨,45.75,126.63,21.14,0.13
20230904,哈尔滨,45.75,126.63,19.72,4.07
20230905,哈尔滨,45.75,126.63,16.35,0.04
20230906,哈尔滨,45.75,126.63,18.52,0.33
20230907,哈尔滨,45.75,126.63,21.57,0.03
20230908,哈尔滨,45.75,126.63,20.52,0.0
20230909,哈尔滨,45.75,126.63,16.65,0.0
20230910,哈尔滨,45.75,126.63,18.69,0.0
20230911,哈尔滨,45.75,126.63,18.64,9.35
20230912,哈尔滨,45.75,126.63,13.2,0.04
20230913,哈尔滨,45.75,126.63,14.36,0.23
20230914,哈尔滨,45.75,126.63,16.99,0.0
20230915,哈尔滨,45.75,126.63,18.89,0.08
20230916,哈尔滨,45.75,126.63,18.74,0.85
20230917,哈尔滨,45.75,126.63,19.78,0.98
20230918,哈尔滨,45.75,126.63,17.96,12.43
20230919,哈尔滨,45.75,126.63,12.81,2.45
20230920,哈尔滨,45.75,126.63,10.26,0.0
20230921,哈尔滨,45.75,126.63,14.24,0.02
20230922,哈尔滨,45.75,126.63,12.09,0.02
20230923,哈尔滨,45.75,126.63,12.63,0.02
20230924,哈尔滨,45.75,126.63,13.84,0.0
20230925,哈尔滨,45.75,126.63,17.42,0.32
20230926,哈尔滨,45.75,126.63,17.2,0.43
20230927,哈尔滨,45.75,126.63,15.2,2.54
20230928,哈尔滨,45.75,126.63,12.16,0.17
20230929,哈尔滨,45.75,126.63,12.82,8.38
20230930,哈尔滨,45.75,126.63,12.24,5.87
20231001,哈尔滨,45.75,126.63,11.55,0.63
20231002,哈尔滨,45.75,126.63,11.71,0.06
20231003,哈尔滨,45.75,126.63,12.38,6.47
20231004,哈尔滨,45.75,126.63,8.43,1.55
20231005,哈尔滨,45.75,126.63,6.08,0.0
20231006,哈尔滨,45.75,126.63,7.03,0.0
20231007,哈尔滨,45.75,126.63,7.94,0.0
20231008,哈尔滨,45.75,126.63,8.97,0.0
20231009,哈尔滨,45.75,126.63,10.44,0.01
20231010,哈尔滨,45.75,126.63,9.83,0.0
20231011,哈尔滨,45.75,126.63,10.6,0.0
20231012,哈尔滨,45.75,126.63,11.34,0.0
20231013,哈尔滨,45.75,126.63,11.63,0.02
20231014,哈尔滨,45.75,126.63,11.88,0.03
20231015,哈尔滨,45.75,126.63,6.4,0.0
20231016,哈尔滨,45.75,126.63,2.79,0.0
20231017,哈尔滨,45.75,126.63,6.98,0.0
20231018,哈尔滨,45.75,126.63,7.36,0.07
20231019,哈尔滨,45.75,126.63,3.51,0.09
20231020,哈尔滨,45.75,126.63,-0.25,0.01
20231021,哈尔滨,45.75,126.63,0.36,0.69
20231022,哈尔滨,45.75,126.63,3.98,0.02
20231023,哈尔滨,45.75,126.63,8.37,0.0
20231024,哈尔滨,45.75,126.63,9.22,0.02
20231025,哈尔滨,45.75,126.63,8.36,0.21
20231026,哈尔滨,45.75,126.63,2.57,0.0
20231027,哈尔滨,45.75,126.63,2.83,0.0
20231028,哈尔滨,45.75,126.63,3.95,0.0
20231029,哈尔滨,45.75,126.63,6.19,0.0
20231030,哈尔滨,45.75,126.63,6.55,0.03
20231031,哈尔滨,45.75,126.63,2.49,3.05
20230401,长春,43.82,125.32,11.25,0.0
20230402,长春,43.82,125.32,11.97,0.0
20230403,长春,43.82,125.32,10.33,0.0
20230404,长春,43.82,125.32,3.6,0.08
20230405,长春,43.82,125.32,4.96,0.18
20230406,长春,43.82,125.32,4.02,0.34
20230407,长春,43.82,125.32,-0.07,0.0
20230408,长春,43.82,125.32,3.2,0.01
20230409,长春,43.82,125.32,8.87,0.0
20230410,长春,43.82,125.32,11.72,1.39
20230411,长春,43.82,125.32,5.52,3.07
20230412,长春,43.82,125.32,2.77,0.0
20230413,长春,43.82,125.32,6.06,0.0
20230414,长春,43.82,125.32,7.59,0.0
20230415,长春,43.82,125.32,8.73,0.07
20230416,长春,43.82,125.32,7.84,0.01
20230417,长春,43.82,125.32,8.92,0.0
20230418,长春,43.82,125.32,8.99,1.23
20230419,长春,43.82,125.32,11.73,0.86
20230420,长春,43.82,125.32,7.62,0.34
20230421,长春,43.82,125.32,3.02,0.43
20230422,长春,43.82,125.32,3.76,0.0
20230423,长春,43.82,125.32,3.94,0.0
20230424,长春,43.82,125.32,7.4,0.0
20230425,长春,43.82,125.32,6.16,16.43
20230426,长春,43.82,125.32,5.24,0.12
20230427,长春,43.82,125.32,9.24,2.31
20230428,长春,43.82,125.32,9.0,2.35
20230429,长春,43.82,125.32,7.29,3.44
20230430,长春,43.82,125.32,7.7,4.74
20230501,长春,43.82,125.32,10.51,0.0
20230502,长春,43.82,125.32,13.44,0.05
20230503,长春,43.82,125.32,16.8,0.0
20230504,长春,43.82,125.32,15.51,0.15
20230505,长春,43.82,125.32,10.95,0.03
20230506,长春,43.82,125.32,12.3,0.02
20230507,长春,43.82,125.32,13.0,0.0
20230508,长春,43.82,125.32,12.88,0.0
20230509,长春,43.82,125.32,11.11,0.0
20230510,长春,43.82,125.32,11.81,0.0
20230511,长春,43.82,125.32,14.86,0.0
20230512,长春,43.82,125.32,14.64,3.49
20230513,长春,43.82,125.32,13.76,0.38
20230514,长春,43.82,125.32,16.19,0.38
20230515,长春,43.82,125.32,16.08,1.91
20230516,长春,43.82,125.32,16.9,4.83
20230517,长春,43.82,125.32,12.12,2.28
20230518,长春,43.82,125.32,14.87,0.05
20230519,长春,43.82,125.32,17.85,3.22
20230520,长春,43.82,125.32,15.82,2.05
20230521,长春,43.82,125.32,12.85,0.22
20230522,长春,43.82,125.32,15.79,0.21
20230523,长春,43.82,125.32,17.17,0.01
20230524,长春,43.82,125.32,19.21,0.0
20230525,长春,43.82,125.32,16.78,0.26
20230526,长春,43.82,125.32,18.58,0.22
20230527,长春,43.82,125.32,16.73,2.8
20230528,长春,43.82,125.32,18.49,0.74
20230529,长春,43.82,125.32,16.82,0.0
20230530,长春,43.82,125.32,16.91,0.04
20230531,长春,43.82,125.32,18.35,1.72
20230601,长春,43.82,125.32,16.44,2.82
20230602,长春,43.82,125.32,17.27,0.28
20230603,长春,43.82,125.32,17.6,0.18
20230604,长春,43.82,125.32,18.67,0.2
20230605,长春,43.82,125.32,19.5,0.35
20230606,长春,43.82,125.32,18.6,0.99
20230607,长春,43.82,125.32,19.33,3.03
20230608,长春,43.82,125.32,17.69,0.02
20230609,长春,43.82,125.32,15.03,1.81
20230610,长春,43.82,125.32,17.22,1.12
20230611,长春,43.82,125.32,15.66,11.81
20230612,长春,43.82,125.32,17.14,5.48
20230613,长春,43.82,125.32,19.31,0.96
20230614,长春,43.82,125.32,20.53,0.0
20230615,长春,43.82,125.32,23.1,0.0
20230616,长春,43.82,125.32,22.07,0.24
20230617,长春,43.82,125.32,22.3,0.0
20230618,长春,43.82,125.32,22.85,0.42
20230619,长春,43.82,125.32,26.38,1.26
20230620,长春,43.82,125.32,21.17,5.69
20230621,长春,43.82,125.32,19.26,1.45
20230622,长春,43.82,125.32,21.94,0.13
20230623,长春,43.82,125.32,24.41,0.17
20230624,长春,43.82,125.32,25.72,0.0
20230625,长春,43.82,125.32,26.1,0.0
20230626,长春,43.82,125.32,25.35,1.68
20230627,长春,43.82,125.32,22.85,9.91
20230628,长春,43.82,125.32,25.36,0.84
20230629,长春,43.82,125.32,24.51,1.47
20230630,长春,43.82,125.32,24.3,0.64
20230701,长春,43.82,125.32,23.14,1.31
20230702,长春,43.82,125.32,22.64,0.5
20230703,长春,43.82,125.32,25.79,1.96
20230704,长春,43.82,125.32,24.21,6.71
20230705,长春,43.82,125.32,21.97,30.15
20230706,长春,43.82,125.32,23.23,4.99
20230707,长春,43.82,125.32,22.65,4.66
20230708,长春,43.82,125.32,23.51,19.29
20230709,长春,43.82,125.32,22.73,10.65
20230710,长春,43.82,125.32,22.01,16.91
20230711,长春,43.82,125.32,22.3,17.3
20230712,长春,43.82,125.32,23.42,0.23
20230713,长春,43.82,125.32,23.89,3.94
20230714,长春,43.82,125.32,21.89,51.31
20230715,长春,43.82,125.32,21.1,10.01
20230716,长春,43.82,125.32,20.65,6.82
20230717,长春,43.82,125.32,21.47,2.81
20230718,长春,43.82,125.32,22.84,0.13
20230719,长春,43.82,125.32,24.53,2.7
20230720,长春,43.82,125.32,25.68,1.26
20230721,长春,43.82,125.32,25.0,0.92
20230722,长春,43.82,125.32,23.09,36.33
20230723,长春,43.82,125.32,23.41,9.28
20230724,长春,43.82,125.32,22.42,1.69
20230725,长春,43.82,125.32,23.21,17.29
20230726,长春,43.82,125.32,25.15,4.49
20230727,长春,43.82,125.32,25.24,0.32
20230728,长春,43.82,125.32,25.48,1.48
20230729,长春,43.82,125.32,25.36,0.83
20230730,长春,43.82,125.32,24.76,0.7
20230731,长春,43.82,125.32,25.24,0.06
20230801,长春,43.82,125.32,25.65,2.74
20230802,长春,43.82,125.32,25.89,32.58
20230803,长春,43.82,125.32,26.35,19.33
20230804,长春,43.82,125.32,25.84,7.16
20230805,长春,43.82,125.32,20.49,0.98
20230806,长春,43.82,125.32,19.79,1.8
20230807,长春,43.82,125.32,21.07,0.96
20230808,长春,43.82,125.32,22.05,0.11
20230809,长春,43.82,125.32,21.79,0.03
20230810,长春,43.82,125.32,21.98,0.18
20230811,长春,43.82,125.32,23.43,0.48
20230812,长春,43.82,125.32,23.39,5.85
20230813,长春,43.82,125.32,21.88,3.76
20230814,长春,43.82,125.32,23.61,0.14
20230815,长春,43.82,125.32,24.25,0.02
20230816,长春,43.82,125.32,24.9,0.03
20230817,长春,43.82,125.32,25.61,0.04
20230818,长春,43.82,125.32,25.74,1.25
20230819,长春,43.82,125.32,22.28,0.25
20230820,长春,43.82,125.32,23.78,0.08
20230821,长春,43.82,125.32,22.13,22.29
20230822,长春,43.82,125.32,21.13,1.61
20230823,长春,43.82,125.32,21.09,0.0
20230824,长春,43.82,125.32,21.24,0.01
20230825,长春,43.82,125.32,20.71,0.44
20230826,长春,43.82,125.32,19.41,0.16
20230827,长春,43.82,125.32,19.48,0.07
20230828,长春,43.82,125.32,19.64,1.03
20230829,长春,43.82,125.32,18.61,29.94
20230830,长春,43.82,125.32,17.27,1.1
20230831,长春,43.82,125.32,18.61,1.35
20230901,长春,43.82,125.32,19.33,0.33
20230902,长春,43.82,125.32,20.35,0.01
20230903,长春,43.82,125.32,21.38,2.39
20230904,长春,43.82,125.32,20.44,5.17
20230905,长春,43.82,125.32,18.0,0.15
20230906,长春,43.82,125.32,20.17,0.0
20230907,长春,43.82,125.32,22.59,0.0
20230908,长春,43.82,125.32,21.26,0.06
20230909,长春,43.82,125.32,18.91,0.02
20230910,长春,43.82,125.32,19.93,0.52
20230911,长春,43.82,125.32,19.8,2.07
20230912,长春,43.82,125.32,15.5,0.04
20230913,长春,43.82,125.32,16.15,0.0
20230914,长春,43.82,125.32,17.42,0.0
20230915,长春,43.82,125.32,19.03,0.0
20230916,长春,43.82,125.32,20.5,0.01
20230917,长春,43.82,125.32,20.74,0.52
20230918,长春,43.82,125.32,19.57,20.95
20230919,长春,43.82,125.32,13.81,0.47
20230920,长春,43.82,125.32,13.61,0.0
20230921,长春,43.82,125.32,15.49,0.0
20230922,长春,43.82,125.32,12.97,0.06
20230923,长春,43.82,125.32,13.2,0.0
20230924,长春,43.82,125.32,15.09,0.02
20230925,长春,43.82,125.32,17.61,0.71
20230926,长春,43.82,125.32,17.48,0.08
20230927,长春,43.82,125.32,16.49,0.21
20230928,长春,43.82,125.32,13.46,0.0
20230929,长春,43.82,125.32,14.58,3.12
20230930,长春,43.82,125.32,11.97,0.79
20231001,长春,43.82,125.32,12.07,0.06
20231002,长春,43.82,125.32,13.26,0.0
20231003,长春,43.82,125.32,15.28,0.72
20231004,长春,43.82,125.32,9.29,0.2
20231005,长春,43.82,125.32,7.66,0.0
20231006,长春,43.82,125.32,9.87,0.0
20231007,长春,43.82,125.32,8.97,0.0
20231008,长春,43.82,125.32,11.75,0.01
20231009,长春,43.82,125.32,11.44,0.88
20231010,长春,43.82,125.32,10.71,0.0
20231011,长春,43.82,125.32,11.4,0.0
20231012,长春,43.82,125.32,12.95,0.0
20231013,长春,43.82,125.32,11.27,0.14
20231014,长春,43.82,125.32,11.41,0.02
20231015,长春,43.82,125.32,7.49,0.01
20231016,长春,43.82,125.32,4.23,0.0
20231017,长春,43.82,125.32,8.89,0.0
20231018,长春,43.82,125.32,9.31,1.88
20231019,长春,43.82,125.32,5.28,0.0
20231020,长春,43.82,125.32,2.73,0.0
20231021,长春,43.82,125.32,2.7,0.0
20231022,长春,43.82,125.32,6.09,0.0
20231023,长春,43.82,125.32,9.86,0.0
20231024,长春,43.82,125.32,11.22,0.01
20231025,长春,43.82,125.32,11.26,1.02
20231026,长春,43.82,125.32,3.97,0.0
20231027,长春,43.82,125.32,5.07,0.0
20231028,长春,43.82,125.32,5.29,0.0
20231029,长春,43.82,125.32,8.59,0.0
20231030,长春,43.82,125.32,8.83,0.01
20231031,长春,43.82,125.32,8.39,1.66
20230401,沈阳,41.8,123.43,11.01,0.0
20230402,沈阳,41.8,123.43,11.66,0.0
20230403,沈阳,41.8,123.43,10.03,0.0
20230404,沈阳,41.8,123.43,5.11,2.99
20230405,沈阳,41.8,123.43,5.05,8.2
20230406,沈阳,41.8,123.43,4.9,0.02
20230407,沈阳,41.8,123.43,2.66,0.0
20230408,沈阳,41.8,123.43,4.45,0.0
20230409,沈阳,41.8,123.43,9.58,0.0
20230410,沈阳,41.8,123.43,11.55,2.41
20230411,沈阳,41.8,123.43,6.25,1.18
20230412,沈阳,41.8,123.43,6.31,2.78
20230413,沈阳,41.8,123.43,9.35,0.23
20230414,沈阳,41.8,123.43,10.84,0.07
20230415,沈阳,41.8,123.43,7.96,0.0
20230416,沈阳,41.8,123.43,9.0,0.0
20230417,沈阳,41.8,123.43,8.76,0.03
20230418,沈阳,41.8,123.43,11.53,0.11
20230419,沈阳,41.8,123.43,12.62,0.08
20230420,沈阳,41.8,123.43,9.94,0.62
20230421,沈阳,41.8,123.43,6.12,0.64
20230422,沈阳,41.8,123.43,9.74,0.0
20230423,沈阳,41.8,123.43,6.67,0.0
20230424,沈阳,41.8,123.43,9.03,0.0
20230425,沈阳,41.8,123.43,7.07,12.68
20230426,沈阳,41.8,123.43,6.53,0.46
20230427,沈阳,41.8,123.43,10.77,6.65
20230428,沈阳,41.8,123.43,9.94,6.92
20230429,沈阳,41.8,123.43,7.78,12.03
20230430,沈阳,41.8,123.43,9.91,0.19
20230501,沈阳,41.8,123.43,12.78,0.06
20230502,沈阳,41.8,123.43,14.16,0.0
20230503,沈阳,41.8,123.43,16.51,0.0
20230504,沈阳,41.8,123.43,17.6,1.5
20230505,沈阳,41.8,123.43,14.62,8.16
20230506,沈阳,41.8,123.43,13.2,0.0
20230507,沈阳,41.8,123.43,13.76,0.0
20230508,沈阳,41.8,123.43,15.94,0.0
20230509,沈阳,41.8,123.43,13.85,0.0
20230510,沈阳,41.8,123.43,14.16,0.0
20230511,沈阳,41.8,123.43,16.21,0.0
20230512,沈阳,41.8,123.43,17.76,0.72
20230513,沈阳,41.8,123.43,16.07,5.08
20230514,沈阳,41.8,123.43,16.58,1.82
20230515,沈阳,41.8,123.43,19.15,0.01
20230516,沈阳,41.8,123.43,21.1,0.81
20230517,沈阳,41.8,123.43,13.79,13.31
20230518,沈阳,41.8,123.43,15.33,0.01
20230519,沈阳,41.8,123.43,16.91,5.88
20230520,沈阳,41.8,123.43,16.84,4.38
20230521,沈阳,41.8,123.43,14.92,0.96
20230522,沈阳,41.8,123.43,17.45,0.01
20230523,沈阳,41.8,123.43,19.1,0.0
20230524,沈阳,41.8,123.43,18.62,0.0
20230525,沈阳,41.8,123.43,17.12,0.85
20230526,沈阳,41.8,123.43,19.35,0.05
20230527,沈阳,41.8,123.43,17.84,0.04
20230528,沈阳,41.8,123.43,19.96,0.02
20230529,沈阳,41.8,123.43,19.69,0.83
20230530,沈阳,41.8,123.43,19.31,0.8
20230531,沈阳,41.8,123.43,20.1,0.06
20230601,沈阳,41.8,123.43,20.0,9.09
20230602,沈阳,41.8,123.43,19.22,0.21
20230603,沈阳,41.8,123.43,19.97,0.05
20230604,沈阳,41.8,123.43,21.16,0.0
20230605,沈阳,41.8,123.43,21.25,0.02
20230606,沈阳,41.8,123.43,21.57,4.69
20230607,沈阳,41.8,123.43,20.65,3.73
20230608,沈阳,41.8,123.43,19.68,0.23
20230609,沈阳,41.8,123.43,18.83,3.09
20230610,沈阳,41.8,123.43,18.37,10.25
20230611,沈阳,41.8,123.43,17.03,8.44
20230612,沈阳,41.8,123.43,17.15,2.04
20230613,沈阳,41.8,123.43,19.33,0.1
20230614,沈阳,41.8,123.43,21.1,0.0
20230615,沈阳,41.8,123.43,22.31,0.0
20230616,沈阳,41.8,123.43,23.86,0.0
20230617,沈阳,41.8,123.43,25.13,0.0
20230618,沈阳,41.8,123.43,25.06,0.0
20230619,沈阳,41.8,123.43,24.65,0.06
20230620,沈阳,41.8,123.43,20.77,4.79
20230621,沈阳,41.8,123.43,21.27,10.88
20230622,沈阳,41.8,123.43,23.93,0.02
20230623,沈阳,41.8,123.43,23.6,0.0
20230624,沈阳,41.8,123.43,25.25,0.0
20230625,沈阳,41.8,123.43,24.57,0.0
20230626,沈阳,41.8,123.43,23.24,17.65
20230627,沈阳,41.8,123.43,24.22,7.17
20230628,沈阳,41.8,123.43,24.0,0.6
20230629,沈阳,41.8,123.43,24.58,4.96
20230630,沈阳,41.8,123.43,25.11,0.6
20230701,沈阳,41.8,123.43,25.95,0.0
20230702,沈阳,41.8,123.43,25.16,0.0
20230703,沈阳,41.8,123.43,25.36,0.0
20230704,沈阳,41.8,123.43,23.84,42.31
20230705,沈阳,41.8,123.43,24.1,13.05
20230706,沈阳,41.8,123.43,25.88,8.08
20230707,沈阳,41.8,123.43,24.97,6.59
20230708,沈阳,41.8,123.43,23.07,16.52
20230709,沈阳,41.8,123.43,24.27,13.27
20230710,沈阳,41.8,123.43,24.04,8.51
20230711,沈阳,41.8,123.43,24.09,4.18
20230712,沈阳,41.8,123.43,24.25,0.17
20230713,沈阳,41.8,123.43,24.2,11.77
20230714,沈阳,41.8,123.43,24.56,21.45
20230715,沈阳,41.8,123.43,21.81,6.98
20230716,沈阳,41.8,123.43,21.88,1.48
20230717,沈阳,41.8,123.43,23.4,0.66
20230718,沈阳,41.8,123.43,24.91,0.03
20230719,沈阳,41.8,123.43,26.28,0.0
20230720,沈阳,41.8,123.43,26.76,0.0
20230721,沈阳,41.8,123.43,27.02,0.05
20230722,沈阳,41.8,123.43,24.4,45.91
20230723,沈阳,41.8,123.43,24.62,3.53
20230724,沈阳,41.8,123.43,24.44,2.31
20230725,沈阳,41.8,123.43,25.14,9.78
20230726,沈阳,41.8,123.43,25.86,0.55
20230727,沈阳,41.8,123.43,26.54,0.33
20230728,沈阳,41.8,123.43,26.64,1.25
20230729,沈阳,41.8,123.43,26.15,0.9
20230730,沈阳,41.8,123.43,25.36,0.22
20230731,沈阳,41.8,123.43,26.19,0.04
20230801,沈阳,41.8,123.43,26.53,0.66
20230802,沈阳,41.8,123.43,26.94,1.09
20230803,沈阳,41.8,123.43,28.46,0.43
20230804,沈阳,41.8,123.43,28.78,17.81
20230805,沈阳,41.8,123.43,23.5,0.96
20230806,沈阳,41.8,123.43,20.77,3.83
20230807,沈阳,41.8,123.43,22.51,0.01
20230808,沈阳,41.8,123.43,23.46,0.0
20230809,沈阳,41.8,123.43,23.55,0.0
20230810,沈阳,41.8,123.43,23.64,0.0
20230811,沈阳,41.8,123.43,24.68,0.12
20230812,沈阳,41.8,123.43,23.98,16.81
20230813,沈阳,41.8,123.43,23.24,28.81
20230814,沈阳,41.8,123.43,24.94,1.21
20230815,沈阳,41.8,123.43,26.19,0.0
20230816,沈阳,41.8,123.43,26.92,2.22
20230817,沈阳,41.8,123.43,26.83,0.58
20230818,沈阳,41.8,123.43,26.08,13.86
20230819,沈阳,41.8,123.43,26.45,6.9
20230820,沈阳,41.8,123.43,25.73,6.86
20230821,沈阳,41.8,123.43,22.9,32.1
20230822,沈阳,41.8,123.43,23.0,0.23
20230823,沈阳,41.8,123.43,23.1,0.0
20230824,沈阳,41.8,123.43,22.52,0.0
20230825,沈阳,41.8,123.43,21.31,0.04
20230826,沈阳,41.8,123.43,20.6,0.0
20230827,沈阳,41.8,123.43,20.41,0.0
20230828,沈阳,41.8,123.43,20.6,3.13
20230829,沈阳,41.8,123.43,20.5,6.31
20230830,沈阳,41.8,123.43,20.08,0.27
20230831,沈阳,41.8,123.43,19.97,4.62
20230901,沈阳,41.8,123.43,21.63,0.12
20230902,沈阳,41.8,123.43,22.21,0.0
20230903,沈阳,41.8,123.43,22.14,0.0
20230904,沈阳,41.8,123.43,23.19,0.01
20230905,沈阳,41.8,123.43,21.96,0.0
20230906,沈阳,41.8,123.43,22.42,0.0
20230907,沈阳,41.8,123.43,23.16,0.0
20230908,沈阳,41.8,123.43,23.3,19.67
20230909,沈阳,41.8,123.43,20.89,2.88
20230910,沈阳,41.8,123.43,21.17,20.56
20230911,沈阳,41.8,123.43,21.0,2.92
20230912,沈阳,41.8,123.43,17.41,0.0
20230913,沈阳,41.8,123.43,17.3,0.0
20230914,沈阳,41.8,123.43,18.89,0.0
20230915,沈阳,41.8,123.43,20.72,0.0
20230916,沈阳,41.8,123.43,21.67,0.0
20230917,沈阳,41.8,123.43,21.46,2.22
20230918,沈阳,41.8,123.43,21.51,16.01
20230919,沈阳,41.8,123.43,16.85,0.57
20230920,沈阳,41.8,123.43,15.67,0.09
20230921,沈阳,41.8,123.43,17.64,0.0
20230922,沈阳,41.8,123.43,14.55,3.11
20230923,沈阳,41.8,123.43,13.83,0.0
20230924,沈阳,41.8,123.43,16.82,6.78
20230925,沈阳,41.8,123.43,17.94,1.84
20230926,沈阳,41.8,123.43,18.59,0.09
20230927,沈阳,41.8,123.43,17.22,0.02
20230928,沈阳,41.8,123.43,16.17,0.0
20230929,沈阳,41.8,123.43,16.0,8.79
20230930,沈阳,41.8,123.43,13.9,0.19
20231001,沈阳,41.8,123.43,14.43,0.0
20231002,沈阳,41.8,123.43,16.13,0.0
20231003,沈阳,41.8,123.43,18.53,1.47
20231004,沈阳,41.8,123.43,11.52,0.55
20231005,沈阳,41.8,123.43,9.97,1.55
20231006,沈阳,41.8,123.43,12.27,0.0
20231007,沈阳,41.8,123.43,13.07,0.0
20231008,沈阳,41.8,123.43,14.47,3.81
20231009,沈阳,41.8,123.43,13.7,2.93
20231010,沈阳,41.8,123.43,13.6,0.08
20231011,沈阳,41.8,123.43,14.82,0.0
20231012,沈阳,41.8,123.43,15.15,0.01
20231013,沈阳,41.8,123.43,13.1,3.12
20231014,沈阳,41.8,123.43,13.0,0.24
20231015,沈阳,41.8,123.43,9.43,0.21
20231016,沈阳,41.8,123.43,7.16,0.0
20231017,沈阳,41.8,123.43,11.82,0.27
20231018,沈阳,41.8,123.43,11.58,10.39
20231019,沈阳,41.8,123.43,7.98,0.14
20231020,沈阳,41.8,123.43,5.69,0.15
20231021,沈阳,41.8,123.43,5.94,0.0
20231022,沈阳,41.8,123.43,9.4,0.0
20231023,沈阳,41.8,123.43,11.76,0.0
20231024,沈阳,41.8,123.43,13.74,0.0
20231025,沈阳,41.8,123.43,13.67,0.0
20231026,沈阳,41.8,123.43,6.15,0.01
20231027,沈阳,41.8,123.43,6.2,0.0
20231028,沈阳,41.8,123.43,7.82,0.0
20231029,沈阳,41.8,123.43,11.44,0.0
20231030,沈阳,41.8,123.43,11.27,0.0
20231031,沈阳,41.8,123.43,11.28,1.11
20230401,呼和浩特,40.82,111.75,7.55,0.03
20230402,呼和浩特,40.82,111.75,3.57,25.24
20230403,呼和浩特,40.82,111.75,-0.28,12.01
20230404,呼和浩特,40.82,111.75,-0.48,2.48
20230405,呼和浩特,40.82,111.75,0.08,2.39
20230406,呼和浩特,40.82,111.75,-1.99,1.15
20230407,呼和浩特,40.82,111.75,-2.4,0.03
20230408,呼和浩特,40.82,111.75,1.81,0.0
20230409,呼和浩特,40.82,111.75,5.91,0.0
20230410,呼和浩特,40.82,111.75,3.86,0.05
20230411,呼和浩特,40.82,111.75,-0.24,0.0
20230412,呼和浩特,40.82,111.75,5.4,0.0
20230413,呼和浩特,40.82,111.75,8.32,0.0
20230414,呼和浩特,40.82,111.75,2.04,0.0
20230415,呼和浩特,40.82,111.75,3.97,0.13
20230416,呼和浩特,40.82,111.75,9.72,0.01
20230417,呼和浩特,40.82,111.75,12.1,0.0
20230418,呼和浩特,40.82,111.75,10.72,0.0
20230419,呼和浩特,40.82,111.75,11.89,0.13
20230420,呼和浩特,40.82,111.75,4.93,2.91
20230421,呼和浩特,40.82,111.75,3.63,1.6
20230422,呼和浩特,40.82,111.75,7.14,0.86
20230423,呼和浩特,40.82,111.75,6.33,0.0
20230424,呼和浩特,40.82,111.75,2.98,0.14
20230425,呼和浩特,40.82,111.75,2.71,0.02
20230426,呼和浩特,40.82,111.75,7.64,0.0
20230427,呼和浩特,40.82,111.75,8.38,0.17
20230428,呼和浩特,40.82,111.75,2.46,2.4
20230429,呼和浩特,40.82,111.75,4.88,0.0
20230430,呼和浩特,40.82,111.75,9.45,0.0
20230501,呼和浩特,40.82,111.75,11.27,0.31
20230502,呼和浩特,40.82,111.75,13.18,0.01
20230503,呼和浩特,40.82,111.75,16.49,0.18
20230504,呼和浩特,40.82,111.75,12.47,10.0
20230505,呼和浩特,40.82,111.75,8.04,1.83
20230506,呼和浩特,40.82,111.75,6.91,0.01
20230507,呼和浩特,40.82,111.75,10.06,0.19
20230508,呼和浩特,40.82,111.75,12.94,0.0
20230509,呼和浩特,40.82,111.75,11.93,0.0
20230510,呼和浩特,40.82,111.75,11.5,0.18
20230511,呼和浩特,40.82,111.75,11.71,1.06
20230512,呼和浩特,40.82,111.75,10.43,0.28
20230513,呼和浩特,40.82,111.75,13.52,0.0
20230514,呼和浩特,40.82,111.75,18.01,0.0
20230515,呼和浩特,40.82,111.75,18.64,0.0
20230516,呼和浩特,40.82,111.75,16.5,0.57
20230517,呼和浩特,40.82,111.75,12.99,0.0
20230518,呼和浩特,40.82,111.75,14.1,0.52
20230519,呼和浩特,40.82,111.75,10.57,0.0
20230520,呼和浩特,40.82,111.75,5.7,0.0
20230521,呼和浩特,40.82,111.75,6.81,0.0
20230522,呼和浩特,40.82,111.75,10.96,0.0
20230523,呼和浩特,40.82,111.75,13.24,0.0
20230524,呼和浩特,40.82,111.75,10.53,0.74
20230525,呼和浩特,40.82,111.75,11.98,0.16
20230526,呼和浩特,40.82,111.75,15.82,0.0
20230527,呼和浩特,40.82,111.75,15.09,0.0
20230528,呼和浩特,40.82,111.75,18.39,0.0
20230529,呼和浩特,40.82,111.75,18.21,5.92
20230530,呼和浩特,40.82,111.75,14.76,7.12
20230531,呼和浩特,40.82,111.75,14.52,0.04
20230601,呼和浩特,40.82,111.75,12.96,0.08
20230602,呼和浩特,40.82,111.75,15.53,0.0
20230603,呼和浩特,40.82,111.75,16.73,0.0
20230604,呼和浩特,40.82,111.75,16.19,0.0
20230605,呼和浩特,40.82,111.75,17.08,0.0
20230606,呼和浩特,40.82,111.75,18.28,0.0
20230607,呼和浩特,40.82,111.75,17.93,0.0
20230608,呼和浩特,40.82,111.75,16.57,0.0
20230609,呼和浩特,40.82,111.75,16.53,0.0
20230610,呼和浩特,40.82,111.75,15.91,0.0
20230611,呼和浩特,40.82,111.75,16.18,0.0
20230612,呼和浩特,40.82,111.75,16.44,0.0
20230613,呼和浩特,40.82,111.75,19.25,0.0
20230614,呼和浩特,40.82,111.75,22.09,0.0
20230615,呼和浩特,40.82,111.75,23.09,0.0
20230616,呼和浩特,40.82,111.75,22.56,0.0
20230617,呼和浩特,40.82,111.75,20.64,0.0
20230618,呼和浩特,40.82,111.75,19.46,5.33
20230619,呼和浩特,40.82,111.75,19.17,7.33
20230620,呼和浩特,40.82,111.75,19.01,0.02
20230621,呼和浩特,40.82,111.75,21.87,0.02
20230622,呼和浩特,40.82,111.75,23.5,0.0
20230623,呼和浩特,40.82,111.75,24.25,0.75
20230624,呼和浩特,40.82,111.75,21.3,0.0
20230625,呼和浩特,40.82,111.75,20.38,0.2
20230626,呼和浩特,40.82,111.75,19.34,1.18
20230627,呼和浩特,40.82,111.75,20.69,2.3
20230628,呼和浩特,40.82,111.75,19.35,15.02
20230629,呼和浩特,40.82,111.75,21.02,0.0
20230630,呼和浩特,40.82,111.75,23.14,0.0
20230701,呼和浩特,40.82,111.75,22.19,0.06
20230702,呼和浩特,40.82,111.75,22.19,0.07
20230703,呼和浩特,40.82,111.75,18.39,7.5
20230704,呼和浩特,40.82,111.75,19.13,0.13
20230705,呼和浩特,40.82,111.75,20.14,0.04
20230706,呼和浩特,40.82,111.75,22.36,0.0
20230707,呼和浩特,40.82,111.75,18.99,0.0
20230708,呼和浩特,40.82,111.75,19.48,0.04
20230709,呼和浩特,40.82,111.75,22.25,0.0
20230710,呼和浩特,40.82,111.75,24.42,0.11
20230711,呼和浩特,40.82,111.75,24.14,0.06
20230712,呼和浩特,40.82,111.75,20.89,14.33
20230713,呼和浩特,40.82,111.75,20.41,4.45
20230714,呼和浩特,40.82,111.75,19.52,0.34
20230715,呼和浩特,40.82,111.75,19.18,0.1
20230716,呼和浩特,40.82,111.75,21.78,0.0
20230717,呼和浩特,40.82,111.75,22.84,0.03
20230718,呼和浩特,40.82,111.75,22.85,0.13
20230719,呼和浩特,40.82,111.75,23.68,0.0
20230720,呼和浩特,40.82,111.75,22.79,0.88
20230721,呼和浩特,40.82,111.75,19.93,15.67
20230722,呼和浩特,40.82,111.75,18.97,5.85
20230723,呼和浩特,40.82,111.75,21.32,6.06
20230724,呼和浩特,40.82,111.75,22.9,5.13
20230725,呼和浩特,40.82,111.75,23.94,2.21
20230726,呼和浩特,40.82,111.75,21.84,4.14
20230727,呼和浩特,40.82,111.75,20.76,8.24
20230728,呼和浩特,40.82,111.75,21.45,0.01
20230729,呼和浩特,40.82,111.75,20.96,0.01
20230730,呼和浩特,40.82,111.75,20.19,6.82
20230731,呼和浩特,40.82,111.75,20.6,21.18
20230801,呼和浩特,40.82,111.75,22.1,6.81
20230802,呼和浩特,40.82,111.75,24.38,2.04
20230803,呼和浩特,40.82,111.75,24.76,6.54
20230804,呼和浩特,40.82,111.75,22.86,9.27
20230805,呼和浩特,40.82,111.75,24.29,0.18
20230806,呼和浩特,40.82,111.75,23.73,1.65
20230807,呼和浩特,40.82,111.75,23.18,3.25
20230808,呼和浩特,40.82,111.75,23.95,0.03
20230809,呼和浩特,40.82,111.75,24.25,2.08
20230810,呼和浩特,40.82,111.75,23.15,2.32
20230811,呼和浩特,40.82,111.75,22.32,3.64
20230812,呼和浩特,40.82,111.75,21.94,0.05
20230813,呼和浩特,40.82,111.75,22.51,0.0
20230814,呼和浩特,40.82,111.75,23.24,0.0
20230815,呼和浩特,40.82,111.75,23.62,1.98
20230816,呼和浩特,40.82,111.75,24.82,0.0
20230817,呼和浩特,40.82,111.75,21.89,4.8
20230818,呼和浩特,40.82,111.75,20.99,0.0
20230819,呼和浩特,40.82,111.75,20.9,0.0
20230820,呼和浩特,40.82,111.75,21.19,6.75
20230821,呼和浩特,40.82,111.75,17.87,0.19
20230822,呼和浩特,40.82,111.75,17.52,0.93
20230823,呼和浩特,40.82,111.75,15.67,0.81
20230824,呼和浩特,40.82,111.75,16.49,0.02
20230825,呼和浩特,40.82,111.75,16.59,0.22
20230826,呼和浩特,40.82,111.75,16.86,0.23
20230827,呼和浩特,40.82,111.75,17.88,0.0
20230828,呼和浩特,40.82,111.75,17.96,1.68
20230829,呼和浩特,40.82,111.75,16.57,0.04
20230830,呼和浩特,40.82,111.75,17.73,0.0
20230831,呼和浩特,40.82,111.75,17.82,0.0
20230901,呼和浩特,40.82,111.75,17.54,0.98
20230902,呼和浩特,40.82,111.75,17.43,7.96
20230903,呼和浩特,40.82,111.75,19.98,0.19
20230904,呼和浩特,40.82,111.75,21.49,0.0
20230905,呼和浩特,40.82,111.75,20.7,0.0
20230906,呼和浩特,40.82,111.75,19.23,0.0
20230907,呼和浩特,40.82,111.75,17.46,3.92
20230908,呼和浩特,40.82,111.75,16.68,2.96
20230909,呼和浩特,40.82,111.75,16.43,0.52
20230910,呼和浩特,40.82,111.75,17.6,0.72
20230911,呼和浩特,40.82,111.75,14.17,0.91
20230912,呼和浩特,40.82,111.75,15.07,0.0
20230913,呼和浩特,40.82,111.75,16.52,0.0
20230914,呼和浩特,40.82,111.75,17.07,0.05
20230915,呼和浩特,40.82,111.75,16.61,6.91
20230916,呼和浩特,40.82,111.75,16.95,1.06
20230917,呼和浩特,40.82,111.75,15.9,0.97
20230918,呼和浩特,40.82,111.75,13.5,0.0
20230919,呼和浩特,40.82,111.75,12.11,0.0
20230920,呼和浩特,40.82,111.75,12.9,0.0
20230921,呼和浩特,40.82,111.75,13.68,1.19
20230922,呼和浩特,40.82,111.75,13.66,0.0
20230923,呼和浩特,40.82,111.75,13.69,1.32
20230924,呼和浩特,40.82,111.75,11.18,4.51
20230925,呼和浩特,40.82,111.75,12.04,0.11
20230926,呼和浩特,40.82,111.75,14.13,0.0
20230927,呼和浩特,40.82,111.75,10.93,0.0
20230928,呼和浩特,40.82,111.75,12.05,0.0
20230929,呼和浩特,40.82,111.75,8.26,0.0
20230930,呼和浩特,40.82,111.75,7.75,0.0
20231001,呼和浩特,40.82,111.75,9.87,0.0
20231002,呼和浩特,40.82,111.75,9.02,0.04
20231003,呼和浩特,40.82,111.75,10.12,0.74
20231004,呼和浩特,40.82,111.75,7.71,0.0
20231005,呼和浩特,40.82,111.75,7.15,0.0
20231006,呼和浩特,40.82,111.75,7.38,0.03
20231007,呼和浩特,40.82,111.75,5.98,2.76
20231008,呼和浩特,40.82,111.75,4.17,0.07
20231009,呼和浩特,40.82,111.75,6.66,0.0
20231010,呼和浩特,40.82,111.75,8.87,0.0
20231011,呼和浩特,40.82,111.75,10.27,0.99
20231012,呼和浩特,40.82,111.75,9.62,0.78
20231013,呼和浩特,40.82,111.75,7.46,0.83
20231014,呼和浩特,40.82,111.75,8.55,0.0
20231015,呼和浩特,40.82,111.75,7.93,0.0
20231016,呼和浩特,40.82,111.75,8.56,0.0
20231017,呼和浩特,40.82,111.75,6.97,1.72
20231018,呼和浩特,40.82,111.75,5.18,0.0
20231019,呼和浩特,40.82,111.75,2.17,0.0
20231020,呼和浩特,40.82,111.75,1.54,0.0
20231021,呼和浩特,40.82,111.75,4.85,0.0
20231022,呼和浩特,40.82,111.75,6.43,0.0
20231023,呼和浩特,40.82,111.75,6.13,0.0
20231024,呼和浩特,40.82,111.75,8.46,0.0
20231025,呼和浩特,40.82,111.75,8.12,0.0
20231026,呼和浩特,40.82,111.75,6.73,0.01
20231027,呼和浩特,40.82,111.75,7.5,0.0
20231028,呼和浩特,40.82,111.75,8.23,0.0
20231029,呼和浩特,40.82,111.75,7.35,0.0
20231030,呼和浩特,40.82,111.75,7.79,0.0
20231031,呼和浩特,40.82,111.75,7.36,0.0
20230401,济南,36.67,116.98,13.29,0.0
20230402,济南,36.67,116.98,14.72,0.0
20230403,济南,36.67,116.98,12.17,12.51
20230404,济南,36.67,116.98,8.95,19.69
20230405,济南,36.67,116.98,7.49,0.59
20230406,济南,36.67,116.98,9.03,2.89
20230407,济南,36.67,116.98,7.76,0.0
20230408,济南,36.67,116.98,9.63,0.0
20230409,济南,36.67,116.98,14.8,0.0
20230410,济南,36.67,116.98,17.79,0.0
20230411,济南,36.67,116.98,12.95,0.0
20230412,济南,36.67,116.98,13.32,0.07
20230413,济南,36.67,116.98,17.01,0.67
20230414,济南,36.67,116.98,15.21,0.18
20230415,济南,36.67,116.98,12.96,2.17
20230416,济南,36.67,116.98,14.68,0.0
20230417,济南,36.67,116.98,18.34,0.0
20230418,济南,36.67,116.98,19.18,0.0
20230419,济南,36.67,116.98,19.28,0.0
20230420,济南,36.67,116.98,15.65,0.0
20230421,济南,36.67,116.98,12.09,0.06
20230422,济南,36.67,116.98,7.76,3.7
20230423,济南,36.67,116.98,8.24,11.33
20230424,济南,36.67,116.98,10.19,2.72
20230425,济南,36.67,116.98,11.93,0.99
20230426,济南,36.67,116.98,13.79,0.0
20230427,济南,36.67,116.98,17.3,0.01
20230428,济南,36.67,116.98,16.06,1.75
20230429,济南,36.67,116.98,13.68,0.0
20230430,济南,36.67,116.98,16.04,0.0
20230501,济南,36.67,116.98,18.81,0.0
20230502,济南,36.67,116.98,19.62,0.0
20230503,济南,36.67,116.98,21.32,0.84
20230504,济南,36.67,116.98,17.44,14.63
20230505,济南,36.67,116.98,13.39,2.56
20230506,济南,36.67,116.98,15.01,0.0
20230507,济南,36.67,116.98,16.26,0.0
20230508,济南,36.67,116.98,17.41,0.0
20230509,济南,36.67,116.98,18.72,0.0
20230510,济南,36.67,116.98,19.69,0.0
20230511,济南,36.67,116.98,20.26,0.0
20230512,济南,36.67,116.98,20.7,1.56
20230513,济南,36.67,116.98,20.73,1.68
20230514,济南,36.67,116.98,22.82,3.14
20230515,济南,36.67,116.98,25.51,0.0
20230516,济南,36.67,116.98,26.17,0.0
20230517,济南,36.67,116.98,24.83,0.05
20230518,济南,36.67,116.98,21.53,0.39
20230519,济南,36.67,116.98,23.68,0.12
20230520,济南,36.67,116.98,22.51,4.92
20230521,济南,36.67,116.98,17.94,2.19
20230522,济南,36.67,116.98,19.89,0.01
20230523,济南,36.67,116.98,21.96,0.14
20230524,济南,36.67,116.98,20.47,0.0
20230525,济南,36.67,116.98,18.64,0.03
20230526,济南,36.67,116.98,22.42,0.2
20230527,济南,36.67,116.98,22.4,2.4
20230528,济南,36.67,116.98,20.7,14.98
20230529,济南,36.67,116.98,20.22,3.52
20230530,济南,36.67,116.98,21.11,3.57
20230531,济南,36.67,116.98,22.74,0.08
20230601,济南,36.67,116.98,24.09,0.0
20230602,济南,36.67,116.98,21.57,0.0
20230603,济南,36.67,116.98,22.81,0.0
20230604,济南,36.67,116.98,22.91,0.0
20230605,济南,36.67,116.98,22.67,0.0
20230606,济南,36.67,116.98,25.6,0.0
20230607,济南,36.67,116.98,26.98,1.0
20230608,济南,36.67,116.98,26.05,1.87
20230609,济南,36.67,116.98,27.34,0.09
20230610,济南,36.67,116.98,25.61,0.89
20230611,济南,36.67,116.98,25.54,6.99
20230612,济南,36.67,116.98,23.22,3.39
20230613,济南,36.67,116.98,24.72,1.13
20230614,济南,36.67,116.98,27.29,0.0
20230615,济南,36.67,116.98,29.17,0.0
20230616,济南,36.67,116.98,28.8,0.0
20230617,济南,36.67,116.98,26.11,0.19
20230618,济南,36.67,116.98,24.73,0.13
20230619,济南,36.67,116.98,23.51,4.05
20230620,济南,36.67,116.98,26.56,0.05
20230621,济南,36.67,116.98,29.78,0.01
20230622,济南,36.67,116.98,30.71,0.0
20230623,济南,36.67,116.98,31.06,0.0
20230624,济南,36.67,116.98,30.95,0.0
20230625,济南,36.67,116.98,24.6,1.42
20230626,济南,36.67,116.98,26.97,3.33
20230627,济南,36.67,116.98,28.99,10.65
20230628,济南,36.67,116.98,28.84,17.92
20230629,济南,36.67,116.98,27.12,11.09
20230630,济南,36.67,116.98,28.44,0.0
20230701,济南,36.67,116.98,28.82,0.0
20230702,济南,36.67,116.98,29.21,0.0
20230703,济南,36.67,116.98,29.67,6.4
20230704,济南,36.67,116.98,26.35,26.98
20230705,济南,36.67,116.98,29.09,0.0
20230706,济南,36.67,116.98,28.8,0.03
20230707,济南,36.67,116.98,29.82,0.03
20230708,济南,36.67,116.98,30.68,2.16
20230709,济南,36.67,116.98,31.17,5.92
20230710,济南,36.67,116.98,31.04,11.32
20230711,济南,36.67,116.98,30.56,10.07
20230712,济南,36.67,116.98,28.03,66.06
20230713,济南,36.67,116.98,27.4,21.92
20230714,济南,36.67,116.98,28.14,0.03
20230715,济南,36.67,116.98,26.25,0.0
20230716,济南,36.67,116.98,26.49,0.0
20230717,济南,36.67,116.98,27.0,0.0
20230718,济南,36.67,116.98,27.15,0.0
20230719,济南,36.67,116.98,27.66,0.0
20230720,济南,36.67,116.98,27.61,0.06
20230721,济南,36.67,116.98,25.98,28.26
20230722,济南,36.67,116.98,26.63,10.07
20230723,济南,36.67,116.98,27.41,10.67
20230724,济南,36.67,116.98,27.63,6.4
20230725,济南,36.67,116.98,26.63,24.68
20230726,济南,36.67,116.98,26.18,18.91
20230727,济南,36.67,116.98,26.95,1.78
20230728,济南,36.67,116.98,27.2,7.18
20230729,济南,36.67,116.98,26.09,68.3
20230730,济南,36.67,116.98,27.13,38.56
20230731,济南,36.67,116.98,27.31,17.72
20230801,济南,36.67,116.98,27.75,0.16
20230802,济南,36.67,116.98,27.67,0.04
20230803,济南,36.67,116.98,28.5,0.01
20230804,济南,36.67,116.98,29.05,0.0
20230805,济南,36.67,116.98,28.96,4.91
20230806,济南,36.67,116.98,25.7,3.64
20230807,济南,36.67,116.98,23.75,0.49
20230808,济南,36.67,116.98,25.86,0.0
20230809,济南,36.67,116.98,25.92,0.0
20230810,济南,36.67,116.98,25.54,0.0
20230811,济南,36.67,116.98,26.7,0.35
20230812,济南,36.67,116.98,26.03,39.09
20230813,济南,36.67,116.98,24.82,1.98
20230814,济南,36.67,116.98,26.8,0.0
20230815,济南,36.67,116.98,26.88,0.0
20230816,济南,36.67,116.98,27.09,0.0
20230817,济南,36.67,116.98,27.9,0.0
20230818,济南,36.67,116.98,27.97,6.67
20230819,济南,36.67,116.98,27.42,3.41
20230820,济南,36.67,116.98,25.77,9.23
20230821,济南,36.67,116.98,25.5,52.29
20230822,济南,36.67,116.98,25.42,0.07
20230823,济南,36.67,116.98,25.23,0.0
20230824,济南,36.67,116.98,24.31,0.9
20230825,济南,36.67,116.98,23.69,0.02
20230826,济南,36.67,116.98,22.67,13.28
20230827,济南,36.67,116.98,19.89,26.39
20230828,济南,36.67,116.98,20.6,2.53
20230829,济南,36.67,116.98,21.52,0.02
20230830,济南,36.67,116.98,22.13,0.01
20230831,济南,36.67,116.98,23.08,0.09
20230901,济南,36.67,116.98,23.92,1.1
20230902,济南,36.67,116.98,24.76,0.0
20230903,济南,36.67,116.98,24.66,0.0
20230904,济南,36.67,116.98,26.27,0.0
20230905,济南,36.67,116.98,25.24,0.0
20230906,济南,36.67,116.98,24.52,0.0
20230907,济南,36.67,116.98,25.23,0.14
20230908,济南,36.67,116.98,25.01,1.63
20230909,济南,36.67,116.98,24.09,0.01
20230910,济南,36.67,116.98,23.9,7.87
20230911,济南,36.67,116.98,24.12,1.04
20230912,济南,36.67,116.98,21.76,7.97
20230913,济南,36.67,116.98,21.19,0.03
20230914,济南,36.67,116.98,21.26,0.0
20230915,济南,36.67,116.98,22.1,0.0
20230916,济南,36.67,116.98,22.98,0.0
20230917,济南,36.67,116.98,23.42,0.0
20230918,济南,36.67,116.98,24.78,2.32
20230919,济南,36.67,116.98,22.26,25.05
20230920,济南,36.67,116.98,19.81,1.02
20230921,济南,36.67,116.98,20.41,0.66
20230922,济南,36.67,116.98,20.36,0.0
20230923,济南,36.67,116.98,20.23,0.0
20230924,济南,36.67,116.98,18.35,6.52
20230925,济南,36.67,116.98,17.24,1.06
20230926,济南,36.67,116.98,17.95,0.29
20230927,济南,36.67,116.98,18.53,0.6
20230928,济南,36.67,116.98,21.23,0.08
20230929,济南,36.67,116.98,18.74,0.19
20230930,济南,36.67,116.98,17.42,0.12
20231001,济南,36.67,116.98,18.69,0.0
20231002,济南,36.67,116.98,18.24,0.0
20231003,济南,36.67,116.98,19.19,0.0
20231004,济南,36.67,116.98,17.58,0.0
20231005,济南,36.67,116.98,16.15,0.0
20231006,济南,36.67,116.98,16.63,0.0
20231007,济南,36.67,116.98,15.83,0.0
20231008,济南,36.67,116.98,16.62,0.0
20231009,济南,36.67,116.98,15.84,0.0
20231010,济南,36.67,116.98,15.97,0.0
20231011,济南,36.67,116.98,15.88,0.0
20231012,济南,36.67,116.98,15.43,0.0
20231013,济南,36.67,116.98,16.57,0.0
20231014,济南,36.67,116.98,16.9,0.0
20231015,济南,36.67,116.98,16.39,0.0
20231016,济南,36.67,116.98,16.16,0.0
20231017,济南,36.67,116.98,17.44,0.0
20231018,济南,36.67,116.98,16.78,0.02
20231019,济南,36.67,116.98,14.29,0.01
20231020,济南,36.67,116.98,9.77,0.0
20231021,济南,36.67,116.98,11.76,0.0
20231022,济南,36.67,116.98,13.68,0.0
20231023,济南,36.67,116.98,14.68,0.0
20231024,济南,36.67,116.98,17.0,0.0
20231025,济南,36.67,116.98,18.74,0.0
20231026,济南,36.67,116.98,16.23,0.0
20231027,济南,36.67,116.98,14.03,0.0
20231028,济南,36.67,116.98,16.27,0.0
20231029,济南,36.67,116.98,16.98,0.0
20231030,济南,36.67,116.98,17.1,0.0
20231031,济南,36.67,116.98,17.36,0.0
20230401,郑州,34.76,113.65,17.17,0.01
20230402,郑州,34.76,113.65,18.73,5.12
20230403,郑州,34.76,113.65,12.27,29.62
20230404,郑州,34.76,113.65,9.43,3.39
20230405,郑州,34.76,113.65,9.94,0.0
20230406,郑州,34.76,113.65,13.64,0.0
20230407,郑州,34.76,113.65,12.71,0.0
20230408,郑州,34.76,113.65,14.42,0.0
20230409,郑州,34.76,113.65,18.37,0.0
20230410,郑州,34.76,113.65,20.82,0.0
20230411,郑州,34.76,113.65,18.19,0.0
20230412,郑州,34.76,113.65,17.58,0.0
20230413,郑州,34.76,113.65,19.19,0.2
20230414,郑州,34.76,113.65,19.35,0.0
20230415,郑州,34.76,113.65,19.52,0.0
20230416,郑州,34.76,113.65,18.16,0.0
20230417,郑州,34.76,113.65,21.95,0.0
20230418,郑州,34.76,113.65,22.77,0.0
20230419,郑州,34.76,113.65,23.05,0.0
20230420,郑州,34.76,113.65,19.94,0.18
20230421,郑州,34.76,113.65,12.52,2.27
20230422,郑州,34.76,113.65,6.62,22.2
20230423,郑州,34.76,113.65,6.62,22.39
20230424,郑州,34.76,113.65,8.27,5.81
20230425,郑州,34.76,113.65,14.56,0.02
20230426,郑州,34.76,113.65,17.19,0.0
20230427,郑州,34.76,113.65,19.26,0.0
20230428,郑州,34.76,113.65,18.49,0.18
20230429,郑州,34.76,113.65,16.4,0.0
20230430,郑州,34.76,113.65,20.17,0.0
20230501,郑州,34.76,113.65,20.94,0.0
20230502,郑州,34.76,113.65,21.28,0.0
20230503,郑州,34.76,113.65,20.55,28.87
20230504,郑州,34.76,113.65,19.53,14.82
20230505,郑州,34.76,113.65,19.31,1.55
20230506,郑州,34.76,113.65,14.55,2.92
20230507,郑州,34.76,113.65,17.81,0.0
20230508,郑州,34.76,113.65,18.95,0.0
20230509,郑州,34.76,113.65,18.67,0.02
20230510,郑州,34.76,113.65,19.45,0.39
20230511,郑州,34.76,113.65,19.66,0.0
20230512,郑州,34.76,113.65,23.25,0.0
20230513,郑州,34.76,113.65,23.42,0.0
20230514,郑州,34.76,113.65,26.39,0.0
20230515,郑州,34.76,113.65,28.47,0.0
20230516,郑州,34.76,113.65,26.58,0.0
20230517,郑州,34.76,113.65,25.55,0.31
20230518,郑州,34.76,113.65,23.86,0.01
20230519,郑州,34.76,113.65,26.57,0.01
20230520,郑州,34.76,113.65,25.72,7.46
20230521,郑州,34.76,113.65,16.98,12.07
20230522,郑州,34.76,113.65,20.05,0.0
20230523,郑州,34.76,113.65,21.24,0.01
20230524,郑州,34.76,113.65,21.24,0.01
20230525,郑州,34.76,113.65,20.86,1.42
20230526,郑州,34.76,113.65,22.88,2.45
20230527,郑州,34.76,113.65,20.93,22.93
20230528,郑州,34.76,113.65,20.05,11.63
20230529,郑州,34.76,113.65,22.3,25.21
20230530,郑州,34.76,113.65,22.09,7.36
20230531,郑州,34.76,113.65,23.41,0.71
20230601,郑州,34.76,113.65,25.62,0.0
20230602,郑州,34.76,113.65,23.23,0.71
20230603,郑州,34.76,113.65,22.79,3.05
20230604,郑州,34.76,113.65,21.79,3.72
20230605,郑州,34.76,113.65,23.14,0.03
20230606,郑州,34.76,113.65,26.6,0.0
20230607,郑州,34.76,113.65,28.33,0.07
20230608,郑州,34.76,113.65,28.16,0.0
20230609,郑州,34.76,113.65,29.55,0.0
20230610,郑州,34.76,113.65,27.77,0.0
20230611,郑州,34.76,113.65,27.53,1.44
20230612,郑州,34.76,113.65,25.34,2.13
20230613,郑州,34.76,113.65,27.61,1.38
20230614,郑州,34.76,113.65,29.73,0.0
20230615,郑州,34.76,113.65,30.15,0.0
20230616,郑州,34.76,113.65,27.98,1.42
20230617,郑州,34.76,113.65,23.79,13.47
20230618,郑州,34.76,113.65,23.02,12.58
20230619,郑州,34.76,113.65,25.84,4.28
20230620,郑州,34.76,113.65,28.89,0.0
20230621,郑州,34.76,113.65,29.32,0.0
20230622,郑州,34.76,113.65,30.3,0.0
20230623,郑州,34.76,113.65,29.82,0.0
20230624,郑州,34.76,113.65,30.06,0.0
20230625,郑州,34.76,113.65,26.16,0.05
20230626,郑州,34.76,113.65,28.47,0.0
20230627,郑州,34.76,113.65,31.35,0.02
20230628,郑州,34.76,113.65,31.33,3.2
20230629,郑州,34.76,113.65,29.88,1.2
20230630,郑州,34.76,113.65,31.63,0.0
20230701,郑州,34.76,113.65,30.32,0.0
20230702,郑州,34.76,113.65,31.22,2.23
20230703,郑州,34.76,113.65,28.62,13.39
20230704,郑州,34.76,113.65,29.78,2.57
20230705,郑州,34.76,113.65,30.85,0.0
20230706,郑州,34.76,113.65,29.89,0.0
20230707,郑州,34.76,113.65,32.66,0.0
20230708,郑州,34.76,113.65,33.95,0.0
20230709,郑州,34.76,113.65,34.94,0.0
20230710,郑州,34.76,113.65,32.74,0.14
20230711,郑州,34.76,113.65,32.46,12.85
20230712,郑州,34.76,113.65,30.02,12.29
20230713,郑州,34.76,113.65,29.04,20.46
20230714,郑州,34.76,113.65,29.63,0.0
20230715,郑州,34.76,113.65,31.36,0.0
20230716,郑州,34.76,113.65,30.31,0.0
20230717,郑州,34.76,113.65,30.3,0.0
20230718,郑州,34.76,113.65,30.23,0.0
20230719,郑州,34.76,113.65,29.71,0.01
20230720,郑州,34.76,113.65,29.54,0.73
20230721,郑州,34.76,113.65,28.63,5.56
20230722,郑州,34.76,113.65,30.72,0.23
20230723,郑州,34.76,113.65,33.0,0.0
20230724,郑州,34.76,113.65,29.68,0.21
20230725,郑州,34.76,113.65,31.46,1.49
20230726,郑州,34.76,113.65,31.04,0.88
20230727,郑州,34.76,113.65,31.54,0.0
20230728,郑州,34.76,113.65,30.76,10.43
20230729,郑州,34.76,113.65,27.07,69.03
20230730,郑州,34.76,113.65,27.6,13.24
20230731,郑州,34.76,113.65,28.37,7.9
20230801,郑州,34.76,113.65,29.22,7.28
20230802,郑州,34.76,113.65,29.68,1.02
20230803,郑州,34.76,113.65,30.96,0.04
20230804,郑州,34.76,113.65,32.21,0.0
20230805,郑州,34.76,113.65,31.34,9.62
20230806,郑州,34.76,113.65,28.54,3.71
20230807,郑州,34.76,113.65,27.87,0.0
20230808,郑州,34.76,113.65,29.42,0.01
20230809,郑州,34.76,113.65,29.7,0.0
20230810,郑州,34.76,113.65,29.85,0.0
20230811,郑州,34.76,113.65,31.47,0.01
20230812,郑州,34.76,113.65,28.85,11.08
20230813,郑州,34.76,113.65,28.92,0.01
20230814,郑州,34.76,113.65,29.38,0.0
20230815,郑州,34.76,113.65,29.64,0.0
20230816,郑州,34.76,113.65,30.83,0.0
20230817,郑州,34.76,113.65,31.93,0.94
20230818,郑州,34.76,113.65,30.05,4.81
20230819,郑州,34.76,113.65,29.1,13.77
20230820,郑州,34.76,113.65,26.97,19.95
20230821,郑州,34.76,113.65,28.53,16.97
20230822,郑州,34.76,113.65,29.21,2.0
20230823,郑州,34.76,113.65,28.75,1.46
20230824,郑州,34.76,113.65,26.29,10.67
20230825,郑州,34.76,113.65,25.51,0.83
20230826,郑州,34.76,113.65,22.77,60.3
20230827,郑州,34.76,113.65,20.73,38.26
20230828,郑州,34.76,113.65,21.9,0.01
20230829,郑州,34.76,113.65,23.74,1.13
20230830,郑州,34.76,113.65,25.17,0.29
20230831,郑州,34.76,113.65,26.27,0.0
20230901,郑州,34.76,113.65,25.4,0.0
20230902,郑州,34.76,113.65,26.08,0.0
20230903,郑州,34.76,113.65,26.03,0.0
20230904,郑州,34.76,113.65,27.17,0.0
20230905,郑州,34.76,113.65,26.68,0.0
20230906,郑州,34.76,113.65,26.41,0.0
20230907,郑州,34.76,113.65,26.6,0.0
20230908,郑州,34.76,113.65,26.69,0.0
20230909,郑州,34.76,113.65,25.97,4.19
20230910,郑州,34.76,113.65,25.11,27.28
20230911,郑州,34.76,113.65,25.46,1.31
20230912,郑州,34.76,113.65,22.31,3.35
20230913,郑州,34.76,113.65,22.83,0.99
20230914,郑州,34.76,113.65,23.46,0.0
20230915,郑州,34.76,113.65,24.74,0.0
20230916,郑州,34.76,113.65,25.05,0.0
20230917,郑州,34.76,113.65,26.01,2.11
20230918,郑州,34.76,113.65,27.24,1.6
20230919,郑州,34.76,113.65,22.15,43.38
20230920,郑州,34.76,113.65,20.42,0.27
20230921,郑州,34.76,113.65,21.59,0.08
20230922,郑州,34.76,113.65,21.5,0.17
20230923,郑州,34.76,113.65,20.09,3.5
20230924,郑州,34.76,113.65,18.04,9.19
20230925,郑州,34.76,113.65,17.41,5.85
20230926,郑州,34.76,113.65,18.29,1.98
20230927,郑州,34.76,113.65,19.59,1.93
20230928,郑州,34.76,113.65,20.45,7.32
20230929,郑州,34.76,113.65,20.74,6.13
20230930,郑州,34.76,113.65,18.24,0.13
20231001,郑州,34.76,113.65,17.5,3.96
20231002,郑州,34.76,113.65,16.95,1.45
20231003,郑州,34.76,113.65,18.69,0.26
20231004,郑州,34.76,113.65,18.99,2.3
20231005,郑州,34.76,113.65,17.03,0.01
20231006,郑州,34.76,113.65,16.58,0.76
20231007,郑州,34.76,113.65,16.21,0.0
20231008,郑州,34.76,113.65,17.69,0.0
20231009,郑州,34.76,113.65,18.19,0.0
20231010,郑州,34.76,113.65,17.84,0.0
20231011,郑州,34.76,113.65,16.84,0.71
20231012,郑州,34.76,113.65,17.43,0.04
20231013,郑州,34.76,113.65,18.0,0.0
20231014,郑州,34.76,113.65,18.0,0.0
20231015,郑州,34.76,113.65,17.68,0.0
20231016,郑州,34.76,113.65,16.99,0.0
20231017,郑州,34.76,113.65,18.33,0.6
20231018,郑州,34.76,113.65,17.95,2.62
20231019,郑州,34.76,113.65,15.59,1.04
20231020,郑州,34.76,113.65,12.99,0.0
20231021,郑州,34.76,113.65,14.97,0.0
20231022,郑州,34.76,113.65,16.41,0.0
20231023,郑州,34.76,113.65,16.95,0.0
20231024,郑州,34.76,113.65,19.47,0.0
20231025,郑州,34.76,113.65,20.23,0.0
20231026,郑州,34.76,113.65,17.38,0.0
20231027,郑州,34.76,113.65,15.88,0.0
20231028,郑州,34.76,113.65,18.35,0.06
20231029,郑州,34.76,113.65,19.06,0.0
20231030,郑州,34.76,113.65,18.86,0.0
20231031,郑州,34.76,113.65,19.99,0.0
20240401,哈尔滨,45.75,126.63,-0.57,0.0
20240402,哈尔滨,45.75,126.63,1.77,0.02
20240403,哈尔滨,45.75,126.63,2.06,0.01
20240404,哈尔滨,45.75,126.63,2.9,0.0
20240405,哈尔滨,45.75,126.63,5.89,0.0
20240406,哈尔滨,45.75,126.63,6.81,0.17
20240407,哈尔滨,45.75,126.63,2.7,0.85
20240408,哈尔滨,45.75,126.63,-1.99,0.0
20240409,哈尔滨,45.75,126.63,2.27,0.0
20240410,哈尔滨,45.75,126.63,6.32,0.0
20240411,哈尔滨,45.75,126.63,10.71,0.01
20240412,哈尔滨,45.75,126.63,13.35,2.79
20240413,哈尔滨,45.75,126.63,14.52,0.36
20240414,哈尔滨,45.75,126.63,16.48,0.0
20240415,哈尔滨,45.75,126.63,13.54,6.54
20240416,哈尔滨,45.75,126.63,10.97,0.78
20240417,哈尔滨,45.75,126.63,11.97,0.0
20240418,哈尔滨,45.75,126.63,12.18,0.05
20240419,哈尔滨,45.75,126.63,6.31,0.0
20240420,哈尔滨,45.75,126.63,7.3,0.04
20240421,哈尔滨,45.75,126.63,10.75,0.07
20240422,哈尔滨,45.75,126.63,14.19,1.12
20240423,哈尔滨,45.75,126.63,11.62,1.05
20240424,哈尔滨,45.75,126.63,13.51,0.23
20240425,哈尔滨,45.75,126.63,12.51,0.1
20240426,哈尔滨,45.75,126.63,10.78,0.21
20240427,哈尔滨,45.75,126.63,10.48,0.31
20240428,哈尔滨,45.75,126.63,6.98,0.03
20240429,哈尔滨,45.75,126.63,8.19,0.02
20240430,哈尔滨,45.75,126.63,11.1,0.0
20240501,哈尔滨,45.75,126.63,14.64,0.0
20240502,哈尔滨,45.75,126.63,13.73,0.31
20240503,哈尔滨,45.75,126.63,16.01,0.0
20240504,哈尔滨,45.75,126.63,17.92,0.0
20240505,哈尔滨,45.75,126.63,14.47,0.0
20240506,哈尔滨,45.75,126.63,12.97,0.0
20240507,哈尔滨,45.75,126.63,13.21,0.0
20240508,哈尔滨,45.75,126.63,16.77,0.01
20240509,哈尔滨,45.75,126.63,14.47,0.0
20240510,哈尔滨,45.75,126.63,13.62,14.4
20240511,哈尔滨,45.75,126.63,12.43,7.12
20240512,哈尔滨,45.75,126.63,10.5,0.59
20240513,哈尔滨,45.75,126.63,14.42,1.04
20240514,哈尔滨,45.75,126.63,12.49,0.91
20240515,哈尔滨,45.75,126.63,10.0,0.1
20240516,哈尔滨,45.75,126.63,13.63,0.0
20240517,哈尔滨,45.75,126.63,17.91,0.0
20240518,哈尔滨,45.75,126.63,15.33,1.2
20240519,哈尔滨,45.75,126.63,11.82,1.74
20240520,哈尔滨,45.75,126.63,13.11,0.21
20240521,哈尔滨,45.75,126.63,17.32,0.54
20240522,哈尔滨,45.75,126.63,17.94,0.46
20240523,哈尔滨,45.75,126.63,13.04,0.07
20240524,哈尔滨,45.75,126.63,13.47,0.2
20240525,哈尔滨,45.75,126.63,16.32,0.64
20240526,哈尔滨,45.75,126.63,12.29,35.76
20240527,哈尔滨,45.75,126.63,14.05,7.29
20240528,哈尔滨,45.75,126.63,12.93,5.69
20240529,哈尔滨,45.75,126.63,13.2,0.76
20240530,哈尔滨,45.75,126.63,10.52,9.9
20240531,哈尔滨,45.75,126.63,10.65,9.18
20240601,哈尔滨,45.75,126.63,12.93,2.96
20240602,哈尔滨,45.75,126.63,16.98,0.12
20240603,哈尔滨,45.75,126.63,18.71,1.31
20240604,哈尔滨,45.75,126.63,15.95,1.58
20240605,哈尔滨,45.75,126.63,18.38,6.74
20240606,哈尔滨,45.75,126.63,19.56,2.14
20240607,哈尔滨,45.75,126.63,21.39,7.8
20240608,哈尔滨,45.75,126.63,18.48,10.87
20240609,哈尔滨,45.75,126.63,17.46,4.04
20240610,哈尔滨,45.75,126.63,20.3,0.93
20240611,哈尔滨,45.75,126.63,20.75,10.69
20240612,哈尔滨,45.75,126.63,19.83,1.4
20240613,哈尔滨,45.75,126.63,18.49,34.81
20240614,哈尔滨,45.75,126.63,19.68,15.05
20240615,哈尔滨,45.75,126.63,15.67,5.13
20240616,哈尔滨,45.75,126.63,18.68,2.99
20240617,哈尔滨,45.75,126.63,18.05,0.88
20240618,哈尔滨,45.75,126.63,19.59,0.04
20240619,哈尔滨,45.75,126.63,22.74,0.91
20240620,哈尔滨,45.75,126.63,20.97,8.4
20240621,哈尔滨,45.75,126.63,17.19,21.54
20240622,哈尔滨,45.75,126.63,15.46,37.25
20240623,哈尔滨,45.75,126.63,14.96,7.58
20240624,哈尔滨,45.75,126.63,14.86,11.41
20240625,哈尔滨,45.75,126.63,19.7,1.09
20240626,哈尔滨,45.75,126.63,20.98,4.07
20240627,哈尔滨,45.75,126.63,21.03,3.64
20240628,哈尔滨,45.75,126.63,23.6,0.2
20240629,哈尔滨,45.75,126.63,23.45,8.14
20240630,哈尔滨,45.75,126.63,19.83,9.63
20240701,哈尔滨,45.75,126.63,20.19,0.0
20240702,哈尔滨,45.75,126.63,21.86,0.0
20240703,哈尔滨,45.75,126.63,20.91,8.95
20240704,哈尔滨,45.75,126.63,21.95,0.75
20240705,哈尔滨,45.75,126.63,21.47,6.45
20240706,哈尔滨,45.75,126.63,23.97,0.39
20240707,哈尔滨,45.75,126.63,24.76,4.77
20240708,哈尔滨,45.75,126.63,21.35,0.47
20240709,哈尔滨,45.75,126.63,20.78,0.37
20240710,哈尔滨,45.75,126.63,21.19,0.02
20240711,哈尔滨,45.75,126.63,21.11,0.0
20240712,哈尔滨,45.75,126.63,21.39,0.01
20240713,哈尔滨,45.75,126.63,22.61,0.01
20240714,哈尔滨,45.75,126.63,23.8,0.03
20240715,哈尔滨,45.75,126.63,25.6,0.03
20240716,哈尔滨,45.75,126.63,25.99,0.1
20240717,哈尔滨,45.75,126.63,24.2,19.11
20240718,哈尔滨,45.75,126.63,23.74,0.48
20240719,哈尔滨,45.75,126.63,24.22,3.29
20240720,哈尔滨,45.75,126.63,24.23,4.42
20240721,哈尔滨,45.75,126.63,24.9,5.09
20240722,哈尔滨,45.75,126.63,24.78,0.54
20240723,哈尔滨,45.75,126.63,23.78,10.58
20240724,哈尔滨,45.75,126.63,22.95,2.66
20240725,哈尔滨,45.75,126.63,24.46,0.22
20240726,哈尔滨,45.75,126.63,23.18,23.35
20240727,哈尔滨,45.75,126.63,25.8,4.97
20240728,哈尔滨,45.75,126.63,25.8,5.16
20240729,哈尔滨,45.75,126.63,24.04,1.91
20240730,哈尔滨,45.75,126.63,24.92,1.47
20240731,哈尔滨,45.75,126.63,22.82,59.28
20240801,哈尔滨,45.75,126.63,24.03,4.83
20240802,哈尔滨,45.75,126.63,22.69,3.35
20240803,哈尔滨,45.75,126.63,23.14,0.04
20240804,哈尔滨,45.75,126.63,25.45,20.39
20240805,哈尔滨,45.75,126.63,26.39,6.24
20240806,哈尔滨,45.75,126.63,26.04,1.54
20240807,哈尔滨,45.75,126.63,25.86,2.06
20240808,哈尔滨,45.75,126.63,24.41,7.8
20240809,哈尔滨,45.75,126.63,24.88,0.65
20240810,哈尔滨,45.75,126.63,23.84,18.74
20240811,哈尔滨,45.75,126.63,25.27,12.82
20240812,哈尔滨,45.75,126.63,22.92,1.43
20240813,哈尔滨,45.75,126.63,23.09,0.01
20240814,哈尔滨,45.75,126.63,23.86,0.0
20240815,哈尔滨,45.75,126.63,25.37,0.2
20240816,哈尔滨,45.75,126.63,25.28,0.55
20240817,哈尔滨,45.75,126.63,24.85,0.04
20240818,哈尔滨,45.75,126.63,23.37,3.24
20240819,哈尔滨,45.75,126.63,20.51,7.0
20240820,哈尔滨,45.75,126.63,20.55,1.33
20240821,哈尔滨,45.75,126.63,23.95,6.81
20240822,哈尔滨,45.75,126.63,22.48,2.32
20240823,哈尔滨,45.75,126.63,20.3,0.03
20240824,哈尔滨,45.75,126.63,21.36,0.23
20240825,哈尔滨,45.75,126.63,21.04,8.31
20240826,哈尔滨,45.75,126.63,19.88,1.12
20240827,哈尔滨,45.75,126.63,20.1,0.02
20240828,哈尔滨,45.75,126.63,21.48,0.02
20240829,哈尔滨,45.75,126.63,22.71,1.66
20240830,哈尔滨,45.75,126.63,20.27,16.62
20240831,哈尔滨,45.75,126.63,18.62,0.44
20240901,哈尔滨,45.75,126.63,16.21,14.4
20240902,哈尔滨,45.75,126.63,17.41,0.09
20240903,哈尔滨,45.75,126.63,18.65,0.0
20240904,哈尔滨,45.75,126.63,18.59,8.95
20240905,哈尔滨,45.75,126.63,16.56,0.33
20240906,哈尔滨,45.75,126.63,17.39,0.5
20240907,哈尔滨,45.75,126.63,19.64,0.08
20240908,哈尔滨,45.75,126.63,20.28,0.01
20240909,哈尔滨,45.75,126.63,20.64,5.94
20240910,哈尔滨,45.75,126.63,17.33,0.04
20240911,哈尔滨,45.75,126.63,16.9,0.03
20240912,哈尔滨,45.75,126.63,17.77,0.01
20240913,哈尔滨,45.75,126.63,12.75,0.46
20240914,哈尔滨,45.75,126.63,12.3,0.18
20240915,哈尔滨,45.75,126.63,13.17,0.11
20240916,哈尔滨,45.75,126.63,15.31,0.0
20240917,哈尔滨,45.75,126.63,15.71,0.01
20240918,哈尔滨,45.75,126.63,16.13,0.0
20240919,哈尔滨,45.75,126.63,13.51,1.05
20240920,哈尔滨,45.75,126.63,8.54,0.0
20240921,哈尔滨,45.75,126.63,10.58,0.0
20240922,哈尔滨,45.75,126.63,11.54,0.0
20240923,哈尔滨,45.75,126.63,11.56,0.0
20240924,哈尔滨,45.75,126.63,13.51,3.44
20240925,哈尔滨,45.75,126.63,13.79,5.57
20240926,哈尔滨,45.75,126.63,12.65,0.15
20240927,哈尔滨,45.75,126.63,13.0,0.0
20240928,哈尔滨,45.75,126.63,13.76,0.01
20240929,哈尔滨,45.75,126.63,18.27,0.01
20240930,哈尔滨,45.75,126.63,10.04,0.29
20241001,哈尔滨,45.75,126.63,7.79,0.01
20241002,哈尔滨,45.75,126.63,7.02,0.0
20241003,哈尔滨,45.75,126.63,10.89,0.0
20241004,哈尔滨,45.75,126.63,12.1,0.0
20241005,哈尔滨,45.75,126.63,12.1,0.01
20241006,哈尔滨,45.75,126.63,7.63,0.01
20241007,哈尔滨,45.75,126.63,7.64,0.0
20241008,哈尔滨,45.75,126.63,8.84,0.0
20241009,哈尔滨,45.75,126.63,9.83,0.01
20241010,哈尔滨,45.75,126.63,7.73,8.88
20241011,哈尔滨,45.75,126.63,7.66,0.0
20241012,哈尔滨,45.75,126.63,6.77,0.0
20241013,哈尔滨,45.75,126.63,10.93,0.0
20241014,哈尔滨,45.75,126.63,15.19,7.09
20241015,哈尔滨,45.75,126.63,3.19,0.76
20241016,哈尔滨,45.75,126.63,3.9,0.01
20241017,哈尔滨,45.75,126.63,7.84,0.44
20241018,哈尔滨,45.75,126.63,4.89,1.44
20241019,哈尔滨,45.75,126.63,-2.46,0.25
20241020,哈尔滨,45.75,126.63,0.76,0.0
20241021,哈尔滨,45.75,126.63,7.89,1.92
20241022,哈尔滨,45.75,126.63,2.53,0.25
20241023,哈尔滨,45.75,126.63,1.71,0.06
20241024,哈尔滨,45.75,126.63,3.91,0.0
20241025,哈尔滨,45.75,126.63,4.84,0.0
20241026,哈尔滨,45.75,126.63,2.52,4.39
20241027,哈尔滨,45.75,126.63,2.39,1.24
20241028,哈尔滨,45.75,126.63,2.51,0.34
20241029,哈尔滨,45.75,126.63,5.27,1.22
20241030,哈尔滨,45.75,126.63,3.86,0.17
20241031,哈尔滨,45.75,126.63,6.91,0.07
20240401,长春,43.82,125.32,0.82,0.0
20240402,长春,43.82,125.32,5.27,0.0
20240403,长春,43.82,125.32,3.21,0.0
20240404,长春,43.82,125.32,3.86,0.0
20240405,长春,43.82,125.32,6.64,0.0
20240406,长春,43.82,125.32,8.66,0.0
20240407,长春,43.82,125.32,7.69,0.02
20240408,长春,43.82,125.32,-0.26,0.0
20240409,长春,43.82,125.32,3.19,0.0
20240410,长春,43.82,125.32,8.01,0.02
20240411,长春,43.82,125.32,12.33,0.27
20240412,长春,43.82,125.32,13.8,0.69
20240413,长春,43.82,125.32,15.85,0.13
20240414,长春,43.82,125.32,16.05,0.0
20240415,长春,43.82,125.32,12.76,9.37
20240416,长春,43.82,125.32,10.25,0.09
20240417,长春,43.82,125.32,12.62,0.0
20240418,长春,43.82,125.32,12.91,0.13
20240419,长春,43.82,125.32,8.76,0.0
20240420,长春,43.82,125.32,8.19,0.12
20240421,长春,43.82,125.32,12.16,0.0
20240422,长春,43.82,125.32,15.57,0.16
20240423,长春,43.82,125.32,13.55,2.25
20240424,长春,43.82,125.32,13.86,0.36
20240425,长春,43.82,125.32,14.72,0.01
20240426,长春,43.82,125.32,11.98,1.9
20240427,长春,43.82,125.32,11.14,0.82
20240428,长春,43.82,125.32,8.46,0.62
20240429,长春,43.82,125.32,7.09,1.48
20240430,长春,43.82,125.32,11.06,0.0
20240501,长春,43.82,125.32,15.11,0.0
20240502,长春,43.82,125.32,17.09,0.0
20240503,长春,43.82,125.32,18.2,0.0
20240504,长春,43.82,125.32,17.71,0.0
20240505,长春,43.82,125.32,16.05,0.14
20240506,长春,43.82,125.32,12.67,2.39
20240507,长春,43.82,125.32,13.29,0.0
20240508,长春,43.82,125.32,16.97,0.0
20240509,长春,43.82,125.32,15.67,0.0
20240510,长春,43.82,125.32,15.32,9.55
20240511,长春,43.82,125.32,13.82,0.76
20240512,长春,43.82,125.32,11.72,0.54
20240513,长春,43.82,125.32,16.12,0.28
20240514,长春,43.82,125.32,13.83,0.71
20240515,长春,43.82,125.32,11.13,0.0
20240516,长春,43.82,125.32,12.95,0.0
20240517,长春,43.82,125.32,18.38,0.0
20240518,长春,43.82,125.32,15.78,0.93
20240519,长春,43.82,125.32,9.2,11.12
20240520,长春,43.82,125.32,11.95,0.08
20240521,长春,43.82,125.32,18.25,0.0
20240522,长春,43.82,125.32,19.82,0.72
20240523,长春,43.82,125.32,12.54,10.46
20240524,长春,43.82,125.32,13.91,0.21
20240525,长春,43.82,125.32,16.49,6.25
20240526,长春,43.82,125.32,13.87,43.1
20240527,长春,43.82,125.32,13.09,4.19
20240528,长春,43.82,125.32,15.68,1.55
20240529,长春,43.82,125.32,12.2,11.65
20240530,长春,43.82,125.32,14.11,39.69
20240531,长春,43.82,125.32,11.85,2.83
20240601,长春,43.82,125.32,11.73,1.84
20240602,长春,43.82,125.32,15.48,0.04
20240603,长春,43.82,125.32,18.93,0.01
20240604,长春,43.82,125.32,19.79,0.07
20240605,长春,43.82,125.32,19.88,1.3
20240606,长春,43.82,125.32,20.72,0.1
20240607,长春,43.82,125.32,19.11,4.27
20240608,长春,43.82,125.32,17.98,25.43
20240609,长春,43.82,125.32,17.91,15.73
20240610,长春,43.82,125.32,20.95,0.0
20240611,长春,43.82,125.32,22.1,16.61
20240612,长春,43.82,125.32,21.4,8.61
20240613,长春,43.82,125.32,22.08,25.77
20240614,长春,43.82,125.32,20.23,8.79
20240615,长春,43.82,125.32,17.21,0.88
20240616,长春,43.82,125.32,20.25,3.09
20240617,长春,43.82,125.32,20.49,2.33
20240618,长春,43.82,125.32,20.37,0.11
20240619,长春,43.82,125.32,23.5,0.0
20240620,长春,43.82,125.32,22.18,0.5
20240621,长春,43.82,125.32,23.81,6.14
20240622,长春,43.82,125.32,21.67,17.01
20240623,长春,43.82,125.32,17.47,4.86
20240624,长春,43.82,125.32,15.73,6.75
20240625,长春,43.82,125.32,19.19,1.16
20240626,长春,43.82,125.32,22.0,0.3
20240627,长春,43.82,125.32,23.41,0.04
20240628,长春,43.82,125.32,23.09,0.0
20240629,长春,43.82,125.32,23.43,1.97
20240630,长春,43.82,125.32,21.26,2.03
20240701,长春,43.82,125.32,19.92,0.02
20240702,长春,43.82,125.32,20.89,0.82
20240703,长春,43.82,125.32,20.33,27.37
20240704,长春,43.82,125.32,20.84,10.2
20240705,长春,43.82,125.32,20.59,23.42
20240706,长春,43.82,125.32,21.84,7.84
20240707,长春,43.82,125.32,22.92,15.99
20240708,长春,43.82,125.32,22.19,2.04
20240709,长春,43.82,125.32,20.88,0.01
20240710,长春,43.82,125.32,21.96,0.0
20240711,长春,43.82,125.32,23.04,0.03
20240712,长春,43.82,125.32,22.06,0.74
20240713,长春,43.82,125.32,22.91,4.68
20240714,长春,43.82,125.32,24.64,2.2
20240715,长春,43.82,125.32,25.73,0.02
20240716,长春,43.82,125.32,25.45,0.1
20240717,长春,43.82,125.32,24.23,3.08
20240718,长春,43.82,125.32,23.4,0.19
20240719,长春,43.82,125.32,25.09,0.44
20240720,长春,43.82,125.32,24.02,4.57
20240721,长春,43.82,125.32,25.95,3.33
20240722,长春,43.82,125.32,25.05,17.62
20240723,长春,43.82,125.32,24.68,11.11
20240724,长春,43.82,125.32,24.31,26.9
20240725,长春,43.82,125.32,24.4,7.74
20240726,长春,43.82,125.32,24.38,30.95
20240727,长春,43.82,125.32,25.44,5.26
20240728,长春,43.82,125.32,24.6,24.09
20240729,长春,43.82,125.32,24.57,4.59
20240730,长春,43.82,125.32,24.72,1.12
20240731,长春,43.82,125.32,25.38,48.14
20240801,长春,43.82,125.32,25.7,18.31
20240802,长春,43.82,125.32,23.51,2.16
20240803,长春,43.82,125.32,24.19,0.25
20240804,长春,43.82,125.32,26.7,5.84
20240805,长春,43.82,125.32,25.45,7.76
20240806,长春,43.82,125.32,25.46,0.54
20240807,长春,43.82,125.32,25.53,0.15
20240808,长春,43.82,125.32,24.92,1.42
20240809,长春,43.82,125.32,25.29,0.04
20240810,长春,43.82,125.32,23.46,21.31
20240811,长春,43.82,125.32,25.63,6.92
20240812,长春,43.82,125.32,24.72,8.1
20240813,长春,43.82,125.32,22.92,0.27
20240814,长春,43.82,125.32,23.12,0.12
20240815,长春,43.82,125.32,24.03,0.15
20240816,长春,43.82,125.32,24.9,0.12
20240817,长春,43.82,125.32,25.28,0.06
20240818,长春,43.82,125.32,24.33,8.94
20240819,长春,43.82,125.32,24.22,31.68
20240820,长春,43.82,125.32,24.19,33.69
20240821,长春,43.82,125.32,25.22,33.16
20240822,长春,43.82,125.32,21.99,7.84
20240823,长春,43.82,125.32,20.94,0.17
20240824,长春,43.82,125.32,21.85,0.08
20240825,长春,43.82,125.32,21.52,0.43
20240826,长春,43.82,125.32,20.46,0.06
20240827,长春,43.82,125.32,20.69,0.01
20240828,长春,43.82,125.32,21.22,0.0
20240829,长春,43.82,125.32,22.27,0.01
20240830,长春,43.82,125.32,20.86,1.25
20240831,长春,43.82,125.32,19.51,0.09
20240901,长春,43.82,125.32,18.65,9.29
20240902,长春,43.82,125.32,17.69,0.0
20240903,长春,43.82,125.32,18.47,0.0
20240904,长春,43.82,125.32,19.74,37.92
20240905,长春,43.82,125.32,18.13,8.44
20240906,长春,43.82,125.32,17.09,0.21
20240907,长春,43.82,125.32,19.27,0.0
20240908,长春,43.82,125.32,19.73,0.01
20240909,长春,43.82,125.32,20.84,7.44
20240910,长春,43.82,125.32,18.25,0.54
20240911,长春,43.82,125.32,16.99,0.28
20240912,长春,43.82,125.32,18.53,0.0
20240913,长春,43.82,125.32,13.85,1.34
20240914,长春,43.82,125.32,12.71,3.73
20240915,长春,43.82,125.32,13.25,0.04
20240916,长春,43.82,125.32,15.73,0.25
20240917,长春,43.82,125.32,17.14,0.32
20240918,长春,43.82,125.32,17.68,0.01
20240919,长春,43.82,125.32,16.3,0.06
20240920,长春,43.82,125.32,8.91,1.49
20240921,长春,43.82,125.32,9.52,1.07
20240922,长春,43.82,125.32,10.69,0.21
20240923,长春,43.82,125.32,11.47,0.0
20240924,长春,43.82,125.32,14.29,0.0
20240925,长春,43.82,125.32,14.06,2.09
20240926,长春,43.82,125.32,14.08,0.01
20240927,长春,43.82,125.32,12.9,0.01
20240928,长春,43.82,125.32,14.57,0.0
20240929,长春,43.82,125.32,18.28,0.01
20240930,长春,43.82,125.32,10.5,1.53
20241001,长春,43.82,125.32,8.43,1.06
20241002,长春,43.82,125.32,7.45,0.0
20241003,长春,43.82,125.32,10.37,0.0
20241004,长春,43.82,125.32,11.85,0.0
20241005,长春,43.82,125.32,13.26,0.01
20241006,长春,43.82,125.32,8.53,1.1
20241007,长春,43.82,125.32,7.43,0.0
20241008,长春,43.82,125.32,8.54,0.03
20241009,长春,43.82,125.32,10.54,0.0
20241010,长春,43.82,125.32,8.3,8.3
20241011,长春,43.82,125.32,9.54,0.0
20241012,长春,43.82,125.32,8.67,0.01
20241013,长春,43.82,125.32,12.94,0.0
20241014,长春,43.82,125.32,15.42,8.47
20241015,长春,43.82,125.32,4.78,0.25
20241016,长春,43.82,125.32,5.17,0.02
20241017,长春,43.82,125.32,10.4,0.3
20241018,长春,43.82,125.32,6.27,9.27
20241019,长春,43.82,125.32,-2.37,0.0
20241020,长春,43.82,125.32,1.95,0.01
20241021,长春,43.82,125.32,8.53,0.59
20241022,长春,43.82,125.32,2.01,3.37
20241023,长春,43.82,125.32,2.5,0.85
20241024,长春,43.82,125.32,4.91,0.0
20241025,长春,43.82,125.32,7.23,0.01
20241026,长春,43.82,125.32,4.73,3.1
20241027,长春,43.82,125.32,2.25,0.82
20241028,长春,43.82,125.32,3.87,0.4
20241029,长春,43.82,125.32,6.66,0.03
20241030,长春,43.82,125.32,6.15,0.4
20241031,长春,43.82,125.32,7.66,0.06
20240401,沈阳,41.8,123.43,3.66,0.0
20240402,沈阳,41.8,123.43,8.58,0.0
20240403,沈阳,41.8,123.43,5.24,0.0
20240404,沈阳,41.8,123.43,5.12,0.0
20240405,沈阳,41.8,123.43,7.22,0.0
20240406,沈阳,41.8,123.43,11.25,0.0
20240407,沈阳,41.8,123.43,13.03,0.0
20240408,沈阳,41.8,123.43,5.01,0.0
20240409,沈阳,41.8,123.43,5.48,0.0
20240410,沈阳,41.8,123.43,8.91,0.97
20240411,沈阳,41.8,123.43,12.94,2.24
20240412,沈阳,41.8,123.43,13.31,0.23
20240413,沈阳,41.8,123.43,14.19,0.11
20240414,沈阳,41.8,123.43,14.71,0.06
20240415,沈阳,41.8,123.43,12.49,30.68
20240416,沈阳,41.8,123.43,12.3,0.0
20240417,沈阳,41.8,123.43,13.15,0.0
20240418,沈阳,41.8,123.43,13.26,0.0
20240419,沈阳,41.8,123.43,10.68,0.0
20240420,沈阳,41.8,123.43,10.48,0.17
20240421,沈阳,41.8,123.43,13.31,0.0
20240422,沈阳,41.8,123.43,15.23,0.52
20240423,沈阳,41.8,123.43,12.38,5.7
20240424,沈阳,41.8,123.43,13.75,0.25
20240425,沈阳,41.8,123.43,14.23,0.01
20240426,沈阳,41.8,123.43,14.62,0.37
20240427,沈阳,41.8,123.43,14.32,0.01
20240428,沈阳,41.8,123.43,10.23,1.63
20240429,沈阳,41.8,123.43,8.56,1.82
20240430,沈阳,41.8,123.43,12.31,0.0
20240501,沈阳,41.8,123.43,15.22,0.0
20240502,沈阳,41.8,123.43,17.3,0.0
20240503,沈阳,41.8,123.43,17.15,0.0
20240504,沈阳,41.8,123.43,16.31,0.0
20240505,沈阳,41.8,123.43,14.05,2.88
20240506,沈阳,41.8,123.43,15.08,4.09
20240507,沈阳,41.8,123.43,15.23,0.0
20240508,沈阳,41.8,123.43,16.59,0.02
20240509,沈阳,41.8,123.43,18.05,0.01
20240510,沈阳,41.8,123.43,17.43,9.65
20240511,沈阳,41.8,123.43,15.17,8.6
20240512,沈阳,41.8,123.43,15.41,0.04
20240513,沈阳,41.8,123.43,17.88,0.0
20240514,沈阳,41.8,123.43,16.79,0.08
20240515,沈阳,41.8,123.43,14.15,0.0
20240516,沈阳,41.8,123.43,15.22,0.0
20240517,沈阳,41.8,123.43,18.29,0.0
20240518,沈阳,41.8,123.43,19.07,1.48
20240519,沈阳,41.8,123.43,12.92,21.56
20240520,沈阳,41.8,123.43,13.75,0.02
20240521,沈阳,41.8,123.43,18.67,0.08
20240522,沈阳,41.8,123.43,19.69,0.67
20240523,沈阳,41.8,123.43,14.45,15.2
20240524,沈阳,41.8,123.43,15.54,0.0
20240525,沈阳,41.8,123.43,17.12,7.31
20240526,沈阳,41.8,123.43,15.01,26.17
20240527,沈阳,41.8,123.43,16.52,0.66
20240528,沈阳,41.8,123.43,19.09,0.0
20240529,沈阳,41.8,123.43,18.58,5.4
20240530,沈阳,41.8,123.43,19.65,3.9
20240531,沈阳,41.8,123.43,16.3,2.15
20240601,沈阳,41.8,123.43,17.34,0.94
20240602,沈阳,41.8,123.43,18.12,0.0
20240603,沈阳,41.8,123.43,20.06,0.0
20240604,沈阳,41.8,123.43,21.62,0.0
20240605,沈阳,41.8,123.43,21.27,0.0
20240606,沈阳,41.8,123.43,21.77,0.0
20240607,沈阳,41.8,123.43,19.74,2.13
20240608,沈阳,41.8,123.43,21.7,1.3
20240609,沈阳,41.8,123.43,22.08,0.09
20240610,沈阳,41.8,123.43,21.99,0.01
20240611,沈阳,41.8,123.43,23.75,2.09
20240612,沈阳,41.8,123.43,24.24,1.81
20240613,沈阳,41.8,123.43,23.34,4.18
20240614,沈阳,41.8,123.43,22.35,10.47
20240615,沈阳,41.8,123.43,20.98,0.76
20240616,沈阳,41.8,123.43,22.78,0.2
20240617,沈阳,41.8,123.43,24.88,0.0
20240618,沈阳,41.8,123.43,25.93,0.01
20240619,沈阳,41.8,123.43,25.92,0.0
20240620,沈阳,41.8,123.43,23.53,0.0
20240621,沈阳,41.8,123.43,23.12,5.21
20240622,沈阳,41.8,123.43,24.44,17.5
20240623,沈阳,41.8,123.43,19.62,3.04
20240624,沈阳,41.8,123.43,18.36,1.48
20240625,沈阳,41.8,123.43,22.01,0.12
20240626,沈阳,41.8,123.43,23.97,0.0
20240627,沈阳,41.8,123.43,24.23,0.0
20240628,沈阳,41.8,123.43,24.94,0.0
20240629,沈阳,41.8,123.43,25.3,0.0
20240630,沈阳,41.8,123.43,25.2,13.82
20240701,沈阳,41.8,123.43,22.54,7.98
20240702,沈阳,41.8,123.43,21.77,24.43
20240703,沈阳,41.8,123.43,21.4,19.95
20240704,沈阳,41.8,123.43,22.29,1.35
20240705,沈阳,41.8,123.43,24.13,0.63
20240706,沈阳,41.8,123.43,22.57,22.98
20240707,沈阳,41.8,123.43,24.71,5.04
20240708,沈阳,41.8,123.43,23.73,8.38
20240709,沈阳,41.8,123.43,22.1,0.11
20240710,沈阳,41.8,123.43,23.53,0.06
20240711,沈阳,41.8,123.43,25.22,0.0
20240712,沈阳,41.8,123.43,24.39,0.02
20240713,沈阳,41.8,123.43,25.93,0.11
20240714,沈阳,41.8,123.43,26.67,0.22
20240715,沈阳,41.8,123.43,26.83,0.0
20240716,沈阳,41.8,123.43,26.1,4.32
20240717,沈阳,41.8,123.43,25.52,11.48
20240718,沈阳,41.8,123.43,25.32,2.31
20240719,沈阳,41.8,123.43,26.98,6.73
20240720,沈阳,41.8,123.43,25.0,48.12
20240721,沈阳,41.8,123.43,26.28,0.48
20240722,沈阳,41.8,123.43,26.09,2.01
20240723,沈阳,41.8,123.43,27.28,7.47
20240724,沈阳,41.8,123.43,27.15,21.77
20240725,沈阳,41.8,123.43,25.53,65.15
20240726,沈阳,41.8,123.43,25.68,89.36
20240727,沈阳,41.8,123.43,26.35,17.03
20240728,沈阳,41.8,123.43,26.7,48.7
20240729,沈阳,41.8,123.43,27.45,6.12
20240730,沈阳,41.8,123.43,25.91,10.47
20240731,沈阳,41.8,123.43,27.4,4.68
20240801,沈阳,41.8,123.43,27.81,16.1
20240802,沈阳,41.8,123.43,26.61,12.45
20240803,沈阳,41.8,123.43,27.29,1.4
20240804,沈阳,41.8,123.43,27.22,5.94
20240805,沈阳,41.8,123.43,25.95,28.85
20240806,沈阳,41.8,123.43,26.2,5.71
20240807,沈阳,41.8,123.43,26.16,5.57
20240808,沈阳,41.8,123.43,26.57,0.0
20240809,沈阳,41.8,123.43,26.41,0.08
20240810,沈阳,41.8,123.43,25.78,9.2
20240811,沈阳,41.8,123.43,27.65,17.56
20240812,沈阳,41.8,123.43,27.03,21.31
20240813,沈阳,41.8,123.43,24.5,12.47
20240814,沈阳,41.8,123.43,24.39,0.54
20240815,沈阳,41.8,123.43,25.31,4.11
20240816,沈阳,41.8,123.43,26.27,0.04
20240817,沈阳,41.8,123.43,26.16,0.21
20240818,沈阳,41.8,123.43,26.31,1.84
20240819,沈阳,41.8,123.43,25.48,11.83
20240820,沈阳,41.8,123.43,24.84,12.2
20240821,沈阳,41.8,123.43,26.88,17.66
20240822,沈阳,41.8,123.43,25.07,5.39
20240823,沈阳,41.8,123.43,22.88,0.73
20240824,沈阳,41.8,123.43,23.57,0.58
20240825,沈阳,41.8,123.43,24.48,5.11
20240826,沈阳,41.8,123.43,21.93,0.25
20240827,沈阳,41.8,123.43,21.71,0.02
20240828,沈阳,41.8,123.43,23.35,0.0
20240829,沈阳,41.8,123.43,22.75,0.0
20240830,沈阳,41.8,123.43,22.72,0.0
20240831,沈阳,41.8,123.43,21.37,0.18
20240901,沈阳,41.8,123.43,21.03,2.46
20240902,沈阳,41.8,123.43,18.8,0.29
20240903,沈阳,41.8,123.43,19.44,0.0
20240904,沈阳,41.8,123.43,21.6,13.32
20240905,沈阳,41.8,123.43,20.44,11.97
20240906,沈阳,41.8,123.43,20.22,0.17
20240907,沈阳,41.8,123.43,19.71,0.04
20240908,沈阳,41.8,123.43,20.59,0.25
20240909,沈阳,41.8,123.43,22.53,11.75
20240910,沈阳,41.8,123.43,20.04,20.93
20240911,沈阳,41.8,123.43,18.69,0.0
20240912,沈阳,41.8,123.43,19.15,0.0
20240913,沈阳,41.8,123.43,17.01,0.02
20240914,沈阳,41.8,123.43,13.2,3.31
20240915,沈阳,41.8,123.43,15.34,0.0
20240916,沈阳,41.8,123.43,18.88,0.39
20240917,沈阳,41.8,123.43,18.81,0.3
20240918,沈阳,41.8,123.43,19.15,3.0
20240919,沈阳,41.8,123.43,20.73,2.52
20240920,沈阳,41.8,123.43,11.88,6.04
20240921,沈阳,41.8,123.43,11.74,0.0
20240922,沈阳,41.8,123.43,11.73,0.03
20240923,沈阳,41.8,123.43,12.83,0.0
20240924,沈阳,41.8,123.43,15.48,0.01
20240925,沈阳,41.8,123.43,15.36,1.19
20240926,沈阳,41.8,123.43,15.08,0.01
20240927,沈阳,41.8,123.43,15.75,0.0
20240928,沈阳,41.8,123.43,15.81,0.0
20240929,沈阳,41.8,123.43,19.17,0.07
20240930,沈阳,41.8,123.43,10.79,11.69
20241001,沈阳,41.8,123.43,8.86,0.25
20241002,沈阳,41.8,123.43,9.12,0.0
20241003,沈阳,41.8,123.43,11.35,0.0
20241004,沈阳,41.8,123.43,12.98,0.0
20241005,沈阳,41.8,123.43,14.91,0.0
20241006,沈阳,41.8,123.43,10.94,3.63
20241007,沈阳,41.8,123.43,10.55,0.05
20241008,沈阳,41.8,123.43,10.98,0.0
20241009,沈阳,41.8,123.43,12.41,0.01
20241010,沈阳,41.8,123.43,11.07,5.51
20241011,沈阳,41.8,123.43,12.17,1.38
20241012,沈阳,41.8,123.43,11.23,0.0
20241013,沈阳,41.8,123.43,13.91,0.0
20241014,沈阳,41.8,123.43,16.27,2.64
20241015,沈阳,41.8,123.43,6.93,0.15
20241016,沈阳,41.8,123.43,6.99,0.84
20241017,沈阳,41.8,123.43,12.52,0.07
20241018,沈阳,41.8,123.43,8.99,1.14
20241019,沈阳,41.8,123.43,-0.41,0.0
20241020,沈阳,41.8,123.43,4.52,0.23
20241021,沈阳,41.8,123.43,9.63,1.74
20241022,沈阳,41.8,123.43,4.68,6.96
20241023,沈阳,41.8,123.43,4.87,0.2
20241024,沈阳,41.8,123.43,7.84,0.28
20241025,沈阳,41.8,123.43,10.55,0.0
20241026,沈阳,41.8,123.43,8.26,0.22
20241027,沈阳,41.8,123.43,4.11,0.1
20241028,沈阳,41.8,123.43,6.5,0.0
20241029,沈阳,41.8,123.43,8.44,0.0
20241030,沈阳,41.8,123.43,7.66,0.0
20241031,沈阳,41.8,123.43,10.39,0.0
20240401,呼和浩特,40.82,111.75,10.48,0.0
20240402,呼和浩特,40.82,111.75,8.97,0.05
20240403,呼和浩特,40.82,111.75,7.18,0.0
20240404,呼和浩特,40.82,111.75,5.0,0.81
20240405,呼和浩特,40.82,111.75,6.53,0.0
20240406,呼和浩特,40.82,111.75,8.34,0.0
20240407,呼和浩特,40.82,111.75,10.19,0.0
20240408,呼和浩特,40.82,111.75,10.55,0.51
20240409,呼和浩特,40.82,111.75,9.61,1.33
20240410,呼和浩特,40.82,111.75,10.41,0.22
20240411,呼和浩特,40.82,111.75,11.91,0.0
20240412,呼和浩特,40.82,111.75,13.24,0.0
20240413,呼和浩特,40.82,111.75,12.6,4.73
20240414,呼和浩特,40.82,111.75,8.58,0.0
20240415,呼和浩特,40.82,111.75,3.25,0.71
20240416,呼和浩特,40.82,111.75,8.61,0.0
20240417,呼和浩特,40.82,111.75,13.02,0.0
20240418,呼和浩特,40.82,111.75,13.05,0.61
20240419,呼和浩特,40.82,111.75,4.93,17.34
20240420,呼和浩特,40.82,111.75,7.34,0.04
20240421,呼和浩特,40.82,111.75,9.88,0.57
20240422,呼和浩特,40.82,111.75,7.39,0.42
20240423,呼和浩特,40.82,111.75,6.72,0.01
20240424,呼和浩特,40.82,111.75,10.75,0.14
20240425,呼和浩特,40.82,111.75,14.27,0.0
20240426,呼和浩特,40.82,111.75,12.98,0.0
20240427,呼和浩特,40.82,111.75,10.61,9.43
20240428,呼和浩特,40.82,111.75,8.21,13.58
20240429,呼和浩特,40.82,111.75,5.01,1.01
20240430,呼和浩特,40.82,111.75,7.71,0.0
20240501,呼和浩特,40.82,111.75,10.05,0.0
20240502,呼和浩特,40.82,111.75,12.25,0.0
20240503,呼和浩特,40.82,111.75,13.01,0.0
20240504,呼和浩特,40.82,111.75,12.24,0.01
20240505,呼和浩特,40.82,111.75,10.74,0.71
20240506,呼和浩特,40.82,111.75,13.15,0.0
20240507,呼和浩特,40.82,111.75,14.35,0.03
20240508,呼和浩特,40.82,111.75,16.82,0.0
20240509,呼和浩特,40.82,111.75,16.27,4.06
20240510,呼和浩特,40.82,111.75,11.23,1.8
20240511,呼和浩特,40.82,111.75,7.77,0.0
20240512,呼和浩特,40.82,111.75,12.26,0.0
20240513,呼和浩特,40.82,111.75,16.88,0.0
20240514,呼和浩特,40.82,111.75,10.81,0.0
20240515,呼和浩特,40.82,111.75,11.29,0.0
20240516,呼和浩特,40.82,111.75,16.94,0.0
20240517,呼和浩特,40.82,111.75,21.21,0.0
20240518,呼和浩特,40.82,111.75,21.26,0.0
20240519,呼和浩特,40.82,111.75,17.35,0.0
20240520,呼和浩特,40.82,111.75,18.72,0.07
20240521,呼和浩特,40.82,111.75,21.28,0.08
20240522,呼和浩特,40.82,111.75,22.44,1.02
20240523,呼和浩特,40.82,111.75,20.73,0.03
20240524,呼和浩特,40.82,111.75,16.17,1.51
20240525,呼和浩特,40.82,111.75,17.34,4.23
20240526,呼和浩特,40.82,111.75,12.54,0.01
20240527,呼和浩特,40.82,111.75,15.64,0.0
20240528,呼和浩特,40.82,111.75,18.52,0.04
20240529,呼和浩特,40.82,111.75,15.04,9.66
20240530,呼和浩特,40.82,111.75,16.42,0.01
20240531,呼和浩特,40.82,111.75,14.25,0.0
20240601,呼和浩特,40.82,111.75,18.88,0.0
20240602,呼和浩特,40.82,111.75,17.0,0.48
20240603,呼和浩特,40.82,111.75,16.27,0.2
20240604,呼和浩特,40.82,111.75,14.11,6.33
20240605,呼和浩特,40.82,111.75,13.61,5.2
20240606,呼和浩特,40.82,111.75,14.64,14.61
20240607,呼和浩特,40.82,111.75,16.2,12.22
20240608,呼和浩特,40.82,111.75,19.11,0.0
20240609,呼和浩特,40.82,111.75,21.7,0.0
20240610,呼和浩特,40.82,111.75,20.69,0.54
20240611,呼和浩特,40.82,111.75,22.28,0.7
20240612,呼和浩特,40.82,111.75,23.9,0.01
20240613,呼和浩特,40.82,111.75,19.53,0.07
20240614,呼和浩特,40.82,111.75,17.62,0.0
20240615,呼和浩特,40.82,111.75,17.93,0.0
20240616,呼和浩特,40.82,111.75,20.91,0.0
20240617,呼和浩特,40.82,111.75,20.43,0.0
20240618,呼和浩特,40.82,111.75,20.4,3.51
20240619,呼和浩特,40.82,111.75,19.9,0.59
20240620,呼和浩特,40.82,111.75,20.97,4.55
20240621,呼和浩特,40.82,111.75,18.11,7.36
20240622,呼和浩特,40.82,111.75,13.52,1.02
20240623,呼和浩特,40.82,111.75,13.88,0.0
20240624,呼和浩特,40.82,111.75,16.61,0.0
20240625,呼和浩特,40.82,111.75,19.65,0.0
20240626,呼和浩特,40.82,111.75,19.27,0.71
20240627,呼和浩特,40.82,111.75,22.13,1.09
20240628,呼和浩特,40.82,111.75,22.06,7.39
20240629,呼和浩特,40.82,111.75,20.45,4.44
20240630,呼和浩特,40.82,111.75,19.36,0.71
20240701,呼和浩特,40.82,111.75,16.95,2.43
20240702,呼和浩特,40.82,111.75,17.46,2.05
20240703,呼和浩特,40.82,111.75,18.85,0.26
20240704,呼和浩特,40.82,111.75,21.57,0.06
20240705,呼和浩特,40.82,111.75,19.67,4.56
20240706,呼和浩特,40.82,111.75,20.92,0.07
20240707,呼和浩特,40.82,111.75,21.29,0.24
20240708,呼和浩特,40.82,111.75,21.82,0.0
20240709,呼和浩特,40.82,111.75,20.26,0.15
20240710,呼和浩特,40.82,111.75,23.61,0.04
20240711,呼和浩特,40.82,111.75,24.81,0.6
20240712,呼和浩特,40.82,111.75,20.01,8.42
20240713,呼和浩特,40.82,111.75,23.95,0.05
20240714,呼和浩特,40.82,111.75,23.23,0.15
20240715,呼和浩特,40.82,111.75,20.69,19.22
20240716,呼和浩特,40.82,111.75,19.0,1.01
20240717,呼和浩特,40.82,111.75,22.74,0.01
20240718,呼和浩特,40.82,111.75,24.32,0.0
20240719,呼和浩特,40.82,111.75,23.9,0.03
20240720,呼和浩特,40.82,111.75,24.9,0.02
20240721,呼和浩特,40.82,111.75,25.22,0.57
20240722,呼和浩特,40.82,111.75,25.99,0.0
20240723,呼和浩特,40.82,111.75,27.89,0.0
20240724,呼和浩特,40.82,111.75,22.95,22.94
20240725,呼和浩特,40.82,111.75,22.74,4.88
20240726,呼和浩特,40.82,111.75,23.41,0.0
20240727,呼和浩特,40.82,111.75,24.08,0.0
20240728,呼和浩特,40.82,111.75,24.1,0.0
20240729,呼和浩特,40.82,111.75,23.15,0.2
20240730,呼和浩特,40.82,111.75,18.58,27.31
20240731,呼和浩特,40.82,111.75,19.58,15.19
20240801,呼和浩特,40.82,111.75,21.72,7.84
20240802,呼和浩特,40.82,111.75,21.23,1.33
20240803,呼和浩特,40.82,111.75,19.07,14.22
20240804,呼和浩特,40.82,111.75,20.23,0.69
20240805,呼和浩特,40.82,111.75,21.41,0.01
20240806,呼和浩特,40.82,111.75,21.56,0.33
20240807,呼和浩特,40.82,111.75,22.17,0.0
20240808,呼和浩特,40.82,111.75,22.29,0.53
20240809,呼和浩特,40.82,111.75,19.65,46.53
20240810,呼和浩特,40.82,111.75,17.38,1.62
20240811,呼和浩特,40.82,111.75,17.23,0.31
20240812,呼和浩特,40.82,111.75,18.14,0.23
20240813,呼和浩特,40.82,111.75,17.89,0.0
20240814,呼和浩特,40.82,111.75,17.9,0.13
20240815,呼和浩特,40.82,111.75,20.46,0.03
20240816,呼和浩特,40.82,111.75,17.95,4.56
20240817,呼和浩特,40.82,111.75,19.13,1.5
20240818,呼和浩特,40.82,111.75,19.28,12.7
20240819,呼和浩特,40.82,111.75,17.01,5.61
20240820,呼和浩特,40.82,111.75,16.7,10.43
20240821,呼和浩特,40.82,111.75,17.77,0.39
20240822,呼和浩特,40.82,111.75,19.98,0.0
20240823,呼和浩特,40.82,111.75,21.71,0.35
20240824,呼和浩特,40.82,111.75,21.16,0.04
20240825,呼和浩特,40.82,111.75,16.84,20.24
20240826,呼和浩特,40.82,111.75,15.99,3.96
20240827,呼和浩特,40.82,111.75,16.28,0.0
20240828,呼和浩特,40.82,111.75,17.76,0.0
20240829,呼和浩特,40.82,111.75,18.49,0.0
20240830,呼和浩特,40.82,111.75,20.6,0.0
20240831,呼和浩特,40.82,111.75,19.52,14.85
20240901,呼和浩特,40.82,111.75,15.64,0.05
20240902,呼和浩特,40.82,111.75,14.48,0.64
20240903,呼和浩特,40.82,111.75,17.44,15.7
20240904,呼和浩特,40.82,111.75,17.55,19.58
20240905,呼和浩特,40.82,111.75,13.45,0.01
20240906,呼和浩特,40.82,111.75,12.9,12.17
20240907,呼和浩特,40.82,111.75,15.37,0.6
20240908,呼和浩特,40.82,111.75,17.74,26.0
20240909,呼和浩特,40.82,111.75,14.67,3.54
20240910,呼和浩特,40.82,111.75,12.21,0.08
20240911,呼和浩特,40.82,111.75,13.53,1.56
20240912,呼和浩特,40.82,111.75,16.52,0.08
20240913,呼和浩特,40.82,111.75,13.72,1.13
20240914,呼和浩特,40.82,111.75,9.95,0.01
20240915,呼和浩特,40.82,111.75,12.51,21.59
20240916,呼和浩特,40.82,111.75,15.14,10.63
20240917,呼和浩特,40.82,111.75,15.82,8.91
20240918,呼和浩特,40.82,111.75,16.6,6.2
20240919,呼和浩特,40.82,111.75,17.31,10.57
20240920,呼和浩特,40.82,111.75,9.27,19.03
20240921,呼和浩特,40.82,111.75,6.06,0.47
20240922,呼和浩特,40.82,111.75,7.4,0.0
20240923,呼和浩特,40.82,111.75,10.51,0.0
20240924,呼和浩特,40.82,111.75,11.0,0.99
20240925,呼和浩特,40.82,111.75,10.18,0.05
20240926,呼和浩特,40.82,111.75,12.71,0.0
20240927,呼和浩特,40.82,111.75,14.02,0.0
20240928,呼和浩特,40.82,111.75,14.97,2.79
20240929,呼和浩特,40.82,111.75,9.28,26.96
20240930,呼和浩特,40.82,111.75,3.91,0.42
20241001,呼和浩特,40.82,111.75,-0.07,0.88
20241002,呼和浩特,40.82,111.75,3.99,0.01
20241003,呼和浩特,40.82,111.75,4.8,0.0
20241004,呼和浩特,40.82,111.75,8.19,0.0
20241005,呼和浩特,40.82,111.75,10.14,0.24
20241006,呼和浩特,40.82,111.75,6.95,0.41
20241007,呼和浩特,40.82,111.75,5.99,0.01
20241008,呼和浩特,40.82,111.75,6.79,0.03
20241009,呼和浩特,40.82,111.75,5.42,0.65
20241010,呼和浩特,40.82,111.75,3.78,0.0
20241011,呼和浩特,40.82,111.75,7.64,0.0
20241012,呼和浩特,40.82,111.75,9.59,0.01
20241013,呼和浩特,40.82,111.75,7.9,3.62
20241014,呼和浩特,40.82,111.75,7.36,0.24
20241015,呼和浩特,40.82,111.75,6.26,0.01
20241016,呼和浩特,40.82,111.75,8.65,0.0
20241017,呼和浩特,40.82,111.75,8.53,7.42
20241018,呼和浩特,40.82,111.75,4.25,0.67
20241019,呼和浩特,40.82,111.75,0.47,0.32
20241020,呼和浩特,40.82,111.75,-1.2,14.67
20241021,呼和浩特,40.82,111.75,-1.06,1.79
20241022,呼和浩特,40.82,111.75,-1.9,0.13
20241023,呼和浩特,40.82,111.75,0.67,0.13
20241024,呼和浩特,40.82,111.75,5.12,0.0
20241025,呼和浩特,40.82,111.75,6.89,2.28
20241026,呼和浩特,40.82,111.75,4.47,10.0
20241027,呼和浩特,40.82,111.75,3.05,0.02
20241028,呼和浩特,40.82,111.75,3.43,0.02
20241029,呼和浩特,40.82,111.75,3.44,0.0
20241030,呼和浩特,40.82,111.75,5.48,0.38
20241031,呼和浩特,40.82,111.75,6.25,0.11
20240401,济南,36.67,116.98,18.05,0.0
20240402,济南,36.67,116.98,14.14,0.01
20240403,济南,36.67,116.98,10.67,0.35
20240404,济南,36.67,116.98,11.16,0.68
20240405,济南,36.67,116.98,12.81,0.52
20240406,济南,36.67,116.98,16.67,0.0
20240407,济南,36.67,116.98,17.8,0.0
20240408,济南,36.67,116.98,17.66,0.0
20240409,济南,36.67,116.98,14.2,0.0
20240410,济南,36.67,116.98,17.89,0.0
20240411,济南,36.67,116.98,19.42,0.0
20240412,济南,36.67,116.98,19.69,0.0
20240413,济南,36.67,116.98,19.57,0.0
20240414,济南,36.67,116.98,15.12,3.52
20240415,济南,36.67,116.98,17.15,0.01
20240416,济南,36.67,116.98,17.63,0.0
20240417,济南,36.67,116.98,18.69,0.0
20240418,济南,36.67,116.98,19.72,0.0
20240419,济南,36.67,116.98,18.2,0.0
20240420,济南,36.67,116.98,16.56,0.0
20240421,济南,36.67,116.98,18.47,0.0
20240422,济南,36.67,116.98,20.03,0.0
20240423,济南,36.67,116.98,15.96,31.45
20240424,济南,36.67,116.98,17.72,0.0
20240425,济南,36.67,116.98,20.53,0.0
20240426,济南,36.67,116.98,21.6,0.0
20240427,济南,36.67,116.98,21.48,0.0
20240428,济南,36.67,116.98,19.04,0.0
20240429,济南,36.67,116.98,14.63,0.0
20240430,济南,36.67,116.98,13.95,0.0
20240501,济南,36.67,116.98,16.7,0.0
20240502,济南,36.67,116.98,17.94,0.0
20240503,济南,36.67,116.98,19.47,0.0
20240504,济南,36.67,116.98,16.42,1.77
20240505,济南,36.67,116.98,15.12,1.56
20240506,济南,36.67,116.98,18.35,0.06
20240507,济南,36.67,116.98,18.69,0.01
20240508,济南,36.67,116.98,20.64,0.0
20240509,济南,36.67,116.98,21.26,0.0
20240510,济南,36.67,116.98,23.34,0.74
20240511,济南,36.67,116.98,20.91,0.75
20240512,济南,36.67,116.98,19.71,1.01
20240513,济南,36.67,116.98,22.0,0.0
20240514,济南,36.67,116.98,25.0,0.26
20240515,济南,36.67,116.98,19.53,2.33
20240516,济南,36.67,116.98,20.59,2.03
20240517,济南,36.67,116.98,26.19,0.0
20240518,济南,36.67,116.98,28.7,0.09
20240519,济南,36.67,116.98,27.08,9.87
20240520,济南,36.67,116.98,21.48,6.03
20240521,济南,36.67,116.98,24.36,0.34
20240522,济南,36.67,116.98,25.29,0.01
20240523,济南,36.67,116.98,26.64,0.0
20240524,济南,36.67,116.98,25.25,0.0
20240525,济南,36.67,116.98,24.14,3.4
20240526,济南,36.67,116.98,21.95,8.87
20240527,济南,36.67,116.98,22.27,0.93
20240528,济南,36.67,116.98,23.43,0.0
20240529,济南,36.67,116.98,24.53,0.0
20240530,济南,36.67,116.98,25.14,0.01
20240531,济南,36.67,116.98,23.93,0.0
20240601,济南,36.67,116.98,24.96,0.0
20240602,济南,36.67,116.98,25.41,0.0
20240603,济南,36.67,116.98,26.21,0.0
20240604,济南,36.67,116.98,25.18,0.0
20240605,济南,36.67,116.98,23.58,0.32
20240606,济南,36.67,116.98,23.45,0.0
20240607,济南,36.67,116.98,25.44,1.96
20240608,济南,36.67,116.98,25.93,0.01
20240609,济南,36.67,116.98,29.27,0.0
20240610,济南,36.67,116.98,30.41,0.0
20240611,济南,36.67,116.98,31.01,0.0
20240612,济南,36.67,116.98,31.49,1.73
20240613,济南,36.67,116.98,32.89,0.15
20240614,济南,36.67,116.98,29.29,6.9
20240615,济南,36.67,116.98,28.17,0.68
20240616,济南,36.67,116.98,24.67,1.58
20240617,济南,36.67,116.98,28.23,0.17
20240618,济南,36.67,116.98,29.93,0.0
20240619,济南,36.67,116.98,29.42,0.0
20240620,济南,36.67,116.98,30.24,0.0
20240621,济南,36.67,116.98,27.99,11.69
20240622,济南,36.67,116.98,27.71,0.04
20240623,济南,36.67,116.98,28.94,0.07
20240624,济南,36.67,116.98,25.9,0.01
20240625,济南,36.67,116.98,28.15,0.01
20240626,济南,36.67,116.98,28.63,0.42
20240627,济南,36.67,116.98,27.82,0.0
20240628,济南,36.67,116.98,29.45,0.24
20240629,济南,36.67,116.98,26.17,1.3
20240630,济南,36.67,116.98,29.13,1.75
20240701,济南,36.67,116.98,25.87,34.29
20240702,济南,36.67,116.98,22.49,24.5
20240703,济南,36.67,116.98,24.76,0.15
20240704,济南,36.67,116.98,25.19,45.1
20240705,济南,36.67,116.98,26.37,56.71
20240706,济南,36.67,116.98,25.43,24.66
20240707,济南,36.67,116.98,27.65,8.91
20240708,济南,36.67,116.98,24.85,19.76
20240709,济南,36.67,116.98,24.53,3.66
20240710,济南,36.67,116.98,24.4,0.49
20240711,济南,36.67,116.98,26.09,0.0
20240712,济南,36.67,116.98,25.42,0.0
20240713,济南,36.67,116.98,26.53,7.96
20240714,济南,36.67,116.98,26.9,0.51
20240715,济南,36.67,116.98,26.25,1.2
20240716,济南,36.67,116.98,25.98,60.89
20240717,济南,36.67,116.98,25.75,5.89
20240718,济南,36.67,116.98,26.6,0.03
20240719,济南,36.67,116.98,27.94,6.49
20240720,济南,36.67,116.98,27.02,42.22
20240721,济南,36.67,116.98,28.82,2.39
20240722,济南,36.67,116.98,29.22,11.55
20240723,济南,36.67,116.98,28.53,6.85
20240724,济南,36.67,116.98,30.12,5.97
20240725,济南,36.67,116.98,27.42,13.95
20240726,济南,36.67,116.98,28.08,18.8
20240727,济南,36.67,116.98,28.14,12.66
20240728,济南,36.67,116.98,26.33,66.34
20240729,济南,36.67,116.98,28.33,9.8
20240730,济南,36.67,116.98,29.07,0.2
20240731,济南,36.67,116.98,28.52,0.51
20240801,济南,36.67,116.98,28.02,0.64
20240802,济南,36.67,116.98,28.8,0.09
20240803,济南,36.67,116.98,29.07,3.07
20240804,济南,36.67,116.98,28.81,21.39
20240805,济南,36.67,116.98,27.89,19.24
20240806,济南,36.67,116.98,27.31,10.59
20240807,济南,36.67,116.98,27.21,15.14
20240808,济南,36.67,116.98,25.8,17.33
20240809,济南,36.67,116.98,27.42,5.84
20240810,济南,36.67,116.98,28.81,5.97
20240811,济南,36.67,116.98,27.2,2.76
20240812,济南,36.67,116.98,27.19,0.11
20240813,济南,36.67,116.98,26.78,0.18
20240814,济南,36.67,116.98,25.84,1.83
20240815,济南,36.67,116.98,26.47,6.32
20240816,济南,36.67,116.98,26.58,2.43
20240817,济南,36.67,116.98,27.99,15.88
20240818,济南,36.67,116.98,27.0,23.56
20240819,济南,36.67,116.98,25.11,29.74
20240820,济南,36.67,116.98,25.37,5.7
20240821,济南,36.67,116.98,26.24,0.05
20240822,济南,36.67,116.98,27.19,0.0
20240823,济南,36.67,116.98,27.99,0.5
20240824,济南,36.67,116.98,28.44,0.47
20240825,济南,36.67,116.98,28.5,3.02
20240826,济南,36.67,116.98,27.16,47.39
20240827,济南,36.67,116.98,22.5,23.61
20240828,济南,36.67,116.98,22.33,0.08
20240829,济南,36.67,116.98,24.68,0.0
20240830,济南,36.67,116.98,26.57,0.0
20240831,济南,36.67,116.98,27.35,0.0
20240901,济南,36.67,116.98,26.32,1.26
20240902,济南,36.67,116.98,22.06,0.0
20240903,济南,36.67,116.98,21.88,0.09
20240904,济南,36.67,116.98,24.38,0.0
20240905,济南,36.67,116.98,23.05,10.03
20240906,济南,36.67,116.98,21.39,0.0
20240907,济南,36.67,116.98,23.01,0.0
20240908,济南,36.67,116.98,25.23,0.0
20240909,济南,36.67,116.98,25.97,0.02
20240910,济南,36.67,116.98,24.66,1.74
20240911,济南,36.67,116.98,21.46,1.83
20240912,济南,36.67,116.98,22.05,1.78
20240913,济南,36.67,116.98,23.68,2.56
20240914,济南,36.67,116.98,21.77,2.99
20240915,济南,36.67,116.98,19.12,0.33
20240916,济南,36.67,116.98,20.98,0.0
20240917,济南,36.67,116.98,23.68,0.24
20240918,济南,36.67,116.98,25.0,3.16
20240919,济南,36.67,116.98,25.83,0.65
20240920,济南,36.67,116.98,23.17,1.93
20240921,济南,36.67,116.98,15.03,0.73
20240922,济南,36.67,116.98,14.78,0.08
20240923,济南,36.67,116.98,16.34,0.0
20240924,济南,36.67,116.98,17.34,0.0
20240925,济南,36.67,116.98,18.96,0.0
20240926,济南,36.67,116.98,20.53,0.02
20240927,济南,36.67,116.98,21.7,0.03
20240928,济南,36.67,116.98,21.52,0.0
20240929,济南,36.67,116.98,22.15,0.0
20240930,济南,36.67,116.98,15.6,12.62
20241001,济南,36.67,116.98,12.03,0.21
20241002,济南,36.67,116.98,10.48,0.02
20241003,济南,36.67,116.98,13.41,0.0
20241004,济南,36.67,116.98,12.92,0.0
20241005,济南,36.67,116.98,16.3,0.0
20241006,济南,36.67,116.98,16.0,0.0
20241007,济南,36.67,116.98,14.96,0.0
20241008,济南,36.67,116.98,15.0,0.0
20241009,济南,36.67,116.98,15.59,0.0
20241010,济南,36.67,116.98,13.89,0.0
20241011,济南,36.67,116.98,15.52,0.0
20241012,济南,36.67,116.98,18.04,0.0
20241013,济南,36.67,116.98,17.93,0.0
20241014,济南,36.67,116.98,17.54,0.0
20241015,济南,36.67,116.98,18.12,0.0
20241016,济南,36.67,116.98,17.47,0.0
20241017,济南,36.67,116.98,17.15,7.15
20241018,济南,36.67,116.98,14.87,42.53
20241019,济南,36.67,116.98,6.89,0.0
20241020,济南,36.67,116.98,6.81,0.65
20241021,济南,36.67,116.98,9.48,0.2
20241022,济南,36.67,116.98,9.29,4.08
20241023,济南,36.67,116.98,10.05,0.0
20241024,济南,36.67,116.98,12.4,0.0
20241025,济南,36.67,116.98,12.71,0.0
20241026,济南,36.67,116.98,13.59,0.0
20241027,济南,36.67,116.98,12.57,0.01
20241028,济南,36.67,116.98,10.46,0.0
20241029,济南,36.67,116.98,11.72,0.0
20241030,济南,36.67,116.98,14.44,0.0
20241031,济南,36.67,116.98,13.4,0.01
20240401,郑州,34.76,113.65,19.39,3.04
20240402,郑州,34.76,113.65,14.85,2.08
20240403,郑州,34.76,113.65,11.32,0.6
20240404,郑州,34.76,113.65,11.21,0.0
20240405,郑州,34.76,113.65,13.71,0.0
20240406,郑州,34.76,113.65,16.44,0.0
20240407,郑州,34.76,113.65,17.71,0.0
20240408,郑州,34.76,113.65,19.44,0.0
20240409,郑州,34.76,113.65,17.28,0.0
20240410,郑州,34.76,113.65,18.19,0.0
20240411,郑州,34.76,113.65,20.0,0.0
20240412,郑州,34.76,113.65,20.21,0.0
20240413,郑州,34.76,113.65,19.93,2.7
20240414,郑州,34.76,113.65,19.1,26.3
20240415,郑州,34.76,113.65,21.04,0.13
20240416,郑州,34.76,113.65,18.32,0.25
20240417,郑州,34.76,113.65,20.23,0.0
20240418,郑州,34.76,113.65,20.39,0.0
20240419,郑州,34.76,113.65,17.6,1.14
20240420,郑州,34.76,113.65,18.75,0.01
20240421,郑州,34.76,113.65,20.74,0.0
20240422,郑州,34.76,113.65,21.71,1.96
20240423,郑州,34.76,113.65,20.31,0.33
20240424,郑州,34.76,113.65,21.12,0.12
20240425,郑州,34.76,113.65,23.28,0.0
20240426,郑州,34.76,113.65,24.04,0.0
20240427,郑州,34.76,113.65,23.82,0.0
20240428,郑州,34.76,113.65,20.97,0.0
20240429,郑州,34.76,113.65,17.61,0.22
20240430,郑州,34.76,113.65,16.36,2.96
20240501,郑州,34.76,113.65,17.93,0.93
20240502,郑州,34.76,113.65,19.71,0.0
20240503,郑州,34.76,113.65,19.93,1.74
20240504,郑州,34.76,113.65,17.71,0.61
20240505,郑州,34.76,113.65,19.1,0.61
20240506,郑州,34.76,113.65,20.92,0.0
20240507,郑州,34.76,113.65,23.48,0.0
20240508,郑州,34.76,113.65,22.65,0.0
20240509,郑州,34.76,113.65,23.13,0.0
20240510,郑州,34.76,113.65,25.45,0.0
20240511,郑州,34.76,113.65,24.75,0.0
20240512,郑州,34.76,113.65,22.72,0.0
20240513,郑州,34.76,113.65,24.96,0.0
20240514,郑州,34.76,113.65,27.05,0.66
20240515,郑州,34.76,113.65,21.95,0.41
20240516,郑州,34.76,113.65,24.21,1.62
20240517,郑州,34.76,113.65,29.42,0.12
20240518,郑州,34.76,113.65,30.46,0.0
20240519,郑州,34.76,113.65,28.28,0.0
20240520,郑州,34.76,113.65,23.51,0.0
20240521,郑州,34.76,113.65,24.73,0.0
20240522,郑州,34.76,113.65,27.26,0.0
20240523,郑州,34.76,113.65,28.87,0.0
20240524,郑州,34.76,113.65,28.02,0.0
20240525,郑州,34.76,113.65,24.86,22.11
20240526,郑州,34.76,113.65,24.94,1.09
20240527,郑州,34.76,113.65,24.8,0.03
20240528,郑州,34.76,113.65,26.93,0.0
20240529,郑州,34.76,113.65,24.18,0.04
20240530,郑州,34.76,113.65,27.08,0.0
20240531,郑州,34.76,113.65,27.06,0.0
20240601,郑州,34.76,113.65,26.21,0.0
20240602,郑州,34.76,113.65,26.71,0.0
20240603,郑州,34.76,113.65,28.54,0.0
20240604,郑州,34.76,113.65,27.01,0.06
20240605,郑州,34.76,113.65,25.61,0.11
20240606,郑州,34.76,113.65,26.08,0.0
20240607,郑州,34.76,113.65,27.38,0.15
20240608,郑州,34.76,113.65,27.58,0.09
20240609,郑州,34.76,113.65,29.59,0.0
20240610,郑州,34.76,113.65,31.72,0.0
20240611,郑州,34.76,113.65,32.69,0.34
20240612,郑州,34.76,113.65,33.59,0.0
20240613,郑州,34.76,113.65,34.4,0.02
20240614,郑州,34.76,113.65,32.74,0.69
20240615,郑州,34.76,113.65,32.33,0.0
20240616,郑州,34.76,113.65,25.2,28.06
20240617,郑州,34.76,113.65,27.89,0.0
20240618,郑州,34.76,113.65,30.0,0.0
20240619,郑州,34.76,113.65,31.05,0.0
20240620,郑州,34.76,113.65,30.84,0.0
20240621,郑州,34.76,113.65,28.31,10.11
20240622,郑州,34.76,113.65,29.91,0.02
20240623,郑州,34.76,113.65,32.27,0.0
20240624,郑州,34.76,113.65,28.41,0.0
20240625,郑州,34.76,113.65,30.13,0.0
20240626,郑州,34.76,113.65,29.68,0.9
20240627,郑州,34.76,113.65,29.87,0.01
20240628,郑州,34.76,113.65,30.06,0.05
20240629,郑州,34.76,113.65,30.53,0.05
20240630,郑州,34.76,113.65,33.42,0.01
20240701,郑州,34.76,113.65,27.38,19.89
20240702,郑州,34.76,113.65,25.61,6.69
20240703,郑州,34.76,113.65,26.3,1.67
20240704,郑州,34.76,113.65,27.84,4.28
20240705,郑州,34.76,113.65,27.37,30.56
20240706,郑州,34.76,113.65,27.49,2.5
20240707,郑州,34.76,113.65,29.04,2.26
20240708,郑州,34.76,113.65,24.74,108.04
20240709,郑州,34.76,113.65,25.74,0.8
20240710,郑州,34.76,113.65,27.46,0.17
20240711,郑州,34.76,113.65,26.91,0.39
20240712,郑州,34.76,113.65,26.96,0.0
20240713,郑州,34.76,113.65,27.65,0.01
20240714,郑州,34.76,113.65,27.74,0.06
20240715,郑州,34.76,113.65,27.31,10.53
20240716,郑州,34.76,113.65,26.97,0.67
20240717,郑州,34.76,113.65,27.88,34.26
20240718,郑州,34.76,113.65,28.88,0.98
20240719,郑州,34.76,113.65,28.74,24.12
20240720,郑州,34.76,113.65,28.65,26.43
20240721,郑州,34.76,113.65,30.11,14.01
20240722,郑州,34.76,113.65,30.94,37.21
20240723,郑州,34.76,113.65,31.8,12.68
20240724,郑州,34.76,113.65,30.92,17.08
20240725,郑州,34.76,113.65,29.64,8.52
20240726,郑州,34.76,113.65,28.84,13.91
20240727,郑州,34.76,113.65,28.79,4.16
20240728,郑州,34.76,113.65,28.3,3.97
20240729,郑州,34.76,113.65,29.05,15.85
20240730,郑州,34.76,113.65,29.43,3.58
20240731,郑州,34.76,113.65,28.58,1.68
20240801,郑州,34.76,113.65,29.96,0.1
20240802,郑州,34.76,113.65,29.76,0.0
20240803,郑州,34.76,113.65,30.18,0.12
20240804,郑州,34.76,113.65,29.82,8.53
20240805,郑州,34.76,113.65,28.77,8.52
20240806,郑州,34.76,113.65,28.63,8.33
20240807,郑州,34.76,113.65,27.64,6.37
20240808,郑州,34.76,113.65,26.49,16.22
20240809,郑州,34.76,113.65,28.77,17.86
20240810,郑州,34.76,113.65,29.2,0.12
20240811,郑州,34.76,113.65,27.92,0.06
20240812,郑州,34.76,113.65,28.07,0.0
20240813,郑州,34.76,113.65,28.03,0.0
20240814,郑州,34.76,113.65,26.98,0.0
20240815,郑州,34.76,113.65,28.36,0.01
20240816,郑州,34.76,113.65,28.6,1.4
20240817,郑州,34.76,113.65,27.75,17.86
20240818,郑州,34.76,113.65,26.68,1.85
20240819,郑州,34.76,113.65,27.71,1.42
20240820,郑州,34.76,113.65,26.54,1.31
20240821,郑州,34.76,113.65,27.09,0.3
20240822,郑州,34.76,113.65,28.52,0.0
20240823,郑州,34.76,113.65,30.24,0.0
20240824,郑州,34.76,113.65,29.83,0.41
20240825,郑州,34.76,113.65,28.93,17.37
20240826,郑州,34.76,113.65,28.64,3.18
20240827,郑州,34.76,113.65,24.5,0.0
20240828,郑州,34.76,113.65,23.95,0.0
20240829,郑州,34.76,113.65,26.07,0.04
20240830,郑州,34.76,113.65,28.48,0.0
20240831,郑州,34.76,113.65,28.93,0.0
20240901,郑州,34.76,113.65,29.36,7.25
20240902,郑州,34.76,113.65,23.94,9.72
20240903,郑州,34.76,113.65,24.58,0.0
20240904,郑州,34.76,113.65,27.51,0.04
20240905,郑州,34.76,113.65,27.05,0.01
20240906,郑州,34.76,113.65,24.28,0.0
20240907,郑州,34.76,113.65,25.53,0.0
20240908,郑州,34.76,113.65,27.66,0.01
20240909,郑州,34.76,113.65,28.51,0.34
20240910,郑州,34.76,113.65,25.22,5.34
20240911,郑州,34.76,113.65,22.93,0.01
20240912,郑州,34.76,113.65,24.0,0.77
20240913,郑州,34.76,113.65,24.96,0.86
20240914,郑州,34.76,113.65,25.11,0.01
20240915,郑州,34.76,113.65,22.69,0.04
20240916,郑州,34.76,113.65,24.12,0.01
20240917,郑州,34.76,113.65,26.5,0.11
20240918,郑州,34.76,113.65,24.6,3.56
20240919,郑州,34.76,113.65,25.03,12.74
20240920,郑州,34.76,113.65,25.98,5.58
20240921,郑州,34.76,113.65,18.65,1.08
20240922,郑州,34.76,113.65,17.53,0.01
20240923,郑州,34.76,113.65,17.82,0.0
20240924,郑州,34.76,113.65,20.32,0.0
20240925,郑州,34.76,113.65,21.89,0.01
20240926,郑州,34.76,113.65,21.95,0.0
20240927,郑州,34.76,113.65,22.03,0.07
20240928,郑州,34.76,113.65,22.76,0.0
20240929,郑州,34.76,113.65,24.07,5.08
20240930,郑州,34.76,113.65,17.15,31.82
20241001,郑州,34.76,113.65,16.02,0.0
20241002,郑州,34.76,113.65,14.07,0.0
20241003,郑州,34.76,113.65,15.85,0.0
20241004,郑州,34.76,113.65,15.36,0.0
20241005,郑州,34.76,113.65,17.76,0.01
20241006,郑州,34.76,113.65,19.07,0.01
20241007,郑州,34.76,113.65,17.51,0.0
20241008,郑州,34.76,113.65,18.21,0.0
20241009,郑州,34.76,113.65,19.42,0.19
20241010,郑州,34.76,113.65,17.89,0.0
20241011,郑州,34.76,113.65,17.78,0.0
20241012,郑州,34.76,113.65,19.87,0.0
20241013,郑州,34.76,113.65,18.88,0.03
20241014,郑州,34.76,113.65,20.08,0.0
20241015,郑州,34.76,113.65,19.91,0.0
20241016,郑州,34.76,113.65,18.2,0.18
20241017,郑州,34.76,113.65,17.42,23.03
20241018,郑州,34.76,113.65,18.21,16.91
20241019,郑州,34.76,113.65,10.5,0.03
20241020,郑州,34.76,113.65,6.86,1.77
20241021,郑州,34.76,113.65,8.63,0.27
20241022,郑州,34.76,113.65,14.03,0.03
20241023,郑州,34.76,113.65,13.99,0.0
20241024,郑州,34.76,113.65,14.93,0.0
20241025,郑州,34.76,113.65,14.78,0.0
20241026,郑州,34.76,113.65,15.31,0.0
20241027,郑州,34.76,113.65,15.37,0.03
20241028,郑州,34.76,113.65,13.82,0.0
20241029,郑州,34.76,113.65,16.15,0.0
20241030,郑州,34.76,113.65,15.81,0.03
20241031,郑州,34.76,113.65,14.52,1.11
20250401,哈尔滨,45.75,126.63,3.35,8.02
20250402,哈尔滨,45.75,126.63,3.42,0.75
20250403,哈尔滨,45.75,126.63,4.65,0.0
20250404,哈尔滨,45.75,126.63,7.05,0.06
20250405,哈尔滨,45.75,126.63,4.42,1.81
20250406,哈尔滨,45.75,126.63,5.39,0.49
20250407,哈尔滨,45.75,126.63,7.04,0.06
20250408,哈尔滨,45.75,126.63,8.63,0.01
20250409,哈尔滨,45.75,126.63,10.34,0.0
20250410,哈尔滨,45.75,126.63,7.6,0.73
20250411,哈尔滨,45.75,126.63,11.04,0.54
20250412,哈尔滨,45.75,126.63,11.69,1.14
20250413,哈尔滨,45.75,126.63,8.87,3.79
20250414,哈尔滨,45.75,126.63,6.51,2.18
20250415,哈尔滨,45.75,126.63,6.16,3.2
20250416,哈尔滨,45.75,126.63,6.13,0.23
20250417,哈尔滨,45.75,126.63,8.56,1.28
20250418,哈尔滨,45.75,126.63,6.9,5.6
20250419,哈尔滨,45.75,126.63,7.16,0.59
20250420,哈尔滨,45.75,126.63,10.25,0.04
20250421,哈尔滨,45.75,126.63,11.35,13.77
20250422,哈尔滨,45.75,126.63,7.1,0.66
20250423,哈尔滨,45.75,126.63,9.5,2.13
20250424,哈尔滨,45.75,126.63,4.49,0.54
20250425,哈尔滨,45.75,126.63,3.33,1.25
20250426,哈尔滨,45.75,126.63,8.32,0.04
20250427,哈尔滨,45.75,126.63,6.63,0.02
20250428,哈尔滨,45.75,126.63,5.8,0.13
20250429,哈尔滨,45.75,126.63,11.0,0.13
20250430,哈尔滨,45.75,126.63,10.26,1.41
20250501,哈尔滨,45.75,126.63,9.77,1.63
20250502,哈尔滨,45.75,126.63,10.78,0.02
20250503,哈尔滨,45.75,126.63,8.9,1.64
20250504,哈尔滨,45.75,126.63,8.24,0.4
20250505,哈尔滨,45.75,126.63,9.23,0.01
20250506,哈尔滨,45.75,126.63,9.01,0.8
20250507,哈尔滨,45.75,126.63,8.06,1.04
20250508,哈尔滨,45.75,126.63,10.16,11.57
20250509,哈尔滨,45.75,126.63,10.3,3.51
20250510,哈尔滨,45.75,126.63,12.74,0.05
20250511,哈尔滨,45.75,126.63,16.45,0.0
20250512,哈尔滨,45.75,126.63,16.85,0.49
20250513,哈尔滨,45.75,126.63,17.94,0.59
20250514,哈尔滨,45.75,126.63,14.78,3.57
20250515,哈尔滨,45.75,126.63,14.47,0.19
20250516,哈尔滨,45.75,126.63,11.61,6.54
20250517,哈尔滨,45.75,126.63,9.54,9.48
20250518,哈尔滨,45.75,126.63,10.69,0.26
20250519,哈尔滨,45.75,126.63,10.09,2.51
20250520,哈尔滨,45.75,126.63,12.81,0.0
20250521,哈尔滨,45.75,126.63,13.06,0.03
20250522,哈尔滨,45.75,126.63,13.61,0.1
20250523,哈尔滨,45.75,126.63,17.15,0.05
20250524,哈尔滨,45.75,126.63,14.23,1.36
20250525,哈尔滨,45.75,126.63,14.95,0.18
20250526,哈尔滨,45.75,126.63,16.31,3.47
20250527,哈尔滨,45.75,126.63,19.35,0.96
20250528,哈尔滨,45.75,126.63,20.67,0.0
20250529,哈尔滨,45.75,126.63,21.52,0.0
20250530,哈尔滨,45.75,126.63,22.7,0.0
20250531,哈尔滨,45.75,126.63,20.9,0.13
20250601,哈尔滨,45.75,126.63,16.99,0.06
20250602,哈尔滨,45.75,126.63,14.68,14.18
20250603,哈尔滨,45.75,126.63,16.12,3.91
20250604,哈尔滨,45.75,126.63,16.86,0.12
20250605,哈尔滨,45.75,126.63,15.8,5.76
20250606,哈尔滨,45.75,126.63,14.94,0.18
20250607,哈尔滨,45.75,126.63,15.59,0.72
20250608,哈尔滨,45.75,126.63,19.49,0.69
20250609,哈尔滨,45.75,126.63,16.07,0.18
20250610,哈尔滨,45.75,126.63,14.14,35.54
20250611,哈尔滨,45.75,126.63,19.13,0.15
20250612,哈尔滨,45.75,126.63,20.54,1.84
20250613,哈尔滨,45.75,126.63,19.23,10.9
20250614,哈尔滨,45.75,126.63,21.03,2.11
20250615,哈尔滨,45.75,126.63,21.17,0.96
20250616,哈尔滨,45.75,126.63,20.47,8.82
20250617,哈尔滨,45.75,126.63,19.05,2.64
20250618,哈尔滨,45.75,126.63,21.75,0.19
20250619,哈尔滨,45.75,126.63,21.28,16.2
20250620,哈尔滨,45.75,126.63,20.1,8.82
20250621,哈尔滨,45.75,126.63,16.14,8.86
20250622,哈尔滨,45.75,126.63,21.73,0.57
20250623,哈尔滨,45.75,126.63,24.67,0.01
20250624,哈尔滨,45.75,126.63,25.53,0.0
20250625,哈尔滨,45.75,126.63,27.25,0.02
20250626,哈尔滨,45.75,126.63,26.42,0.49
20250627,哈尔滨,45.75,126.63,26.76,0.35
20250628,哈尔滨,45.75,126.63,25.35,3.19
20250629,哈尔滨,45.75,126.63,24.57,3.08
20250630,哈尔滨,45.75,126.63,24.62,6.95
20250701,哈尔滨,45.75,126.63,24.53,15.46
20250702,哈尔滨,45.75,126.63,26.8,4.62
20250703,哈尔滨,45.75,126.63,25.79,0.99
20250704,哈尔滨,45.75,126.63,26.47,0.49
20250705,哈尔滨,45.75,126.63,23.73,33.28
20250706,哈尔滨,45.75,126.63,22.81,0.08
20250707,哈尔滨,45.75,126.63,22.59,0.01
20250708,哈尔滨,45.75,126.63,21.99,0.0
20250709,哈尔滨,45.75,126.63,24.13,0.01
20250710,哈尔滨,45.75,126.63,25.34,0.01
20250711,哈尔滨,45.75,126.63,27.64,2.42
20250712,哈尔滨,45.75,126.63,26.62,4.74
20250713,哈尔滨,45.75,126.63,23.69,2.72
20250714,哈尔滨,45.75,126.63,23.06,0.16
20250715,哈尔滨,45.75,126.63,23.94,0.08
20250716,哈尔滨,45.75,126.63,23.88,0.37
20250717,哈尔滨,45.75,126.63,24.4,8.98
20250718,哈尔滨,45.75,126.63,24.82,7.42
20250719,哈尔滨,45.75,126.63,24.88,2.3
20250720,哈尔滨,45.75,126.63,24.09,4.14
20250721,哈尔滨,45.75,126.63,24.39,0.01
20250722,哈尔滨,45.75,126.63,26.84,0.0
20250723,哈尔滨,45.75,126.63,27.21,0.0
20250724,哈尔滨,45.75,126.63,26.82,5.42
20250725,哈尔滨,45.75,126.63,25.47,4.11
20250726,哈尔滨,45.75,126.63,24.2,5.93
20250727,哈尔滨,45.75,126.63,24.72,0.51
20250728,哈尔滨,45.75,126.63,25.12,0.0
20250729,哈尔滨,45.75,126.63,22.81,16.21
20250730,哈尔滨,45.75,126.63,21.47,0.03
20250731,哈尔滨,45.75,126.63,23.38,0.03
20250801,哈尔滨,45.75,126.63,24.53,0.62
20250802,哈尔滨,45.75,126.63,24.78,46.6
20250803,哈尔滨,45.75,126.63,22.31,10.52
20250804,哈尔滨,45.75,126.63,22.93,0.14
20250805,哈尔滨,45.75,126.63,23.45,18.46
20250806,哈尔滨,45.75,126.63,22.11,10.38
20250807,哈尔滨,45.75,126.63,20.51,11.17
20250808,哈尔滨,45.75,126.63,22.13,0.08
20250809,哈尔滨,45.75,126.63,21.3,8.2
20250810,哈尔滨,45.75,126.63,18.84,0.55
20250811,哈尔滨,45.75,126.63,19.38,0.24
20250812,哈尔滨,45.75,126.63,21.65,6.5
20250813,哈尔滨,45.75,126.63,22.93,23.24
20250814,哈尔滨,45.75,126.63,22.02,0.51
20250815,哈尔滨,45.75,126.63,23.09,6.51
20250816,哈尔滨,45.75,126.63,21.47,6.0
20250817,哈尔滨,45.75,126.63,18.48,0.06
20250818,哈尔滨,45.75,126.63,19.06,9.81
20250819,哈尔滨,45.75,126.63,21.65,2.58
20250820,哈尔滨,45.75,126.63,20.51,0.29
20250821,哈尔滨,45.75,126.63,20.04,6.93
20250822,哈尔滨,45.75,126.63,21.49,17.38
20250823,哈尔滨,45.75,126.63,22.69,0.54
20250824,哈尔滨,45.75,126.63,23.45,0.01
20250825,哈尔滨,45.75,126.63,22.48,0.58
20250826,哈尔滨,45.75,126.63,20.18,4.76
20250827,哈尔滨,45.75,126.63,20.9,0.13
20250828,哈尔滨,45.75,126.63,20.68,10.09
20250829,哈尔滨,45.75,126.63,20.46,3.29
20250830,哈尔滨,45.75,126.63,21.88,0.26
20250831,哈尔滨,45.75,126.63,20.81,9.33
20250901,哈尔滨,45.75,126.63,20.91,2.12
20250902,哈尔滨,45.75,126.63,20.96,0.03
20250903,哈尔滨,45.75,126.63,21.46,0.34
20250904,哈尔滨,45.75,126.63,22.54,0.26
20250905,哈尔滨,45.75,126.63,22.14,0.29
20250906,哈尔滨,45.75,126.63,20.01,2.11
20250907,哈尔滨,45.75,126.63,17.02,0.98
20250908,哈尔滨,45.75,126.63,15.94,0.0
20250909,哈尔滨,45.75,126.63,15.6,0.09
20250910,哈尔滨,45.75,126.63,16.55,0.1
20250911,哈尔滨,45.75,126.63,17.68,0.5
20250912,哈尔滨,45.75,126.63,19.59,2.24
20250913,哈尔滨,45.75,126.63,19.72,0.19
20250914,哈尔滨,45.75,126.63,20.3,4.53
20250915,哈尔滨,45.75,126.63,15.96,0.0
20250916,哈尔滨,45.75,126.63,14.46,5.37
20250917,哈尔滨,45.75,126.63,12.01,0.0
20250918,哈尔滨,45.75,126.63,14.36,0.0
20250919,哈尔滨,45.75,126.63,15.35,0.0
20250920,哈尔滨,45.75,126.63,15.18,0.01
20250921,哈尔滨,45.75,126.63,14.45,0.01
20250922,哈尔滨,45.75,126.63,15.54,0.0
20250923,哈尔滨,45.75,126.63,16.91,0.0
20250924,哈尔滨,45.75,126.63,14.87,9.98
20250925,哈尔滨,45.75,126.63,14.74,0.31
20250926,哈尔滨,45.75,126.63,15.37,0.09
20250927,哈尔滨,45.75,126.63,16.48,0.0
20250928,哈尔滨,45.75,126.63,15.94,0.56
20250929,哈尔滨,45.75,126.63,15.26,0.0
20250930,哈尔滨,45.75,126.63,18.08,0.26
20251001,哈尔滨,45.75,126.63,16.14,0.15
20251002,哈尔滨,45.75,126.63,14.73,0.01
20251003,哈尔滨,45.75,126.63,18.63,0.04
20251004,哈尔滨,45.75,126.63,14.97,0.33
20251005,哈尔滨,45.75,126.63,7.39,0.0
20251006,哈尔滨,45.75,126.63,6.95,0.0
20251007,哈尔滨,45.75,126.63,9.68,0.0
20251008,哈尔滨,45.75,126.63,5.53,0.0
20251009,哈尔滨,45.75,126.63,6.47,0.0
20251010,哈尔滨,45.75,126.63,8.71,0.0
20251011,哈尔滨,45.75,126.63,7.88,0.0
20251012,哈尔滨,45.75,126.63,4.5,0.0
20251013,哈尔滨,45.75,126.63,4.9,0.0
20251014,哈尔滨,45.75,126.63,4.15,0.83
20251015,哈尔滨,45.75,126.63,0.74,11.16
20251016,哈尔滨,45.75,126.63,0.12,0.02
20251017,哈尔滨,45.75,126.63,-0.68,4.52
20251018,哈尔滨,45.75,126.63,-2.34,0.14
20251019,哈尔滨,45.75,126.63,-2.36,1.29
20251020,哈尔滨,45.75,126.63,-2.03,0.01
20251021,哈尔滨,45.75,126.63,-0.46,0.11
20251022,哈尔滨,45.75,126.63,0.19,0.01
20251023,哈尔滨,45.75,126.63,-0.1,0.0
20251024,哈尔滨,45.75,126.63,-0.03,0.0
20251025,哈尔滨,45.75,126.63,1.44,0.0
20251026,哈尔滨,45.75,126.63,-0.29,0.0
20251027,哈尔滨,45.75,126.63,-2.19,0.17
20251028,哈尔滨,45.75,126.63,-1.41,0.0
20251029,哈尔滨,45.75,126.63,-0.16,1.25
20251030,哈尔滨,45.75,126.63,0.33,0.01
20251031,哈尔滨,45.75,126.63,0.34,0.0
20250401,长春,43.82,125.32,3.4,1.13
20250402,长春,43.82,125.32,4.22,0.19
20250403,长春,43.82,125.32,5.46,0.0
20250404,长春,43.82,125.32,7.33,4.11
20250405,长春,43.82,125.32,5.47,2.14
20250406,长春,43.82,125.32,5.74,0.41
20250407,长春,43.82,125.32,6.92,0.45
20250408,长春,43.82,125.32,9.12,0.3
20250409,长春,43.82,125.32,9.25,0.0
20250410,长春,43.82,125.32,10.77,0.0
20250411,长春,43.82,125.32,12.12,0.24
20250412,长春,43.82,125.32,9.04,26.75
20250413,长春,43.82,125.32,5.0,17.94
20250414,长春,43.82,125.32,3.91,0.03
20250415,长春,43.82,125.32,5.62,0.77
20250416,长春,43.82,125.32,9.23,0.0
20250417,长春,43.82,125.32,12.75,3.45
20250418,长春,43.82,125.32,8.54,0.92
20250419,长春,43.82,125.32,9.49,1.58
20250420,长春,43.82,125.32,11.63,0.01
20250421,长春,43.82,125.32,12.73,12.6
20250422,长春,43.82,125.32,8.21,1.68
20250423,长春,43.82,125.32,10.2,6.77
20250424,长春,43.82,125.32,5.86,0.19
20250425,长春,43.82,125.32,5.17,0.1
20250426,长春,43.82,125.32,9.85,0.11
20250427,长春,43.82,125.32,8.22,0.73
20250428,长春,43.82,125.32,6.94,0.16
20250429,长春,43.82,125.32,11.91,0.02
20250430,长春,43.82,125.32,11.34,2.68
20250501,长春,43.82,125.32,7.56,2.33
20250502,长春,43.82,125.32,9.77,0.02
20250503,长春,43.82,125.32,7.67,5.53
20250504,长春,43.82,125.32,6.08,1.97
20250505,长春,43.82,125.32,9.55,0.18
20250506,长春,43.82,125.32,9.37,0.29
20250507,长春,43.82,125.32,12.24,2.2
20250508,长春,43.82,125.32,12.49,6.6
20250509,长春,43.82,125.32,12.43,0.13
20250510,长春,43.82,125.32,12.97,0.11
20250511,长春,43.82,125.32,15.48,0.0
20250512,长春,43.82,125.32,17.0,0.11
20250513,长春,43.82,125.32,18.02,0.01
20250514,长春,43.82,125.32,13.55,15.64
20250515,长春,43.82,125.32,14.86,0.28
20250516,长春,43.82,125.32,16.71,2.44
20250517,长春,43.82,125.32,10.92,14.27
20250518,长春,43.82,125.32,10.49,0.17
20250519,长春,43.82,125.32,11.97,1.94
20250520,长春,43.82,125.32,10.38,0.66
20250521,长春,43.82,125.32,12.65,0.03
20250522,长春,43.82,125.32,14.09,0.28
20250523,长春,43.82,125.32,15.86,0.0
20250524,长春,43.82,125.32,13.67,0.07
20250525,长春,43.82,125.32,15.07,0.07
20250526,长春,43.82,125.32,16.51,0.37
20250527,长春,43.82,125.32,18.48,0.0
20250528,长春,43.82,125.32,19.76,0.0
20250529,长春,43.82,125.32,19.96,0.0
20250530,长春,43.82,125.32,21.4,0.0
20250531,长春,43.82,125.32,19.28,0.06
20250601,长春,43.82,125.32,17.8,0.42
20250602,长春,43.82,125.32,17.44,5.16
20250603,长春,43.82,125.32,13.73,3.04
20250604,长春,43.82,125.32,15.48,0.72
20250605,长春,43.82,125.32,16.83,0.32
20250606,长春,43.82,125.32,17.2,0.0
20250607,长春,43.82,125.32,17.61,0.05
20250608,长春,43.82,125.32,20.95,0.0
20250609,长春,43.82,125.32,17.08,11.08
20250610,长春,43.82,125.32,12.82,24.84
20250611,长春,43.82,125.32,18.33,0.18
20250612,长春,43.82,125.32,20.8,0.88
20250613,长春,43.82,125.32,21.03,0.14
20250614,长春,43.82,125.32,21.35,0.82
20250615,长春,43.82,125.32,20.77,2.96
20250616,长春,43.82,125.32,20.49,1.52
20250617,长春,43.82,125.32,20.26,3.61
20250618,长春,43.82,125.32,21.64,2.24
20250619,长春,43.82,125.32,20.49,19.64
20250620,长春,43.82,125.32,20.09,1.12
20250621,长春,43.82,125.32,18.4,0.24
20250622,长春,43.82,125.32,22.74,0.02
20250623,长春,43.82,125.32,23.81,0.0
20250624,长春,43.82,125.32,24.58,0.0
20250625,长春,43.82,125.32,26.07,0.0
20250626,长春,43.82,125.32,26.29,0.06
20250627,长春,43.82,125.32,23.68,1.93
20250628,长春,43.82,125.32,23.73,1.36
20250629,长春,43.82,125.32,23.79,1.26
20250630,长春,43.82,125.32,23.23,23.58
20250701,长春,43.82,125.32,23.92,5.16
20250702,长春,43.82,125.32,26.1,1.61
20250703,长春,43.82,125.32,24.76,0.33
20250704,长春,43.82,125.32,25.52,0.17
20250705,长春,43.82,125.32,25.59,14.94
20250706,长春,43.82,125.32,23.91,0.04
20250707,长春,43.82,125.32,24.8,0.0
20250708,长春,43.82,125.32,25.94,0.04
20250709,长春,43.82,125.32,27.67,0.16
20250710,长春,43.82,125.32,27.84,0.01
20250711,长春,43.82,125.32,27.02,0.05
20250712,长春,43.82,125.32,25.92,5.3
20250713,长春,43.82,125.32,23.59,5.27
20250714,长春,43.82,125.32,22.6,0.15
20250715,长春,43.82,125.32,23.71,1.01
20250716,长春,43.82,125.32,23.15,2.84
20250717,长春,43.82,125.32,23.62,5.55
20250718,长春,43.82,125.32,23.28,5.97
20250719,长春,43.82,125.32,25.35,1.29
20250720,长春,43.82,125.32,22.82,7.33
20250721,长春,43.82,125.32,23.91,1.55
20250722,长春,43.82,125.32,25.79,0.31
20250723,长春,43.82,125.32,26.39,0.06
20250724,长春,43.82,125.32,25.92,5.51
20250725,长春,43.82,125.32,24.25,59.27
20250726,长春,43.82,125.32,24.02,58.58
20250727,长春,43.82,125.32,24.91,3.81
20250728,长春,43.82,125.32,24.68,2.78
20250729,长春,43.82,125.32,23.53,25.05
20250730,长春,43.82,125.32,20.98,0.28
20250731,长春,43.82,125.32,22.83,0.04
20250801,长春,43.82,125.32,24.93,0.65
20250802,长春,43.82,125.32,24.68,1.77
20250803,长春,43.82,125.32,22.72,3.01
20250804,长春,43.82,125.32,22.14,0.03
20250805,长春,43.82,125.32,23.03,1.95
20250806,长春,43.82,125.32,21.13,7.87
20250807,长春,43.82,125.32,21.1,1.17
20250808,长春,43.82,125.32,21.72,0.09
20250809,长春,43.82,125.32,21.28,4.38
20250810,长春,43.82,125.32,19.93,0.06
20250811,长春,43.82,125.32,19.36,1.5
20250812,长春,43.82,125.32,22.5,6.05
20250813,长春,43.82,125.32,23.27,3.06
20250814,长春,43.82,125.32,22.59,0.26
20250815,长春,43.82,125.32,24.42,1.33
20250816,长春,43.82,125.32,22.87,10.31
20250817,长春,43.82,125.32,19.74,0.06
20250818,长春,43.82,125.32,21.71,0.41
20250819,长春,43.82,125.32,24.37,2.08
20250820,长春,43.82,125.32,23.25,1.07
20250821,长春,43.82,125.32,22.79,26.41
20250822,长春,43.82,125.32,24.41,22.64
20250823,长春,43.82,125.32,22.9,3.41
20250824,长春,43.82,125.32,22.19,2.38
20250825,长春,43.82,125.32,21.13,5.46
20250826,长春,43.82,125.32,20.51,0.99
20250827,长春,43.82,125.32,19.81,0.07
20250828,长春,43.82,125.32,18.54,9.86
20250829,长春,43.82,125.32,19.82,0.17
20250830,长春,43.82,125.32,20.83,0.05
20250831,长春,43.82,125.32,19.97,0.18
20250901,长春,43.82,125.32,20.79,0.46
20250902,长春,43.82,125.32,21.39,0.0
20250903,长春,43.82,125.32,20.9,0.02
20250904,长春,43.82,125.32,21.81,0.01
20250905,长春,43.82,125.32,21.62,2.1
20250906,长春,43.82,125.32,20.02,5.21
20250907,长春,43.82,125.32,17.4,5.19
20250908,长春,43.82,125.32,16.0,0.01
20250909,长春,43.82,125.32,15.87,0.01
20250910,长春,43.82,125.32,17.87,1.61
20250911,长春,43.82,125.32,18.65,0.41
20250912,长春,43.82,125.32,20.41,1.66
20250913,长春,43.82,125.32,21.57,1.92
20250914,长春,43.82,125.32,20.35,1.03
20250915,长春,43.82,125.32,16.63,0.98
20250916,长春,43.82,125.32,15.9,6.23
20250917,长春,43.82,125.32,12.88,1.93
20250918,长春,43.82,125.32,14.23,0.0
20250919,长春,43.82,125.32,14.9,0.0
20250920,长春,43.82,125.32,16.04,0.0
20250921,长春,43.82,125.32,15.83,0.01
20250922,长春,43.82,125.32,14.62,0.0
20250923,长春,43.82,125.32,16.99,0.03
20250924,长春,43.82,125.32,15.84,10.25
20250925,长春,43.82,125.32,16.18,0.06
20250926,长春,43.82,125.32,16.88,0.0
20250927,长春,43.82,125.32,15.45,0.0
20250928,长春,43.82,125.32,15.71,0.09
20250929,长春,43.82,125.32,16.74,0.05
20250930,长春,43.82,125.32,18.05,0.23
20251001,长春,43.82,125.32,17.54,0.14
20251002,长春,43.82,125.32,17.63,0.01
20251003,长春,43.82,125.32,18.38,0.02
20251004,长春,43.82,125.32,17.55,0.03
20251005,长春,43.82,125.32,10.01,0.0
20251006,长春,43.82,125.32,8.97,0.0
20251007,长春,43.82,125.32,12.09,0.01
20251008,长春,43.82,125.32,6.67,0.0
20251009,长春,43.82,125.32,6.23,0.0
20251010,长春,43.82,125.32,8.67,0.0
20251011,长春,43.82,125.32,10.59,0.57
20251012,长春,43.82,125.32,5.93,0.08
20251013,长春,43.82,125.32,8.18,0.0
20251014,长春,43.82,125.32,5.41,0.15
20251015,长春,43.82,125.32,4.29,1.14
20251016,长春,43.82,125.32,2.45,0.1
20251017,长春,43.82,125.32,0.67,5.1
20251018,长春,43.82,125.32,-0.24,0.03
20251019,长春,43.82,125.32,-0.96,0.06
20251020,长春,43.82,125.32,-1.59,0.0
20251021,长春,43.82,125.32,-0.3,0.0
20251022,长春,43.82,125.32,0.68,0.01
20251023,长春,43.82,125.32,-0.25,0.0
20251024,长春,43.82,125.32,1.45,0.0
20251025,长春,43.82,125.32,2.68,0.0
20251026,长春,43.82,125.32,0.45,0.0
20251027,长春,43.82,125.32,-1.89,0.0
20251028,长春,43.82,125.32,-1.5,0.0
20251029,长春,43.82,125.32,4.18,2.99
20251030,长春,43.82,125.32,1.66,0.04
20251031,长春,43.82,125.32,2.51,1.87
20250401,沈阳,41.8,123.43,5.09,1.83
20250402,沈阳,41.8,123.43,6.05,1.26
20250403,沈阳,41.8,123.43,6.73,0.0
20250404,沈阳,41.8,123.43,7.09,5.97
20250405,沈阳,41.8,123.43,7.22,1.87
20250406,沈阳,41.8,123.43,5.97,1.98
20250407,沈阳,41.8,123.43,8.79,0.0
20250408,沈阳,41.8,123.43,9.42,0.03
20250409,沈阳,41.8,123.43,8.46,0.02
20250410,沈阳,41.8,123.43,10.66,0.06
20250411,沈阳,41.8,123.43,11.64,1.52
20250412,沈阳,41.8,123.43,6.05,41.2
20250413,沈阳,41.8,123.43,2.94,7.76
20250414,沈阳,41.8,123.43,4.48,0.49
20250415,沈阳,41.8,123.43,6.38,0.75
20250416,沈阳,41.8,123.43,10.58,0.0
20250417,沈阳,41.8,123.43,11.07,4.01
20250418,沈阳,41.8,123.43,10.36,0.01
20250419,沈阳,41.8,123.43,9.46,3.61
20250420,沈阳,41.8,123.43,13.08,0.46
20250421,沈阳,41.8,123.43,13.59,6.34
20250422,沈阳,41.8,123.43,10.88,2.72
20250423,沈阳,41.8,123.43,12.51,5.19
20250424,沈阳,41.8,123.43,8.08,0.0
20250425,沈阳,41.8,123.43,8.63,0.0
20250426,沈阳,41.8,123.43,12.54,0.07
20250427,沈阳,41.8,123.43,11.48,0.24
20250428,沈阳,41.8,123.43,8.39,0.0
20250429,沈阳,41.8,123.43,13.5,0.0
20250430,沈阳,41.8,123.43,11.53,9.89
20250501,沈阳,41.8,123.43,8.68,2.9
20250502,沈阳,41.8,123.43,10.9,0.09
20250503,沈阳,41.8,123.43,11.05,1.2
20250504,沈阳,41.8,123.43,10.8,0.0
20250505,沈阳,41.8,123.43,9.96,3.95
20250506,沈阳,41.8,123.43,12.25,0.57
20250507,沈阳,41.8,123.43,14.19,0.0
20250508,沈阳,41.8,123.43,15.67,0.51
20250509,沈阳,41.8,123.43,13.31,0.3
20250510,沈阳,41.8,123.43,15.2,0.05
20250511,沈阳,41.8,123.43,16.53,0.0
20250512,沈阳,41.8,123.43,17.65,0.0
20250513,沈阳,41.8,123.43,17.71,0.41
20250514,沈阳,41.8,123.43,12.6,13.63
20250515,沈阳,41.8,123.43,14.57,0.07
20250516,沈阳,41.8,123.43,17.73,1.18
20250517,沈阳,41.8,123.43,12.23,42.33
20250518,沈阳,41.8,123.43,12.55,1.42
20250519,沈阳,41.8,123.43,15.75,1.09
20250520,沈阳,41.8,123.43,16.35,0.33
20250521,沈阳,41.8,123.43,16.55,0.0
20250522,沈阳,41.8,123.43,15.37,0.0
20250523,沈阳,41.8,123.43,16.39,0.0
20250524,沈阳,41.8,123.43,15.92,0.01
20250525,沈阳,41.8,123.43,17.38,0.0
20250526,沈阳,41.8,123.43,18.56,0.0
20250527,沈阳,41.8,123.43,18.97,0.0
20250528,沈阳,41.8,123.43,19.67,0.0
20250529,沈阳,41.8,123.43,20.25,0.0
20250530,沈阳,41.8,123.43,21.52,0.0
20250531,沈阳,41.8,123.43,19.3,0.0
20250601,沈阳,41.8,123.43,20.15,0.17
20250602,沈阳,41.8,123.43,19.68,7.94
20250603,沈阳,41.8,123.43,16.31,1.39
20250604,沈阳,41.8,123.43,17.75,0.25
20250605,沈阳,41.8,123.43,20.2,0.86
20250606,沈阳,41.8,123.43,21.52,0.01
20250607,沈阳,41.8,123.43,21.04,0.42
20250608,沈阳,41.8,123.43,21.68,0.01
20250609,沈阳,41.8,123.43,20.42,17.68
20250610,沈阳,41.8,123.43,17.83,3.85
20250611,沈阳,41.8,123.43,20.86,0.0
20250612,沈阳,41.8,123.43,22.11,0.9
20250613,沈阳,41.8,123.43,21.89,0.46
20250614,沈阳,41.8,123.43,23.08,0.02
20250615,沈阳,41.8,123.43,21.77,6.3
20250616,沈阳,41.8,123.43,21.03,1.99
20250617,沈阳,41.8,123.43,22.18,0.23
20250618,沈阳,41.8,123.43,22.71,3.29
20250619,沈阳,41.8,123.43,21.86,26.57
20250620,沈阳,41.8,123.43,21.57,9.0
20250621,沈阳,41.8,123.43,21.46,4.2
20250622,沈阳,41.8,123.43,25.55,0.0
20250623,沈阳,41.8,123.43,25.07,0.0
20250624,沈阳,41.8,123.43,25.73,0.0
20250625,沈阳,41.8,123.43,26.55,0.0
20250626,沈阳,41.8,123.43,25.21,0.0
20250627,沈阳,41.8,123.43,23.32,11.28
20250628,沈阳,41.8,123.43,23.97,2.54
20250629,沈阳,41.8,123.43,24.45,1.77
20250630,沈阳,41.8,123.43,24.52,17.54
20250701,沈阳,41.8,123.43,25.44,10.96
20250702,沈阳,41.8,123.43,26.26,1.29
20250703,沈阳,41.8,123.43,25.83,9.56
20250704,沈阳,41.8,123.43,27.71,12.4
20250705,沈阳,41.8,123.43,26.79,28.4
20250706,沈阳,41.8,123.43,25.72,0.27
20250707,沈阳,41.8,123.43,26.09,0.1
20250708,沈阳,41.8,123.43,27.3,9.55
20250709,沈阳,41.8,123.43,28.02,0.81
20250710,沈阳,41.8,123.43,27.93,0.04
20250711,沈阳,41.8,123.43,27.24,0.02
20250712,沈阳,41.8,123.43,26.59,2.62
20250713,沈阳,41.8,123.43,25.33,8.69
20250714,沈阳,41.8,123.43,23.6,0.21
20250715,沈阳,41.8,123.43,24.08,0.98
20250716,沈阳,41.8,123.43,23.32,3.96
20250717,沈阳,41.8,123.43,24.51,1.02
20250718,沈阳,41.8,123.43,25.99,1.57
20250719,沈阳,41.8,123.43,26.23,0.48
20250720,沈阳,41.8,123.43,24.58,12.1
20250721,沈阳,41.8,123.43,25.6,5.04
20250722,沈阳,41.8,123.43,26.86,0.84
20250723,沈阳,41.8,123.43,26.77,6.07
20250724,沈阳,41.8,123.43,26.63,5.08
20250725,沈阳,41.8,123.43,26.1,1.45
20250726,沈阳,41.8,123.43,26.42,3.77
20250727,沈阳,41.8,123.43,27.62,3.99
20250728,沈阳,41.8,123.43,26.26,19.57
20250729,沈阳,41.8,123.43,25.58,17.41
20250730,沈阳,41.8,123.43,24.32,22.52
20250731,沈阳,41.8,123.43,24.98,2.86
20250801,沈阳,41.8,123.43,26.2,1.34
20250802,沈阳,41.8,123.43,26.3,0.28
20250803,沈阳,41.8,123.43,24.31,4.76
20250804,沈阳,41.8,123.43,23.84,0.05
20250805,沈阳,41.8,123.43,23.27,2.36
20250806,沈阳,41.8,123.43,22.79,3.61
20250807,沈阳,41.8,123.43,23.18,12.99
20250808,沈阳,41.8,123.43,22.42,5.96
20250809,沈阳,41.8,123.43,23.77,18.0
20250810,沈阳,41.8,123.43,23.35,0.02
20250811,沈阳,41.8,123.43,23.88,0.42
20250812,沈阳,41.8,123.43,24.71,0.54
20250813,沈阳,41.8,123.43,23.87,1.13
20250814,沈阳,41.8,123.43,25.04,0.52
20250815,沈阳,41.8,123.43,26.14,0.59
20250816,沈阳,41.8,123.43,25.44,9.24
20250817,沈阳,41.8,123.43,23.53,1.04
20250818,沈阳,41.8,123.43,24.9,4.68
20250819,沈阳,41.8,123.43,26.4,1.27
20250820,沈阳,41.8,123.43,25.85,5.97
20250821,沈阳,41.8,123.43,26.43,7.26
20250822,沈阳,41.8,123.43,25.69,34.55
20250823,沈阳,41.8,123.43,25.67,1.73
20250824,沈阳,41.8,123.43,22.8,11.97
20250825,沈阳,41.8,123.43,22.19,29.39
20250826,沈阳,41.8,123.43,22.07,0.9
20250827,沈阳,41.8,123.43,22.48,0.49
20250828,沈阳,41.8,123.43,19.46,44.33
20250829,沈阳,41.8,123.43,21.52,0.16
20250830,沈阳,41.8,123.43,22.22,1.38
20250831,沈阳,41.8,123.43,20.53,0.28
20250901,沈阳,41.8,123.43,22.98,0.12
20250902,沈阳,41.8,123.43,23.23,0.0
20250903,沈阳,41.8,123.43,23.25,0.0
20250904,沈阳,41.8,123.43,23.17,0.0
20250905,沈阳,41.8,123.43,22.89,13.15
20250906,沈阳,41.8,123.43,21.47,2.61
20250907,沈阳,41.8,123.43,20.28,7.2
20250908,沈阳,41.8,123.43,18.75,0.0
20250909,沈阳,41.8,123.43,20.18,0.56
20250910,沈阳,41.8,123.43,20.86,9.23
20250911,沈阳,41.8,123.43,21.78,0.06
20250912,沈阳,41.8,123.43,22.15,0.02
20250913,沈阳,41.8,123.43,22.58,0.14
20250914,沈阳,41.8,123.43,21.73,8.49
20250915,沈阳,41.8,123.43,19.01,0.8
20250916,沈阳,41.8,123.43,18.14,7.57
20250917,沈阳,41.8,123.43,14.17,0.0
20250918,沈阳,41.8,123.43,15.69,0.0
20250919,沈阳,41.8,123.43,15.74,0.5
20250920,沈阳,41.8,123.43,17.11,0.85
20250921,沈阳,41.8,123.43,16.97,0.51
20250922,沈阳,41.8,123.43,18.06,0.0
20250923,沈阳,41.8,123.43,17.89,4.21
20250924,沈阳,41.8,123.43,18.75,17.29
20250925,沈阳,41.8,123.43,18.66,1.16
20250926,沈阳,41.8,123.43,19.14,0.0
20250927,沈阳,41.8,123.43,19.36,0.28
20250928,沈阳,41.8,123.43,18.37,0.59
20250929,沈阳,41.8,123.43,18.83,0.01
20250930,沈阳,41.8,123.43,19.38,2.97
20251001,沈阳,41.8,123.43,19.77,0.55
20251002,沈阳,41.8,123.43,19.52,0.0
20251003,沈阳,41.8,123.43,19.36,0.0
20251004,沈阳,41.8,123.43,19.9,0.0
20251005,沈阳,41.8,123.43,14.47,0.0
20251006,沈阳,41.8,123.43,13.05,1.23
20251007,沈阳,41.8,123.43,14.69,0.11
20251008,沈阳,41.8,123.43,9.43,0.0
20251009,沈阳,41.8,123.43,9.21,0.13
20251010,沈阳,41.8,123.43,11.74,0.08
20251011,沈阳,41.8,123.43,13.5,1.42
20251012,沈阳,41.8,123.43,9.65,0.0
20251013,沈阳,41.8,123.43,12.35,0.0
20251014,沈阳,41.8,123.43,12.73,0.0
20251015,沈阳,41.8,123.43,8.82,0.07
20251016,沈阳,41.8,123.43,6.01,0.09
20251017,沈阳,41.8,123.43,4.45,0.17
20251018,沈阳,41.8,123.43,2.67,0.0
20251019,沈阳,41.8,123.43,2.0,0.0
20251020,沈阳,41.8,123.43,0.51,0.0
20251021,沈阳,41.8,123.43,1.3,0.0
20251022,沈阳,41.8,123.43,2.2,0.0
20251023,沈阳,41.8,123.43,2.13,0.0
20251024,沈阳,41.8,123.43,2.93,0.0
20251025,沈阳,41.8,123.43,4.92,0.0
20251026,沈阳,41.8,123.43,2.47,0.0
20251027,沈阳,41.8,123.43,-0.7,0.0
20251028,沈阳,41.8,123.43,0.53,0.0
20251029,沈阳,41.8,123.43,9.3,1.37
20251030,沈阳,41.8,123.43,6.19,0.02
20251031,沈阳,41.8,123.43,5.91,0.3
20250401,呼和浩特,40.82,111.75,-0.18,0.0
20250402,呼和浩特,40.82,111.75,1.48,0.0
20250403,呼和浩特,40.82,111.75,3.49,0.0
20250404,呼和浩特,40.82,111.75,0.04,0.0
20250405,呼和浩特,40.82,111.75,2.49,0.0
20250406,呼和浩特,40.82,111.75,8.09,0.0
20250407,呼和浩特,40.82,111.75,6.4,0.0
20250408,呼和浩特,40.82,111.75,1.59,1.77
20250409,呼和浩特,40.82,111.75,5.39,0.1
20250410,呼和浩特,40.82,111.75,5.58,0.0
20250411,呼和浩特,40.82,111.75,2.8,1.05
20250412,呼和浩特,40.82,111.75,-5.88,0.99
20250413,呼和浩特,40.82,111.75,-0.6,0.18
20250414,呼和浩特,40.82,111.75,5.24,0.01
20250415,呼和浩特,40.82,111.75,10.27,0.0
20250416,呼和浩特,40.82,111.75,11.18,0.0
20250417,呼和浩特,40.82,111.75,7.42,0.0
20250418,呼和浩特,40.82,111.75,2.51,5.21
20250419,呼和浩特,40.82,111.75,8.03,0.01
20250420,呼和浩特,40.82,111.75,11.74,3.49
20250421,呼和浩特,40.82,111.75,8.15,8.79
20250422,呼和浩特,40.82,111.75,7.88,0.0
20250423,呼和浩特,40.82,111.75,3.58,0.0
20250424,呼和浩特,40.82,111.75,4.96,0.0
20250425,呼和浩特,40.82,111.75,11.15,0.0
20250426,呼和浩特,40.82,111.75,8.5,0.0
20250427,呼和浩特,40.82,111.75,6.28,0.0
20250428,呼和浩特,40.82,111.75,10.64,0.0
20250429,呼和浩特,40.82,111.75,10.27,0.03
20250430,呼和浩特,40.82,111.75,5.81,0.78
20250501,呼和浩特,40.82,111.75,7.3,0.78
20250502,呼和浩特,40.82,111.75,5.35,4.98
20250503,呼和浩特,40.82,111.75,6.06,0.0
20250504,呼和浩特,40.82,111.75,4.51,0.68
20250505,呼和浩特,40.82,111.75,2.01,5.05
20250506,呼和浩特,40.82,111.75,5.28,0.02
20250507,呼和浩特,40.82,111.75,11.26,0.03
20250508,呼和浩特,40.82,111.75,10.18,5.57
20250509,呼和浩特,40.82,111.75,3.65,13.64
20250510,呼和浩特,40.82,111.75,9.0,0.0
20250511,呼和浩特,40.82,111.75,14.85,0.0
20250512,呼和浩特,40.82,111.75,15.53,0.05
20250513,呼和浩特,40.82,111.75,15.88,0.33
20250514,呼和浩特,40.82,111.75,12.53,0.0
20250515,呼和浩特,40.82,111.75,15.71,0.08
20250516,呼和浩特,40.82,111.75,12.37,0.0
20250517,呼和浩特,40.82,111.75,5.5,0.0
20250518,呼和浩特,40.82,111.75,11.05,0.0
20250519,呼和浩特,40.82,111.75,19.87,0.0
20250520,呼和浩特,40.82,111.75,20.95,0.0
20250521,呼和浩特,40.82,111.75,18.93,0.14
20250522,呼和浩特,40.82,111.75,6.73,65.38
20250523,呼和浩特,40.82,111.75,6.14,3.99
20250524,呼和浩特,40.82,111.75,11.25,0.0
20250525,呼和浩特,40.82,111.75,13.22,0.61
20250526,呼和浩特,40.82,111.75,14.22,0.0
20250527,呼和浩特,40.82,111.75,15.25,0.0
20250528,呼和浩特,40.82,111.75,16.04,0.0
20250529,呼和浩特,40.82,111.75,16.61,0.0
20250530,呼和浩特,40.82,111.75,12.94,20.03
20250531,呼和浩特,40.82,111.75,13.55,1.9
20250601,呼和浩特,40.82,111.75,12.41,6.51
20250602,呼和浩特,40.82,111.75,10.12,0.0
20250603,呼和浩特,40.82,111.75,11.57,0.0
20250604,呼和浩特,40.82,111.75,15.95,0.03
20250605,呼和浩特,40.82,111.75,17.91,0.03
20250606,呼和浩特,40.82,111.75,17.4,0.0
20250607,呼和浩特,40.82,111.75,17.24,0.0
20250608,呼和浩特,40.82,111.75,19.48,0.0
20250609,呼和浩特,40.82,111.75,14.73,0.01
20250610,呼和浩特,40.82,111.75,15.9,0.0
20250611,呼和浩特,40.82,111.75,19.71,0.36
20250612,呼和浩特,40.82,111.75,20.49,2.67
20250613,呼和浩特,40.82,111.75,19.33,0.91
20250614,呼和浩特,40.82,111.75,14.44,9.53
20250615,呼和浩特,40.82,111.75,11.3,1.29
20250616,呼和浩特,40.82,111.75,16.59,0.25
20250617,呼和浩特,40.82,111.75,20.05,0.01
20250618,呼和浩特,40.82,111.75,18.67,2.66
20250619,呼和浩特,40.82,111.75,19.28,0.17
20250620,呼和浩特,40.82,111.75,18.18,0.0
20250621,呼和浩特,40.82,111.75,19.49,0.0
20250622,呼和浩特,40.82,111.75,21.72,0.0
20250623,呼和浩特,40.82,111.75,22.67,0.01
20250624,呼和浩特,40.82,111.75,23.4,0.01
20250625,呼和浩特,40.82,111.75,21.36,0.01
20250626,呼和浩特,40.82,111.75,17.82,0.31
20250627,呼和浩特,40.82,111.75,18.03,1.33
20250628,呼和浩特,40.82,111.75,17.79,2.57
20250629,呼和浩特,40.82,111.75,20.94,0.05
20250630,呼和浩特,40.82,111.75,18.7,4.12
20250701,呼和浩特,40.82,111.75,21.25,1.05
20250702,呼和浩特,40.82,111.75,18.76,5.45
20250703,呼和浩特,40.82,111.75,22.27,1.83
20250704,呼和浩特,40.82,111.75,21.38,17.95
20250705,呼和浩特,40.82,111.75,18.42,5.95
20250706,呼和浩特,40.82,111.75,20.11,3.21
20250707,呼和浩特,40.82,111.75,17.95,42.52
20250708,呼和浩特,40.82,111.75,19.05,2.14
20250709,呼和浩特,40.82,111.75,18.64,15.82
20250710,呼和浩特,40.82,111.75,19.93,4.0
20250711,呼和浩特,40.82,111.75,21.36,0.77
20250712,呼和浩特,40.82,111.75,22.19,4.74
20250713,呼和浩特,40.82,111.75,22.69,0.0
20250714,呼和浩特,40.82,111.75,22.3,6.89
20250715,呼和浩特,40.82,111.75,22.21,3.34
20250716,呼和浩特,40.82,111.75,20.04,0.14
20250717,呼和浩特,40.82,111.75,22.55,0.32
20250718,呼和浩特,40.82,111.75,23.19,1.04
20250719,呼和浩特,40.82,111.75,20.18,6.66
20250720,呼和浩特,40.82,111.75,19.1,0.9
20250721,呼和浩特,40.82,111.75,20.55,0.0
20250722,呼和浩特,40.82,111.75,21.56,0.02
20250723,呼和浩特,40.82,111.75,20.21,27.72
20250724,呼和浩特,40.82,111.75,18.76,42.49
20250725,呼和浩特,40.82,111.75,20.06,66.1
20250726,呼和浩特,40.82,111.75,20.28,57.14
20250727,呼和浩特,40.82,111.75,21.98,2.15
20250728,呼和浩特,40.82,111.75,21.83,14.04
20250729,呼和浩特,40.82,111.75,17.83,0.71
20250730,呼和浩特,40.82,111.75,16.74,0.0
20250731,呼和浩特,40.82,111.75,17.95,0.68
20250801,呼和浩特,40.82,111.75,21.45,0.56
20250802,呼和浩特,40.82,111.75,21.39,6.12
20250803,呼和浩特,40.82,111.75,21.92,1.25
20250804,呼和浩特,40.82,111.75,21.17,4.9
20250805,呼和浩特,40.82,111.75,22.1,0.07
20250806,呼和浩特,40.82,111.75,21.81,0.01
20250807,呼和浩特,40.82,111.75,21.79,0.16
20250808,呼和浩特,40.82,111.75,18.32,23.36
20250809,呼和浩特,40.82,111.75,19.12,0.22
20250810,呼和浩特,40.82,111.75,17.99,4.71
20250811,呼和浩特,40.82,111.75,19.75,1.24
20250812,呼和浩特,40.82,111.75,16.51,10.62
20250813,呼和浩特,40.82,111.75,16.17,4.74
20250814,呼和浩特,40.82,111.75,17.86,4.29
20250815,呼和浩特,40.82,111.75,18.5,21.04
20250816,呼和浩特,40.82,111.75,19.13,5.34
20250817,呼和浩特,40.82,111.75,19.12,1.66
20250818,呼和浩特,40.82,111.75,19.67,7.92
20250819,呼和浩特,40.82,111.75,19.04,20.61
20250820,呼和浩特,40.82,111.75,18.71,6.58
20250821,呼和浩特,40.82,111.75,17.66,5.72
20250822,呼和浩特,40.82,111.75,16.92,0.03
20250823,呼和浩特,40.82,111.75,15.64,3.73
20250824,呼和浩特,40.82,111.75,17.48,0.18
20250825,呼和浩特,40.82,111.75,17.04,0.11
20250826,呼和浩特,40.82,111.75,16.0,13.89
20250827,呼和浩特,40.82,111.75,15.95,30.48
20250828,呼和浩特,40.82,111.75,15.13,1.22
20250829,呼和浩特,40.82,111.75,15.6,0.91
20250830,呼和浩特,40.82,111.75,15.69,0.24
20250831,呼和浩特,40.82,111.75,15.93,1.68
20250901,呼和浩特,40.82,111.75,16.6,0.99
20250902,呼和浩特,40.82,111.75,14.66,2.37
20250903,呼和浩特,40.82,111.75,16.21,0.42
20250904,呼和浩特,40.82,111.75,16.92,1.83
20250905,呼和浩特,40.82,111.75,13.73,32.04
20250906,呼和浩特,40.82,111.75,12.17,0.0
20250907,呼和浩特,40.82,111.75,11.74,0.0
20250908,呼和浩特,40.82,111.75,13.68,0.0
20250909,呼和浩特,40.82,111.75,14.75,0.0
20250910,呼和浩特,40.82,111.75,15.42,0.0
20250911,呼和浩特,40.82,111.75,16.32,2.27
20250912,呼和浩特,40.82,111.75,15.92,3.84
20250913,呼和浩特,40.82,111.75,13.51,5.1
20250914,呼和浩特,40.82,111.75,11.36,0.0
20250915,呼和浩特,40.82,111.75,14.05,11.06
20250916,呼和浩特,40.82,111.75,8.54,0.28
20250917,呼和浩特,40.82,111.75,8.47,0.0
20250918,呼和浩特,40.82,111.75,8.43,0.0
20250919,呼和浩特,40.82,111.75,11.74,0.0
20250920,呼和浩特,40.82,111.75,11.11,0.0
20250921,呼和浩特,40.82,111.75,10.35,0.04
20250922,呼和浩特,40.82,111.75,9.37,0.01
20250923,呼和浩特,40.82,111.75,9.6,0.25
20250924,呼和浩特,40.82,111.75,10.31,0.0
20250925,呼和浩特,40.82,111.75,11.94,0.0
20250926,呼和浩特,40.82,111.75,12.63,0.13
20250927,呼和浩特,40.82,111.75,11.7,2.4
20250928,呼和浩特,40.82,111.75,12.73,0.01
20250929,呼和浩特,40.82,111.75,11.83,0.25
20250930,呼和浩特,40.82,111.75,11.92,0.0
20251001,呼和浩特,40.82,111.75,10.69,0.0
20251002,呼和浩特,40.82,111.75,10.96,0.0
20251003,呼和浩特,40.82,111.75,10.21,0.0
20251004,呼和浩特,40.82,111.75,11.23,0.0
20251005,呼和浩特,40.82,111.75,11.32,2.75
20251006,呼和浩特,40.82,111.75,11.94,1.35
20251007,呼和浩特,40.82,111.75,9.58,0.58
20251008,呼和浩特,40.82,111.75,4.33,20.01
20251009,呼和浩特,40.82,111.75,4.71,6.75
20251010,呼和浩特,40.82,111.75,5.02,2.28
20251011,呼和浩特,40.82,111.75,7.77,0.0
20251012,呼和浩特,40.82,111.75,8.5,0.17
20251013,呼和浩特,40.82,111.75,6.24,0.0
20251014,呼和浩特,40.82,111.75,8.2,0.43
20251015,呼和浩特,40.82,111.75,8.2,2.16
20251016,呼和浩特,40.82,111.75,5.67,8.66
20251017,呼和浩特,40.82,111.75,-2.63,0.47
20251018,呼和浩特,40.82,111.75,-2.9,2.73
20251019,呼和浩特,40.82,111.75,-6.09,0.03
20251020,呼和浩特,40.82,111.75,-3.21,0.2
20251021,呼和浩特,40.82,111.75,-1.02,0.01
20251022,呼和浩特,40.82,111.75,0.03,6.56
20251023,呼和浩特,40.82,111.75,0.69,0.09
20251024,呼和浩特,40.82,111.75,1.69,0.54
20251025,呼和浩特,40.82,111.75,0.3,0.01
20251026,呼和浩特,40.82,111.75,-3.58,0.05
20251027,呼和浩特,40.82,111.75,-0.35,0.0
20251028,呼和浩特,40.82,111.75,1.43,0.0
20251029,呼和浩特,40.82,111.75,2.1,0.0
20251030,呼和浩特,40.82,111.75,2.21,0.0
20251031,呼和浩特,40.82,111.75,-0.38,0.0
20250401,济南,36.67,116.98,11.89,0.0
20250402,济南,36.67,116.98,9.35,0.01
20250403,济南,36.67,116.98,10.7,0.02
20250404,济南,36.67,116.98,11.3,0.0
20250405,济南,36.67,116.98,10.3,0.0
20250406,济南,36.67,116.98,13.73,0.0
20250407,济南,36.67,116.98,16.84,0.0
20250408,济南,36.67,116.98,16.59,2.61
20250409,济南,36.67,116.98,15.03,0.35
20250410,济南,36.67,116.98,16.41,0.0
20250411,济南,36.67,116.98,18.48,3.91
20250412,济南,36.67,116.98,8.75,0.1
20250413,济南,36.67,116.98,7.97,3.99
20250414,济南,36.67,116.98,11.68,0.0
20250415,济南,36.67,116.98,17.51,0.0
20250416,济南,36.67,116.98,21.08,0.0
20250417,济南,36.67,116.98,21.14,0.0
20250418,济南,36.67,116.98,18.18,3.46
20250419,济南,36.67,116.98,14.52,0.74
20250420,济南,36.67,116.98,17.86,1.63
20250421,济南,36.67,116.98,16.31,3.94
20250422,济南,36.67,116.98,16.43,0.07
20250423,济南,36.67,116.98,19.67,0.04
20250424,济南,36.67,116.98,15.7,0.0
20250425,济南,36.67,116.98,16.91,0.0
20250426,济南,36.67,116.98,19.4,0.0
20250427,济南,36.67,116.98,15.19,1.23
20250428,济南,36.67,116.98,17.76,0.0
20250429,济南,36.67,116.98,21.02,0.0
20250430,济南,36.67,116.98,21.1,4.64
20250501,济南,36.67,116.98,17.46,0.0
20250502,济南,36.67,116.98,18.8,0.9
20250503,济南,36.67,116.98,15.15,0.0
20250504,济南,36.67,116.98,17.21,0.93
20250505,济南,36.67,116.98,18.48,5.04
20250506,济南,36.67,116.98,16.14,2.44
20250507,济南,36.67,116.98,15.38,0.05
20250508,济南,36.67,116.98,17.57,1.43
20250509,济南,36.67,116.98,15.99,17.52
20250510,济南,36.67,116.98,15.05,6.65
20250511,济南,36.67,116.98,19.03,0.08
20250512,济南,36.67,116.98,22.04,0.0
20250513,济南,36.67,116.98,23.34,0.0
20250514,济南,36.67,116.98,21.57,0.0
20250515,济南,36.67,116.98,19.88,0.0
20250516,济南,36.67,116.98,23.56,0.0
20250517,济南,36.67,116.98,19.6,0.0
20250518,济南,36.67,116.98,19.59,0.0
20250519,济南,36.67,116.98,26.72,0.0
20250520,济南,36.67,116.98,29.12,0.0
20250521,济南,36.67,116.98,27.89,0.0
20250522,济南,36.67,116.98,22.12,1.48
20250523,济南,36.67,116.98,17.45,0.83
20250524,济南,36.67,116.98,19.41,0.0
20250525,济南,36.67,116.98,19.6,0.0
20250526,济南,36.67,116.98,22.02,0.0
20250527,济南,36.67,116.98,23.15,0.0
20250528,济南,36.67,116.98,24.0,0.0
20250529,济南,36.67,116.98,24.29,0.0
20250530,济南,36.67,116.98,24.19,0.0
20250531,济南,36.67,116.98,23.96,0.0
20250601,济南,36.67,116.98,23.38,0.02
20250602,济南,36.67,116.98,23.56,0.12
20250603,济南,36.67,116.98,24.95,0.0
20250604,济南,36.67,116.98,26.43,0.0
20250605,济南,36.67,116.98,28.53,0.0
20250606,济南,36.67,116.98,30.3,0.0
20250607,济南,36.67,116.98,28.81,0.46
20250608,济南,36.67,116.98,26.44,5.61
20250609,济南,36.67,116.98,29.79,7.05
20250610,济南,36.67,116.98,25.99,0.08
20250611,济南,36.67,116.98,26.13,0.06
20250612,济南,36.67,116.98,26.67,0.01
20250613,济南,36.67,116.98,27.42,0.0
20250614,济南,36.67,116.98,28.68,4.1
20250615,济南,36.67,116.98,25.8,1.32
20250616,济南,36.67,116.98,24.54,0.06
20250617,济南,36.67,116.98,29.37,0.14
20250618,济南,36.67,116.98,28.84,8.63
20250619,济南,36.67,116.98,25.36,43.81
20250620,济南,36.67,116.98,25.34,1.09
20250621,济南,36.67,116.98,27.21,0.0
20250622,济南,36.67,116.98,27.85,0.0
20250623,济南,36.67,116.98,27.27,0.0
20250624,济南,36.67,116.98,29.07,0.0
20250625,济南,36.67,116.98,27.87,0.0
20250626,济南,36.67,116.98,23.32,14.09
20250627,济南,36.67,116.98,24.99,1.87
20250628,济南,36.67,116.98,26.54,5.9
20250629,济南,36.67,116.98,25.33,12.91
20250630,济南,36.67,116.98,27.68,1.09
20250701,济南,36.67,116.98,27.77,28.18
20250702,济南,36.67,116.98,28.91,24.98
20250703,济南,36.67,116.98,30.07,3.28
20250704,济南,36.67,116.98,30.71,0.0
20250705,济南,36.67,116.98,31.76,0.0
20250706,济南,36.67,116.98,30.7,0.03
20250707,济南,36.67,116.98,29.9,13.6
20250708,济南,36.67,116.98,29.87,0.05
20250709,济南,36.67,116.98,30.07,0.02
20250710,济南,36.67,116.98,29.92,0.0
20250711,济南,36.67,116.98,30.29,0.0
20250712,济南,36.67,116.98,31.13,0.17
20250713,济南,36.67,116.98,30.88,0.08
20250714,济南,36.67,116.98,29.5,0.32
20250715,济南,36.67,116.98,29.18,6.75
20250716,济南,36.67,116.98,28.13,7.14
20250717,济南,36.67,116.98,27.29,1.92
20250718,济南,36.67,116.98,29.14,0.0
20250719,济南,36.67,116.98,29.72,0.0
20250720,济南,36.67,116.98,28.86,6.29
20250721,济南,36.67,116.98,28.05,59.02
20250722,济南,36.67,116.98,27.39,41.38
20250723,济南,36.67,116.98,27.25,20.21
20250724,济南,36.67,116.98,27.98,1.99
20250725,济南,36.67,116.98,28.0,0.0
20250726,济南,36.67,116.98,27.96,0.0
20250727,济南,36.67,116.98,28.53,0.0
20250728,济南,36.67,116.98,28.89,0.02
20250729,济南,36.67,116.98,28.53,3.12
20250730,济南,36.67,116.98,28.51,1.66
20250731,济南,36.67,116.98,28.27,0.37
20250801,济南,36.67,116.98,28.75,1.86
20250802,济南,36.67,116.98,29.07,1.07
20250803,济南,36.67,116.98,30.16,0.15
20250804,济南,36.67,116.98,30.45,1.67
20250805,济南,36.67,116.98,30.89,2.11
20250806,济南,36.67,116.98,30.89,10.57
20250807,济南,36.67,116.98,30.42,0.95
20250808,济南,36.67,116.98,28.91,27.2
20250809,济南,36.67,116.98,25.88,30.27
20250810,济南,36.67,116.98,24.89,0.08
20250811,济南,36.67,116.98,25.49,0.14
20250812,济南,36.67,116.98,25.9,0.0
20250813,济南,36.67,116.98,26.7,0.0
20250814,济南,36.67,116.98,27.5,0.03
20250815,济南,36.67,116.98,26.8,10.19
20250816,济南,36.67,116.98,28.8,20.51
20250817,济南,36.67,116.98,27.78,36.68
20250818,济南,36.67,116.98,28.06,7.57
20250819,济南,36.67,116.98,28.67,1.53
20250820,济南,36.67,116.98,29.25,0.0
20250821,济南,36.67,116.98,29.14,0.03
20250822,济南,36.67,116.98,29.19,5.83
20250823,济南,36.67,116.98,28.31,8.58
20250824,济南,36.67,116.98,24.58,2.52
20250825,济南,36.67,116.98,23.24,0.11
20250826,济南,36.67,116.98,24.59,0.01
20250827,济南,36.67,116.98,26.29,1.03
20250828,济南,36.67,116.98,27.13,10.38
20250829,济南,36.67,116.98,26.88,1.39
20250830,济南,36.67,116.98,24.12,7.11
20250831,济南,36.67,116.98,23.41,27.79
20250901,济南,36.67,116.98,24.54,0.0
20250902,济南,36.67,116.98,24.7,0.0
20250903,济南,36.67,116.98,24.32,0.14
20250904,济南,36.67,116.98,23.49,0.46
20250905,济南,36.67,116.98,23.86,12.86
20250906,济南,36.67,116.98,22.94,1.98
20250907,济南,36.67,116.98,23.74,0.0
20250908,济南,36.67,116.98,22.67,0.0
20250909,济南,36.67,116.98,22.7,0.0
20250910,济南,36.67,116.98,23.37,0.0
20250911,济南,36.67,116.98,22.17,0.01
20250912,济南,36.67,116.98,21.58,1.75
20250913,济南,36.67,116.98,23.15,0.0
20250914,济南,36.67,116.98,24.46,0.0
20250915,济南,36.67,116.98,24.97,1.46
20250916,济南,36.67,116.98,24.11,45.02
20250917,济南,36.67,116.98,18.63,1.99
20250918,济南,36.67,116.98,17.4,0.78
20250919,济南,36.67,116.98,15.62,29.94
20250920,济南,36.67,116.98,17.24,0.13
20250921,济南,36.67,116.98,18.5,0.89
20250922,济南,36.67,116.98,17.47,7.28
20250923,济南,36.67,116.98,16.83,28.95
20250924,济南,36.67,116.98,19.13,2.64
20250925,济南,36.67,116.98,19.73,0.03
20250926,济南,36.67,116.98,20.97,1.65
20250927,济南,36.67,116.98,18.52,25.35
20250928,济南,36.67,116.98,19.03,1.83
20250929,济南,36.67,116.98,20.12,3.0
20250930,济南,36.67,116.98,20.54,0.0
20251001,济南,36.67,116.98,20.7,3.7
20251002,济南,36.67,116.98,17.91,39.35
20251003,济南,36.67,116.98,18.19,1.32
20251004,济南,36.67,116.98,18.78,12.93
20251005,济南,36.67,116.98,19.16,27.23
20251006,济南,36.67,116.98,16.18,15.39
20251007,济南,36.67,116.98,16.52,1.99
20251008,济南,36.67,116.98,19.06,6.97
20251009,济南,36.67,116.98,17.54,11.4
20251010,济南,36.67,116.98,14.65,14.81
20251011,济南,36.67,116.98,13.1,8.97
20251012,济南,36.67,116.98,13.38,29.68
20251013,济南,36.67,116.98,14.5,4.25
20251014,济南,36.67,116.98,15.63,0.07
20251015,济南,36.67,116.98,15.85,4.04
20251016,济南,36.67,116.98,15.37,0.64
20251017,济南,36.67,116.98,13.35,21.45
20251018,济南,36.67,116.98,8.93,0.11
20251019,济南,36.67,116.98,7.65,0.2
20251020,济南,36.67,116.98,5.97,0.0
20251021,济南,36.67,116.98,6.38,0.0
20251022,济南,36.67,116.98,7.16,0.0
20251023,济南,36.67,116.98,8.29,0.0
20251024,济南,36.67,116.98,10.41,0.05
20251025,济南,36.67,116.98,10.32,0.56
20251026,济南,36.67,116.98,9.04,0.17
20251027,济南,36.67,116.98,7.88,0.0
20251028,济南,36.67,116.98,9.62,0.07
20251029,济南,36.67,116.98,12.15,0.0
20251030,济南,36.67,116.98,13.54,0.41
20251031,济南,36.67,116.98,10.99,0.71
20250401,郑州,34.76,113.65,14.84,0.0
20250402,郑州,34.76,113.65,13.31,0.0
20250403,郑州,34.76,113.65,14.88,0.0
20250404,郑州,34.76,113.65,15.79,0.0
20250405,郑州,34.76,113.65,14.7,0.0
20250406,郑州,34.76,113.65,18.3,0.0
20250407,郑州,34.76,113.65,22.01,0.0
20250408,郑州,34.76,113.65,18.91,0.0
20250409,郑州,34.76,113.65,19.31,0.0
20250410,郑州,34.76,113.65,19.89,0.0
20250411,郑州,34.76,113.65,19.62,0.04
20250412,郑州,34.76,113.65,11.16,0.06
20250413,郑州,34.76,113.65,15.38,0.0
20250414,郑州,34.76,113.65,17.09,0.0
20250415,郑州,34.76,113.65,21.58,0.0
20250416,郑州,34.76,113.65,24.58,0.0
20250417,郑州,34.76,113.65,26.18,0.0
20250418,郑州,34.76,113.65,23.35,3.72
20250419,郑州,34.76,113.65,17.97,0.03
20250420,郑州,34.76,113.65,20.97,0.13
20250421,郑州,34.76,113.65,22.07,0.6
20250422,郑州,34.76,113.65,21.54,0.0
20250423,郑州,34.76,113.65,23.77,0.0
20250424,郑州,34.76,113.65,19.62,0.0
20250425,郑州,34.76,113.65,20.78,0.0
20250426,郑州,34.76,113.65,21.72,0.0
20250427,郑州,34.76,113.65,20.68,0.0
20250428,郑州,34.76,113.65,21.93,0.0
20250429,郑州,34.76,113.65,24.11,0.0
20250430,郑州,34.76,113.65,26.21,0.07
20250501,郑州,34.76,113.65,23.95,0.16
20250502,郑州,34.76,113.65,25.48,0.15
20250503,郑州,34.76,113.65,19.41,0.14
20250504,郑州,34.76,113.65,20.38,0.18
20250505,郑州,34.76,113.65,23.05,0.0
20250506,郑州,34.76,113.65,21.92,0.12
20250507,郑州,34.76,113.65,22.65,0.0
20250508,郑州,34.76,113.65,19.8,1.66
20250509,郑州,34.76,113.65,21.78,3.66
20250510,郑州,34.76,113.65,20.12,0.09
20250511,郑州,34.76,113.65,24.14,0.01
20250512,郑州,34.76,113.65,27.13,0.0
20250513,郑州,34.76,113.65,25.95,0.0
20250514,郑州,34.76,113.65,26.26,0.0
20250515,郑州,34.76,113.65,23.85,0.0
20250516,郑州,34.76,113.65,28.54,0.0
20250517,郑州,34.76,113.65,26.01,0.0
20250518,郑州,34.76,113.65,25.58,0.0
20250519,郑州,34.76,113.65,31.26,0.0
20250520,郑州,34.76,113.65,31.39,0.0
20250521,郑州,34.76,113.65,32.81,0.0
20250522,郑州,34.76,113.65,21.22,12.21
20250523,郑州,34.76,113.65,17.75,0.19
20250524,郑州,34.76,113.65,20.21,0.01
20250525,郑州,34.76,113.65,21.12,0.0
20250526,郑州,34.76,113.65,23.69,0.0
20250527,郑州,34.76,113.65,24.61,0.02
20250528,郑州,34.76,113.65,25.68,0.0
20250529,郑州,34.76,113.65,27.42,0.0
20250530,郑州,34.76,113.65,27.0,0.01
20250531,郑州,34.76,113.65,24.79,0.29
20250601,郑州,34.76,113.65,24.37,0.86
20250602,郑州,34.76,113.65,26.93,0.0
20250603,郑州,34.76,113.65,28.16,0.0
20250604,郑州,34.76,113.65,29.59,0.0
20250605,郑州,34.76,113.65,31.15,0.0
20250606,郑州,34.76,113.65,32.6,0.0
20250607,郑州,34.76,113.65,30.0,0.0
20250608,郑州,34.76,113.65,31.83,0.37
20250609,郑州,34.76,113.65,33.33,0.09
20250610,郑州,34.76,113.65,28.25,0.05
20250611,郑州,34.76,113.65,30.4,0.0
20250612,郑州,34.76,113.65,31.07,0.0
20250613,郑州,34.76,113.65,31.8,0.03
20250614,郑州,34.76,113.65,30.91,0.27
20250615,郑州,34.76,113.65,30.64,0.0
20250616,郑州,34.76,113.65,31.09,0.0
20250617,郑州,34.76,113.65,33.49,0.0
20250618,郑州,34.76,113.65,29.98,27.69
20250619,郑州,34.76,113.65,25.96,12.13
20250620,郑州,34.76,113.65,27.9,0.11
20250621,郑州,34.76,113.65,29.44,0.01
20250622,郑州,34.76,113.65,29.79,0.0
20250623,郑州,34.76,113.65,29.22,0.0
20250624,郑州,34.76,113.65,29.31,0.0
20250625,郑州,34.76,113.65,27.99,0.69
20250626,郑州,34.76,113.65,24.71,0.95
20250627,郑州,34.76,113.65,27.91,0.17
20250628,郑州,34.76,113.65,30.55,1.86
20250629,郑州,34.76,113.65,27.94,3.91
20250630,郑州,34.76,113.65,29.6,1.85
20250701,郑州,34.76,113.65,29.39,35.96
20250702,郑州,34.76,113.65,30.91,5.04
20250703,郑州,34.76,113.65,32.58,0.15
20250704,郑州,34.76,113.65,33.76,0.2
20250705,郑州,34.76,113.65,33.55,0.0
20250706,郑州,34.76,113.65,33.64,0.06
20250707,郑州,34.76,113.65,31.41,1.92
20250708,郑州,34.76,113.65,30.04,8.71
20250709,郑州,34.76,113.65,27.34,23.42
20250710,郑州,34.76,113.65,29.64,0.83
20250711,郑州,34.76,113.65,31.18,0.03
20250712,郑州,34.76,113.65,31.83,0.0
20250713,郑州,34.76,113.65,33.4,0.07
20250714,郑州,34.76,113.65,32.51,1.59
20250715,郑州,34.76,113.65,34.54,0.0
20250716,郑州,34.76,113.65,33.13,0.0
20250717,郑州,34.76,113.65,32.23,0.0
20250718,郑州,34.76,113.65,32.62,0.0
20250719,郑州,34.76,113.65,32.03,0.19
20250720,郑州,34.76,113.65,32.5,0.36
20250721,郑州,34.76,113.65,30.6,1.67
20250722,郑州,34.76,113.65,27.78,4.6
20250723,郑州,34.76,113.65,29.57,8.5
20250724,郑州,34.76,113.65,31.14,4.41
20250725,郑州,34.76,113.65,32.39,1.74
20250726,郑州,34.76,113.65,32.66,0.0
20250727,郑州,34.76,113.65,32.94,0.0
20250728,郑州,34.76,113.65,33.06,0.0
20250729,郑州,34.76,113.65,33.2,0.01
20250730,郑州,34.76,113.65,33.59,0.01
20250731,郑州,34.76,113.65,31.96,0.0
20250801,郑州,34.76,113.65,32.34,0.01
20250802,郑州,34.76,113.65,32.25,0.06
20250803,郑州,34.76,113.65,34.35,0.0
20250804,郑州,34.76,113.65,34.3,1.27
20250805,郑州,34.76,113.65,33.13,27.15
20250806,郑州,34.76,113.65,30.56,12.51
20250807,郑州,34.76,113.65,30.74,38.54
20250808,郑州,34.76,113.65,29.43,10.18
20250809,郑州,34.76,113.65,27.51,18.45
20250810,郑州,34.76,113.65,26.93,0.67
20250811,郑州,34.76,113.65,28.34,0.02
20250812,郑州,34.76,113.65,28.31,0.01
20250813,郑州,34.76,113.65,29.16,0.01
20250814,郑州,34.76,113.65,28.07,0.07
20250815,郑州,34.76,113.65,27.95,1.16
20250816,郑州,34.76,113.65,31.32,0.4
20250817,郑州,34.76,113.65,31.88,2.91
20250818,郑州,34.76,113.65,32.43,2.33
20250819,郑州,34.76,113.65,32.13,0.78
20250820,郑州,34.76,113.65,31.89,5.36
20250821,郑州,34.76,113.65,31.6,7.48
20250822,郑州,34.76,113.65,30.44,4.1
20250823,郑州,34.76,113.65,30.61,11.65
20250824,郑州,34.76,113.65,26.03,8.29
20250825,郑州,34.76,113.65,27.12,2.75
20250826,郑州,34.76,113.65,26.63,1.12
20250827,郑州,34.76,113.65,29.11,3.09
20250828,郑州,34.76,113.65,28.44,2.79
20250829,郑州,34.76,113.65,28.26,1.91
20250830,郑州,34.76,113.65,26.5,7.37
20250831,郑州,34.76,113.65,25.82,17.49
20250901,郑州,34.76,113.65,27.65,0.0
20250902,郑州,34.76,113.65,27.07,0.03
20250903,郑州,34.76,113.65,25.68,24.48
20250904,郑州,34.76,113.65,23.19,62.88
20250905,郑州,34.76,113.65,23.72,11.44
20250906,郑州,34.76,113.65,24.26,0.68
20250907,郑州,34.76,113.65,24.48,0.13
20250908,郑州,34.76,113.65,22.69,1.95
20250909,郑州,34.76,113.65,23.43,0.02
20250910,郑州,34.76,113.65,23.89,4.35
20250911,郑州,34.76,113.65,20.78,56.73
20250912,郑州,34.76,113.65,20.97,2.47
20250913,郑州,34.76,113.65,23.96,0.23
20250914,郑州,34.76,113.65,25.06,0.0
20250915,郑州,34.76,113.65,25.48,2.87
20250916,郑州,34.76,113.65,24.0,7.57
20250917,郑州,34.76,113.65,18.71,8.66
20250918,郑州,34.76,113.65,16.06,43.96
20250919,郑州,34.76,113.65,15.99,25.83
20250920,郑州,34.76,113.65,18.49,0.05
20250921,郑州,34.76,113.65,19.23,11.27
20250922,郑州,34.76,113.65,17.2,20.23
20250923,郑州,34.76,113.65,16.5,39.31
20250924,郑州,34.76,113.65,19.37,0.09
20250925,郑州,34.76,113.65,20.47,0.11
20250926,郑州,34.76,113.65,19.17,6.46
20250927,郑州,34.76,113.65,20.47,15.81
20250928,郑州,34.76,113.65,21.24,3.43
20250929,郑州,34.76,113.65,20.24,0.06
20250930,郑州,34.76,113.65,22.08,0.16
20251001,郑州,34.76,113.65,20.44,26.15
20251002,郑州,34.76,113.65,17.12,15.3
20251003,郑州,34.76,113.65,18.22,1.15
20251004,郑州,34.76,113.65,19.0,7.69
20251005,郑州,34.76,113.65,19.7,14.66
20251006,郑州,34.76,113.65,16.46,7.81
20251007,郑州,34.76,113.65,17.87,1.42
20251008,郑州,34.76,113.65,19.0,3.15
20251009,郑州,34.76,113.65,11.87,6.08
20251010,郑州,34.76,113.65,11.76,4.22
20251011,郑州,34.76,113.65,14.15,4.29
20251012,郑州,34.76,113.65,13.64,26.04
20251013,郑州,34.76,113.65,15.17,0.65
20251014,郑州,34.76,113.65,15.7,1.22
20251015,郑州,34.76,113.65,16.18,4.74
20251016,郑州,34.76,113.65,16.04,5.12
20251017,郑州,34.76,113.65,14.18,49.1
20251018,郑州,34.76,113.65,9.52,0.03
20251019,郑州,34.76,113.65,8.72,0.01
20251020,郑州,34.76,113.65,7.01,0.82
20251021,郑州,34.76,113.65,7.16,0.0
20251022,郑州,34.76,113.65,8.91,0.09
20251023,郑州,34.76,113.65,8.75,0.0
20251024,郑州,34.76,113.65,9.82,3.68
20251025,郑州,34.76,113.65,10.32,1.9
20251026,郑州,34.76,113.65,10.47,0.01
20251027,郑州,34.76,113.65,10.78,0.0
20251028,郑州,34.76,113.65,13.2,0.0
20251029,郑州,34.76,113.65,12.57,0.0
20251030,郑州,34.76,113.65,14.87,0.01
20251031,郑州,34.76,113.65,14.06,0.01
20260401,哈尔滨,45.75,126.63,3.3,0.0
20260402,哈尔滨,45.75,126.63,4.8,0.0
20260403,哈尔滨,45.75,126.63,0.7,12.62
20260404,哈尔滨,45.75,126.63,1.46,0.16
20260405,哈尔滨,45.75,126.63,0.16,2.74
20260406,哈尔滨,45.75,126.63,1.33,0.94
20260407,哈尔滨,45.75,126.63,4.32,0.04
20260408,哈尔滨,45.75,126.63,7.51,0.0
20260409,哈尔滨,45.75,126.63,7.58,0.0
20260410,哈尔滨,45.75,126.63,2.51,8.32
20260411,哈尔滨,45.75,126.63,3.45,1.11
20260412,哈尔滨,45.75,126.63,3.62,0.02
20260413,哈尔滨,45.75,126.63,4.22,0.0
20260414,哈尔滨,45.75,126.63,6.27,0.0
20260415,哈尔滨,45.75,126.63,9.43,0.0
20260416,哈尔滨,45.75,126.63,10.46,0.51
20260417,哈尔滨,45.75,126.63,8.95,9.37
20260418,哈尔滨,45.75,126.63,8.47,0.0
20260419,哈尔滨,45.75,126.63,11.52,1.87
20260420,哈尔滨,45.75,126.63,6.76,1.23
20260421,哈尔滨,45.75,126.63,6.22,0.06
20260422,哈尔滨,45.75,126.63,6.2,0.13
20260423,哈尔滨,45.75,126.63,7.52,0.0
20260424,哈尔滨,45.75,126.63,9.36,0.77
20260425,哈尔滨,45.75,126.63,7.06,0.19
20260426,哈尔滨,45.75,126.63,8.12,0.0
20260427,哈尔滨,45.75,126.63,7.77,0.0
20260428,哈尔滨,45.75,126.63,9.64,0.02
20260429,哈尔滨,45.75,126.63,14.23,0.0
20260430,哈尔滨,45.75,126.63,17.89,0.0
20260501,哈尔滨,45.75,126.63,14.54,0.0
20260502,哈尔滨,45.75,126.63,12.16,0.0
20260503,哈尔滨,45.75,126.63,10.97,0.01
20260504,哈尔滨,45.75,126.63,14.18,0.0
20260505,哈尔滨,45.75,126.63,15.91,0.68
20260506,哈尔滨,45.75,126.63,12.14,3.97
20260401,长春,43.82,125.32,4.01,0.0
20260402,长春,43.82,125.32,6.32,0.0
20260403,长春,43.82,125.32,3.92,27.26
20260404,长春,43.82,125.32,1.02,0.07
20260405,长春,43.82,125.32,2.88,3.61
20260406,长春,43.82,125.32,1.03,1.64
20260407,长春,43.82,125.32,4.73,0.45
20260408,长春,43.82,125.32,8.84,0.0
20260409,长春,43.82,125.32,9.07,1.77
20260410,长春,43.82,125.32,5.79,5.93
20260411,长春,43.82,125.32,5.38,0.0
20260412,长春,43.82,125.32,8.78,0.0
20260413,长春,43.82,125.32,5.85,0.0
20260414,长春,43.82,125.32,7.48,0.02
20260415,长春,43.82,125.32,11.9,0.0
20260416,长春,43.82,125.32,13.24,0.03
20260417,长春,43.82,125.32,11.38,1.48
20260418,长春,43.82,125.32,9.57,0.0
20260419,长春,43.82,125.32,15.56,0.94
20260420,长春,43.82,125.32,7.79,0.58
20260421,长春,43.82,125.32,10.32,0.0
20260422,长春,43.82,125.32,7.41,0.0
20260423,长春,43.82,125.32,10.86,0.0
20260424,长春,43.82,125.32,13.67,1.0
20260425,长春,43.82,125.32,10.74,3.52
20260426,长春,43.82,125.32,10.31,0.04
20260427,长春,43.82,125.32,9.64,0.0
20260428,长春,43.82,125.32,10.13,0.0
20260429,长春,43.82,125.32,14.41,0.0
20260430,长春,43.82,125.32,17.46,0.0
20260501,长春,43.82,125.32,15.34,0.0
20260502,长春,43.82,125.32,12.68,0.0
20260503,长春,43.82,125.32,11.68,0.0
20260504,长春,43.82,125.32,14.37,0.0
20260505,长春,43.82,125.32,18.36,3.25
20260506,长春,43.82,125.32,10.32,26.71
20260401,沈阳,41.8,123.43,6.14,0.0
20260402,沈阳,41.8,123.43,7.8,0.0
20260403,沈阳,41.8,123.43,7.56,26.39
20260404,沈阳,41.8,123.43,4.77,0.03
20260405,沈阳,41.8,123.43,6.88,1.17
20260406,沈阳,41.8,123.43,4.72,0.46
20260407,沈阳,41.8,123.43,5.21,0.0
20260408,沈阳,41.8,123.43,9.61,0.0
20260409,沈阳,41.8,123.43,9.24,1.04
20260410,沈阳,41.8,123.43,9.39,2.13
20260411,沈阳,41.8,123.43,7.95,0.0
20260412,沈阳,41.8,123.43,12.45,0.0
20260413,沈阳,41.8,123.43,9.39,0.0
20260414,沈阳,41.8,123.43,8.86,1.23
20260415,沈阳,41.8,123.43,13.12,0.0
20260416,沈阳,41.8,123.43,16.28,0.06
20260417,沈阳,41.8,123.43,14.43,1.59
20260418,沈阳,41.8,123.43,14.54,0.01
20260419,沈阳,41.8,123.43,16.66,0.39
20260420,沈阳,41.8,123.43,10.04,0.66
20260421,沈阳,41.8,123.43,14.39,0.0
20260422,沈阳,41.8,123.43,11.4,0.0
20260423,沈阳,41.8,123.43,13.89,0.0
20260424,沈阳,41.8,123.43,15.91,1.24
20260425,沈阳,41.8,123.43,16.93,3.34
20260426,沈阳,41.8,123.43,13.64,8.04
20260427,沈阳,41.8,123.43,10.64,1.0
20260428,沈阳,41.8,123.43,12.36,0.0
20260429,沈阳,41.8,123.43,14.81,0.0
20260430,沈阳,41.8,123.43,16.68,0.0
20260501,沈阳,41.8,123.43,16.7,0.0
20260502,沈阳,41.8,123.43,13.17,0.63
20260503,沈阳,41.8,123.43,13.52,0.1
20260504,沈阳,41.8,123.43,16.14,0.0
20260505,沈阳,41.8,123.43,17.86,0.0
20260506,沈阳,41.8,123.43,11.67,21.64
20260401,呼和浩特,40.82,111.75,3.52,0.0
20260402,呼和浩特,40.82,111.75,7.1,0.0
20260403,呼和浩特,40.82,111.75,3.22,0.0
20260404,呼和浩特,40.82,111.75,4.29,0.0
20260405,呼和浩特,40.82,111.75,-0.05,0.0
20260406,呼和浩特,40.82,111.75,0.91,0.0
20260407,呼和浩特,40.82,111.75,5.75,0.0
20260408,呼和浩特,40.82,111.75,8.06,0.86
20260409,呼和浩特,40.82,111.75,5.36,2.13
20260410,呼和浩特,40.82,111.75,6.71,0.0
20260411,呼和浩特,40.82,111.75,10.85,0.0
20260412,呼和浩特,40.82,111.75,9.3,0.0
20260413,呼和浩特,40.82,111.75,9.04,3.04
20260414,呼和浩特,40.82,111.75,9.83,0.15
20260415,呼和浩特,40.82,111.75,10.72,3.14
20260416,呼和浩特,40.82,111.75,9.56,0.1
20260417,呼和浩特,40.82,111.75,11.13,0.0
20260418,呼和浩特,40.82,111.75,12.81,0.28
20260419,呼和浩特,40.82,111.75,3.82,0.78
20260420,呼和浩特,40.82,111.75,3.89,0.0
20260421,呼和浩特,40.82,111.75,8.6,0.0
20260422,呼和浩特,40.82,111.75,10.52,0.0
20260423,呼和浩特,40.82,111.75,12.32,0.0
20260424,呼和浩特,40.82,111.75,12.67,0.0
20260425,呼和浩特,40.82,111.75,12.71,0.0
20260426,呼和浩特,40.82,111.75,11.27,0.0
20260427,呼和浩特,40.82,111.75,5.3,0.02
20260428,呼和浩特,40.82,111.75,4.23,0.01
20260429,呼和浩特,40.82,111.75,8.85,0.0
20260430,呼和浩特,40.82,111.75,12.59,0.0
20260501,呼和浩特,40.82,111.75,13.14,0.01
20260502,呼和浩特,40.82,111.75,7.16,1.9
20260503,呼和浩特,40.82,111.75,8.16,0.02
20260504,呼和浩特,40.82,111.75,13.32,0.0
20260505,呼和浩特,40.82,111.75,15.53,0.02
20260506,呼和浩特,40.82,111.75,8.61,0.01
20260401,济南,36.67,116.98,15.64,1.5
20260402,济南,36.67,116.98,17.82,2.91
20260403,济南,36.67,116.98,18.62,0.76
20260404,济南,36.67,116.98,13.25,0.0
20260405,济南,36.67,116.98,16.33,0.0
20260406,济南,36.67,116.98,14.81,0.0
20260407,济南,36.67,116.98,13.84,0.0
20260408,济南,36.67,116.98,14.07,9.11
20260409,济南,36.67,116.98,14.0,1.03
20260410,济南,36.67,116.98,16.83,0.0
20260411,济南,36.67,116.98,18.76,0.0
20260412,济南,36.67,116.98,19.2,0.0
20260413,济南,36.67,116.98,19.33,0.0
20260414,济南,36.67,116.98,19.73,0.0
20260415,济南,36.67,116.98,21.02,0.03
20260416,济南,36.67,116.98,16.77,0.05
20260417,济南,36.67,116.98,19.32,0.0
20260418,济南,36.67,116.98,20.63,0.0
20260419,济南,36.67,116.98,19.12,11.76
20260420,济南,36.67,116.98,13.62,1.21
20260421,济南,36.67,116.98,12.27,2.45
20260422,济南,36.67,116.98,15.26,0.12
20260423,济南,36.67,116.98,17.03,0.0
20260424,济南,36.67,116.98,18.1,0.0
20260425,济南,36.67,116.98,19.11,0.0
20260426,济南,36.67,116.98,19.23,1.21
20260427,济南,36.67,116.98,18.83,1.34
20260428,济南,36.67,116.98,15.56,0.0
20260429,济南,36.67,116.98,16.62,0.0
20260430,济南,36.67,116.98,17.81,0.0
20260501,济南,36.67,116.98,20.03,0.01
20260502,济南,36.67,116.98,18.06,2.17
20260503,济南,36.67,116.98,16.5,0.66
20260504,济南,36.67,116.98,18.86,0.0
20260505,济南,36.67,116.98,22.19,0.0
20260506,济南,36.67,116.98,23.7,13.18
20260401,郑州,34.76,113.65,16.71,0.77
20260402,郑州,34.76,113.65,16.96,0.23
20260403,郑州,34.76,113.65,18.1,0.0
20260404,郑州,34.76,113.65,14.89,0.0
20260405,郑州,34.76,113.65,18.86,0.01
20260406,郑州,34.76,113.65,17.19,0.0
20260407,郑州,34.76,113.65,14.89,0.0
20260408,郑州,34.76,113.65,11.99,18.54
20260409,郑州,34.76,113.65,15.8,0.01
20260410,郑州,34.76,113.65,18.55,0.0
20260411,郑州,34.76,113.65,18.99,0.0
20260412,郑州,34.76,113.65,19.79,0.07
20260413,郑州,34.76,113.65,17.51,0.16
20260414,郑州,34.76,113.65,18.5,0.04
20260415,郑州,34.76,113.65,19.4,0.01
20260416,郑州,34.76,113.65,19.21,3.53
20260417,郑州,34.76,113.65,20.2,0.14
20260418,郑州,34.76,113.65,20.59,0.0
20260419,郑州,34.76,113.65,19.65,6.52
20260420,郑州,34.76,113.65,15.46,0.1
20260421,郑州,34.76,113.65,11.08,17.09
20260422,郑州,34.76,113.65,13.62,0.0
20260423,郑州,34.76,113.65,16.95,0.0
20260424,郑州,34.76,113.65,17.8,0.18
20260425,郑州,34.76,113.65,18.97,0.08
20260426,郑州,34.76,113.65,20.82,4.12
20260427,郑州,34.76,113.65,20.38,0.15
20260428,郑州,34.76,113.65,17.52,0.0
20260429,郑州,34.76,113.65,16.83,0.0
20260430,郑州,34.76,113.65,18.97,0.0
20260501,郑州,34.76,113.65,19.46,0.44
20260502,郑州,34.76,113.65,18.64,1.15
20260503,郑州,34.76,113.65,20.6,0.01
20260504,郑州,34.76,113.65,20.25,0.0
20260505,郑州,34.76,113.65,22.38,0.0
20260506,郑州,34.76,113.65,23.84,2.04
